"term","estimate","std.error","statistic","p.value"
"(Intercept)",-3.0784975623936,0.498935118580816,-6.17013605125685,6.82312568745854e-10
"human_impact",-2.49722611543824,0.193662601058811,-12.8947256815986,4.81975113215979e-38
"log10(area)",1.84837544574596,0.0933881413091102,19.7923999753666,3.46159231906322e-87
"depth",-6.4458710059516,0.260870534222079,-24.709080407158,8.54261245612439e-135
"eutro",-1.63633559484081,0.189850709884643,-8.61906492651557,6.75030739738856e-18
"log10(RT)",-0.18159115102787,0.0786022602473859,-2.31025355322285,0.02087412073306
