"term","estimate","std.error","statistic","p.value"
"(Intercept)",-3.4800684164372,0.692551010004734,-5.02499940966574,5.03434084964999e-07
"human_impact",-0.439301175407611,0.294471972208198,-1.49182678444187,0.135744560348601
"log10(area)",1.36352067616286,0.114017929645147,11.9588268301879,5.83808805533373e-33
"depth",-4.9239128886441,0.315784930244774,-15.5926151536979,8.17185643277717e-55
"eutro",-0.669557506391973,0.276396258583379,-2.4224550282398,0.0154160337449376
"log10(RT)",-0.311821855180021,0.109776424234206,-2.8405175096135,0.00450404002953216
