"term","estimate","std.error","statistic","p.value"
"(Intercept)",-3.29717942664163,0.672760142630959,-4.90097319640158,9.53630679152775e-07
"human_impact",-0.300184526600819,0.287458189212865,-1.04427195976848,0.296359582149549
"log10(area)",1.30819839716934,0.111330965066733,11.750534960199,7.01731851702758e-32
"depth",-4.6987699445161,0.307568565426377,-15.2771462129177,1.08593088732828e-52
"eutro",-1.08254351804734,0.276083300281995,-3.92107569324773,8.81545642433649e-05
"log10(RT)",-0.286941221866544,0.108887294304138,-2.63521307697365,0.00840844808937762
