"term","estimate","std.error","statistic","p.value"
"(Intercept)",-3.90899773460119,0.700760100773045,-5.5782253160375,2.42984792198224e-08
"human_impact",-0.392866395635088,0.294900735856802,-1.33219876340308,0.182794882807497
"log10(area)",1.46117327019424,0.11842899627945,12.3379688766964,5.65648590654756e-35
"depth",-5.05744404215281,0.325807402647481,-15.5228027388466,2.43192527591685e-54
"eutro",-0.600020267815147,0.280791944394763,-2.13688561866854,0.0326072959906319
"log10(RT)",-0.376925485392486,0.113398633395866,-3.32389795277926,0.000887686717425165
