"estimate","std.error","Adjusted.SE","statistic","p.value","term"
-7.04161199077813,3.47666880979364,3.52364624345852,1.99838789261281,0.0456746,"(Intercept)"
-1.76534498866274,1.0690167536889,1.0834626855947,1.6293546719551,0.103238,"human_impact"
1.43010844325505,0.512438186013124,0.519362964852437,2.75358186862895,0.0058947,"log10(area)"
-12.6915079328245,3.21843514138357,3.26192612908485,3.8908017626951,9.99e-05,"log10(depth)"
-2.88129412582896,1.40933383867764,1.42837870054708,2.01717802479511,0.0436769,"eutro"
0.0625983688157712,0.49872641937978,0.505523105512917,0.123828897498676,0.9014508,"log10(RT)"
