"estimate","std.error","Adjusted.SE","statistic","p.value","term"
-6.80681918160876,3.45870477467492,3.50346253041898,1.94288339678482,0.0520302,"(Intercept)"
-2.48920261584227,1.18777003843852,1.2032616532886,2.06871266032545,0.0385731,"human_impact"
1.26272420650612,0.496064759903168,0.502700946632334,2.51187950801622,0.012009,"log10(area)"
-10.9982404338369,2.96307615371106,3.00125992147906,3.66454113325075,0.0002478,"log10(depth)"
-1.82962531763322,1.35845398530796,1.376760993074,1.32893459855227,0.1838695,"eutro"
0.00134305841242171,0.448170648506132,0.454210355136944,0.00295690839548733,0.9976407,"log10(RT)"
