"estimate","std.error","Adjusted.SE","statistic","p.value","term"
-7.34585746436586,3.6842033275476,3.73394958582654,1.96731565210455,0.0491468,"(Intercept)"
-2.04144155834451,1.1782785555334,1.19420149475688,1.7094615668356,0.0873655,"human_impact"
1.60241750747089,0.541679215886684,0.548998964575186,2.91879877899375,0.0035138,"log10(area)"
-14.6296048133296,3.4387671719977,3.4852235594771,4.19760872255913,2.7e-05,"log10(depth)"
-3.88312310157099,1.57547874075051,1.59676903187256,2.43186273284445,0.0150214,"eutro"
-0.0876659963033539,0.452732482416686,0.45890235925836,0.191034093712293,0.8484989,"log10(RT)"
