"term","estimate","std.error","statistic","p.value"
"(Intercept)",-3.79293961545223,0.70086699464084,-5.4117823273957,6.24005141775009e-08
"human_impact",-0.18852187427201,0.299959186615318,-0.628491750491976,0.52968184913431
"log10(area)",1.45536457977925,0.117281862251021,12.4091189536563,2.33204791162671e-35
"depth",-5.11717069501162,0.32312724885916,-15.8363948354044,1.74545280998204e-56
"eutro",-0.79316551018789,0.282849835567632,-2.80419293366793,0.00504427105193395
"log10(RT)",-0.37890436182432,0.111987832367953,-3.3834422348615,0.000715832642412994
