"estimate","std.error","Adjusted.SE","statistic","p.value","term"
-7.71144160809779,3.5820894488612,3.63028991493021,2.12419442766351,0.0336539,"(Intercept)"
-2.06329404454766,1.11490821477098,1.12997959784396,1.82595690088963,0.0678568,"human_impact"
1.55029656648858,0.531515381185065,0.538698156269365,2.87785756911591,0.0040039,"log10(area)"
-13.8763181157352,3.44320566550532,3.48963042457842,3.97644347034587,7e-05,"log10(depth)"
-2.30130381524171,1.38391050591779,1.40259951113017,1.64074192025591,0.100851,"eutro"
-0.283476544783147,0.501677111968719,0.508514010391848,0.557460638232382,0.5772127,"log10(RT)"
