"term","estimate","std.error","statistic","p.value"
"(Intercept)",-3.76991091334628,0.67813843641551,-5.55920548210362,2.71005486778969e-08
"human_impact",-0.417356346782226,0.291915892925519,-1.42971436943555,0.152799014388329
"log10(area)",1.36745827765462,0.112970704262921,12.1045388410794,9.99293892869518e-34
"depth",-4.78722606195852,0.310506345489155,-15.4174822238077,1.24878838642058e-53
"eutro",-0.497884236599485,0.278401896442233,-1.78836510441226,0.0737171224023565
"log10(RT)",-0.299381588580471,0.109811568000834,-2.72632104277207,0.00640446714848637
