"term","estimate","std.error","statistic","p.value"
"(Intercept)",-3.85321733470393,0.691369438813401,-5.57331163106836,2.49941885068694e-08
"human_impact",-0.217764189499727,0.293310171135813,-0.742436543050852,0.457822885734178
"log10(area)",1.45379955706528,0.116434990491878,12.4859335748105,8.9092138134044e-36
"depth",-4.95253042330067,0.317613571496019,-15.5929433366884,8.1299757945327e-55
"eutro",-0.870150806939513,0.280524767087036,-3.10186803103035,0.00192303666570911
"log10(RT)",-0.394669399097277,0.112193267189124,-3.51776366786774,0.000435199761886787
