"term","estimate","std.error","statistic","p.value"
"(Intercept)",-3.35748132887587,0.692334493563627,-4.84950751419886,1.23768381232302e-06
"human_impact",-0.516070871669642,0.290755661571617,-1.77492974300185,0.0759094885020021
"log10(area)",1.39674325650245,0.11569956342206,12.0721566719079,1.48198720051441e-33
"depth",-5.05130661276481,0.32406586839168,-15.5872836526542,8.88312283159481e-55
"eutro",-0.78948592859436,0.277457887391009,-2.84542615103882,0.00443520423831703
"log10(RT)",-0.343005746473726,0.109536757783468,-3.13142139145455,0.00173962350458306
