"term","estimate","std.error","statistic","p.value"
"(Intercept)",-3.778727287886,0.705929411137084,-5.35284013992188,8.65843377891917e-08
"human_impact",-0.324073558628739,0.303754223610697,-1.06689399994676,0.286019704566923
"log10(area)",1.44333086812027,0.118248396637756,12.2059233711371,2.89011053092654e-34
"depth",-5.12221715235004,0.328950306481764,-15.5714010639902,1.13885069429382e-54
"eutro",-0.904004596148074,0.281794149552751,-3.20803181181321,0.0013364671468276
"log10(RT)",-0.305714416077003,0.112258031200416,-2.72331888247003,0.00646296421189883
