"estimate","std.error","Adjusted.SE","statistic","p.value","term"
-8.80434324064484,3.78765823567142,3.83881013755616,2.29350838545243,0.0218188,"(Intercept)"
-2.44332421755875,1.17394752655702,1.18981180639722,2.05353838684556,0.0400204,"human_impact"
1.65860107260316,0.571479909562927,0.579202686631048,2.86359354140856,0.0041887,"log10(area)"
-14.0232839605641,3.52633105417533,3.57397341281491,3.92372363775341,8.72e-05,"log10(depth)"
-2.22416544024481,1.37087887857451,1.38940466632701,1.60080464255568,0.1094202,"eutro"
0.0885947518296978,0.423748880508849,0.429523766354417,0.206262746719805,0.8365857,"log10(RT)"
