"estimate","std.error","Adjusted.SE","statistic","p.value","term"
-6.70075094824863,3.46920277998912,3.51607795136374,1.90574584549517,0.0566832,"(Intercept)"
-2.07688236831751,1.17522501194878,1.19110632119683,1.74365825397572,0.0812187,"human_impact"
1.45499524774399,0.509031046241901,0.515909747007247,2.82025151915486,0.0047986,"log10(area)"
-16.5602781420618,3.81361789129424,3.86514999678059,4.28451112010024,1.83e-05,"log10(depth)"
-3.3055754635853,1.52309563970921,1.54367762156351,2.14136385564575,0.0322447,"eutro"
-0.0605291980979357,0.478656793352115,0.485179968911882,0.124756177040213,0.9007166,"log10(RT)"
