"estimate","std.error","Adjusted.SE","statistic","p.value","term"
-5.31311750555656,3.1758497221023,3.21871992731067,1.65069270565452,0.0988013,"(Intercept)"
-2.03728741972405,1.119575769601,1.13470592580829,1.79543207926126,0.0725849,"human_impact"
1.13236838279854,0.457937926565981,0.464125460949301,2.43978940625763,0.0146958,"log10(area)"
-13.2035674638029,3.16310989956114,3.20583624662258,4.11860321241084,3.81e-05,"log10(depth)"
-2.5803493655026,1.3922398054065,1.41105459689162,1.82866727565808,0.0674495,"eutro"
0.140795491769421,0.469957845662288,0.476362471221817,0.295563778163078,0.7675632,"log10(RT)"
