"term","estimate","std.error","statistic","p.value"
"(Intercept)",-3.54033308135264,0.69694356488238,-5.07979879540193,3.77834823536984e-07
"human_impact",-0.43132750125755,0.295282771872574,-1.46072694496273,0.144090391411558
"log10(area)",1.3797295222006,0.114953740204731,12.0024761242507,3.44823373516267e-33
"depth",-4.94194866307981,0.31834519625149,-15.5238675540614,2.39189447229179e-54
"eutro",-0.776132341568794,0.27785058412396,-2.79334428615968,0.00521661376071078
"log10(RT)",-0.309636800660502,0.108752695864012,-2.84716436866708,0.00441105804589807
