"term","estimate","std.error","statistic","p.value"
"(Intercept)",-3.80038602913227,0.724440082180748,-5.24596322402833,1.55467914236068e-07
"human_impact",-0.452337392016248,0.302869939775299,-1.49350375396066,0.135305372345737
"log10(area)",1.48886877125632,0.121822039187543,12.2216700786319,2.38141569262728e-34
"depth",-5.39946074995488,0.342727128389341,-15.7544013960314,6.40630850741383e-56
"eutro",-0.69162311018529,0.285258930975951,-2.42454498381191,0.015327584270201
"log10(RT)",-0.314043600522657,0.113752379182306,-2.76076511788253,0.0057666132761839
