"term","estimate","std.error","statistic","p.value"
"(Intercept)",-4.02135674515358,0.696624277429205,-5.77263364979732,7.80419984178808e-09
"human_impact",-0.340282915392325,0.292347316479214,-1.16396797990284,0.244436988310987
"log10(area)",1.51119117323756,0.119676119839932,12.6273409871476,1.4923637302687e-36
"depth",-4.98631426045205,0.323421470000904,-15.4173879069875,1.25061318740165e-53
"eutro",-0.828288346773864,0.279994644860512,-2.95822924465752,0.00309411924178067
"log10(RT)",-0.431708065757482,0.112911503426113,-3.82341969292777,0.000131613471470489
