"estimate","std.error","Adjusted.SE","statistic","p.value","term"
-5.83735800255802,3.68455705071509,3.73413392249754,1.5632428090993,0.1179955,"(Intercept)"
-1.9752998176839,1.25177942770074,1.26869360159672,1.55695576551964,0.119481,"human_impact"
1.39800374876472,0.542073827727892,0.549398817601254,2.54460640244655,0.0109401,"log10(area)"
-19.1429489721674,4.12459587212135,4.18022372627383,4.57940776036669,4.7e-06,"log10(depth)"
-4.54880791736118,1.68512976048012,1.70790113913929,2.66339064546416,0.0077358,"eutro"
0.18112727094407,0.480131483764067,0.486674756530407,0.372173137220758,0.7097639,"log10(RT)"
