"term","estimate","std.error","statistic","p.value"
"(Intercept)",-8.00688890230603,3.75493607239146,-2.13236357369104,0.0329769694943088
"human_impact",-1.36577337110796,1.15816889405624,-1.17925233367702,0.238297712611008
"log10(area)",1.60001011636765,0.563484751888853,2.83949141658982,0.00451855107288484
"log10(depth)",-16.2139044882778,3.69061653830297,-4.39327801195333,1.11654194004818e-05
"eutro",-3.1231801989256,1.5412693779124,-2.02636881241088,0.0427270044428232
