"term","estimate","std.error","statistic","p.value"
"(Intercept)",-3.57433354912162,0.688568966298348,-5.19095940140425,2.0921324471894e-07
"human_impact",-0.305888921770014,0.291792602795097,-1.04830937741357,0.294496090570681
"log10(area)",1.40008596878411,0.115614730189771,12.1099272254149,9.35771495225065e-34
"depth",-4.96487083708122,0.316515672487364,-15.6860189514926,1.88513602538423e-55
"eutro",-0.754871990751342,0.279690052877072,-2.69895901905071,0.00695567410987193
"log10(RT)",-0.362103352317417,0.110087457737996,-3.28923348542765,0.0010046064819605
