"term","estimate","std.error","statistic","p.value"
"(Intercept)",-3.92052458453299,0.683389646644569,-5.73688027581732,9.64363758325178e-09
"human_impact",-0.280579813648114,0.289500583969275,-0.969185656903173,0.332452566079255
"log10(area)",1.43297691889294,0.114111873320565,12.5576495871503,3.60894887357554e-36
"depth",-4.93611157603578,0.316508831997328,-15.5954939547388,7.81168591899512e-55
"eutro",-0.673563185591454,0.273084694608231,-2.46649921760629,0.0136441026523976
"log10(RT)",-0.326025160399985,0.11040814710015,-2.95290853947808,0.00314795216092365
