"term","estimate","std.error","statistic","p.value"
"(Intercept)",-3.6187925586338,0.690167508561703,-5.24335398833148,1.57683600361556e-07
"human_impact",-0.545447225418417,0.291306933176418,-1.87241415599295,0.0611493280842608
"log10(area)",1.47802575675507,0.117494267792092,12.5795563011675,2.73562026136706e-36
"depth",-5.0136172704701,0.321276942626249,-15.6052819398951,6.70130360554725e-55
"eutro",-0.611381202342546,0.278481043904888,-2.19541407116873,0.0281339086533746
"log10(RT)",-0.490521052344559,0.111199102498428,-4.41119614568376,1.02801139991943e-05
