"term","estimate","std.error","statistic","p.value"
"(Intercept)",-8.3440950342545,3.69482283721594,-2.25832073738664,0.0239256703328765
"human_impact",-1.24373623361977,1.1599048392212,-1.07227437248633,0.283596814009979
"log10(area)",1.61611110522835,0.536335927688967,3.01324416619274,0.00258470868187322
"log10(depth)",-19.7390076182291,4.14953059991971,-4.75692542636293,1.96563741087052e-06
"eutro",-3.08902088986789,1.60995717116049,-1.91869755618484,0.0550226209799166
