"term","estimate","std.error","statistic","p.value"
"(Intercept)",-7.84140271437496,3.97491209627623,-1.97272355323805,0.0485270669869778
"human_impact",-2.80288254685415,1.18218155708166,-2.37094085089042,0.017742870279801
"log10(area)",1.70636885925294,0.563933604822818,3.02583290773931,0.00247949283488128
"log10(depth)",-14.72752592671,3.61761259714495,-4.07106220780332,4.67992486110326e-05
"eutro",-3.06085036753713,1.49293923356754,-2.05021765033457,0.0403431963508223
"log10(RT)",-0.0576469464003081,0.494307142358644,-0.116621714436977,0.907159829509559
