"term","estimate","std.error","statistic","p.value"
"(Intercept)",-3.52271254808471,0.70169917166834,-5.02026037697779,5.1601485416186e-07
"human_impact",-0.40315936092834,0.299540899265361,-1.3459242524714,0.178326946473629
"log10(area)",1.45122412570413,0.117551458775038,12.3454369756601,5.1553569657507e-35
"depth",-5.35119794025295,0.332489111911654,-16.0943554195989,2.7946677498861e-58
"eutro",-0.692849594495447,0.287479720932137,-2.41008163027611,0.0159489516104671
"log10(RT)",-0.346008146300323,0.113723018369674,-3.04255155429984,0.00234581630751926
