"estimate","std.error","Adjusted.SE","statistic","p.value","term"
-12.1400027114806,4.22499014475892,4.28145646608981,2.8354843282029,0.0045756,"(Intercept)"
-1.67453493881544,1.18418267558344,1.20019032539343,1.39522449347067,0.1629482,"human_impact"
2.12282675114497,0.621627023311987,0.630023523259773,3.36944046178048,0.0007532,"log10(area)"
-17.6811027642574,3.88473817623435,3.93695809716709,4.49105688398871,7.1e-06,"log10(depth)"
-2.18562992923963,1.49060009792651,1.51075145786496,1.44671707438127,0.1479762,"eutro"
0.286120671551921,0.47288881102435,0.479333380029541,0.596913721164771,0.550565,"log10(RT)"
