"estimate","std.error","Adjusted.SE","statistic","p.value","term"
-11.0204757951429,4.52122895631487,4.58209315235898,2.40511823498595,0.0161672,"(Intercept)"
-3.68348503524181,1.44904353049118,1.46862462157379,2.50811880798687,0.0121376,"human_impact"
2.20071702581135,0.670242086604867,0.679298295562615,3.23969166445303,0.0011966,"log10(area)"
-24.9526068248029,5.32858887565389,5.40055454207462,4.62037863526832,3.8e-06,"log10(depth)"
-3.2728793116127,1.79264412432884,1.81687180766995,1.80138152719207,0.0716428,"eutro"
0.200348217521741,0.591751756614708,0.599816199969132,0.334016016126359,0.7383675,"log10(RT)"
