"term","estimate","std.error","statistic","p.value"
"(Intercept)",-3.7120184834857,0.716438028802003,-5.18121363503384,2.20446829911721e-07
"human_impact",-0.499099489100992,0.297912302501505,-1.6753235261188,0.0938707719628161
"log10(area)",1.50010784476236,0.12153720405224,12.3427871857047,5.32790230407451e-35
"depth",-5.48688584768465,0.343220329849065,-15.9864826483255,1.58744591727314e-57
"eutro",-0.742972086435194,0.285144160927455,-2.6056016157533,0.00917130646570281
"log10(RT)",-0.322027136655115,0.111131570746684,-2.89771065496006,0.00375897205221982
