"term","estimate","std.error","statistic","p.value"
"(Intercept)",-3.5483346017384,0.684378435161318,-5.18475512879362,2.16298865238236e-07
"human_impact",-0.365949578861189,0.292589624358556,-1.25072643865434,0.211034301091858
"log10(area)",1.37576387206429,0.112921897884904,12.1833222593066,3.81421936642221e-34
"depth",-4.91005143570595,0.315308272659208,-15.5722252204047,1.12426949044266e-54
"eutro",-0.701565260798232,0.280366954920494,-2.50231080548412,0.0123385552825837
"log10(RT)",-0.333259453203997,0.109613199645161,-3.04032228128384,0.00236325117192216
