"term","estimate","std.error","statistic","p.value"
"(Intercept)",-3.52860411073436,0.690908909493916,-5.10719150129216,3.26982324058293e-07
"human_impact",-0.568732657732017,0.291224401318407,-1.95290180066401,0.0508312323056805
"log10(area)",1.41990818764259,0.116328313557574,12.2060411968393,2.88592952742366e-34
"depth",-4.98268913844683,0.317625964100516,-15.6872853658463,1.84790781829336e-55
"eutro",-0.777910922989855,0.276965480079855,-2.80869270338515,0.00497431023675571
"log10(RT)",-0.349899843126195,0.108499278917532,-3.22490477924877,0.00126014574328431
