"term","estimate","std.error","statistic","p.value"
"(Intercept)",-3.13075354641803,0.490664157737446,-6.38064447351236,1.76344272430415e-10
"human_impact",-2.39787642649527,0.19181396505481,-12.5010523911025,7.3669521455015e-36
"log10(area)",1.76998519159693,0.0913338305075584,19.3792944165465,1.15418551288965e-83
"depth",-6.01795619970143,0.248236796930276,-24.2428047498202,7.87478178385258e-130
"eutro",-1.40048631479403,0.184509419986435,-7.59032419535539,3.19106072887686e-14
"log10(RT)",-0.205674713472838,0.0774981722579611,-2.65392986028402,0.00795603625194088
