"term","estimate","std.error","statistic","p.value"
"(Intercept)",-3.64021543284499,0.682618702958654,-5.3327214989383,9.67516415607512e-08
"human_impact",-0.588783658836083,0.293228574071439,-2.00793411999691,0.0446502928427473
"log10(area)",1.45358845263409,0.117021427579077,12.4215580232247,1.99635344774402e-35
"depth",-5.17534157250827,0.328485596283211,-15.7551552672837,6.33036984880843e-56
"eutro",-0.635234448191994,0.273173889467832,-2.32538493861726,0.0200513861098559
"log10(RT)",-0.341914563833421,0.11115289187655,-3.07607438781857,0.00209745509935672
