"term","estimate","std.error","statistic","p.value"
"(Intercept)",-3.44746059447051,0.70692019529487,-4.87673236302509,1.07857617671213e-06
"human_impact",-0.509876570977703,0.297613681313082,-1.7132161691227,0.0866727780541621
"log10(area)",1.42042881094109,0.118593090614031,11.9773319304408,4.6711603715663e-33
"depth",-5.21850753111247,0.331707277597762,-15.7322672233938,9.08971637214226e-56
"eutro",-0.797382051822103,0.282251990090213,-2.82507149574834,0.0047270067169415
"log10(RT)",-0.306382067793138,0.109559016313622,-2.79650254357975,0.00516590043371439
