"term","estimate","std.error","statistic","p.value"
"(Intercept)",-2.99040639698452,0.500024065860297,-5.98052494101357,2.22419665864575e-09
"human_impact",-2.51531064153261,0.192683326690028,-13.0541167455502,6.02042119306752e-39
"log10(area)",1.80701567901235,0.0925792434881853,19.5185833338869,7.63252735567688e-85
"depth",-6.18817597181579,0.255315509236858,-24.2373680718118,8.98606052992261e-130
"eutro",-1.66395395991792,0.190092789514287,-8.75337756981494,2.07060493676084e-18
"log10(RT)",-0.188708669929828,0.0780331442762739,-2.41831431605154,0.0155926014172928
