"term","estimate","std.error","statistic","p.value"
"(Intercept)",-3.67480770204711,0.697015816401096,-5.27220131247704,1.34797101297339e-07
"human_impact",-0.339146896290922,0.292519010250513,-1.15940121635335,0.246292681211269
"log10(area)",1.49044797412275,0.11825146595782,12.6040549438464,2.005622025059e-36
"depth",-5.34862003226504,0.336990306994914,-15.8717325728475,9.94570517764701e-57
"eutro",-0.912877669430898,0.280964647496658,-3.24908374617399,0.0011577738719937
"log10(RT)",-0.346896010445143,0.109646461048042,-3.16376841650319,0.00155740666121929
