"term","estimate","std.error","statistic","p.value"
"(Intercept)",-3.58807538525836,0.697293289956695,-5.14571907823923,2.6649798196814e-07
"human_impact",-0.446118834621977,0.29458889229023,-1.51437765067686,0.129930084342538
"log10(area)",1.42405822073954,0.116269298161705,12.2479299630671,1.72338803413013e-34
"depth",-5.21627852786646,0.328552873541221,-15.8765268787461,9.21410732581928e-57
"eutro",-0.795548061370002,0.280432262563821,-2.83686354093781,0.00455590791331435
"log10(RT)",-0.286584563190639,0.110537357243,-2.59264894998914,0.00952399300030796
