"term","estimate","std.error","statistic","p.value"
"(Intercept)",-3.79463551549633,0.69173390342695,-5.48568676003468,4.11866158451617e-08
"human_impact",-0.605207377491573,0.292585472623423,-2.06848061205867,0.0385948518800249
"log10(area)",1.46043251925946,0.116797598333122,12.503960184987,7.10230705461603e-36
"depth",-4.82042251076138,0.314098996471169,-15.3468255706568,3.7194681851816e-53
"eutro",-0.660070023716039,0.276894436970818,-2.38383273762052,0.0171333877203709
"log10(RT)",-0.43030506885401,0.110246471938705,-3.90311872377424,9.49610921027938e-05
