"term","estimate","std.error","statistic","p.value"
"(Intercept)",-3.56229738826229,0.715600478380529,-4.97805339136176,6.42269413442599e-07
"human_impact",-0.232262401961487,0.300603494239027,-0.772653699683218,0.439727354885893
"log10(area)",1.50003193144599,0.120519412806135,12.446392631027,1.46309939738944e-35
"depth",-5.45824318863506,0.340608215798479,-16.0249898137056,8.55048950706761e-58
"eutro",-0.949004380610238,0.287684995254908,-3.29876217482027,0.000971121483779786
"log10(RT)",-0.411593280071776,0.11351590625517,-3.6258643713469,0.000287996490928417
