"estimate","std.error","Adjusted.SE","statistic","p.value","term"
-9.44229514986991,4.11007835017136,4.16485769734731,2.26713511865817,0.023382,"(Intercept)"
-1.81951730490985,1.20802892939721,1.22434378485063,1.48611634038052,0.1372484,"human_impact"
1.83741325680126,0.598864065697727,0.606939326908931,3.02734256183231,0.0024671,"log10(area)"
-19.4917095774742,4.31081970650311,4.36877709924268,4.46159397348358,8.1e-06,"log10(depth)"
-3.42091159191956,1.57715790133083,1.59846476379414,2.14012324162819,0.0323448,"eutro"
0.26649406670416,0.49138888632599,0.498085575933537,0.535036707707673,0.5926245,"log10(RT)"
