"term","estimate","std.error","statistic","p.value"
"(Intercept)",-3.29182519908891,0.695402188088882,-4.73369980059391,2.20463730691622e-06
"human_impact",-0.499496044855705,0.293629929946769,-1.70110739373965,0.0889228227859985
"log10(area)",1.39675181201123,0.117296193117259,11.9079040409684,1.07649226554404e-32
"depth",-5.04739268953646,0.322431664019863,-15.6541470729299,3.11258215558007e-55
"eutro",-0.678242141368272,0.280212222671013,-2.42045880405643,0.0155009355558788
"log10(RT)",-0.401642768158077,0.111350297589903,-3.60702015936503,0.000309733604735919
