"term","estimate","std.error","statistic","p.value"
"(Intercept)",-10.0535491871769,4.0390650328839,-2.4890783152354,0.0128074750068323
"human_impact",-2.04164583936894,1.25394816717513,-1.62817402889014,0.10348799002257
"log10(area)",1.73427985184611,0.561586883065187,3.08817727789558,0.00201388295615273
"log10(depth)",-22.4044841175176,4.90292856316973,-4.56961259558576,4.88626597341245e-06
"eutro",-4.3731298506774,1.72460343824573,-2.53573068086061,0.0112212995680724
"log10(RT)",0.795160831262635,0.59536740081161,1.3355800639717,0.181686569902477
