"term","estimate","std.error","statistic","p.value"
"(Intercept)",-3.37526528627434,0.706722886255623,-4.77593884663514,1.78870748915987e-06
"human_impact",-0.471929957855065,0.29783854480408,-1.58451606109445,0.113076329644045
"log10(area)",1.44305699318973,0.118480735399774,12.1796762006972,3.98862232108572e-34
"depth",-5.38774547075895,0.33439173826461,-16.1120771066883,2.09854634691509e-58
"eutro",-0.894481044023937,0.28159642754198,-3.1764644595521,0.00149082055348786
"log10(RT)",-0.312775884514357,0.111340685864981,-2.80917871202671,0.00496680669446189
