"estimate","std.error","Adjusted.SE","statistic","p.value","term"
-8.21681699637593,3.90020231681193,3.95029299064294,2.08005254694756,0.0375207,"(Intercept)"
-1.71005594767218,1.31386730642417,1.33157344829015,1.28423704292694,0.199059,"human_impact"
1.79577361138225,0.582316272895024,0.589948502780973,3.04394977344142,0.0023349,"log10(area)"
-20.6884019181756,4.41288264584867,4.47230256032793,4.62589497000817,3.7e-06,"log10(depth)"
-4.78783049227457,1.64591967948101,1.6678129847164,2.87072383783407,0.0040953,"eutro"
0.0461074918020957,0.489861736000858,0.496463286515081,0.0928719062506046,0.9260053,"log10(RT)"
