"estimate","std.error","Adjusted.SE","statistic","p.value","term"
-13.8119959893023,4.3073020323991,4.36308205786409,3.16565120850922,0.0015474,"(Intercept)"
-2.20630054360255,1.33057742116477,1.34808507291341,1.63661818377264,0.1017103,"human_impact"
2.38838842213879,0.636035688398507,0.644547995030919,3.70552455449686,0.000211,"log10(area)"
-21.0651959421833,4.60703567067837,4.6675268655528,4.51313865971469,6.4e-06,"log10(depth)"
-2.18661747241729,1.64728699123636,1.66948641504285,1.30975457644629,0.1902789,"eutro"
-0.00191685344193088,0.501849268368641,0.508612367121175,0.00376879046960767,0.9969929,"log10(RT)"
