"term","estimate","std.error","statistic","p.value"
"(Intercept)",-3.06669927849972,0.49210168950733,-6.23184058069371,4.60986474450817e-10
"human_impact",-2.4845709017193,0.191975850574438,-12.9421012814105,2.60408170131168e-38
"log10(area)",1.75622792434701,0.091478592880677,19.1982393808549,3.82850744062842e-82
"depth",-6.01765492807314,0.249430274721651,-24.1255995680094,1.34694495180475e-128
"eutro",-1.35435631746638,0.1858921272984,-7.28571100427681,3.19978234614019e-13
"log10(RT)",-0.192320640586931,0.0768216062720329,-2.5034707020562,0.0122981862085371
