"term","estimate","std.error","statistic","p.value"
"(Intercept)",-3.26733627242237,0.69204201422915,-4.72129755887984,2.34344804150984e-06
"human_impact",-0.492189819370474,0.296868852315914,-1.65793688199632,0.0973302068603421
"log10(area)",1.42425777481822,0.116920393776844,12.1814315604904,3.90369055720693e-34
"depth",-4.95568827345603,0.318322625739191,-15.5681307979545,1.19858921260654e-54
"eutro",-0.896391364013391,0.280655940918536,-3.19391551477466,0.00140357187101761
"log10(RT)",-0.474345269359232,0.111472411774943,-4.25527053560938,2.08796400701689e-05
