"term","estimate","std.error","statistic","p.value"
"(Intercept)",-3.66724361673912,0.693730784744473,-5.28626334218381,1.24840140977501e-07
"human_impact",-0.511204277855036,0.297667193191161,-1.71736855638889,0.0859118530601946
"log10(area)",1.39445921949262,0.114995525512212,12.1262041569134,7.67240949302495e-34
"depth",-4.96077531607556,0.32084387887117,-15.461648617169,6.29661303626622e-54
"eutro",-0.52614733038247,0.279486852182438,-1.88254769866248,0.0597616899579745
"log10(RT)",-0.327268353639276,0.109193276905648,-2.99714747018778,0.00272518848232102
