"estimate","std.error","Adjusted.SE","statistic","p.value","term"
-6.41731655222075,3.54025070264867,3.58787025724068,1.78861444035496,0.0736769,"(Intercept)"
-1.24645898317017,1.15427264716558,1.16982803479323,1.06550616509245,0.2866469,"human_impact"
1.44803585577115,0.511715513450084,0.518520886010704,2.79262782818985,0.0052282,"log10(area)"
-14.3591428585187,3.31849602614662,3.36319261817462,4.26949761394047,1.96e-05,"log10(depth)"
-4.08742991076617,1.50080764103245,1.52077768074484,2.68772349996894,0.0071941,"eutro"
-0.259667477404744,0.473918206186461,0.480304896037543,0.540630502722269,0.5887623,"log10(RT)"
