"estimate","std.error","Adjusted.SE","statistic","p.value","term"
-4.63526517241278,3.23252647552826,3.27591820773006,1.41495143605085,0.1570827,"(Intercept)"
-1.80194479400468,1.03664934556357,1.05066226126413,1.71505617022603,0.0863349,"human_impact"
1.00791924888763,0.479325234524884,0.485804678030433,2.07474175212551,0.0380105,"log10(area)"
-12.2717432135238,3.0984099367457,3.14015995594256,3.90799939675057,9.31e-05,"log10(depth)"
-2.66465056469243,1.35698759936499,1.37532999596227,1.93746269805457,0.0526888,"eutro"
0.241844217080334,0.440892780263437,0.446901304635463,0.54115800193872,0.5883987,"log10(RT)"
