"estimate","std.error","Adjusted.SE","statistic","p.value","term"
-8.07448563212979,3.32938433294062,3.37429753616547,2.39293824732053,0.0167141,"(Intercept)"
-2.43585860268565,1.12651960128587,1.14174278285313,2.13345653615487,0.0328873,"human_impact"
1.60649748065492,0.507745692092994,0.514605919799783,3.12180139956407,0.0017975,"log10(area)"
-12.6134071621874,3.28355047997671,3.32790418297781,3.79019541088498,0.0001505,"log10(depth)"
-2.32767918509812,1.36981835274591,1.38833183125699,1.67660146709354,0.0936204,"eutro"
-0.178865703029304,0.448925408972471,0.455043402692897,0.393073939696294,0.6942649,"log10(RT)"
