"term","estimate","std.error","statistic","p.value"
"(Intercept)",-11.1334887210333,4.58378374213346,-2.42888612276708,0.0151452885284878
"human_impact",-3.290595915449,1.35539674190082,-2.42777322220374,0.0151918391989697
"log10(area)",1.99060731288729,0.61983942305727,3.21148871601116,0.00132049156324673
"log10(depth)",-22.413838407983,4.93583057271243,-4.54104695811424,5.59755612714653e-06
"eutro",-3.33059165408053,1.69229791502493,-1.96808825710304,0.0490578837482557
"log10(RT)",0.596591940020528,0.545179594354763,1.09430350328246,0.273821889348135
