"term","estimate","std.error","statistic","p.value"
"(Intercept)",-4.02400092697383,0.705934752523067,-5.70024483508104,1.19635480136602e-08
"human_impact",-0.371744564947813,0.294965057569255,-1.2603003488321,0.207561034206888
"log10(area)",1.50920230303828,0.120075451893266,12.5687830380168,3.13512580574834e-36
"depth",-5.11409637578911,0.32470703345044,-15.7498786566004,6.88132268408751e-56
"eutro",-0.6298231308312,0.276438866541513,-2.27834507756028,0.0227060259159494
"log10(RT)",-0.40168740022736,0.111878564533757,-3.59038750542924,0.000330186713844308
