"term","estimate","std.error","statistic","p.value"
"(Intercept)",-3.69443252554117,0.708198555527859,-5.21666204584039,1.82176203903925e-07
"human_impact",-0.433257952771286,0.298877186318965,-1.44961868153064,0.147164883519405
"log10(area)",1.44785441791898,0.119290776378523,12.1371866448817,6.70934374436591e-34
"depth",-5.2988127224868,0.337439194491973,-15.7030149697469,1.44221680232685e-55
"eutro",-0.71649448924783,0.278519607053489,-2.57251005352104,0.0100964023524575
"log10(RT)",-0.274177145272155,0.11067378608447,-2.47734495197348,0.013236390493084
