"term","estimate","std.error","statistic","p.value"
"(Intercept)",-7.25145862739853,4.32118423704028,-1.67811836515568,0.0933239941834735
"human_impact",-2.82231339312637,1.32062885096585,-2.13709808858276,0.0325900143973832
"log10(area)",1.65590217142887,0.606366976772989,2.73085810220302,0.00631696634057192
"log10(depth)",-18.8721379969129,4.3375678208063,-4.35085715695042,1.35606375754209e-05
"eutro",-4.1826069679638,1.73677641057576,-2.40825873871538,0.0160288166426754
"log10(RT)",0.125890316497238,0.522726742991693,0.240833893014039,0.809683859789623
