"term","estimate","std.error","statistic","p.value"
"(Intercept)",-3.80907065427422,0.677068253606224,-5.62582964713855,1.84618474533233e-08
"human_impact",-0.301293023860997,0.290721263247915,-1.03636390573904,0.300032402661017
"log10(area)",1.36154549460935,0.111638529970364,12.1960177634979,3.26400212066327e-34
"depth",-4.73817611693398,0.306466420269159,-15.4606697620333,6.39303363035334e-54
"eutro",-0.516952936158898,0.274473534666607,-1.88343454237518,0.0596415028550013
"log10(RT)",-0.310601982367234,0.108136730011893,-2.87230788588738,0.00407485753705044
