"term","estimate","std.error","statistic","p.value"
"(Intercept)",-3.60763843073268,0.699037859785112,-5.16086272042789,2.45814391966477e-07
"human_impact",-0.360590328307766,0.293676023091974,-1.22785076054655,0.219502996470915
"log10(area)",1.42120231309021,0.116937524027309,12.1535180850786,5.4949144799198e-34
"depth",-5.15413951638838,0.328518334984547,-15.6890467517766,1.79734359566725e-55
"eutro",-0.674976202539602,0.276961890317897,-2.43707248591084,0.0148067109484115
"log10(RT)",-0.314711267622631,0.111203918062959,-2.83003758414747,0.00465425363533916
