"term","estimate","std.error","statistic","p.value"
"(Intercept)",-4.26228147006214,0.707211729875578,-6.02688175267118,1.67153203420652e-09
"human_impact",-0.306324124028876,0.298925239534083,-1.0247516218648,0.30548039866948
"log10(area)",1.55493946704288,0.120569797095603,12.8965918870206,4.70447094093636e-38
"depth",-5.20645009710219,0.329738068930349,-15.789654236745,3.66583776357106e-56
"eutro",-0.814744154505654,0.282376657806093,-2.88530985824308,0.00391028588304364
"log10(RT)",-0.365695553150808,0.112060869527331,-3.26336530042376,0.00110097506887402
