"term","estimate","std.error","statistic","p.value"
"(Intercept)",-5.15708685836729,3.90266994958004,-1.32142531266889,0.18635959056483
"human_impact",-3.70813521937181,1.31730702867929,-2.81493618316873,0.00487869209241259
"log10(area)",1.33671596495051,0.543516666894491,2.45938357803845,0.0139175829461334
"log10(depth)",-18.911960040903,4.51264767630017,-4.19087892463356,2.77875921323902e-05
"eutro",-4.5348212460979,1.8035733837618,-2.51435360874499,0.0119250799265167
"log10(RT)",0.181482625294813,0.496574865153585,0.365468810505909,0.714761484620562
