"term","estimate","std.error","statistic","p.value"
"(Intercept)",-2.47593140581328,0.490620020957276,-5.04653560811144,4.49893077184592e-07
"human_impact",-2.43426298711985,0.190962723623512,-12.7473202148031,3.22646641200433e-37
"log10(area)",1.68372911193083,0.0905261168234081,18.5993740923995,3.25081085979646e-77
"depth",-6.04587946141925,0.249553359901197,-24.2268004879314,1.16136804904461e-129
"eutro",-1.66522216470389,0.188376656749283,-8.83985411695779,9.58436641933643e-19
"log10(RT)",-0.172530008133261,0.076768473736392,-2.24740703749947,0.0246140256641742
