"term","estimate","std.error","statistic","p.value"
"(Intercept)",-3.75068937143281,0.696061463876038,-5.38844565614506,7.10696452737498e-08
"human_impact",-0.372139704853666,0.294648194181906,-1.26299672695065,0.206590355986042
"log10(area)",1.45038888833276,0.117556986886125,12.3377514748462,5.6717771837424e-35
"depth",-5.1115587413783,0.328534999360837,-15.5586429187843,1.39015247914355e-54
"eutro",-0.820487006265598,0.280518760988844,-2.92489173762688,0.00344576078131834
"log10(RT)",-0.342721790925993,0.111487062671717,-3.07409472196041,0.00211142382389822
