"term","estimate","std.error","statistic","p.value"
"(Intercept)",-3.95807924209562,0.720729933172611,-5.49176475114941,3.97937225937077e-08
"human_impact",-0.446586372280512,0.297577577620728,-1.50073932267068,0.13342299811754
"log10(area)",1.53568294805785,0.123463323417708,12.4383736444729,1.61764078780719e-35
"depth",-5.45122262364996,0.344345805599278,-15.83066363815,1.91193960242351e-56
"eutro",-0.692590038131622,0.282864899368599,-2.44848349751983,0.0143459001530324
"log10(RT)",-0.34031477772183,0.113393212408439,-3.00119178647154,0.00268925129369963
