"term","estimate","std.error","statistic","p.value"
"(Intercept)",-3.75704626294753,0.69773612381453,-5.38462340520328,7.25964828222815e-08
"human_impact",-0.356375289447633,0.297011110047326,-1.19987191519821,0.230189088831115
"log10(area)",1.48381925499756,0.118334961276045,12.5391451435572,4.55886712367004e-36
"depth",-5.16405101375501,0.327587498979696,-15.7638830231281,5.51385486464235e-56
"eutro",-0.788457658338399,0.280192782579226,-2.81398275530334,0.00489318532217199
"log10(RT)",-0.417751569320538,0.112126573384577,-3.72571422376133,0.000194762962674652
