"term","estimate","std.error","statistic","p.value"
"(Intercept)",-3.32987135261304,0.49407817274295,-6.73956377009482,1.58862860700885e-11
"human_impact",-2.42360687351217,0.189815171799115,-12.7682463448028,2.46648932986926e-37
"log10(area)",1.77375034408723,0.0917746227113163,19.3272420162019,3.16912142612816e-83
"depth",-5.80238472218965,0.24377343882095,-23.802366452448,3.15654652261199e-125
"eutro",-1.44292682718938,0.184040203462318,-7.84028054764033,4.49540926639639e-15
"log10(RT)",-0.20791023071432,0.0760324200769916,-2.73449444991738,0.00624761486126559
