"term","estimate","std.error","statistic","p.value"
"(Intercept)",-3.1125653455794,0.497956987994405,-6.25067108329118,4.08692769208145e-10
"human_impact",-2.47706941444621,0.191226082843896,-12.9536168790757,2.24139555589578e-38
"log10(area)",1.75628140757453,0.0916403293992868,19.164939924236,7.26405518608477e-82
"depth",-6.00522414332734,0.248418434506748,-24.1738265328462,4.19446815177025e-129
"eutro",-1.38941444113855,0.187221737085035,-7.42122396026846,1.16042898522225e-13
"log10(RT)",-0.174627191194466,0.0776686965745782,-2.24836000726223,0.0245532431707572
