"term","estimate","std.error","statistic","p.value"
"(Intercept)",-3.96597780924741,0.693603069358618,-5.71793578265851,1.07825874379384e-08
"human_impact",-0.345874574735187,0.296394716585557,-1.1669390693587,0.243234976663918
"log10(area)",1.4275967519866,0.114702403923006,12.4460926986751,1.46860634732714e-35
"depth",-4.90489031139631,0.315504540185193,-15.5461798062154,1.68883638254965e-54
"eutro",-0.610232178257586,0.280323706856367,-2.17688394999092,0.0294892272408397
"log10(RT)",-0.332860082926654,0.108470513303621,-3.06866882795088,0.00215014799370245
