"term","estimate","std.error","statistic","p.value"
"(Intercept)",-7.66442135027383,3.76608517270913,-2.0351163074627,0.0418391715039394
"human_impact",-2.36817571334436,1.22131723941331,-1.93903405022103,0.0524971921275275
"log10(area)",1.59718774510021,0.540554905456577,2.95471880650338,0.00312954146610396
"log10(depth)",-14.6313425211544,3.43684912639504,-4.25719663071199,2.07006277942165e-05
"eutro",-3.06004975221294,1.43706672083845,-2.12937207983466,0.0332234885459566
"log10(RT)",-0.0376183172399448,0.493763744466794,-0.0761868761356063,0.939270423668465
