"term","estimate","std.error","statistic","p.value"
"(Intercept)",-3.30678808246504,0.498321252709799,-6.63585601553858,3.22624658483918e-11
"human_impact",-2.37388598648278,0.191779575713513,-12.378200221013,3.42947198954071e-35
"log10(area)",1.84162985333067,0.0937431914493593,19.6454785127039,6.31982783677083e-86
"depth",-6.21964410786713,0.253637888150909,-24.5217469409246,8.66050455189027e-133
"eutro",-1.59662404984914,0.187364623237957,-8.52148085512064,1.57526056387745e-17
"log10(RT)",-0.174686382013859,0.0774489862144463,-2.25550249980257,0.0241018055489805
