"term","estimate","std.error","statistic","p.value"
"(Intercept)",-3.60104984821054,0.706956092729093,-5.09373903874178,3.51069919836126e-07
"human_impact",-0.493339517194741,0.296494505151884,-1.66390779128274,0.0961308577750057
"log10(area)",1.52493059426457,0.120837304640754,12.6197005038977,1.64445487632645e-36
"depth",-5.36082956892473,0.336182757892043,-15.9461764265919,3.02882218642793e-57
"eutro",-0.839154858090802,0.28078293881486,-2.9886248132908,0.00280236015186692
"log10(RT)",-0.43764942745519,0.114334361650033,-3.82780313056539,0.00012929210322858
