"term","estimate","std.error","statistic","p.value"
"(Intercept)",-8.4623475896778,4.08746573962634,-2.07031645736837,0.0384227194238946
"human_impact",-2.95273444760566,1.30977653255361,-2.25438032688588,0.0241722518450587
"log10(area)",1.89004660087125,0.587381890072024,3.21774748731101,0.00129201508907537
"log10(depth)",-20.4897714104242,4.59808092126893,-4.45615720150693,8.34418553521276e-06
"eutro",-3.39768287633717,1.69323334318247,-2.00662412538555,0.0447897005002211
"log10(RT)",-0.187033937282418,0.566073017103232,-0.330406028253258,0.741093187182322
