"term","estimate","std.error","statistic","p.value"
"(Intercept)",-3.20474677864808,0.688030718896215,-4.65785420713387,3.19522357958974e-06
"human_impact",-0.581909865013131,0.293821625722422,-1.98048684667912,0.047648849891281
"log10(area)",1.4379293234678,0.116860363078749,12.3046795815517,8.54749556431788e-35
"depth",-5.29651771513746,0.331408939510172,-15.9818190872153,1.71079635849826e-57
"eutro",-0.803687144167327,0.276983097992888,-2.90157468087804,0.00371292266950385
"log10(RT)",-0.392919719828378,0.112290519373015,-3.49913529674886,0.000466769667118232
