"term","estimate","std.error","statistic","p.value"
"(Intercept)",-8.626804048087,3.88941403030292,-2.2180215273752,0.0265533646412115
"human_impact",-2.6703030034709,1.24393838161562,-2.14665215169479,0.0318209847077775
"log10(area)",1.7310909312778,0.547124052694013,3.16398250589422,0.00155626149666701
"log10(depth)",-20.0504669031738,4.79806979000992,-4.17886103802011,2.92972620191138e-05
"eutro",-3.75880125489342,1.7376971504076,-2.16309341015593,0.0305339958542466
"log10(RT)",0.173433132010877,0.511145937783319,0.339302573278784,0.734381804317393
