"estimate","std.error","Adjusted.SE","statistic","p.value","term"
-9.37372601987888,3.5439268354879,3.59108319951339,2.61027815260562,0.0090469,"(Intercept)"
-1.66188826316823,1.08529562180338,1.09972882324436,1.51118005461148,0.1307426,"human_impact"
1.62193740491878,0.52438315164013,0.531368689001211,3.05237669906268,0.0022704,"log10(area)"
-12.5429569096108,3.1446037603772,3.18492360246047,3.9382285025364,8.21e-05,"log10(depth)"
-1.5234763768094,1.43419625094596,1.45352398835044,1.04812606397941,0.2945805,"eutro"
-0.274390378464693,0.480557177000218,0.487033335976909,0.563391370149871,0.5731684,"log10(RT)"
