"term","estimate","std.error","statistic","p.value"
"(Intercept)",-4.01302713303691,0.698936541376723,-5.74161872425827,9.37757762207258e-09
"human_impact",-0.301293181799587,0.301736147535132,-0.998531943424199,0.318021482782203
"log10(area)",1.43754413915167,0.117089684401569,12.2772910910024,1.1994756910353e-34
"depth",-4.84400451209257,0.318357751448335,-15.215600971094,2.78648805364499e-52
"eutro",-0.493221072694703,0.28031723209184,-1.75951035551432,0.0784908629100757
"log10(RT)",-0.407725484944385,0.110996149267528,-3.67332999959905,0.000239409975108068
