"term","estimate","std.error","statistic","p.value"
"(Intercept)",-3.31820901531684,0.493650125695116,-6.72178298474941,1.79514184836223e-11
"human_impact",-2.40432961085962,0.192657291091964,-12.479826728758,9.61957571798226e-36
"log10(area)",1.79826286062564,0.0915884522936107,19.6341658319636,7.8966929938368e-86
"depth",-6.0261679404337,0.24792069530354,-24.3068370434166,1.65974518065933e-130
"eutro",-1.48723552907475,0.185981400529746,-7.99668958744552,1.27808912783127e-15
"log10(RT)",-0.183628968468716,0.0766579425939058,-2.39543304001109,0.0166007460920038
