"term","estimate","std.error","statistic","p.value"
"(Intercept)",-3.10279682628426,0.492630684479883,-6.29842379704824,3.0068748247037e-10
"human_impact",-2.33454158583362,0.193973690680181,-12.0353516894348,2.31644771308505e-33
"log10(area)",1.78513770262202,0.0917735478372734,19.4515494354354,2.82756603541027e-84
"depth",-6.13444546543541,0.251843869853216,-24.3581289828924,4.75448332531865e-131
"eutro",-1.50426828147306,0.187652329574568,-8.01625156950317,1.09021101561248e-15
"log10(RT)",-0.194335246390371,0.0770375153236989,-2.52260532513032,0.0116489059831116
