"estimate","std.error","Adjusted.SE","statistic","p.value","term"
-10.4376230734513,3.71360095397584,3.76268965757359,2.77397926040546,0.0055375,"(Intercept)"
1.84259143007353,0.55222854505286,0.559549829355819,3.29298899473316,0.0009913,"log10(area)"
-14.6545900425592,3.3357439541943,3.38019440126835,4.33542817450392,1.45e-05,"log10(depth)"
-2.4530954755072,1.39195241834525,1.41040290330701,1.73928702908606,0.0819843,"eutro"
-0.983291777887028,1.09239998728251,1.1071215569986,0.888151596065682,0.3744592,"human_impact"
-0.231874504098737,0.496243868825156,0.502931427225139,0.461045962822557,0.6447656,"log10(RT)"
