"term","estimate","std.error","statistic","p.value"
"(Intercept)",-3.9027463650598,0.699320870262764,-5.58076632775649,2.39461175590908e-08
"human_impact",-0.478053996928886,0.297260265247521,-1.60820012903784,0.107791354934267
"log10(area)",1.4708356760631,0.117969825611119,12.4678973495445,1.11735572263199e-35
"depth",-5.26385446658975,0.331043965148162,-15.9007715613661,6.25891220444152e-57
"eutro",-0.555271449225337,0.280531892010885,-1.97935231265539,0.047776353584019
"log10(RT)",-0.302136128350002,0.111407540853409,-2.71198992487909,0.0066880625606097
