"term","estimate","std.error","statistic","p.value"
"(Intercept)",-3.94679970284072,0.715591005503282,-5.51544062528413,3.47907189009581e-08
"human_impact",-0.476133348554471,0.298851825063027,-1.59320876977765,0.111113364514257
"log10(area)",1.55581584935295,0.122757138122664,12.6739338595391,8.24723851959647e-37
"depth",-5.4079307126544,0.339573346469236,-15.9256630971899,4.20531790849695e-57
"eutro",-0.834565737371908,0.285994113936318,-2.91812207560936,0.00352146456745774
"log10(RT)",-0.377440990741545,0.113877711846475,-3.31444129515347,0.000918264593960035
