"estimate","std.error","Adjusted.SE","statistic","p.value","term"
-8.73831426048796,3.69976957951289,3.74930182858289,2.33065105451666,0.0197718,"(Intercept)"
-1.8457546743211,1.13331933586522,1.14863221650223,1.60691529264408,0.108073,"human_impact"
1.70519500285071,0.54261026149749,0.54993915566715,3.10069756859208,0.0019307,"log10(area)"
-14.7843336576468,3.50912999471283,3.55642012303991,4.15708300655144,3.22e-05,"log10(depth)"
-2.87266705739537,1.40057313825093,1.41950477066389,2.02371074529876,0.0429999,"eutro"
0.226494195912102,0.451572378228596,0.457726445071558,0.494824361473574,0.6207241,"log10(RT)"
