"term","estimate","std.error","statistic","p.value"
"(Intercept)",-9.08796458138386,4.43098587844936,-2.0510028311271,0.0402666710397181
"human_impact",-2.55234466030253,1.27919347695363,-1.99527648185081,0.0460127334635922
"log10(area)",1.67999100933807,0.591957032998163,2.83802863331008,0.004539311036236
"log10(depth)",-21.8710403877913,4.79810288766943,-4.55826831975557,5.15771179470209e-06
"eutro",-4.11781942591355,1.7373520883584,-2.37016978510351,0.0177799183476518
"log10(RT)",0.595710762296792,0.538728750139397,1.1057712478546,0.268825542778204
