"term","estimate","std.error","statistic","p.value"
"(Intercept)",-8.41480737385818,4.33974118675068,-1.93901134001925,0.0524999573425078
"human_impact",-2.67936842444308,1.25837045634639,-2.1292365939856,0.0332346907143978
"log10(area)",1.76533425769714,0.594695282663816,2.96846857400597,0.00299287704198017
"log10(depth)",-20.6224245730168,4.64582361518388,-4.43891681673338,9.04127491759302e-06
"eutro",-4.16979833662633,1.66167128478135,-2.50940024950543,0.012093636675365
"log10(RT)",0.133892021081751,0.521781397592876,0.256605585594719,0.797483262677865
