"term","estimate","std.error","statistic","p.value"
"(Intercept)",-13.7114167778932,4.67629285660752,-2.93211250841983,0.00336664758053074
"human_impact",-2.52738038410011,1.2271619191142,-2.05953293101243,0.0394432137030552
"log10(area)",2.34402799126794,0.653329535357162,3.58781880262998,0.000333455888296372
"log10(depth)",-23.3828013786564,5.20901647389877,-4.48890908597092,7.15888395029424e-06
"eutro",-3.39361537760121,1.68049705949238,-2.01941167253593,0.0434444493412613
"log10(RT)",0.628030027326892,0.54295876838361,1.15668088241127,0.247402763184199
