"term","estimate","std.error","statistic","p.value"
"(Intercept)",-3.70553812189201,0.710398643311351,-5.21613907456177,1.82691029733127e-07
"human_impact",-0.304624319575185,0.298641530621921,-1.0200333454654,0.307712646463814
"log10(area)",1.43819926163045,0.118449741824047,12.1418522276464,6.33749720644696e-34
"depth",-5.22205549009752,0.332257212232076,-15.7169063540147,1.15843627801916e-55
"eutro",-0.858754109711042,0.285483190831104,-3.0080724094859,0.00262910487252776
"log10(RT)",-0.296156355067753,0.110451868187294,-2.68131594266525,0.00733332432699083
