"estimate","std.error","Adjusted.SE","statistic","p.value","term"
-8.92765043775133,3.71787199264851,3.76812143741362,2.36925762240803,0.0178238,"(Intercept)"
-2.16833016011541,1.1645598519472,1.18029674782211,1.8371059346867,0.0661943,"human_impact"
1.86519518484699,0.575352903234966,0.583127747077318,3.19860475546824,0.0013809,"log10(area)"
-17.3852961823642,4.01567164870885,4.06994167528554,4.27163275777028,1.94e-05,"log10(depth)"
-3.95725849333875,1.52298623527427,1.54356689594828,2.56371039293871,0.010356,"eutro"
-0.00820135010235904,0.469843492647511,0.476246559794411,0.0172208070246207,0.9862605,"log10(RT)"
