"term","estimate","std.error","statistic","p.value"
"(Intercept)",-5.68389498179872,3.39618266731886,-1.67361285848794,0.0942067097563358
"human_impact",-2.74817114171977,1.23319476717105,-2.22849724543032,0.0258473748210464
"log10(area)",1.30479236964244,0.48049920801848,2.71549327838281,0.00661771197593047
"log10(depth)",-16.8128253383906,4.10256044999596,-4.09812982485295,4.16501667828965e-05
"eutro",-3.60161429833089,1.6043951682685,-2.24484239890714,0.0247782518203711
"log10(RT)",0.0454082832062964,0.480027458759642,0.0945951786250484,0.924636379563807
