"term","estimate","std.error","statistic","p.value"
"(Intercept)",-3.85047922806383,0.713772514612538,-5.39454679079933,6.869672415103e-08
"human_impact",-0.328372915817401,0.298514232124461,-1.10002432205809,0.271321524807917
"log10(area)",1.42670413872685,0.118826283659201,12.0066377134094,3.27907735963149e-33
"depth",-5.02342333369079,0.328025685271759,-15.3141158123915,6.154309384994e-53
"eutro",-0.655806590847487,0.280958248014692,-2.33417810468833,0.0195863978958747
"log10(RT)",-0.318141651446388,0.112195456829587,-2.83560190792405,0.00457394199301343
