"term","estimate","std.error","statistic","p.value"
"(Intercept)",-3.18634891213634,0.495146191176557,-6.43516797446225,1.2333685631069e-10
"human_impact",-2.33791953278908,0.191184318142798,-12.2286155867808,2.18633043434107e-34
"log10(area)",1.76876796404099,0.0917384320073423,19.2805558732399,7.82312942665584e-83
"depth",-5.99687430374399,0.247970190892716,-24.183851624079,3.29023261751689e-129
"eutro",-1.55828223870937,0.186959216403836,-8.33487788771774,7.75782165922149e-17
"log10(RT)",-0.165024081580078,0.0768263721731436,-2.14801346090069,0.0317126861320489
