"term","estimate","std.error","statistic","p.value"
"(Intercept)",-3.76267683761542,0.695009668883269,-5.41384818956725,6.16844694303594e-08
"human_impact",-0.311136956945466,0.295370845093843,-1.05337734618531,0.292168082552697
"log10(area)",1.42774723054104,0.116933417837911,12.2099161808486,2.75172511180962e-34
"depth",-5.08246967229716,0.325214397305761,-15.6280586419386,4.68871737972357e-55
"eutro",-0.904855321166015,0.276774791625716,-3.26928372288201,0.00107820128448534
"log10(RT)",-0.284291073574039,0.109537699550989,-2.59537195631632,0.00944886020755002
