"estimate","std.error","Adjusted.SE","statistic","p.value","term"
-4.39251525337309,3.36548203763052,3.41096544304434,1.28776304735961,0.1978285,"(Intercept)"
-2.01902725341678,1.07646211927327,1.09100858166341,1.85060620727516,0.0642262,"human_impact"
1.03205882122714,0.493398362832377,0.500065785979409,2.06384609818045,0.0390323,"log10(area)"
-11.788251207945,3.07035368328932,3.1118468688001,3.78818486415126,0.0001518,"log10(depth)"
-2.90846739786226,1.35620421178281,1.37453093150958,2.11597086045057,0.0343473,"eutro"
-0.0182642887905936,0.419726596885186,0.425446666706845,0.0429296788995144,0.9657576,"log10(RT)"
