"term","estimate","std.error","statistic","p.value"
"(Intercept)",-3.72525335181084,0.687257070919132,-5.42046565898363,5.94439910919718e-08
"human_impact",-0.360115174254104,0.291297238511327,-1.23624644055835,0.216366973019087
"log10(area)",1.41572345619433,0.115185085275267,12.29085738671,1.01424546056475e-34
"depth",-4.93465979284636,0.320121320471253,-15.4149676303409,1.29835891984624e-53
"eutro",-0.922687204521844,0.278359760380744,-3.31472912341849,0.00091731968327838
"log10(RT)",-0.309638919727948,0.109677130053117,-2.82318583261604,0.00475490020217122
