"term","estimate","std.error","statistic","p.value"
"(Intercept)",-3.86392535831542,0.694737178804425,-5.56170804758838,2.67146947107798e-08
"human_impact",-0.282899326606986,0.292929343674919,-0.965759602837658,0.33416448711385
"log10(area)",1.39970904644081,0.114935741729309,12.1781877889415,4.06207436700475e-34
"depth",-5.06933912779306,0.321482774309324,-15.7686182057003,5.11567803353505e-56
"eutro",-0.630833482369133,0.27531535606129,-2.29131237499407,0.0219453533878767
"log10(RT)",-0.244108124328532,0.109109509994232,-2.23727633220456,0.0252682851080228
