"term","estimate","std.error","statistic","p.value"
"(Intercept)",-3.65720861151252,0.690342072054363,-5.29767597769201,1.17285852329641e-07
"human_impact",-0.669310701517448,0.295092201015085,-2.26814093769707,0.0233206179132058
"log10(area)",1.40336955479764,0.115464557750392,12.1541153592031,5.4549058799047e-34
"depth",-4.97087815681509,0.319250033045897,-15.570485958573,1.15526174888067e-54
"eutro",-0.526826318999126,0.277223354964564,-1.90036773440848,0.0573848781024545
"log10(RT)",-0.302278374340677,0.110093442605217,-2.74565284895862,0.0060390628680208
