"estimate","std.error","Adjusted.SE","statistic","p.value","term"
-5.57003658033662,3.56107850614078,3.609212392837,1.54328312498072,0.1227621,"(Intercept)"
-2.08908085136299,1.11962381998216,1.13475351591664,1.84099967266941,0.0656216,"human_impact"
1.19351855198171,0.511822805612422,0.518739173095155,2.3008066748851,0.0214026,"log10(area)"
-12.5606326828053,3.09351287899713,3.13532079032832,4.0061714646717,6.17e-05,"log10(depth)"
-2.55760237934365,1.40449178979516,1.42347092372222,1.79673665033902,0.0723774,"eutro"
-0.000855633657066556,0.438238021008338,0.444210366095059,0.00192619020710438,0.9984631,"log10(RT)"
