"term","estimate","std.error","statistic","p.value"
"(Intercept)",-2.58873186711545,0.481344335647551,-5.37812886825153,7.52639386215654e-08
"human_impact",-2.45521314354962,0.19112334416916,-12.8462232294164,9.03129882251464e-38
"log10(area)",1.64688926603482,0.0885865240242028,18.5907426008145,3.81854356935494e-77
"depth",-5.78767409593476,0.242632274950052,-23.8536859827334,9.27269732224352e-126
"eutro",-1.41970011677808,0.183879539117909,-7.72081615816824,1.15587167529088e-14
"log10(RT)",-0.184323050270073,0.076127019229588,-2.42125663313024,0.0154669536871151
