"term","estimate","std.error","statistic","p.value"
"(Intercept)",-3.75452129339975,0.676564764126569,-5.54938934522664,2.86669123774039e-08
"human_impact",-0.393318032978681,0.292386659985293,-1.34519828298071,0.178561210569233
"log10(area)",1.37622601992161,0.111802933404145,12.3093909794552,8.06293035152404e-35
"depth",-4.64716988277352,0.308893469606517,-15.0445714786179,3.74752377491858e-51
"eutro",-0.690005951762689,0.277343117109802,-2.48791446116729,0.0128494634346751
"log10(RT)",-0.355406867416871,0.110452648089601,-3.21773061636837,0.00129209108155592
