"estimate","std.error","Adjusted.SE","statistic","p.value","term"
-8.1887456712211,4.18220481691821,4.23668541659254,1.93281890582452,0.05325851,"(Intercept)"
-2.08843567582581,1.197631553668,1.21383515599775,1.72052660157891,0.08533676,"human_impact"
1.72198475846666,0.615703288240011,0.624017550523884,2.75951334545158,0.00578875,"log10(area)"
-20.1280919723023,4.4676408955542,4.52685330413979,4.44637601883304,8.73e-06,"log10(depth)"
-4.56141527106364,1.72437482765514,1.74770497670562,2.60994580427515,0.00905566,"eutro"
0.52011529486416,0.504761053818482,0.511639980463881,1.01656499633315,0.30936041,"log10(RT)"
