"estimate","std.error","Adjusted.SE","statistic","p.value","term"
-6.423351491924,3.32030574350919,3.36516700478056,1.90877643896989,0.0562909,"(Intercept)"
-1.62067908496224,1.12507299837132,1.14027654325326,1.42130353777021,0.1552285,"human_impact"
1.4093521190605,0.490884634914628,0.497518249713066,2.83276466717215,0.0046147,"log10(area)"
-15.2906646612812,3.54380085490762,3.59168628432804,4.25723836962054,2.07e-05,"log10(depth)"
-3.73503355805903,1.49029593678331,1.5104346873885,2.47282030083458,0.0134052,"eutro"
0.064497314299171,0.460486607211063,0.466762157926061,0.138180255626867,0.890098,"log10(RT)"
