"estimate","std.error","Adjusted.SE","statistic","p.value","term"
-6.02571525560837,3.50368491395621,3.55079954118419,1.69700237530131,0.0896962,"(Intercept)"
-1.76142561612442,1.07997789490689,1.09457567539799,1.60923146358424,0.1075657,"human_impact"
1.39054870074922,0.513157978653382,0.520093987329713,2.67364886852206,0.0075031,"log10(area)"
-13.7475042604224,3.29022308556953,3.33463275390055,4.12264416354149,3.75e-05,"log10(depth)"
-3.80935863886252,1.43207541689361,1.45143020943393,2.6245551553927,0.0086762,"eutro"
-0.210910016909837,0.439608025490156,0.445599041114675,0.473317932602013,0.6359864,"log10(RT)"
