"estimate","std.error","Adjusted.SE","statistic","p.value","term"
-10.5566290214638,3.94047009742608,3.99100860828769,2.64510304476469,0.0081666,"(Intercept)"
-1.59096638002546,1.21833301416912,1.2347517020255,1.28849093904112,0.1975751,"human_impact"
1.81452761209927,0.556877119392815,0.564296429818469,3.21555749109204,0.0013019,"log10(area)"
-18.319983433464,3.90291167696722,3.95512956515809,4.63195532071822,3.6e-06,"log10(depth)"
-2.146280539724,1.45354610104647,1.4727977821046,1.45728121389279,0.1450388,"eutro"
0.274078305532477,0.500935679125016,0.507686466024841,0.539857419636367,0.5892954,"log10(RT)"
