"estimate","std.error","Adjusted.SE","statistic","p.value","term"
-7.15043663240877,3.40387309945965,3.44980862159388,2.0727053053468,0.0381997,"(Intercept)"
-1.57463656564102,1.09931065217278,1.1141666289271,1.41328641942663,0.1575715,"human_impact"
1.49546265217583,0.500576926541166,0.507341449440334,2.94764532609256,0.003202,"log10(area)"
-16.4400133303455,3.7532562899813,3.80394793364823,4.32182921982807,1.55e-05,"log10(depth)"
-3.62278861590878,1.49032717359482,1.51046681857529,2.39845627282689,0.0164643,"eutro"
0.107671722682925,0.441999964973849,0.448023578153437,0.240326018391045,0.8100775,"log10(RT)"
