"estimate","std.error","Adjusted.SE","statistic","p.value","term"
-9.79846715554145,3.74589452676718,3.79479950921743,2.5820776912565,0.0098207,"(Intercept)"
-2.88172546010942,1.29832354640474,1.31565389788612,2.19033703676897,0.0284998,"human_impact"
1.68290500620699,0.549778803796479,0.557171969144264,3.02044090407436,0.0025241,"log10(area)"
-13.182887721046,3.19909963862482,3.24175674296535,4.06658758392437,4.77e-05,"log10(depth)"
-1.26200175911222,1.33933705414443,1.35738643536511,0.929729166457128,0.3525113,"eutro"
0.127774310162593,0.478122425758399,0.48456577316372,0.263688269454851,0.7920201,"log10(RT)"
