"estimate","std.error","Adjusted.SE","statistic","p.value","term"
-6.69784223615708,3.42776999300897,3.47410321001766,1.92793415487591,0.0538633,"(Intercept)"
-2.09065389500841,1.15346777223251,1.16905479496348,1.78832840343785,0.073723,"human_impact"
1.38018209143473,0.511604939021654,0.51851843108643,2.66178019659377,0.0077729,"log10(area)"
-13.1143407080717,3.21708471638594,3.26056147100755,4.02211116848511,5.77e-05,"log10(depth)"
-2.86661351767371,1.43184128527159,1.45119012627355,1.97535351555538,0.048228,"eutro"
0.0190097824110257,0.440817268134537,0.446824763420838,0.0425441559359625,0.9660649,"log10(RT)"
