"estimate","std.error","Adjusted.SE","statistic","p.value","term"
-6.23623956162066,3.26012511982854,3.30402926644334,1.88746498856947,0.0590978,"(Intercept)"
-1.98705380292657,1.23287927228822,1.24953921413977,1.59022924646229,0.1117831,"human_impact"
1.267290378807,0.470472438917686,0.476830885136663,2.65773551653179,0.0078668,"log10(area)"
-14.8967019907867,3.40321220205179,3.44915628007509,4.31894086007098,1.57e-05,"log10(depth)"
-2.38145121866491,1.43791193797881,1.45734538344507,1.63410214607831,0.1022374,"eutro"
-0.193686920829014,0.480320846921514,0.486866700345097,0.397823307060694,0.6907604,"log10(RT)"
