"term","estimate","std.error","statistic","p.value"
"(Intercept)",-3.97435737425912,0.696072883195714,-5.70968568120711,1.13185011657452e-08
"human_impact",-0.180113019060871,0.291966138473461,-0.616896945661537,0.537302701561482
"log10(area)",1.46863550266719,0.118610144521667,12.3820395682842,3.26927592164451e-35
"depth",-5.03633174847483,0.322764345783616,-15.6037425269123,6.86490171190918e-55
"eutro",-0.827002206508986,0.275656159485108,-3.00012235552336,0.00269871174002066
"log10(RT)",-0.357721941715913,0.109700208033509,-3.26090486179064,0.00111057295956664
