"estimate","std.error","Adjusted.SE","statistic","p.value","term"
-6.91691699937843,3.81402694554133,3.86557872101357,1.78936130876796,0.0735566,"(Intercept)"
-2.23551492539934,1.2005763975741,1.21680024152644,1.83720782516854,0.0661792,"human_impact"
1.53913789378815,0.565194248471801,0.572831842381381,2.68689304594109,0.007212,"log10(area)"
-17.99200199783,3.9837761266929,4.03761175700688,4.45610006128167,8.3e-06,"log10(depth)"
-3.59789278038311,1.53843810573946,1.55922729513348,2.30748447747966,0.0210278,"eutro"
-0.0273602394494852,0.495860259989484,0.502617885858263,0.0544354672193275,0.9565882,"log10(RT)"
