"term","estimate","std.error","statistic","p.value"
"(Intercept)",-3.40588929663082,0.68637395148195,-4.96214824189812,6.97177513516718e-07
"human_impact",-0.449699952451743,0.29357933035458,-1.53178342599461,0.125575887332729
"log10(area)",1.36785978045618,0.114002318175368,11.998526015515,3.61680183721475e-33
"depth",-4.95958702269494,0.31715431373026,-15.6377725541929,4.02564804705168e-55
"eutro",-0.800717850895343,0.27576169474952,-2.90365872469216,0.00368829960571418
"log10(RT)",-0.305514475818649,0.108646007910371,-2.81201750248097,0.0049231824331432
