"estimate","std.error","Adjusted.SE","statistic","p.value","term"
-4.99171427414232,3.43859424124583,3.48497735145158,1.4323519985182,0.1520431,"(Intercept)"
-2.06083660740319,1.13755364437376,1.15292688150694,1.78748248519417,0.0738595,"human_impact"
1.14285413001282,0.489433074053662,0.496047075996402,2.30392272289315,0.021227,"log10(area)"
-14.3935834250921,3.3979341537572,3.44382696435513,4.17953154269103,2.92e-05,"log10(depth)"
-3.13480491536033,1.49096210817955,1.51111117941437,2.07450315904302,0.0380326,"eutro"
0.122982191734646,0.452898635298131,0.459070776485429,0.267893749796443,0.7887811,"log10(RT)"
