"estimate","std.error","Adjusted.SE","statistic","p.value","term"
-8.20630655579667,3.40068048617652,3.44660588615247,2.3809819941315,0.0172666,"(Intercept)"
-2.01587603848597,1.3195787126801,1.33741119232953,1.50729712002385,0.1317345,"human_impact"
1.68111425532437,0.51510238641353,0.522063309175184,3.2201348491247,0.0012813,"log10(area)"
-16.3904319440336,3.68848417190361,3.73831847306633,4.3844397052104,1.16e-05,"log10(depth)"
-3.35912183509571,1.46196672332528,1.4817232110634,2.26703733194876,0.0233879,"eutro"
-0.10039950695811,0.471256442285555,0.477678765230501,0.210182060133368,0.8335256,"log10(RT)"
