"term","estimate","std.error","statistic","p.value"
"(Intercept)",-2.37195550287084,0.480264287827588,-4.93885463272746,7.8582763377865e-07
"human_impact",-2.50777023396401,0.191066602147768,-13.1251103320744,2.36438153034637e-39
"log10(area)",1.61487540708534,0.0883954725750221,18.2687569854302,1.46755557477688e-74
"depth",-5.73327835381176,0.242217099828418,-23.6699983521936,7.34752752769752e-124
"eutro",-1.41208154356649,0.18450433067628,-7.6533788577789,1.95766058287605e-14
"log10(RT)",-0.212295095559205,0.0766798264325743,-2.76859123756467,0.00562992199190123
