"term","estimate","std.error","statistic","p.value"
"(Intercept)",-6.53347216871181,4.0604762866658,-1.60904083842752,0.107607412139597
"human_impact",-2.60933333891997,1.17991349478876,-2.21146156090631,0.0270038909012075
"log10(area)",1.345237261067,0.567412109985571,2.37082930976078,0.0177482254046403
"log10(depth)",-18.467129583804,4.14596812187497,-4.45423819984714,8.41915897415484e-06
"eutro",-3.98399394289941,1.66445766355804,-2.39356880629995,0.0166853514303995
"log10(RT)",0.421182910582515,0.528006632945712,0.79768488557192,0.425053377061667
