"term","estimate","std.error","statistic","p.value"
"(Intercept)",-3.70364132804288,0.69965478688449,-5.29352674700464,1.19979684155379e-07
"human_impact",-0.421755266153195,0.300247375664538,-1.40469259796101,0.160112707805888
"log10(area)",1.50105445033826,0.118957693907553,12.618388950149,1.67206965055564e-36
"depth",-5.36855369962173,0.332715071310637,-16.1355891648486,1.43432331013521e-58
"eutro",-0.605151139081051,0.280761189414505,-2.15539455557595,0.0311309720528538
"log10(RT)",-0.398789519675898,0.11316893527186,-3.52384264036686,0.000425336768286674
