"estimate","std.error","Adjusted.SE","statistic","p.value","term"
-9.37911737490621,4.12372203221144,4.17939698846855,2.24413172541022,0.0248239,"(Intercept)"
-2.49527360289046,1.35137312618607,1.36963530918612,1.82185256626688,0.0684774,"human_impact"
2.0157358240511,0.612310818383157,0.620585507393242,3.24811939698392,0.0011617,"log10(area)"
-26.2910673662954,5.50664806799705,5.58104266166148,4.7107805763428,2.5e-06,"log10(depth)"
-4.59910979026234,1.91876047972244,1.94468910952139,2.36495888609888,0.0180321,"eutro"
0.125138742572754,0.567832181750924,0.575570647101236,0.217416824855462,0.8278835,"log10(RT)"
