"term","estimate","std.error","statistic","p.value"
"(Intercept)",-3.67981762058474,0.692746175862656,-5.31192772879962,1.08471623578031e-07
"human_impact",-0.528826841515562,0.294031332149448,-1.79853907966099,0.0720916214980399
"log10(area)",1.4206091663291,0.116728070015143,12.1702446219218,4.47738665592752e-34
"depth",-5.0766697593966,0.325683274117497,-15.5877509311856,8.81839355942197e-55
"eutro",-0.714303229864639,0.279072845103859,-2.55955834613291,0.0104805261250911
"log10(RT)",-0.297106915170245,0.109971592776979,-2.70166965547888,0.00689922720022306
