"term","estimate","std.error","statistic","p.value"
"(Intercept)",-3.73340197403964,0.701717552847383,-5.32037706466154,1.03552403554578e-07
"human_impact",-0.337529825610896,0.294778715667814,-1.14502780448795,0.252197639759946
"log10(area)",1.42168266276024,0.116288887733673,12.225438650821,2.27351134339295e-34
"depth",-5.00673722561261,0.318469108602609,-15.7212649213651,1.08142897074022e-55
"eutro",-0.672799720761399,0.277191334689127,-2.42720329448953,0.0152157270170914
"log10(RT)",-0.349386756484975,0.109313288557373,-3.19619655666657,0.00139252213325578
