"term","estimate","std.error","statistic","p.value"
"(Intercept)",-3.48808570089206,0.669602693785852,-5.20918707953644,1.89669797778784e-07
"human_impact",-0.413289098029372,0.289831819888878,-1.42596178082802,0.153879374443078
"log10(area)",1.28065996456538,0.109210753155541,11.7265006197827,9.32340106432334e-32
"depth",-4.51392186630743,0.300450364861846,-15.0238521706673,5.12412598372868e-51
"eutro",-0.627045355247346,0.27095630902413,-2.31419359639825,0.0206571050790525
"log10(RT)",-0.293085578246872,0.106195066126235,-2.75987942696396,0.00578226979517599
