"term","estimate","std.error","statistic","p.value"
"(Intercept)",-14.5098028969878,5.04887055627713,-2.87387104407899,0.0040547448384931
"human_impact",-2.84991742173361,1.37392818762303,-2.07428412009228,0.0380529317336816
"log10(area)",2.66487596554927,0.724265734721985,3.67941742621885,0.000233767364419179
"log10(depth)",-25.2570335292271,5.25639380673567,-4.80501165967856,1.54742487021523e-06
"eutro",-3.59892428370952,1.71783906362787,-2.09502994774668,0.0361683303708116
"log10(RT)",0.294610090598875,0.573898829887546,0.513348477564596,0.607707579105396
