"term","estimate","std.error","statistic","p.value"
"(Intercept)",-3.69809668649224,0.694137064600685,-5.32761737571186,9.9509472648637e-08
"human_impact",-0.463260537140745,0.294587826521356,-1.57257189684707,0.115817979235121
"log10(area)",1.44151256183305,0.117179621994546,12.3017341863429,8.86501354407152e-35
"depth",-5.00503037878587,0.321457823831083,-15.5697886557456,1.16792475942747e-54
"eutro",-0.72898153681886,0.275448720208391,-2.64652359345634,0.00813238320031182
"log10(RT)",-0.368737792564937,0.11209611846619,-3.28947868677678,0.00100373157991985
