"estimate","std.error","Adjusted.SE","statistic","p.value","term"
-9.40530682867753,3.876119853215,3.92753737246678,2.39470842330147,0.0166336,"(Intercept)"
-2.46227454472867,1.20460003434577,1.22088845554716,2.01678911250345,0.0437175,"human_impact"
1.72049315407617,0.553443970819799,0.560925306663106,3.06724109901767,0.0021604,"log10(area)"
-14.3497508065446,3.46083770027711,3.50751864664552,4.09114027669341,4.29e-05,"log10(depth)"
-1.77861091251147,1.36035346894968,1.37872410238991,1.29004121232695,0.1970363,"eutro"
0.371407771720267,0.469629160521341,0.476029306731766,0.780220390778478,0.4352612,"log10(RT)"
