"term","estimate","std.error","statistic","p.value"
"(Intercept)",-2.82389257244002,0.495729146373918,-5.69644248899986,1.22333130821115e-08
"human_impact",-2.51151706343811,0.192372843201701,-13.0554657385025,5.91472051719016e-39
"log10(area)",1.7031268132751,0.0908319806413459,18.7502991925274,1.92504988374218e-78
"depth",-5.90381574666409,0.247101830380576,-23.8922380201364,3.68810848633699e-126
"eutro",-1.47159893992742,0.187217763211627,-7.86035958705452,3.83032273726286e-15
"log10(RT)",-0.162276573434591,0.0762399441352374,-2.1284980632559,0.0332958103625555
