"term","estimate","std.error","statistic","p.value"
"(Intercept)",-2.7176524405877,0.487339582173357,-5.57650669060774,2.45396480490932e-08
"human_impact",-2.34876471396374,0.189467562564547,-12.3966587323546,2.72449072267929e-35
"log10(area)",1.69708132051402,0.0895840201969106,18.9440183280874,4.94731657561465e-80
"depth",-5.89281725857134,0.245118708158796,-24.0406670826357,1.04520066316647e-127
"eutro",-1.48162556669728,0.185729502936719,-7.97733016709843,1.49532444036805e-15
"log10(RT)",-0.228968075737371,0.0765387369418394,-2.99153193384103,0.00277581504393163
