"term","estimate","std.error","statistic","p.value"
"(Intercept)",-3.7757292956641,0.70918322040837,-5.32405334335169,1.01480126001956e-07
"human_impact",-0.218317410351408,0.301166111217755,-0.724906960708989,0.468509110309413
"log10(area)",1.4490741176629,0.118901753815638,12.1871551189206,3.63904492469253e-34
"depth",-5.20883152133979,0.327171644977819,-15.9207914295046,4.54590189624342e-57
"eutro",-0.776082498960173,0.27960704830295,-2.77561851058669,0.00550968151775458
"log10(RT)",-0.343035800026376,0.110817513560626,-3.09550168564923,0.00196480256117343
