"term","estimate","std.error","statistic","p.value"
"(Intercept)",-3.68467589045445,0.692895673665881,-5.31779318372715,1.05033356889086e-07
"human_impact",-0.0922379871726686,0.298552822331078,-0.308950310542977,0.75735932529016
"log10(area)",1.46988309805921,0.118879064506309,12.3645244363545,4.06610623106481e-35
"depth",-5.13486067291891,0.322591909157627,-15.9175122721688,4.79048635724614e-57
"eutro",-1.03941556483068,0.284439297654539,-3.65426146598451,0.000257923324688418
"log10(RT)",-0.440368510546118,0.113364396791544,-3.88453979388145,0.000102523900366988
