"term","estimate","std.error","statistic","p.value"
"(Intercept)",-4.01916664232296,0.705869964317441,-5.69391934137529,1.24155754396315e-08
"human_impact",-0.371097106898224,0.290541223322225,-1.27726145933742,0.201509955398958
"log10(area)",1.49391594783987,0.119403779962275,12.5114627720484,6.46231150298407e-36
"depth",-5.08665372202413,0.327802773440526,-15.5174212488687,2.64467580119757e-54
"eutro",-0.911217787033945,0.276449289241362,-3.29614805498155,0.000980203435160501
"log10(RT)",-0.31712121120134,0.109742473732583,-2.88968528241938,0.0038562768052471
