"estimate","std.error","Adjusted.SE","statistic","p.value","term"
-4.95326750117641,3.5356525184747,3.58313486232544,1.38238377607751,0.1668539,"(Intercept)"
-1.8699449494845,1.12507533525735,1.14028546470185,1.63989194580625,0.1010276,"human_impact"
1.15342820494665,0.500467136668525,0.507230635778733,2.27397188495098,0.0229677,"log10(area)"
-14.1652997919059,3.26652127393558,3.31060966417997,4.27875866646894,1.88e-05,"log10(depth)"
-3.04991705741395,1.41148854657758,1.43056793200929,2.13196241099171,0.0330099,"eutro"
-0.305822923964683,0.484621602654523,0.491226067143645,0.622570633808108,0.5335667,"log10(RT)"
