"estimate","std.error","Adjusted.SE","statistic","p.value","term"
-8.52248676287015,3.61008928528875,3.65796787338041,2.32984188431221,0.0198145,"(Intercept)"
-2.8287275552553,1.26345730207723,1.2805330011808,2.20902354929306,0.027173,"human_impact"
1.63086987509024,0.527296993367721,0.534419297240572,3.05166726484447,0.0022757,"log10(area)"
-17.4315189315062,3.88141305571047,3.93344746255352,4.43161351396059,9.4e-06,"log10(depth)"
-2.20032925858501,1.48196310699988,1.50198440170649,1.46494814199474,0.1429351,"eutro"
0.354140981446997,0.488563467106685,0.495221651660395,0.715116110653931,0.4745373,"log10(RT)"
