"estimate","std.error","Adjusted.SE","statistic","p.value","term"
-8.06460574460096,3.25806457804855,3.30130902988185,2.44285090296123,0.0145718,"(Intercept)"
1.41667037972622,0.470600329620481,0.476878248890766,2.97071712333586,0.0029711,"log10(area)"
-13.0734097828177,3.0734911333616,3.11462631931924,4.19742480878898,2.7e-05,"log10(depth)"
-2.00548461439225,1.349358034986,1.36725106240421,1.46680055297654,0.1424303,"eutro"
-1.26577649003907,1.07658020803378,1.09108858479324,1.16010423688827,0.2460064,"human_impact"
-0.120714633310302,0.448606536197001,0.454652117004949,0.265509889419449,0.7906167,"log10(RT)"
