"estimate","std.error","Adjusted.SE","statistic","p.value","term"
-13.3357929458397,4.39787480208924,4.45487121126934,2.99353052274657,0.0027577,"(Intercept)"
-3.16243576291613,1.38951651122492,1.4081037536446,2.24588263097146,0.0247115,"human_impact"
2.21477607536108,0.641804869160649,0.650412848786312,3.4051849982575,0.0006612,"log10(area)"
-16.4897839679464,3.83735136746679,3.88894785156211,4.24016587451096,2.23e-05,"log10(depth)"
-1.16907336059107,1.66394968701248,1.68637366321771,0.693246927469443,0.4881546,"eutro"
0.195557174245403,0.463487365527748,0.469733485670168,0.416315166389302,0.6771794,"log10(RT)"
