"term","estimate","std.error","statistic","p.value"
"(Intercept)",-8.44684351516924,3.89341091239298,-2.1695227411734,0.0300430197596609
"human_impact",-2.79254344579745,1.3072665779837,-2.13616984693712,0.0326655722416516
"log10(area)",1.66620865197485,0.553399085289458,3.01086267806772,0.00260506636683448
"log10(depth)",-21.6519885789534,4.93398125940842,-4.3883402551775,1.14218983223693e-05
"eutro",-4.1984875773385,1.73241421091448,-2.42348945817194,0.0153721994113313
"log10(RT)",0.386996698062888,0.513128540815421,0.754190553205061,0.45073480925461
