"estimate","std.error","Adjusted.SE","statistic","p.value","term"
-7.03036808754465,3.56292648767624,3.61064717560955,1.94712131803844,0.0515202,"(Intercept)"
-1.55694522096322,1.09653092293174,1.11133664995124,1.40096632377915,0.1612241,"human_impact"
1.39637868876707,0.505347519742004,0.512149384656464,2.72650662209371,0.0064009,"log10(area)"
-12.8852557724636,3.14293551510846,3.1852054463169,4.04534526567604,5.22e-05,"log10(depth)"
-2.47327869939615,1.48436202376699,1.50408408917938,1.6443752827314,0.1000987,"eutro"
-0.172364282467591,0.439200573205707,0.445068661494325,0.387275711322552,0.6985521,"log10(RT)"
