"estimate","std.error","Adjusted.SE","statistic","p.value","term"
-3.69385842832314,3.63799738784191,3.68683250474351,1.00190568016599,0.3163891,"(Intercept)"
-1.93051709739244,1.13443062780529,1.14976647524901,1.67905147606111,0.093142,"human_impact"
1.06927759365434,0.5128907527234,0.519824663892333,2.056996652771,0.0396865,"log10(area)"
-16.9530017176895,3.83741260798374,3.88900115345733,4.35921745680592,1.31e-05,"log10(depth)"
-4.75119789711438,1.63228791272853,1.65434932436619,2.87194356544659,0.0040796,"eutro"
0.284775287904689,0.462542291720724,0.468845857479357,0.607396404088368,0.5435879,"log10(RT)"
