"term","estimate","std.error","statistic","p.value"
"(Intercept)",-3.23052601841806,0.700462514422194,-4.61198986655681,3.98832442553698e-06
"human_impact",-0.650410902667965,0.293389247226051,-2.21688732227747,0.0266307923045604
"log10(area)",1.40452154261881,0.117173320796113,11.9867008383482,4.17192568303596e-33
"depth",-5.04056213419963,0.328029617885078,-15.3661799403904,2.75968183745295e-53
"eutro",-0.811685724685051,0.281640128692655,-2.88199600125456,0.0039516474836309
"log10(RT)",-0.390740086376064,0.109714647937815,-3.5614213208571,0.000368852644421397
