"estimate","std.error","Adjusted.SE","statistic","p.value","term"
-9.25778838968245,3.82810609798499,3.8785438906488,2.38692371433596,0.01699,"(Intercept)"
-2.29856685226759,1.24688925801554,1.2637529845486,1.81884187841393,0.0689356,"human_impact"
1.8861954635276,0.560004357438511,0.567565000059756,3.32331180275214,0.0008896,"log10(area)"
-20.7583052143192,4.5499455501571,4.610422155041,4.50247385515928,6.7e-06,"log10(depth)"
-4.12352320279327,1.65473184999589,1.67706160510545,2.45877861030275,0.0139411,"eutro"
0.425157159435502,0.499884534305723,0.506697003327738,0.839075732919827,0.4014268,"log10(RT)"
