"term","estimate","std.error","statistic","p.value"
"(Intercept)",-4.32353382999205,0.713152534850455,-6.06256532608227,1.33967366677396e-09
"human_impact",-0.183462533143279,0.298853911740798,-0.613887006111534,0.539289997254576
"log10(area)",1.49748839296911,0.119023757275872,12.5814243075711,2.67168963837487e-36
"depth",-4.9966564765857,0.31974340168147,-15.6270823738949,4.76109523133645e-55
"eutro",-0.772354957181493,0.277851665943631,-2.77973844266309,0.00544026974474852
"log10(RT)",-0.311067040404537,0.109367124621436,-2.84424630784859,0.00445166203441013
