"estimate","std.error","Adjusted.SE","statistic","p.value","term"
-8.42164165154907,3.5965500616926,3.64468778853025,2.31066202105206,0.0208515,"(Intercept)"
-2.01457797532302,1.2750554284887,1.29229022969676,1.55892068904348,0.1190152,"human_impact"
1.7242017873864,0.53477775942503,0.54200213831207,3.18117155913073,0.0014668,"log10(area)"
-20.8061329305344,4.58719321265378,4.64892025849308,4.47547640605877,7.6e-06,"log10(depth)"
-3.96626454378134,1.66381011342076,1.68628231771295,2.35207622242084,0.0186689,"eutro"
0.257286339066305,0.483809199985839,0.490402592982178,0.524643104967545,0.5998313,"log10(RT)"
