"term","estimate","std.error","statistic","p.value"
"(Intercept)",-4.58361077947492,3.47120557386736,-1.32046653012492,0.18667930362563
"human_impact",-2.39940706769775,1.1228709210249,-2.13685030288939,0.0326101692187351
"log10(area)",1.02590769840274,0.485041966337488,2.11509058927268,0.0344222271466792
"log10(depth)",-14.1440924331411,3.52820691591392,-4.00886137639614,6.10122171332035e-05
"eutro",-3.18106260546775,1.45250001280477,-2.19006029426818,0.0285198643443305
"log10(RT)",0.175740252921294,0.443493967022249,0.396263006915892,0.691911014500288
