"term","estimate","std.error","statistic","p.value"
"(Intercept)",-3.26605087576729,0.496335729728121,-6.5803259369547,4.6941808623575e-11
"human_impact",-2.53819968770202,0.193360332815602,-13.1267858859272,2.3126568936287e-39
"log10(area)",1.78576808730273,0.092500638238435,19.3054677384996,4.831588787521e-83
"depth",-5.98298743842977,0.249754277520707,-23.9554953685777,8.09869947751599e-127
"eutro",-1.37004991079886,0.185763414893672,-7.37524076838842,1.64048309586501e-13
"log10(RT)",-0.185609503446535,0.0781693860440372,-2.3744526193665,0.0175749916701196
