"estimate","std.error","Adjusted.SE","statistic","p.value","term"
-7.22325467679239,3.37771069625005,3.42327492239647,2.11004223748869,0.0348547,"(Intercept)"
-1.70470466304903,1.10769870763554,1.12266850259892,1.51843991267478,0.1289035,"human_impact"
1.49815146712101,0.494258323942468,0.500937851481641,2.99069328199072,0.0027834,"log10(area)"
-13.7925699625455,3.23890997044657,3.28266321122944,4.20164027651799,2.65e-05,"log10(depth)"
-3.05201373622015,1.4045223089971,1.42350211478768,2.14401770430482,0.0320315,"eutro"
-0.129689516540666,0.471843523678339,0.478273847418524,0.271161631020939,0.7862667,"log10(RT)"
