"estimate","std.error","Adjusted.SE","statistic","p.value","term"
-8.32254572034903,3.64697432299162,3.69557866162316,2.25202775597087,0.0243205,"(Intercept)"
-3.28344202771544,1.35095794352939,1.36922717268441,2.39802575731693,0.0164837,"human_impact"
1.72639535948716,0.552145865452032,0.559596888965178,3.08506961623689,0.002035,"log10(area)"
-17.9018370629518,4.11186910591107,4.16724885199174,4.29584066101444,1.74e-05,"log10(depth)"
-2.60554258480795,1.53675433571627,1.55749987200354,1.67290067347243,0.0943469,"eutro"
-0.540893039964581,0.578972413869782,0.58686269925252,0.92166880030629,0.3567014,"log10(RT)"
