"estimate","std.error","Adjusted.SE","statistic","p.value","term"
-6.62576913272427,3.47189604557239,3.51851097745159,1.88311736845091,0.0596845,"(Intercept)"
-1.98222241399046,1.12842178597813,1.14367961572681,1.73319729295932,0.0830606,"human_impact"
1.46371243701539,0.514262439511257,0.521208874641546,2.80830298222001,0.0049803,"log10(area)"
-14.0532872433349,3.43774371330703,3.48415822892573,4.03348135186959,5.5e-05,"log10(depth)"
-3.35959739882323,1.44579368430881,1.46534137864588,2.29270629205042,0.0218649,"eutro"
-0.329173491500005,0.460248900740816,0.466521211971785,0.70559169240929,0.4804421,"log10(RT)"
