"term","estimate","std.error","statistic","p.value"
"(Intercept)",-4.02848098010374,0.700425672109826,-5.75147533923067,8.84679874013937e-09
"human_impact",-0.406998471284008,0.293958166221074,-1.38454555121262,0.166191470441076
"log10(area)",1.507331312681,0.119250572620248,12.64003416974,1.26998750136664e-36
"depth",-5.21674949325066,0.329113675269286,-15.8509046729287,1.38571544019227e-56
"eutro",-0.678661968413602,0.278752221220183,-2.43464236963886,0.0149065144771496
"log10(RT)",-0.347960240469173,0.113275380305032,-3.07180818578737,0.00212766400572535
