"estimate","std.error","Adjusted.SE","statistic","p.value","term"
-5.28689004187524,3.22525720329988,3.26873846765395,1.61740992563096,0.1057898,"(Intercept)"
-2.38522923061981,1.20204968404158,1.21829369817309,1.95784418338256,0.0502483,"human_impact"
1.09838303980795,0.465039036950813,0.471323861045997,2.3304210344249,0.0197839,"log10(area)"
-13.2401764055108,3.35238682574792,3.39765818585581,3.89685356244153,9.75e-05,"log10(depth)"
-2.35655264008336,1.40541397830208,1.42440756009348,1.65440896700149,0.0980444,"eutro"
0.136749769669596,0.450592777573127,0.456733494334897,0.299408235581087,0.7646286,"log10(RT)"
