"term","estimate","std.error","statistic","p.value"
"(Intercept)",-3.8289806637588,0.70796227663443,-5.40845295029182,6.35714825314468e-08
"human_impact",-0.315484961111314,0.300316988174276,-1.0505065432004,0.293485284214025
"log10(area)",1.45399135072419,0.118471770227493,12.2728929257341,1.26646064377271e-34
"depth",-5.21446659177397,0.327766156169704,-15.9091062137426,5.47900929113952e-57
"eutro",-0.871060418005763,0.282928692466272,-3.0787277543779,0.00207886559818196
"log10(RT)",-0.285394103244066,0.109789574098545,-2.5994645264577,0.00933693281888756
