"term","estimate","std.error","statistic","p.value"
"(Intercept)",-2.82942652324356,0.48586139238375,-5.82352614880909,5.76187943719409e-09
"human_impact",-2.33386297538133,0.188171775714541,-12.4028322872492,2.52247208805214e-35
"log10(area)",1.65686781402311,0.0893340768942597,18.5468733950681,8.64358093643359e-77
"depth",-5.70525530403908,0.241218832045265,-23.6517823076454,1.13151083178766e-123
"eutro",-1.47394836105291,0.181791754208854,-8.10789448326432,5.15044325317007e-16
"log10(RT)",-0.164078842553619,0.0758587270618438,-2.16295275321261,0.0305448137104837
