"estimate","std.error","Adjusted.SE","statistic","p.value","term"
-11.0460710926959,4.05913368071021,4.1114503119737,2.68666048584525,0.007217,"(Intercept)"
-1.54640521042678,1.28728033371874,1.30462818010982,1.1853225570343,0.2358899,"human_impact"
2.22249558001298,0.609259066657017,0.617350433642456,3.60005510468331,0.0003181,"log10(area)"
-25.0900548478645,5.16480631807439,5.23419028368636,4.79349306922675,1.6e-06,"log10(depth)"
-5.33431869157904,1.86026396039851,1.88499218998852,2.82988901487784,0.0046564,"eutro"
0.180993301597411,0.53374303628333,0.540935946765387,0.334592852776173,0.7379322,"log10(RT)"
