"term","estimate","std.error","statistic","p.value"
"(Intercept)",-4.03648189821886,0.695365626718632,-5.80483380702416,6.44298786961007e-09
"human_impact",-0.284931831845356,0.291919990156237,-0.976061391660295,0.329034042374554
"log10(area)",1.4364596533405,0.116095610310822,12.3730746536814,3.65555306610369e-35
"depth",-5.05459469255559,0.323229076173301,-15.6378094210978,4.02331845241908e-55
"eutro",-0.698240935438068,0.275995139029111,-2.5299030189239,0.0114094058009048
"log10(RT)",-0.253171566415228,0.110541591908813,-2.29028334080869,0.0220048969022413
