"estimate","std.error","Adjusted.SE","statistic","p.value","term"
-10.4158750888385,4.09606850016002,4.15142587647219,2.50898736934446,0.0121078,"(Intercept)"
-2.1791220486309,1.3272844152848,1.34522043837355,1.61989959895762,0.1052538,"human_impact"
2.15688742627669,0.629426268579521,0.637931845948029,3.38106247552408,0.0007221,"log10(area)"
-25.2279756305417,5.40064047574097,5.47362275989965,4.60900882964836,4e-06,"log10(depth)"
-4.38893996723053,1.87198211862543,1.89727900124778,2.3132812645605,0.0207072,"eutro"
-0.0325279840029541,0.563364023752531,0.571041596664969,0.0569625473747026,0.954575,"log10(RT)"
