"term","estimate","std.error","statistic","p.value"
"(Intercept)",-5.08474427882793,4.00675243643646,-1.2690437853331,0.204425448005484
"human_impact",-2.61956152577723,1.15022953153802,-2.27742503035416,0.022760856800139
"log10(area)",1.32340048819477,0.547087677775977,2.41899158389869,0.0155636002950621
"log10(depth)",-15.3979354860831,3.68812938219909,-4.17499872981731,2.97987716368165e-05
"eutro",-3.86393662691298,1.47341465882476,-2.62243666694274,0.00873034924493745
"log10(RT)",-0.0525461017761572,0.469462085386746,-0.111928318413338,0.910880242834999
