"term","estimate","std.error","statistic","p.value"
"(Intercept)",-3.99938197691605,0.693869166010674,-5.76388485441725,8.21995063557552e-09
"human_impact",-0.388572650717484,0.297634792071879,-1.30553504182953,0.191710723030105
"log10(area)",1.49763866817155,0.118310122214865,12.6585844062579,1.00291490070608e-36
"depth",-5.25979760247635,0.330683775135901,-15.9058230187276,5.77394987633181e-57
"eutro",-0.561559918581498,0.280603389989153,-2.00125849728047,0.04536453984316
"log10(RT)",-0.352304080978356,0.111009939273376,-3.17362646339949,0.00150547301519068
