"term","estimate","std.error","statistic","p.value"
"(Intercept)",-3.72504381919323,0.701401585316341,-5.31085742772194,1.09110665599048e-07
"human_impact",-0.494300980080107,0.297521926653207,-1.66139344968772,0.0966344524993558
"log10(area)",1.44604353016613,0.118064899814669,12.2478698786518,1.72466510722247e-34
"depth",-5.03389585463203,0.323621065791384,-15.5549078435983,1.47367209961582e-54
"eutro",-0.725691576556967,0.281053604028859,-2.58203974670416,0.00982182724377873
"log10(RT)",-0.374448138684141,0.111865806479134,-3.34729753862711,0.000816035718693357
