"term","estimate","std.error","statistic","p.value"
"(Intercept)",-3.91980226259037,0.692774801015631,-5.65811899746326,1.53041013825122e-08
"human_impact",-0.194973780406626,0.297041442833901,-0.656385784241061,0.511575934776017
"log10(area)",1.45849070337201,0.117240164170195,12.4401966996118,1.5811407193079e-35
"depth",-4.95834900087052,0.318784527735145,-15.5539198721403,1.49658767361879e-54
"eutro",-0.636716751889522,0.285142050638101,-2.2329808965905,0.0255502041686265
"log10(RT)",-0.451303671385406,0.11167885795876,-4.04108422699003,5.32046435148976e-05
