"term","estimate","std.error","statistic","p.value"
"(Intercept)",-3.83951519139747,0.703548536159617,-5.45735652064009,4.83275380984037e-08
"human_impact",-0.485756272781622,0.292262113537836,-1.66205693547322,0.0965013591440112
"log10(area)",1.44653592608377,0.117440721584859,12.3171580228971,7.32297446028563e-35
"depth",-5.14933156497754,0.328170209768037,-15.6910390148371,1.74181058237744e-55
"eutro",-0.655306547621433,0.280069105233316,-2.33980305351966,0.0192939112015664
"log10(RT)",-0.28040004951763,0.109336765064365,-2.56455410357679,0.0103308471695759
