"term","estimate","std.error","statistic","p.value"
"(Intercept)",-4.64731961640907,3.22871308379835,-1.43937212622864,0.150045117389561
"human_impact",-2.27441784212736,1.13674858015374,-2.00080992563875,0.0454128773655361
"log10(area)",0.996861404193309,0.461603433910652,2.15956236665749,0.0308065644061056
"log10(depth)",-13.0358036404212,3.22115589016287,-4.04693348751964,5.1892978618188e-05
"eutro",-2.68348952151253,1.32338417321187,-2.02774793278634,0.0425859808450309
"log10(RT)",0.181728043067698,0.465693196885913,0.390231260157787,0.696365548075862
