"term","estimate","std.error","statistic","p.value"
"(Intercept)",-3.29021923765624,0.494300627366031,-6.65631208114939,2.80783730440965e-11
"human_impact",-2.40204223258094,0.192546751925809,-12.4751116731716,1.02063012634828e-35
"log10(area)",1.81847418549152,0.092169372659157,19.7297012340124,1.19876684579508e-86
"depth",-6.05803500955731,0.25140060231008,-24.0971380095791,2.67851505056904e-128
"eutro",-1.47802330389635,0.186468864652292,-7.92638120392066,2.25624275874998e-15
"log10(RT)",-0.228515131336162,0.0777757883444867,-2.93812684127374,0.0033020189777677
