"term","estimate","std.error","statistic","p.value"
"(Intercept)",-2.59144926258975,0.488938948987059,-5.3001489612527,1.15708236455784e-07
"human_impact",-2.2929619686526,0.189409123451234,-12.1058686449333,9.83229903803798e-34
"log10(area)",1.67399799736432,0.0901662999015099,18.5656725316759,6.09194714846734e-77
"depth",-6.08124477633352,0.248906642956046,-24.4318299588629,7.85168565052524e-132
"eutro",-1.4417594154197,0.184885695879102,-7.79811227993795,6.28400870551247e-15
"log10(RT)",-0.152264288629021,0.0756961647323115,-2.01151919872666,0.0442706445169332
