"term","estimate","std.error","statistic","p.value"
"(Intercept)",-3.02331049804576,0.494949173060954,-6.10832518286365,1.00682057844214e-09
"human_impact",-2.45261030351842,0.190896492062683,-12.8478542325078,8.84292027186512e-38
"log10(area)",1.69375291652506,0.0902618513396221,18.7648811916354,1.46324369903437e-78
"depth",-5.68928863413379,0.241888178324309,-23.5203252740444,2.52710655156411e-122
"eutro",-1.389243639525,0.183770132439675,-7.55968133168231,4.04058040250781e-14
"log10(RT)",-0.185848912951146,0.0762957570725105,-2.43590102624603,0.0148547483977047
