"term","estimate","std.error","statistic","p.value"
"(Intercept)",-4.11899137615096,0.71009561361557,-5.80061515262491,6.60720823736316e-09
"human_impact",-0.204085783279377,0.298883366574482,-0.682827504315194,0.494715847703061
"log10(area)",1.51579377239846,0.119863233765565,12.6460276832104,1.1767572709196e-36
"depth",-5.13780621108096,0.326072574104621,-15.7566340106619,6.1840081271517e-56
"eutro",-0.733040349171496,0.280369860689963,-2.61454760995905,0.00893457074330476
"log10(RT)",-0.386314207268241,0.110019446093052,-3.51132659713178,0.000445876243723468
