"term","estimate","std.error","statistic","p.value"
"(Intercept)",-2.73550001476312,0.489399652513337,-5.58950134254248,2.27722606243174e-08
"human_impact",-2.41627131418035,0.19042121802955,-12.6890865376431,6.79739282917471e-37
"log10(area)",1.68703810105551,0.0901361111237221,18.7165618754048,3.62827875327276e-78
"depth",-5.90396976492661,0.245962586353086,-24.0035277416188,2.55464812426354e-127
"eutro",-1.48995594127535,0.185867284441011,-8.01623559388808,1.09035275186657e-15
"log10(RT)",-0.177411704012148,0.0768850678783578,-2.30749232468438,0.0210273896309584
