"term","estimate","std.error","statistic","p.value"
"(Intercept)",-3.94546696247086,0.719492937773933,-5.48367712222151,4.16574782389616e-08
"human_impact",-0.424912917570489,0.302608945098915,-1.40416509310918,0.160269693790384
"log10(area)",1.55947448132527,0.123062852757501,12.6721788613032,8.43387572706892e-37
"depth",-5.60225806428555,0.345209202664263,-16.2285884068221,3.16658048743912e-59
"eutro",-0.639327583027583,0.28764155192027,-2.22265378127564,0.0262391547067664
"log10(RT)",-0.364289693949606,0.115023395885736,-3.16709214803126,0.0015397152063322
