"estimate","std.error","Adjusted.SE","statistic","p.value","term"
-6.24574053679383,3.29603875607406,3.34013477636968,1.86990674178189,0.0614968,"(Intercept)"
-1.4552728756644,1.10788183723078,1.12285982727361,1.29604144730863,0.1949612,"human_impact"
1.25651704237063,0.471311462536377,0.477682474734913,2.63044408959724,0.0085273,"log10(area)"
-12.5988995049296,3.08577532700739,3.1274314149775,4.02851344544042,5.61e-05,"log10(depth)"
-2.4467528356878,1.41109617164281,1.43017267409407,1.71080938687188,0.0871163,"eutro"
-0.309773758854313,0.476009076359563,0.482496168606579,0.642023251187511,0.5208581,"log10(RT)"
