"term","estimate","std.error","statistic","p.value"
"(Intercept)",-3.9802896517753,0.709065065387008,-5.61343358469205,1.98350753774851e-08
"human_impact",-0.339853274466632,0.299412007913964,-1.13506895342784,0.256346428584847
"log10(area)",1.42419804281662,0.116795818682328,12.1939129232896,3.34943907841352e-34
"depth",-5.07398077861815,0.326295029754919,-15.5502852201863,1.5839883310526e-54
"eutro",-0.524281150222009,0.276049294135575,-1.89923017866701,0.0575342184486125
"log10(RT)",-0.264461773684157,0.109066133446344,-2.42478361822793,0.0153175134423459
