"term","estimate","std.error","statistic","p.value"
"(Intercept)",-10.6185674555446,3.72098240526276,-2.85369999076757,0.00432133188824593
"log10(area)",1.99330225453631,0.558123116107724,3.57143826694965,0.000355026235508113
"log10(depth)",-15.4334032078062,3.39821730845615,-4.54161750321311,5.58242570852807e-06
"eutro",-3.41237007002955,1.36366005111662,-2.50236124995768,0.0123367971731471
"log10(RT)",-0.106214302908051,0.506023069733071,-0.209900119700233,0.833745628803965
