"term","estimate","std.error","statistic","p.value"
"(Intercept)",-4.6784515654005,3.17354836231547,-1.47420207013547,0.140427192667321
"human_impact",-1.58941795104877,1.15271608200793,-1.37884599326501,0.167942242545396
"log10(area)",1.09114773656233,0.456782684832971,2.38876772870961,0.0169049861950948
"log10(depth)",-12.6289353544601,3.10694551129624,-4.0647431081568,4.80853950797498e-05
"eutro",-3.58164986424408,1.40402691907324,-2.55098375649965,0.0107419332162257
