"term","estimate","std.error","statistic","p.value"
"(Intercept)",-6.73246870851987,3.87341964489326,-1.73812014337151,0.0821896462532432
"human_impact",-2.75541762486604,1.36112388417567,-2.02436946181045,0.0429321514438404
"log10(area)",1.45630763107433,0.548028902915949,2.65735552144351,0.0078756339885557
"log10(depth)",-20.3691914271085,4.80424285956888,-4.23983383490658,2.23685305170079e-05
"eutro",-4.12201232229899,1.7070279989304,-2.41473035291851,0.0157468623641363
"log10(RT)",0.273436052878258,0.492234260290067,0.555499840090622,0.578552819473798
