"term","estimate","std.error","statistic","p.value"
"(Intercept)",-2.91322875240126,0.49203467073963,-5.92077941991785,3.20419386558305e-09
"human_impact",-2.23821525095447,0.188200616890218,-11.8927094285779,1.29147864706239e-32
"log10(area)",1.71708199260764,0.0902123305613977,19.0337837623983,8.95473161643501e-81
"depth",-5.92460415912763,0.244391186633104,-24.2422987536864,7.97213960087895e-130
"eutro",-1.43384344167079,0.185765895114097,-7.71855049491258,1.17660048890919e-14
"log10(RT)",-0.198089768235489,0.0762684195485717,-2.59727118259393,0.00939677044027122
