"term","estimate","std.error","statistic","p.value"
"(Intercept)",-3.98978507933305,3.67312813516447,-1.08620906554745,0.277386507386258
"human_impact",-2.79362382579519,1.16946990162406,-2.38879497618164,0.0169037325802923
"log10(area)",1.02239370147735,0.49146464893248,2.08029957739201,0.0374980635462832
"log10(depth)",-17.5532819567281,4.11124533764513,-4.26957783229311,1.95843300642391e-05
"eutro",-3.96296492099182,1.65570117878591,-2.39352666517866,0.0166872683073678
"log10(RT)",0.298703792999214,0.467080664044392,0.639512221321208,0.52248976576021
