"term","estimate","std.error","statistic","p.value"
"(Intercept)",-3.73662306422158,0.700223551777089,-5.33632874064068,9.48473722445721e-08
"human_impact",-0.408562750725387,0.295429595255276,-1.38294455696747,0.166681866660853
"log10(area)",1.47351165340715,0.118363983994484,12.4489866231253,1.41632015450099e-35
"depth",-5.21878303302387,0.331780294149172,-15.7296353190809,9.47552393255949e-56
"eutro",-0.784012211989782,0.279810921028078,-2.8019357111194,0.00507969952004907
"log10(RT)",-0.351315289637899,0.11189948334497,-3.13956132000041,0.00169200998773954
