"estimate","std.error","Adjusted.SE","statistic","p.value","term"
-4.59469877267656,3.28658143316638,3.33090671879684,1.37941382349375,0.1677672,"(Intercept)"
-1.67624281678376,1.08272197519437,1.09735362166467,1.52753204043826,0.1266288,"human_impact"
1.14620229770414,0.486140921371839,0.492710699867408,2.32631907123711,0.0200015,"log10(area)"
-14.1887782180687,3.48588083441602,3.53295206845293,4.01612530913332,5.92e-05,"log10(depth)"
-3.7423753486102,1.46786891467506,1.4877037062695,2.5155380959522,0.0118851,"eutro"
-0.136771950550036,0.448531544372597,0.4546441704727,0.300832957800454,0.7635419,"log10(RT)"
