"term","estimate","std.error","statistic","p.value"
"(Intercept)",-3.56077586075872,0.696484596378021,-5.11249764786771,3.17926946788522e-07
"human_impact",-0.274069461423698,0.294172696167861,-0.931661792525124,0.351511337897597
"log10(area)",1.44837721443457,0.117782620221126,12.2970367929952,9.39581661958833e-35
"depth",-5.23261967471744,0.32592602107924,-16.0546238603185,5.30595995803405e-58
"eutro",-0.959727536520936,0.279621733514318,-3.43223512871825,0.00059862831032023
"log10(RT)",-0.345509799152417,0.111449923811572,-3.10013490665609,0.0019343251794558
