"term","estimate","std.error","statistic","p.value"
"(Intercept)",-16.6551277533495,5.6652764938191,-2.93986141215182,0.00328359078521961
"human_impact",-3.76363330901693,1.4939950803422,-2.51917383031467,0.011763056784636
"log10(area)",3.10213205003016,0.832484901168961,3.72635232864188,0.000194270802207212
"log10(depth)",-30.7413578288793,6.95196912101899,-4.42196409301273,9.78077135775654e-06
"eutro",-6.26654693308239,2.03460523258079,-3.07998172457936,0.00207013297018218
"log10(RT)",0.787835203041307,0.603801411191906,1.30479192071797,0.191963710975769
