"term","estimate","std.error","statistic","p.value"
"(Intercept)",-6.33760296010739,3.11824172248882,-2.03242837603014,0.0421103078496493
"human_impact",-1.11580273090485,1.07976638477499,-1.03337420634498,0.301428812493382
"log10(area)",1.2449900682023,0.453812299814854,2.74340309575178,0.00608059921741146
"log10(depth)",-12.5394674415534,2.95167846525946,-4.24824979723907,2.15447088179532e-05
"eutro",-2.57626062576733,1.33880518201778,-1.92429836720868,0.0543171951393494
