"estimate","std.error","Adjusted.SE","statistic","p.value","term"
-3.44954025917158,3.22431492873508,3.2678922533309,1.05558567778835,0.2911575,"(Intercept)"
-3.98392607910817,1.2747475036996,1.29197355614951,3.08359723010239,0.0020451,"human_impact"
0.930047193762347,0.465916110896935,0.472212174077776,1.96955361343387,0.0488896,"log10(area)"
-12.583664602652,3.23453061060239,3.27824230796793,3.83854011403208,0.0001238,"log10(depth)"
-2.40585160551874,1.35004118376824,1.36828470195555,1.75829752542018,0.0786969,"eutro"
0.0264275481696904,0.440234898295494,0.446234456996012,0.0592234592272344,0.9527741,"log10(RT)"
