"term","estimate","std.error","statistic","p.value"
"(Intercept)",-4.12204833117218,0.697758218459045,-5.90755969922571,3.47212521806904e-09
"human_impact",-0.221180834682877,0.295287393714716,-0.74903581863222,0.453835616880124
"log10(area)",1.48466699909546,0.118849293397435,12.4920136809791,8.25377712569839e-36
"depth",-5.09907861242642,0.325444544110634,-15.668041467283,2.50170159010341e-55
"eutro",-0.701620865707573,0.280776162463431,-2.49886193881916,0.0124592840094051
"log10(RT)",-0.349015230754337,0.111137060261804,-3.14040365951886,0.00168715188949897
