"estimate","std.error","Adjusted.SE","statistic","p.value","term"
-4.56806912778404,3.32620866079339,3.37113019287646,1.35505568353214,0.1753998,"(Intercept)"
-1.81797697376557,1.06465825299589,1.07904519592394,1.68480150843814,0.0920269,"human_impact"
1.14368221935495,0.476015235399862,0.482447890804238,2.37058186211248,0.0177601,"log10(area)"
-13.0463073546634,3.15724744544557,3.19990427258697,4.07709301382196,4.56e-05,"log10(depth)"
-3.76236788184706,1.4570748729844,1.47676538871757,2.54770860056133,0.0108433,"eutro"
-0.0838270342306182,0.432685809693344,0.438582488771235,0.191131740041592,0.8484224,"log10(RT)"
