"term","estimate","std.error","statistic","p.value"
"(Intercept)",-2.88446585424687,0.489777049208713,-5.88934467000246,3.87730040479867e-09
"human_impact",-2.26884850255244,0.187787356416845,-12.0820088521621,1.31468006553541e-33
"log10(area)",1.71793847832328,0.0899645413385829,19.0957287478162,2.74007272850036e-81
"depth",-5.82385475375645,0.243296410812159,-23.9372818296643,1.25360681025504e-126
"eutro",-1.39150596437536,0.186259691111027,-7.47078423718579,7.97182753020131e-14
"log10(RT)",-0.253372782998088,0.0768874934179987,-3.29537056983542,0.000982919702706726
