"term","estimate","std.error","statistic","p.value"
"(Intercept)",-4.0147835248592,0.691492077522523,-5.80597183303005,6.39937202532577e-09
"human_impact",-0.339441897839763,0.29181346659066,-1.16321533000364,0.244742148260671
"log10(area)",1.46857644010526,0.116678301288432,12.586542860912,2.50402023701307e-36
"depth",-4.98651449643113,0.324811235967322,-15.3520381817481,3.43230931846357e-53
"eutro",-0.864277767657288,0.276203371753422,-3.1291354706157,0.00175321457853537
"log10(RT)",-0.319842495012655,0.109064020594827,-2.93261236169597,0.00336123271195995
