"term","estimate","std.error","statistic","p.value"
"(Intercept)",-3.53122796285065,0.689174081643762,-5.12385485308481,2.99351457877888e-07
"human_impact",-0.592183984764048,0.292070457233184,-2.02753811656911,0.0426074104318067
"log10(area)",1.42639949576869,0.116843737174299,12.2077531091023,2.8258564451457e-34
"depth",-5.07531834707854,0.323170035065328,-15.704792512872,1.40235745728357e-55
"eutro",-0.650967666331423,0.277090066230193,-2.34929990521793,0.018808750417721
"log10(RT)",-0.356667638419074,0.11062488854967,-3.22411749376754,0.00126361542818847
