"term","estimate","std.error","statistic","p.value"
"(Intercept)",-3.77807346062949,0.692270690503201,-5.45750890866586,4.82860932584731e-08
"human_impact",-0.330746018068566,0.298736828003884,-1.10714845664849,0.268229748116989
"log10(area)",1.35789960501022,0.113293717264985,11.9856567318222,4.22482782259216e-33
"depth",-4.72093461657879,0.309331819011298,-15.2617167922397,1.37580367624746e-52
"eutro",-0.671316142806208,0.277236034459198,-2.4214606305264,0.0154582753748203
"log10(RT)",-0.28889229850394,0.10874274457437,-2.65665814886956,0.00789194247994733
