"term","estimate","std.error","statistic","p.value"
"(Intercept)",-3.37107225394225,0.497033757173876,-6.78238088517388,1.1821131809509e-11
"human_impact",-2.50799607067433,0.192843729615732,-13.005328592596,1.14107379583443e-38
"log10(area)",1.83291644518892,0.0933450689459759,19.6359214887905,7.62843496669648e-86
"depth",-6.06601910861129,0.249906825179079,-24.2731230100037,3.76956872697944e-130
"eutro",-1.45920631073248,0.186673346736854,-7.81689692845901,5.4141399936202e-15
"log10(RT)",-0.218346387840971,0.0770726450387984,-2.83299460828229,0.00461141637963911
