"term","estimate","std.error","statistic","p.value"
"(Intercept)",-6.24747775725789,4.53254181205126,-1.37836075569053,0.168091933615759
"human_impact",-4.67476479965923,1.67470676246104,-2.79139303933395,0.00524817002739631
"log10(area)",1.54571375849041,0.620453275421783,2.4912653695633,0.0127289008663952
"log10(depth)",-30.4812743125724,6.83388676334016,-4.46031304997424,8.18400217153044e-06
"eutro",-6.65697844591738,2.10002943157316,-3.16994530925718,0.00152467632242909
"log10(RT)",0.879767920394928,0.57610438657112,1.52709811086696,0.126736616635373
