"term","estimate","std.error","statistic","p.value"
"(Intercept)",-2.63046855654332,0.491186605985986,-5.35533445840412,8.53983019575455e-08
"human_impact",-2.47129110466576,0.189951239638409,-13.0101341237368,1.07153852947773e-38
"log10(area)",1.67847313287595,0.0897582999495385,18.6999211640548,4.95779598509301e-78
"depth",-5.86541983449366,0.24380042180574,-24.058284194304,6.83722303026526e-128
"eutro",-1.52950900545473,0.184612771612649,-8.28495770955607,1.18151061585331e-16
"log10(RT)",-0.194694491530208,0.0770411237336332,-2.52715020361537,0.0114992310722599
