"estimate","std.error","Adjusted.SE","statistic","p.value","term"
-6.79048460771194,4.01567143320446,4.06589948687103,1.6701063638289,0.09489832,"(Intercept)"
-2.36713948882398,1.26352621761917,1.2806295678442,1.84841858118957,0.06454181,"human_impact"
1.50828515350393,0.56725244866684,0.574857370965024,2.62375543862636,0.00869662,"log10(area)"
-23.0711324391564,5.06454009680312,5.13052926480211,4.49683283115358,6.9e-06,"log10(depth)"
-4.82103761398378,1.7679298963954,1.79173530892102,2.69070860521636,0.00713004,"eutro"
0.657466556091967,0.536718533660943,0.544032979564305,1.20850496346473,0.22685309,"log10(RT)"
