"term","estimate","std.error","statistic","p.value"
"(Intercept)",-2.60734130556365,0.495848819521529,-5.25833924154466,1.45362179034158e-07
"human_impact",-2.56978594982636,0.195199902565738,-13.1648936093138,1.39734328761421e-39
"log10(area)",1.74615062916538,0.0919592311375649,18.9883126203312,2.13065579434963e-80
"depth",-6.21014291014156,0.25518666041497,-24.3356878452933,8.21842835503767e-131
"eutro",-1.647290734065,0.18918401824295,-8.70734615621465,3.11072002161359e-18
"log10(RT)",-0.19587142646372,0.0775482816051878,-2.52579970064246,0.0115435274802113
