"term","estimate","std.error","statistic","p.value"
"(Intercept)",-3.74506883042266,0.678820123388486,-5.51702682549877,3.44782822702523e-08
"human_impact",-0.446773841565614,0.293751287571894,-1.52092556004973,0.128278518890496
"log10(area)",1.37465623294668,0.112819858063437,12.1845236870775,3.75842729180068e-34
"depth",-4.80898122600006,0.313199690652758,-15.3543613532229,3.31154594055868e-53
"eutro",-0.533416188396299,0.274448960775924,-1.94358975486087,0.0519449422702912
"log10(RT)",-0.306071631893165,0.108989416981135,-2.80826928311896,0.0049808558243766
