"term","estimate","std.error","statistic","p.value"
"(Intercept)",-4.12692341322784,0.700164305548181,-5.89422137136331,3.76452217181054e-09
"human_impact",-0.344638138994181,0.293980666152989,-1.17231566110824,0.241070346171783
"log10(area)",1.50391686006736,0.11830269523696,12.7124479882307,5.04306251778708e-37
"depth",-5.26902440961883,0.331711560262247,-15.8843556897842,8.13293275023044e-57
"eutro",-0.62594137974318,0.2793077813233,-2.24104526117248,0.0250231433535304
"log10(RT)",-0.29877458329056,0.110765333396562,-2.69736544935849,0.00698905225869477
