"term","estimate","std.error","statistic","p.value"
"(Intercept)",-4.02047840164177,0.698011237009057,-5.75990498214515,8.41612991589871e-09
"human_impact",-0.264160942753455,0.300695920290224,-0.87849859252661,0.379673201184915
"log10(area)",1.4356434220878,0.117007270265751,12.2696941722264,1.31750036125644e-34
"depth",-5.03077913806066,0.324963658793948,-15.4810515019791,4.65796753466069e-54
"eutro",-0.556120200231336,0.286010023571402,-1.94440807803542,0.0518462605061575
"log10(RT)",-0.332707119942265,0.113565762385428,-2.929642816231,0.00339351830656415
