"term","estimate","std.error","statistic","p.value"
"(Intercept)",-3.84322452480685,0.69227643610555,-5.55157495526958,2.83107277002179e-08
"human_impact",-0.43636483328653,0.296255431677565,-1.47293445664637,0.140768709948527
"log10(area)",1.47188429273875,0.117407266887308,12.5365689174207,4.70947977551063e-36
"depth",-5.12546698656704,0.326928143479475,-15.6776560500942,2.15044473760751e-55
"eutro",-0.677540106491627,0.281771611643088,-2.40457192454805,0.0161914196970212
"log10(RT)",-0.370053645858895,0.109560599403033,-3.37761611268304,0.000731170767381824
