"estimate","std.error","Adjusted.SE","statistic","p.value","term"
-6.15533310540651,3.7695204738191,3.82046512276854,1.61114757172446,0.1071476,"(Intercept)"
-2.051131170231,1.16710556380031,1.18287693637026,1.73401907431303,0.0829147,"human_impact"
1.25911977181844,0.517366651111304,0.524357947656566,2.40126001226001,0.0163387,"log10(area)"
-15.4274863696406,3.45608390986109,3.50279096688791,4.40434114267095,1.06e-05,"log10(depth)"
-2.48446251669584,1.61603865063478,1.63787657991447,1.51688017715327,0.1292969,"eutro"
-0.0237889377734215,0.497779435542798,0.504563216099525,0.0471475862971531,0.9623956,"log10(RT)"
