"estimate","std.error","Adjusted.SE","statistic","p.value","term"
-9.87329558779765,3.52866406631285,3.57211623026864,2.76399057346886,0.0057099,"(Intercept)"
-1.89433690756981,1.07784202297486,1.09217135922054,1.73446858093931,0.082835,"human_impact"
1.68717875567164,0.510662014257966,0.517324865630068,3.2613525228809,0.0011088,"log10(area)"
-12.3188454183054,2.99186056262009,3.03013182950935,4.06544867069368,4.79e-05,"log10(depth)"
-1.76487237951895,1.42760102269356,1.44683988046271,1.21981181425171,0.2225362,"eutro"
0.040788741771091,0.441520584946642,0.447470672962068,0.091154000107061,0.9273702,"log10(RT)"
