"estimate","std.error","Adjusted.SE","statistic","p.value","term"
-6.54240044543566,3.35396946106418,3.39926529488213,1.92465132253307,0.054273,"(Intercept)"
-2.65528662510775,1.20161449941692,1.21785259435246,2.18030214610626,0.0292351,"human_impact"
1.37533864466136,0.495624529630765,0.50232216466585,2.73796129536958,0.0061821,"log10(area)"
-13.5701219840025,3.39141012485661,3.43722397763383,3.94798886319423,7.88e-05,"log10(depth)"
-2.65199094195936,1.49272329157079,1.51289532089512,1.75292428057103,0.079615,"eutro"
-0.0842639947326728,0.444031649637112,0.450082950788383,0.187218810632735,0.8514891,"log10(RT)"
