"estimate","std.error","Adjusted.SE","statistic","p.value","term"
-5.13113920512397,3.00114258539334,3.04162727660335,1.6869717222072,0.0916088,"(Intercept)"
-2.2956873095037,1.11182784392138,1.12685324281608,2.03725491685735,0.0416245,"human_impact"
1.05954173850542,0.436134011925473,0.442028226909894,2.39700017782215,0.0165299,"log10(area)"
-11.4985165095996,2.99270325704753,3.03312112116178,3.79098494596064,0.0001501,"log10(depth)"
-1.93734978416455,1.30587857938167,1.32352674097246,1.46377834628493,0.1432545,"eutro"
0.129860146681619,0.431826370548124,0.437711337116122,0.29667987934059,0.7667109,"log10(RT)"
