"estimate","std.error","Adjusted.SE","statistic","p.value","term"
-10.5315008336212,3.92978832751652,3.98226613297904,2.64459995438397,0.0081788,"(Intercept)"
-3.28388619916736,1.34151773743915,1.35964972702322,2.41524426026768,0.0157247,"human_impact"
2.03767534098682,0.585181453553486,0.593090845242241,3.43568840647769,0.0005911,"log10(area)"
-15.0615672357903,3.58445455235931,3.63245997896501,4.14638215507106,3.38e-05,"log10(depth)"
-2.01920246370342,1.53860197845972,1.55939681285719,1.29486122265683,0.1953681,"eutro"
-0.452958124382311,0.510538555803707,0.517496218738384,0.875287795312956,0.3814173,"log10(RT)"
