"estimate","std.error","Adjusted.SE","statistic","p.value","term"
-6.83083270073572,3.41971400199434,3.46593325122519,1.97084946697143,0.0487411,"(Intercept)"
-1.8841417617582,1.18038033585798,1.19633107937173,1.5749333894658,0.1152718,"human_impact"
1.3240681246972,0.504198714622975,0.511012054224991,2.59107023748257,0.0095678,"log10(area)"
-12.7545075193609,3.36099972530566,3.4064214085794,3.74425415693943,0.0001809,"log10(depth)"
-2.13959939705058,1.464779311875,1.48457344685336,1.44122165298428,0.1495221,"eutro"
-0.0250623817036791,0.504969019755856,0.511850780578767,0.0489642346063049,0.9609478,"log10(RT)"
