"term","estimate","std.error","statistic","p.value"
"(Intercept)",-7.17189012432974,3.5801360422739,-2.00324513919157,0.04515098279941
"human_impact",-2.40004001503117,1.1973334544763,-2.004487560302,0.0450178581462854
"log10(area)",1.38821270568959,0.505054190305669,2.74864110096664,0.00598428716528351
"log10(depth)",-16.2424458549233,3.78196017523332,-4.29471625885676,1.74916902951561e-05
"eutro",-3.00550669272083,1.45680109302819,-2.06308651682394,0.0391044089714938
"log10(RT)",0.28290572152045,0.466697003454196,0.606187139464279,0.544390491732215
