"term","estimate","std.error","statistic","p.value"
"(Intercept)",-3.75217954528933,0.694471731013114,-5.40292624987852,6.5562420886827e-08
"human_impact",-0.585473371618623,0.292324750024046,-2.00281834353904,0.0451967902119981
"log10(area)",1.41478691052801,0.116475851477068,12.1466114442319,5.97927994493291e-34
"depth",-4.95996350591887,0.322033873019441,-15.4019931487749,1.58701235925758e-53
"eutro",-0.639828249450437,0.278221631163933,-2.29970706006479,0.0214648218765287
"log10(RT)",-0.290652414124134,0.109600975404816,-2.65191448388662,0.00800368102350755
