"term","estimate","std.error","statistic","p.value"
"(Intercept)",-3.79280227398427,0.696434401787826,-5.4460294670219,5.1506607395201e-08
"human_impact",-0.219330202977071,0.295124183358165,-0.743179364297944,0.457373095088738
"log10(area)",1.46161338760998,0.117419789101647,12.4477602863407,1.43824734007372e-35
"depth",-5.18325201593484,0.326089429490321,-15.8951856367632,6.84254640873711e-57
"eutro",-0.808956431466954,0.2799231232304,-2.88992356948346,0.00385335500498902
"log10(RT)",-0.335990855995206,0.111227117542401,-3.02076385164905,0.00252137921511983
