"term","estimate","std.error","statistic","p.value"
"(Intercept)",-3.588739169582,0.698927510469821,-5.13463716311529,2.82688863880012e-07
"human_impact",-0.516550229841122,0.292549229424117,-1.7656865166179,0.0774484561101335
"log10(area)",1.43295645026683,0.116256305534551,12.3258385313213,6.57558936272026e-35
"depth",-5.04201183925798,0.318537800236182,-15.828613858448,1.97524802772343e-56
"eutro",-0.684395719342723,0.277548375321283,-2.46586101810355,0.0136684357504036
"log10(RT)",-0.359426610197645,0.111426743127436,-3.22567635120212,0.00125675384680901
