"term","estimate","std.error","statistic","p.value"
"(Intercept)",-8.19527735371864,4.34333563634998,-1.88686254986403,0.0591788153728454
"human_impact",-3.50223908703891,1.33076717441241,-2.63174442109703,0.00849477392337939
"log10(area)",1.69514829458182,0.604263546797109,2.80531285325241,0.00502677628556362
"log10(depth)",-19.9505450807292,4.51378815987596,-4.41991169591739,9.87412407256863e-06
"eutro",-4.0421471965436,1.58378847975976,-2.55220141338364,0.0107044617279114
"log10(RT)",0.303619951235346,0.534551999490464,0.567989552980359,0.570042061703554
