"term","estimate","std.error","statistic","p.value"
"(Intercept)",-15.1773153416682,5.36499052801844,-2.82895473205504,0.00467003040211903
"human_impact",-3.4310793048105,1.52163744197592,-2.25485993585638,0.0241421217699728
"log10(area)",3.0471841590765,0.816986770045974,3.72978397055931,0.000191644010992071
"log10(depth)",-36.5993121015643,8.23024223959712,-4.44693011895551,8.71061585863809e-06
"eutro",-7.53501598857732,2.55450893687659,-2.94969255335251,0.00318090290453093
"log10(RT)",0.640270899192695,0.696272333389175,0.919569640339022,0.357797697916998
