"term","estimate","std.error","statistic","p.value"
"(Intercept)",-3.67133047922875,0.677861217712648,-5.41605034083106,6.09299529170177e-08
"human_impact",-0.237494041754109,0.295053775195824,-0.804917820815839,0.420867103921328
"log10(area)",1.34062617530535,0.111255938040704,12.0499291895312,1.94116618158875e-33
"depth",-4.70562545036764,0.31112527322728,-15.1245361765585,1.1158405721121e-51
"eutro",-0.681147577531963,0.276391798265884,-2.46442760532536,0.0137232283028979
"log10(RT)",-0.331123341175961,0.109481459189784,-3.02446956431193,0.00249069530883387
