"term","estimate","std.error","statistic","p.value"
"(Intercept)",-14.3764718910884,4.82181700360858,-2.98154655813966,0.00286796434375775
"human_impact",-2.7656133501627,1.42056016983142,-1.9468470318233,0.0515530764771013
"log10(area)",2.61374743888638,0.71095296072448,3.67639996354035,0.000236548554159886
"log10(depth)",-25.1105494111224,5.58982129361345,-4.49219180581175,7.04938899743266e-06
"eutro",-3.79477867699028,1.86926023714367,-2.03009650640668,0.0423467305819794
"log10(RT)",0.354370204352582,0.604647887825604,0.586076973868123,0.557823789177249
