"term","estimate","std.error","statistic","p.value"
"(Intercept)",-3.97547679887031,0.695233312416063,-5.71819089775028,1.07664149763535e-08
"human_impact",-0.303373094774766,0.294818324041265,-1.0290170930227,0.303471642734739
"log10(area)",1.45101044341189,0.117211908272458,12.3793773584765,3.37954431975422e-35
"depth",-4.89968416346745,0.316485288364924,-15.4815542573273,4.62170499857796e-54
"eutro",-0.702444121566631,0.278072280990712,-2.52612061534495,0.0115329878055661
"log10(RT)",-0.384278005562436,0.112183559174916,-3.425439595505,0.000613805404236492
