"term","estimate","std.error","statistic","p.value"
"(Intercept)",-2.63254232329828,0.492132556822513,-5.34925455916891,8.83172452236082e-08
"human_impact",-2.44735933946136,0.192197973185567,-12.7335335482359,3.85012164974587e-37
"log10(area)",1.70308075920598,0.0904419461687839,18.8306513885457,4.23519207255141e-79
"depth",-6.03444347785987,0.247912830050936,-24.3409890348153,7.22205663878967e-131
"eutro",-1.68180681590598,0.187408295904078,-8.97402544424602,2.8587121549626e-19
"log10(RT)",-0.159277831302816,0.0769367455983312,-2.07024393953922,0.0384295064376806
