"term","estimate","std.error","statistic","p.value"
"(Intercept)",-3.07373689206654,0.682250159684559,-4.50529303428481,6.62814125934184e-06
"human_impact",-0.585143957896166,0.297147624159936,-1.96920288207056,0.048929798072455
"log10(area)",1.3932368587119,0.114900440838495,12.1256006377752,7.72914339914902e-34
"depth",-5.20801841499526,0.330474868043672,-15.7591965943595,5.93830839510199e-56
"eutro",-0.720813915564899,0.283177295319528,-2.54545095061931,0.0109136695181425
"log10(RT)",-0.392041880770592,0.112451529206136,-3.48631880365037,0.000489717013773612
