"term","estimate","std.error","statistic","p.value"
"(Intercept)",-3.82061272090565,3.60574229811136,-1.05959117569407,0.289330629857461
"human_impact",-2.3366036088366,1.19341469814166,-1.95791422082791,0.0502400789297418
"log10(area)",1.10007342057817,0.514653362141289,2.13750361214227,0.0325570522392223
"log10(depth)",-13.9241066675471,3.46972991011386,-4.01302321167994,5.994601606953e-05
"eutro",-3.64227413572506,1.48634830033022,-2.45048494684312,0.014266392771781
"log10(RT)",-0.14875406313299,0.4701336335732,-0.316408043394813,0.751692812595834
