"term","estimate","std.error","statistic","p.value"
"(Intercept)",-3.6276897682928,0.694553344527208,-5.22305420725059,1.7599584144952e-07
"human_impact",-0.544830523652436,0.293336686102576,-1.85735555579951,0.0632605852108114
"log10(area)",1.4727710917381,0.117860110032733,12.4959249684144,7.85770247673785e-36
"depth",-5.31682324189829,0.333148035049435,-15.9593414414386,2.45306099384463e-57
"eutro",-0.627115503290466,0.280344992718376,-2.23694205203958,0.0252901276460887
"log10(RT)",-0.350782648617411,0.112499223516977,-3.11808950898648,0.00182027512229392
