"term","estimate","std.error","statistic","p.value"
"(Intercept)",-6.07937170156183,3.86164891216971,-1.57429425611508,0.115419437069269
"human_impact",-2.37364739857971,1.18088452629829,-2.01005885479791,0.044424960126392
"log10(area)",1.39852149111764,0.529536716936574,2.64102836760449,0.00826547983397278
"log10(depth)",-18.1079893861972,4.26789465567198,-4.24283888125774,2.20709896632956e-05
"eutro",-4.10620371076797,1.60179661344469,-2.56349880896396,0.0103623056417565
"log10(RT)",0.110193972933743,0.458641662886738,0.240261585134179,0.810127473483639
