"term","estimate","std.error","statistic","p.value"
"(Intercept)",-4.13829605950269,0.707824989795698,-5.84649612427098,5.02035260727707e-09
"human_impact",-0.120880184904835,0.294982087756979,-0.409788220783162,0.681961307754752
"log10(area)",1.48561085402286,0.118883881729547,12.4963185287181,7.81891014289594e-36
"depth",-5.10726874744502,0.323233324033804,-15.8005637652351,3.08346646956838e-56
"eutro",-0.850179649563119,0.27875157953666,-3.0499545544326,0.00228875995964511
"log10(RT)",-0.315931576902411,0.111958801076755,-2.82185566354734,0.0047746661135562
