"term","estimate","std.error","statistic","p.value"
"(Intercept)",-6.32975830882456,4.15690008263126,-1.52271119897063,0.127830974915461
"human_impact",-2.77822765611366,1.26742533605254,-2.19202471110968,0.0283777223750737
"log10(area)",1.50173891217099,0.575576340773449,2.60910465873733,0.00907794733145673
"log10(depth)",-15.8167656787197,3.81898750232387,-4.14161231716394,3.44872918158805e-05
"eutro",-4.19029753674581,1.63432700025679,-2.56392847703514,0.0103494869057436
"log10(RT)",0.101014297023822,0.465330296461286,0.217080851584367,0.828145336381452
