"term","estimate","std.error","statistic","p.value"
"(Intercept)",-3.71125550523865,0.705195765431944,-5.2627308432084,1.41931287404478e-07
"human_impact",-0.503168052659099,0.298199299773904,-1.68735491009067,0.0915351284450349
"log10(area)",1.48212174837944,0.119405319025437,12.4125270170225,2.234860462858e-35
"depth",-5.38192931350144,0.336259433618562,-16.0052887010048,1.17367546639181e-57
"eutro",-0.80101316510382,0.28471621304817,-2.81337390845494,0.00490246087890822
"log10(RT)",-0.286857166583229,0.112231759693634,-2.555935747299,0.0105902671924062
