"term","estimate","std.error","statistic","p.value"
"(Intercept)",-4.10707154603196,0.702484917638047,-5.84649071163136,5.02051588763821e-09
"human_impact",-0.403064366032265,0.296865953939854,-1.35773186747419,0.17454878101013
"log10(area)",1.52111499350035,0.119330675045628,12.747057643969,3.23734950367589e-37
"depth",-5.139988986067,0.328576511716345,-15.6432027329582,3.69659030062162e-55
"eutro",-0.828035477333571,0.281372389472787,-2.94284552540879,0.00325210647644517
"log10(RT)",-0.342956641057051,0.111005627916175,-3.08954282314434,0.00200464805248285
