"term","estimate","std.error","statistic","p.value"
"(Intercept)",-5.93171386016033,3.12221946153018,-1.89983885926239,0.0574542696310506
"human_impact",-2.1256385306321,1.04011167023738,-2.04366376366778,0.0409867753371641
"log10(area)",1.16113699276747,0.459060068153513,2.52937921052018,0.0114264497048536
"log10(depth)",-12.3600909574068,3.15334241605938,-3.91967928838277,8.8666880189862e-05
"eutro",-1.77838753998478,1.34373440042448,-1.32346655665212,0.18568027086973
