"term","estimate","std.error","statistic","p.value"
"(Intercept)",-3.90948030971707,0.701270562955069,-5.5748530114297,2.47738954024309e-08
"human_impact",-0.468860638238648,0.298257454632388,-1.5719997302885,0.115950613766696
"log10(area)",1.47784197825893,0.119442332257882,12.3728493099766,3.66582550687911e-35
"depth",-5.05287274150215,0.325243736077452,-15.5356496713556,1.99044805289923e-54
"eutro",-0.557309957057834,0.28362636767858,-1.96494409747335,0.049420708092015
"log10(RT)",-0.408782229230874,0.113436674193703,-3.60361613328723,0.000313820432750923
