"estimate","std.error","Adjusted.SE","statistic","p.value","term"
-8.28868935013922,3.75675780104213,3.80748615557899,2.1769453680072,0.0294846,"(Intercept)"
-2.27672442774414,1.17253563824624,1.18837995153632,1.91582197663367,0.0553878,"human_impact"
1.55274724418272,0.533447680864246,0.540656269373583,2.8719675182566,0.0040792,"log10(area)"
-14.1125913696875,3.4349746528854,3.48137110356002,4.05374519115648,5.04e-05,"log10(depth)"
-2.21646813302169,1.5562801756119,1.57731010827567,1.40522026796921,0.1599558,"eutro"
0.094035149411069,0.512946762184804,0.519937244361214,0.180858652521804,0.8564785,"log10(RT)"
