"estimate","std.error","Adjusted.SE","statistic","p.value","term"
-7.15943861218478,3.65123296802921,3.70032932565632,1.93481119708579,0.0530135,"(Intercept)"
-2.09525109474624,1.19277967289411,1.2088991966471,1.7331892523028,0.083062,"human_impact"
1.53882546739594,0.539172537922442,0.546460124578312,2.81598857479933,0.0048627,"log10(area)"
-18.4466595902009,4.01871198515972,4.07287364758936,4.52915095981901,5.9e-06,"log10(depth)"
-4.03303040767562,1.60290944056297,1.62456734205775,2.48252584135244,0.0130455,"eutro"
0.223921082111368,0.45691855624927,0.463145481261774,0.483478930856298,0.6287557,"log10(RT)"
