"term","estimate","std.error","statistic","p.value"
"(Intercept)",-3.89501942368284,0.707031623409154,-5.50897483892149,3.60929486517522e-08
"human_impact",-0.497242126865295,0.299306337093429,-1.66131506500673,0.0966501859360954
"log10(area)",1.44245334219574,0.11838108153695,12.1848299024495,3.74433734579141e-34
"depth",-5.13282443928057,0.326916887712827,-15.7007014082105,1.49579039962285e-55
"eutro",-0.640183261944122,0.282793807355644,-2.26378104927532,0.0235875846460951
"log10(RT)",-0.274739323436508,0.110214344521491,-2.49277282942908,0.0126749911434758
