"term","estimate","std.error","statistic","p.value"
"(Intercept)",-3.6965664195841,0.703063523385366,-5.2577986151017,1.45790042290105e-07
"human_impact",-0.421862873700839,0.296935862722373,-1.42072052137155,0.15539802421047
"log10(area)",1.4602002822959,0.116530040423529,12.5306768708635,5.07278733492405e-36
"depth",-5.2070938687119,0.326030554258126,-15.9711836841811,2.0289858234128e-57
"eutro",-0.692715906404275,0.281023439195564,-2.46497554932496,0.0137022601476627
"log10(RT)",-0.35983607890397,0.110028577750227,-3.27038744171379,0.00107400274264262
