"term","estimate","std.error","statistic","p.value"
"(Intercept)",-3.49918966146936,0.698303752091319,-5.01098504911336,5.41521222337531e-07
"human_impact",-0.355090183510473,0.296994002911377,-1.19561398556735,0.231847231211908
"log10(area)",1.38770703526087,0.116219773518747,11.9403694676537,7.28986559227086e-33
"depth",-5.11966032912004,0.32655152516494,-15.6779556504417,2.14032704463291e-55
"eutro",-0.648826451723755,0.279893268847413,-2.3181209551612,0.020442748347358
"log10(RT)",-0.328176383895574,0.110086188881205,-2.98108588580273,0.00287228225826962
