"estimate","std.error","Adjusted.SE","statistic","p.value","term"
-12.3357015147806,4.24219916796103,4.29953780665094,2.86907618202556,0.0041167,"(Intercept)"
-2.03473059156051,1.21580231779933,1.23223167525916,1.65125652295261,0.0986862,"human_impact"
2.29669111744079,0.650542381857683,0.659333312465413,3.48335367562863,0.0004952,"log10(area)"
-20.7134691088621,4.37330236997175,4.43240668181342,4.6731878628943,3e-06,"log10(depth)"
-3.03894802923164,1.62311340537506,1.64504773431468,1.84733121467607,0.0646992,"eutro"
-0.00633180305042344,0.51586574578511,0.522896008118713,0.0121091057344349,0.9903386,"log10(RT)"
