"term","estimate","std.error","statistic","p.value"
"(Intercept)",-3.76793244732086,0.684770836880894,-5.50247213284323,3.74502435984047e-08
"human_impact",-0.296337592942948,0.293999238119075,-1.00795360844753,0.313476733945374
"log10(area)",1.36817530596328,0.112297920937745,12.1834428860153,3.80858073213048e-34
"depth",-4.80864492637117,0.312802575075634,-15.3727792209142,2.4924398112357e-53
"eutro",-0.606652605738625,0.278480931591497,-2.17843499112005,0.0293736671896865
"log10(RT)",-0.309221642883943,0.110278201099364,-2.80401420952926,0.0050470680695956
