"term","estimate","std.error","statistic","p.value"
"(Intercept)",-2.74889986539063,0.493401336732771,-5.57132634377002,2.52807272078254e-08
"human_impact",-2.49668228756365,0.194158489508544,-12.8589910947663,7.65695286070231e-38
"log10(area)",1.75313079444376,0.0910050983520023,19.2640942781332,1.07530290575437e-82
"depth",-6.18280728461079,0.252603202541396,-24.476361433294,2.63777648164127e-132
"eutro",-1.5986314120461,0.190768177150706,-8.37996900700679,5.29416420433463e-17
"log10(RT)",-0.191202429701791,0.0783578824899575,-2.4401173644055,0.014682490943097
