"term","estimate","std.error","statistic","p.value"
"(Intercept)",-3.12762797284707,0.496348360241686,-6.30127592508644,2.95205324262073e-10
"human_impact",-2.44218236768503,0.191303099559133,-12.766036584421,2.53749953101563e-37
"log10(area)",1.75731711581151,0.0921035026834495,19.0798076578176,3.71623894591483e-81
"depth",-5.99833438407103,0.248921444312649,-24.0972986503205,2.66814884836695e-128
"eutro",-1.49830091171982,0.186193831618418,-8.04699542780989,8.48513506483118e-16
"log10(RT)",-0.158139317100621,0.0764703220516446,-2.0679828835273,0.0386416326495345
