"term","estimate","std.error","statistic","p.value"
"(Intercept)",-3.7058287210453,0.694072458457239,-5.33925338181908,9.33301304224263e-08
"human_impact",-0.27088432219711,0.292697623643858,-0.925474962265872,0.354718901648877
"log10(area)",1.34795027640873,0.114009299722216,11.8231607394573,2.96321910388081e-32
"depth",-4.78148265733439,0.311073201414258,-15.3709243856299,2.56483459657101e-53
"eutro",-0.733686539917058,0.272858972830911,-2.68888551585847,0.00716910014248822
"log10(RT)",-0.270660096655022,0.108467456183818,-2.49531155406039,0.0125846580440894
