"term","estimate","std.error","statistic","p.value"
"(Intercept)",-4.03401215504671,0.710349000128449,-5.67891579254318,1.35551186410318e-08
"human_impact",-0.273067987650284,0.295033690028821,-0.925548494558734,0.354680670624747
"log10(area)",1.47593106191731,0.119579907698078,12.3426342295215,5.33803562870564e-35
"depth",-5.22974079921878,0.328780114711859,-15.9064997096984,5.71189379553493e-57
"eutro",-0.817482065326736,0.283162175329914,-2.8869748029527,0.00388965378723716
"log10(RT)",-0.247453198644397,0.109179458978454,-2.26648126817729,0.0234219327719301
