"term","estimate","std.error","statistic","p.value"
"(Intercept)",-3.75770211978722,0.713359983212146,-5.2676099139552,1.38211409175266e-07
"human_impact",-0.365449254264263,0.304067295567786,-1.20186965053857,0.229414034686877
"log10(area)",1.50070130226295,0.12054274170006,12.4495368289952,1.40659060767171e-35
"depth",-5.46649954805996,0.342523311655816,-15.9594963672223,2.44697965894101e-57
"eutro",-0.708092020628347,0.284169050802729,-2.49179852143683,0.0127098111588881
"log10(RT)",-0.344301652544022,0.111650453167108,-3.0837461271089,0.00204411947436781
