"estimate","std.error","Adjusted.SE","statistic","p.value","term"
-12.1666408300308,4.28783872678407,4.34532029591018,2.79994108638713,0.0051112,"(Intercept)"
-2.67497661752059,1.30863067900651,1.32632203524716,2.0168379521962,0.0437124,"human_impact"
2.21252379615647,0.639678033819353,0.648325272772748,3.41267553352344,0.0006433,"log10(area)"
-19.9507405076482,4.38757967871487,4.44661725699545,4.4867231323455,7.2e-06,"log10(depth)"
-2.61575879524036,1.65769493758085,1.6801002175948,1.55690640822905,0.1194927,"eutro"
0.324273380401856,0.526104434500687,0.533274230556408,0.608079974281741,0.5431344,"log10(RT)"
