"estimate","std.error","Adjusted.SE","statistic","p.value","term"
-10.3065881113383,4.0929709525974,4.14743720050837,2.48504983030844,0.0129533,"(Intercept)"
-2.40414429070442,1.32984645336373,1.34782351724763,1.78372335839182,0.0744686,"human_impact"
2.02099977248077,0.598240363008148,0.606312315207821,3.33326525255891,0.0008583,"log10(area)"
-21.5427501781901,4.76247623016722,4.82629869040589,4.46361726865652,8.1e-06,"log10(depth)"
-3.54452696551843,1.7094259162964,1.73251530313984,2.04588493913715,0.0407677,"eutro"
0.319645767764753,0.516878408106621,0.523922471088616,0.610101275290955,0.5417947,"log10(RT)"
