"estimate","std.error","Adjusted.SE","statistic","p.value","term"
-7.15588300978473,3.67918012654336,3.7287748168811,1.91909765572012,0.054972,"(Intercept)"
-2.42388004687223,1.15701630356157,1.17265447981375,2.0670027604868,0.0387339,"human_impact"
1.45024167269885,0.533603469864871,0.540815018621908,2.68158542711022,0.0073274,"log10(area)"
-16.3591908946707,3.71113705326806,3.76126049292732,4.34939056346472,1.37e-05,"log10(depth)"
-2.35968431731731,1.44585354620195,1.46539477795327,1.61027209378561,0.1073385,"eutro"
-0.198334007523564,0.463303161728995,0.469617096688923,0.422331318263189,0.6727832,"log10(RT)"
