"term","estimate","std.error","statistic","p.value"
"(Intercept)",-3.83491163022162,0.69494760896456,-5.51827444364542,3.4234450533908e-08
"human_impact",-0.423558917041945,0.291831739664167,-1.45138057131608,0.14667391674281
"log10(area)",1.48305538355668,0.118234393367168,12.5433500466413,4.32325362305907e-36
"depth",-5.11331353892718,0.322933025321745,-15.8339752765536,1.81390100129292e-56
"eutro",-0.76221799789874,0.277975389128786,-2.74203410700364,0.00610600010454007
"log10(RT)",-0.375243424922707,0.11191612017417,-3.3528987990178,0.000799699411558317
