"term","estimate","std.error","statistic","p.value"
"(Intercept)",-3.83609747455556,0.694878214009783,-5.5205320834847,3.37974674444876e-08
"human_impact",-0.425428403526313,0.295922657737913,-1.43763376139687,0.150537996346687
"log10(area)",1.43329618926945,0.116893645348124,12.261540693687,1.4570296978466e-34
"depth",-5.01180931081366,0.320939114261685,-15.6160750999243,5.6583237400026e-55
"eutro",-0.631625575440493,0.282411298343746,-2.23654499357773,0.0253160934752125
"log10(RT)",-0.341534085368781,0.109702354344704,-3.11327944973377,0.00185020738251147
