"term","estimate","std.error","statistic","p.value"
"(Intercept)",-3.83123368858771,0.67914380019778,-5.64127021033245,1.68800210400226e-08
"human_impact",-0.451170553146009,0.290467732361777,-1.55325532883658,0.120362147767091
"log10(area)",1.41052592577551,0.113218362308956,12.4584554749731,1.25783099814435e-35
"depth",-4.76254042863801,0.308965585513725,-15.4144689633288,1.3084195945058e-53
"eutro",-0.494334734235395,0.278259266462827,-1.77652568598801,0.0756463121171359
"log10(RT)",-0.389179268397789,0.110257115522296,-3.52974287921662,0.000415963706894008
