"term","estimate","std.error","statistic","p.value"
"(Intercept)",-3.72623929675046,0.702069635961778,-5.30750670002387,1.1113492190266e-07
"human_impact",-0.374152248329418,0.29958580666565,-1.24889844580317,0.211702220150505
"log10(area)",1.47229302631385,0.120100417474557,12.2588501961348,1.50621903178559e-34
"depth",-5.32043151918641,0.334128070159793,-15.9233299873368,4.36513392441438e-57
"eutro",-0.695157067261238,0.282864078231232,-2.45756573831538,0.0139882206908357
"log10(RT)",-0.348681266016102,0.112406203975368,-3.10197527969639,0.00192234010491657
