"term","estimate","std.error","statistic","p.value"
"(Intercept)",-3.88953059911771,0.708065528315945,-5.49317887056093,3.94762597983748e-08
"human_impact",-0.135579373381662,0.298137574984344,-0.454754397827182,0.649285940899086
"log10(area)",1.467490550135,0.117852685860447,12.4519058638401,1.36545086909305e-35
"depth",-5.25241571807534,0.329648728890805,-15.9333716703491,3.71759095753524e-57
"eutro",-0.804224757486089,0.283784451317737,-2.83392819356986,0.00459796624025177
"log10(RT)",-0.338767073722081,0.111585424581869,-3.03594376229245,0.00239784083592086
