"estimate","std.error","Adjusted.SE","statistic","p.value","term"
-4.93341384774354,3.29042544715779,3.33489569024052,1.47933078152371,0.1390519,"(Intercept)"
-3.29696099120891,1.23987950117117,1.25663423632538,2.62364409300975,0.0086995,"human_impact"
1.10536815076615,0.477814904190343,0.48427175614942,2.28253689530696,0.0224577,"log10(area)"
-11.6727868173208,3.04765302348644,3.08883834254895,3.77902160062165,0.0001574,"log10(depth)"
-2.04598928536454,1.37334602499582,1.39190448465507,1.46992075097133,0.1415832,"eutro"
0.0228147334726989,0.41395831837079,0.419599777601417,0.0543726062085067,0.9566383,"log10(RT)"
