"term","estimate","std.error","statistic","p.value"
"(Intercept)",-3.82475034738532,0.695996390984241,-5.4953594543451,3.89915375301804e-08
"human_impact",-0.330867061018257,0.291201080039959,-1.13621508880687,0.255866557120598
"log10(area)",1.43429519734913,0.116739360566496,12.2863033546611,1.07301599859451e-34
"depth",-4.93973167063505,0.318038774276644,-15.5318535668178,2.11186174837043e-54
"eutro",-0.753097407785353,0.279235315048179,-2.69699915161309,0.00699674486014345
"log10(RT)",-0.348302465482449,0.112226582485084,-3.10356475061283,0.0019120439022416
