"term","estimate","std.error","statistic","p.value"
"(Intercept)",-3.62727442562866,0.715695333115318,-5.06818230858047,4.01632635453236e-07
"human_impact",-0.424332509993483,0.299441892040362,-1.41707797496914,0.156460131206684
"log10(area)",1.44426376794299,0.119855074771476,12.0500844098319,1.93751418127617e-33
"depth",-5.244722775334,0.335399612166036,-15.6372356588703,4.05972673535873e-55
"eutro",-0.879908563980954,0.282595161608319,-3.11367172379448,0.00184774948990595
"log10(RT)",-0.30269518105403,0.110978298989134,-2.72751685519769,0.00638129973636922
