"term","estimate","std.error","statistic","p.value"
"(Intercept)",-3.79662126716819,0.681789494378169,-5.56861215737994,2.56776323082929e-08
"human_impact",-0.418512220789607,0.294787143539947,-1.41970988206578,0.155692159981403
"log10(area)",1.4387098286676,0.115692819105474,12.4356017926745,1.67474740279819e-35
"depth",-4.99075219002229,0.318802498696429,-15.6546834181955,3.08645288473998e-55
"eutro",-0.511037606996748,0.276899764021153,-1.84556895092806,0.0649548182761997
"log10(RT)",-0.396261592633022,0.112273257353739,-3.52943881715768,0.00041644198387102
