"term","estimate","std.error","statistic","p.value"
"(Intercept)",-2.9960450323965,0.49755596518228,-6.02152369191051,1.72782725203338e-09
"human_impact",-2.49930465375245,0.192188464631215,-13.0044467473545,1.15431266680802e-38
"log10(area)",1.79480146359377,0.0928668685789334,19.3266069057584,3.20836613770278e-83
"depth",-6.25876723974508,0.254410359808046,-24.6010706657832,1.23029202237662e-133
"eutro",-1.5216187699377,0.188904781351328,-8.05495106610229,7.95106116768852e-16
"log10(RT)",-0.157319001596855,0.0778249627104192,-2.0214465400032,0.0432335611146356
