"term","estimate","std.error","statistic","p.value"
"(Intercept)",-3.50963491594345,0.693085782884401,-5.0637814288117,4.11020871586566e-07
"human_impact",-0.302535323578872,0.293892612922823,-1.02940771654686,0.303288124542476
"log10(area)",1.40818353414228,0.11692990327949,12.0429718544827,2.11207304977497e-33
"depth",-5.14788344148647,0.324976679782256,-15.8407780057809,1.62794130378863e-56
"eutro",-0.779067005649791,0.278058139374377,-2.80181334523302,0.00508162653826238
"log10(RT)",-0.331390535165937,0.111282998761404,-2.97790802597309,0.00290223060573562
