"term","estimate","std.error","statistic","p.value"
"(Intercept)",-3.92613250304621,0.693624071375558,-5.66031754817869,1.510931502003e-08
"human_impact",-0.270595233299194,0.294295191890358,-0.919468753672354,0.357850441844382
"log10(area)",1.48698120207535,0.118095298415752,12.5913666506897,2.35559318083692e-36
"depth",-5.11814061503425,0.32253806138543,-15.8683306802607,1.04996471373935e-56
"eutro",-0.722665612656225,0.276056488921489,-2.61781788024462,0.00884940212038493
"log10(RT)",-0.37878470107904,0.109739333377904,-3.45167670897579,0.000557114815195598
