"term","estimate","std.error","statistic","p.value"
"(Intercept)",-8.40029600840647,3.46024802560305,-2.4276571928518,0.0151966997474069
"human_impact",-1.54332754143951,1.14219892968234,-1.35118979832061,0.176634641680149
"log10(area)",1.58904506362003,0.510427296529073,3.11316631070791,0.00185091684169035
"log10(depth)",-15.4426119885103,3.53230335407915,-4.37182496533798,1.23212288571582e-05
"eutro",-2.35001923287693,1.41031190968612,-1.66631169795619,0.0956513479822846
