"term","estimate","std.error","statistic","p.value"
"(Intercept)",-2.20426544306992,0.492821954463487,-4.47274197731228,7.72229366002552e-06
"human_impact",-2.497827598597,0.192595160791213,-12.9693165100073,1.82651759172106e-38
"log10(area)",1.62299450028164,0.0900196395114679,18.0293379210309,1.14656328203929e-72
"depth",-5.99897236356802,0.248982794509979,-24.093923338657,2.89462252832905e-128
"eutro",-1.56666525611251,0.186328513882311,-8.40808110079195,4.16772940869708e-17
"log10(RT)",-0.176195933724919,0.0769165865856803,-2.29074041824057,0.0219784314773258
