"term","estimate","std.error","statistic","p.value"
"(Intercept)",-3.26639913457516,0.48727078794442,-6.70345773928837,2.03544581594965e-11
"human_impact",-2.29513342046754,0.189515453381049,-12.1105344156438,9.2886984500488e-34
"log10(area)",1.77419696340543,0.0916724229942376,19.3536606261292,1.89865888768229e-83
"depth",-5.97407611859977,0.248167550202958,-24.0727529192032,4.82391157091521e-128
"eutro",-1.39650620921362,0.185136237069236,-7.5431273278573,4.58832760111474e-14
"log10(RT)",-0.192422120328616,0.0759368230498843,-2.53397643725772,0.0112776314751388
