"term","estimate","std.error","statistic","p.value"
"(Intercept)",-3.78307940852683,0.692338590011656,-5.46420416701479,4.64988121365118e-08
"human_impact",-0.334946182032567,0.300775144724003,-1.11360991061918,0.26544657286696
"log10(area)",1.43986090760283,0.116706097805381,12.3374950810535,5.6898638044655e-35
"depth",-5.03945778046932,0.324642749145646,-15.5230874360555,2.42115744255767e-54
"eutro",-0.789522839321118,0.283893038812063,-2.78105741030087,0.00541821544820626
"log10(RT)",-0.360935724067941,0.111464626385369,-3.23811899588728,0.00120320612633072
