"term","estimate","std.error","statistic","p.value"
"(Intercept)",-6.37810651326928,3.80199642791529,-1.67756772900666,0.0934315171287686
"human_impact",-2.37152136704525,1.20472040163779,-1.96852428482263,0.0490077447205811
"log10(area)",1.36676993815183,0.546825434328034,2.4994629955927,0.0124381688422921
"log10(depth)",-16.1065180736283,3.84834968413323,-4.1853052335747,2.84783162448201e-05
"eutro",-2.91856994026018,1.45032110826587,-2.01236120995983,0.0441818743709426
"log10(RT)",-0.0161709859859577,0.495600471014078,-0.0326290771130004,0.973970381987978
