"estimate","std.error","Adjusted.SE","statistic","p.value","term"
-11.8630230612009,4.17599969247002,4.23147892593635,2.80351698988452,0.0050549,"(Intercept)"
-1.65849418547124,1.24368389241812,1.26044421770205,1.31580133589322,0.1882407,"human_impact"
2.23487615724668,0.630768343996605,0.639241779210882,3.49613593780674,0.000472,"log10(area)"
-20.6952898401029,4.31465589583302,4.3726277812991,4.73291825309549,2.2e-06,"log10(depth)"
-3.71693338258185,1.60266760811294,1.62376595659323,2.28908197483105,0.0220746,"eutro"
0.112528119682798,0.50809233172599,0.514939564214817,0.218526847620228,0.8270186,"log10(RT)"
