"term","estimate","std.error","statistic","p.value"
"(Intercept)",-4.04565223761784,0.710161596178845,-5.69680514883686,1.22073305825581e-08
"human_impact",-0.534237438735474,0.298727264736427,-1.78837857069003,0.0737149512450417
"log10(area)",1.54964473044119,0.121916961448254,12.7106574182372,5.15988160535474e-37
"depth",-5.31775105817532,0.334832411379556,-15.8818288715404,8.4673122237286e-57
"eutro",-0.611003421706139,0.283636569522016,-2.15417716670245,0.0312262807812502
"log10(RT)",-0.388213737957743,0.113390806800678,-3.42367912277189,0.000617795216910258
