"term","estimate","std.error","statistic","p.value"
"(Intercept)",-7.92183939146713,4.31870186815699,-1.83431031668963,0.0666079436129947
"human_impact",-3.41583428574283,1.3523630903869,-2.52582631840801,0.0115426529585029
"log10(area)",1.76951572104897,0.591075169245518,2.9937236634516,0.0027559542833163
"log10(depth)",-23.1261541654274,5.38583864914253,-4.2938817279848,1.75576030681746e-05
"eutro",-4.40376848366372,1.90468183464874,-2.31207564620673,0.020773514978851
"log10(RT)",0.14069592263737,0.544373990005697,0.258454527990762,0.796056138368485
