"estimate","std.error","Adjusted.SE","statistic","p.value","term"
-12.8710803611775,4.32179916223975,4.38008556372057,2.93854541741976,0.0032976,"(Intercept)"
-2.16486299484172,1.23261706672449,1.24927529985391,1.73289505931549,0.0831143,"human_impact"
2.3088342414958,0.649518229874957,0.658295869201711,3.50728957831017,0.0004527,"log10(area)"
-20.4785401176198,4.42536108041267,4.4850825865833,4.56592263849934,5e-06,"log10(depth)"
-2.49720911504299,1.60658205393482,1.62828146870715,1.53364707701659,0.1251165,"eutro"
0.182392809311705,0.604674522555057,0.612915078464693,0.297582513010751,0.7660218,"log10(RT)"
