"term","estimate","std.error","statistic","p.value"
"(Intercept)",-2.50812906253326,0.488537364289319,-5.13395544715779,2.83715285121721e-07
"human_impact",-2.51564540619084,0.192100285421678,-13.0954797941542,3.49459016814509e-39
"log10(area)",1.66619605945792,0.0903013296125043,18.4515119169098,5.07064199472397e-76
"depth",-5.89699791030171,0.246041417900679,-23.9675009216626,6.07105956563814e-127
"eutro",-1.47111770472966,0.183164692653298,-8.03166638405721,9.615755313794e-16
"log10(RT)",-0.203665843137303,0.0753703156610191,-2.70220233723443,0.0068881830176874
