"term","estimate","std.error","statistic","p.value"
"(Intercept)",-4.29826829782048,0.703684231161545,-6.10823449990558,1.00739267205254e-09
"human_impact",-0.32236521095244,0.294628634011281,-1.09414080554063,0.273893228245284
"log10(area)",1.43780794422114,0.116653837432902,12.3254234567993,6.60953638295507e-35
"depth",-4.84833893084883,0.319690943483652,-15.1657062224434,5.96537896820187e-52
"eutro",-0.608272794655608,0.278088336683092,-2.18733659207287,0.0287179613258575
"log10(RT)",-0.255771684548441,0.109627935492344,-2.33308858184512,0.0196434966157666
