"term","estimate","std.error","statistic","p.value"
"(Intercept)",-5.01777710874426,3.77910288733411,-1.32776938292991,0.184254304395571
"human_impact",-2.34783347415858,1.16592348259285,-2.01371145637904,0.044039836512983
"log10(area)",1.18778117630463,0.516571020883181,2.29935696794196,0.0214846773806713
"log10(depth)",-17.8798158816706,4.04922753688287,-4.41561155030438,1.00724820724004e-05
"eutro",-3.78451130058158,1.53314164545033,-2.46846813653018,0.0135692732025166
"log10(RT)",0.135873345556785,0.489129502011961,0.277786036209,0.781176610974106
