"term","estimate","std.error","statistic","p.value"
"(Intercept)",-3.86854975635387,0.69964409383172,-5.52931096032999,3.21491029534137e-08
"human_impact",-0.370016310603884,0.294353218777111,-1.25704863069313,0.20873602661215
"log10(area)",1.41299984335138,0.117384876228086,12.0373244727527,2.26172558062826e-33
"depth",-4.94696868693878,0.322109470857786,-15.3580354957117,3.12913621588579e-53
"eutro",-0.717804212514152,0.278084385764191,-2.58124601473609,0.00984444001051984
"log10(RT)",-0.284962369154409,0.11037053236725,-2.58187002492856,0.00982665858261089
