"term","estimate","std.error","statistic","p.value"
"(Intercept)",-9.75721459764601,3.97327624157671,-2.45571010028089,0.014060653423533
"human_impact",-1.60581870840872,1.18730407316737,-1.35249153498217,0.176218124938341
"log10(area)",1.90549113844011,0.608958455326988,3.1290987451959,0.00175343372628154
"log10(depth)",-16.9706543285867,3.82967671098042,-4.43135429158512,9.36430813335533e-06
"eutro",-3.40375922342306,1.50793621692607,-2.25723023640988,0.0239936919978587
