"term","estimate","std.error","statistic","p.value"
"(Intercept)",-3.60965751678034,0.67696980448107,-5.33208053429697,9.70938580915132e-08
"human_impact",-0.196487001803653,0.290013563463177,-0.67750969802004,0.498082619020037
"log10(area)",1.34774163906266,0.112176040158998,12.0145232186158,2.98083913852542e-33
"depth",-4.84576558837322,0.310235529750025,-15.6196345153559,5.35114833886855e-55
"eutro",-0.702762962877569,0.278283530560527,-2.52534873861217,0.0115583526925739
"log10(RT)",-0.314082512289196,0.109611443751696,-2.86541716392945,0.00416460214980358
