"term","estimate","std.error","statistic","p.value"
"(Intercept)",-4.07895641637635,0.708023288057836,-5.76104837958827,8.35930729591245e-09
"human_impact",-0.325077016987934,0.297983360574786,-1.09092338700016,0.275306595360694
"log10(area)",1.51038868807877,0.120246137987218,12.5608083000497,3.46771941146315e-36
"depth",-5.32233184282622,0.335244446526049,-15.8759731830865,9.29578368011905e-57
"eutro",-0.710850947473607,0.281982627275657,-2.52090334195908,0.0117054000858432
"log10(RT)",-0.307751654558607,0.110910904691341,-2.77476462224397,0.00552416726438275
