"term","estimate","std.error","statistic","p.value"
"(Intercept)",-18.3017180481082,5.79948185749642,-3.15575054768924,0.00160085708700585
"human_impact",-4.76547256605354,1.70428493783871,-2.79617126235762,0.00517119894700207
"log10(area)",3.24373092035024,0.847831375618312,3.82591516854944,0.000130287153943252
"log10(depth)",-34.9394632118524,8.27211994164842,-4.22376167878555,2.40258111973193e-05
"eutro",-5.34170689191322,2.18794180467185,-2.44143006020874,0.0146292217052909
"log10(RT)",1.10546247155562,0.752581602739949,1.46889382829838,0.141861588888016
