"estimate","std.error","Adjusted.SE","statistic","p.value","term"
-9.08353870377535,3.83483343007166,3.88632475536254,2.33730819619268,0.0194232,"(Intercept)"
-2.84686902590489,1.2371297636143,1.25384426772486,2.27051245452565,0.0231765,"human_impact"
1.77064186756497,0.565233687782252,0.5728712755589,3.09081977593921,0.001996,"log10(area)"
-14.7609580906876,3.56753298292322,3.6155477502727,4.08263397698847,4.45e-05,"log10(depth)"
-2.55186710975012,1.44749125120879,1.46705437612044,1.73944957411763,0.0819557,"eutro"
0.224870466398138,0.468374616714934,0.474757665895482,0.473653155181792,0.6357473,"log10(RT)"
