"estimate","std.error","Adjusted.SE","statistic","p.value","term"
-11.3767481166781,3.92764353120651,3.98055981015285,2.85807742108546,0.0042622,"(Intercept)"
-1.78753635938065,1.22982868311789,1.24645002188275,1.43410191182844,0.1515432,"human_impact"
2.19847557153608,0.61253250117942,0.620810440296166,3.54129929014607,0.0003982,"log10(area)"
-18.3637228465338,4.22703991029025,4.28408150644231,4.28650174347029,1.82e-05,"log10(depth)"
-4.00687535137719,1.63261691354711,1.65468213636117,2.42153780676496,0.015455,"eutro"
0.174482592889068,0.455231743034322,0.461435680012622,0.378129824907114,0.7053342,"log10(RT)"
