"estimate","std.error","Adjusted.SE","statistic","p.value","term"
-10.886168119223,4.14880177528738,4.2034766069024,2.58980104738711,0.0096031,"(Intercept)"
-3.93678814849895,1.47726477355231,1.49723431412293,2.62937344633668,0.0085542,"human_impact"
2.09201573848635,0.604284335393398,0.612438679592649,3.41587788001536,0.0006358,"log10(area)"
-20.3870261148994,4.44477488288356,4.50415663869415,4.5262693441341,6e-06,"log10(depth)"
-2.8534239786284,1.73088517246704,1.75429380993822,1.62653710710459,0.1038354,"eutro"
0.417637524311445,0.515511447591938,0.522536881519579,0.79924985026305,0.4241456,"log10(RT)"
