"term","estimate","std.error","statistic","p.value"
"(Intercept)",-3.78391367747593,0.695827800513586,-5.43800301552057,5.38810629174553e-08
"human_impact",-0.354755450031895,0.296575722056543,-1.19617157996587,0.231629608976902
"log10(area)",1.43927807987104,0.116629870820709,12.3405613822859,5.47726447126429e-35
"depth",-4.97864676840949,0.317874145311705,-15.662320581397,2.73724551834907e-55
"eutro",-0.700827525065151,0.281058674906487,-2.49352746467736,0.0126480798922351
"log10(RT)",-0.387582651910262,0.114552503262137,-3.38344986685569,0.000715812747590726
