"term","estimate","std.error","statistic","p.value"
"(Intercept)",-3.62590121138144,0.689477102975872,-5.25891461185815,1.44908152858133e-07
"human_impact",-0.585489028636622,0.295750209954948,-1.9796740929645,0.0477401614630357
"log10(area)",1.43051406165995,0.115983337529028,12.3337894230015,5.95775994313712e-35
"depth",-4.98090866806444,0.321134780899756,-15.5103369809677,2.95324889823022e-54
"eutro",-0.63264014857132,0.28128742536421,-2.24908791337608,0.0245069033761149
"log10(RT)",-0.378927856423508,0.111580820592602,-3.39599453034163,0.000683797260013802
