"term","estimate","std.error","statistic","p.value"
"(Intercept)",-3.46335010515511,0.687870001509621,-5.03489045539758,4.7812217273265e-07
"human_impact",-0.399272712790792,0.294169866352725,-1.35728624328925,0.17469027669185
"log10(area)",1.38135608625847,0.114987193315844,12.0131298662468,3.03150370775871e-33
"depth",-4.87095130458158,0.316037200432278,-15.4125884481923,1.34706259276984e-53
"eutro",-0.752499869357403,0.280350236109453,-2.68414209240621,0.00727161940086576
"log10(RT)",-0.389649956589869,0.111756280115613,-3.48660456653328,0.000489194098834934
