"term","estimate","std.error","statistic","p.value"
"(Intercept)",-3.62216838719232,0.697831107387708,-5.19060894369084,2.09607437163425e-07
"human_impact",-0.461457390296553,0.295796732662593,-1.56004897735948,0.118748307567106
"log10(area)",1.42136300335084,0.116814418079777,12.1677017847243,4.61905199213548e-34
"depth",-4.99742090520354,0.318493367660096,-15.6908162387133,1.74793446575171e-55
"eutro",-0.610755127890446,0.280716039624388,-2.17570441898392,0.0295773695679939
"log10(RT)",-0.387505689432843,0.110044819555777,-3.5213442213555,0.000429364860188663
