"term","estimate","std.error","statistic","p.value"
"(Intercept)",-3.38773796221991,0.687736377441905,-4.925925213991,8.39621085801213e-07
"human_impact",-0.457901305564963,0.298672362589324,-1.53312245430147,0.125245686112477
"log10(area)",1.34807366740884,0.113408804526242,11.8868519339423,1.38530182581279e-32
"depth",-4.95258647796183,0.319732395068544,-15.4897863161476,4.06639756132738e-54
"eutro",-0.658169707577912,0.278361232575042,-2.36444457976194,0.0180571288025654
"log10(RT)",-0.309009088184862,0.109952740596138,-2.81038095557679,0.00494828907984301
