"estimate","std.error","Adjusted.SE","statistic","p.value","term"
-5.65488512679581,3.30908169397128,3.35374159642917,1.68614216814341,0.0917684,"(Intercept)"
-2.08812582012203,1.13093458299075,1.146217946356,1.82175285839879,0.0684925,"human_impact"
1.24237541030045,0.483770366365638,0.490308176700568,2.53386639125779,0.0112812,"log10(area)"
-13.2302376940982,3.37181354138957,3.41735739213527,3.87148201840005,0.0001082,"log10(depth)"
-3.2783501279575,1.47714219073196,1.49710442803268,2.18979388917146,0.0285392,"eutro"
0.11511876912353,0.463385456961072,0.469700513447435,0.245089723829764,0.806387,"log10(RT)"
