"estimate","std.error","Adjusted.SE","statistic","p.value","term"
-6.91847724813064,3.10057933846022,3.14230436098248,2.20172091985625,0.027685,"(Intercept)"
-1.6259470188224,1.07401961061041,1.08853758639515,1.4936985540453,0.1352544,"human_impact"
1.35319329958699,0.454351635351604,0.46049080551268,2.93858918221057,0.0032971,"log10(area)"
-12.0002578298374,3.06011926861293,3.10140930804426,3.86929187279853,0.0001092,"log10(depth)"
-2.0969789368199,1.32323495654471,1.34111978283629,1.56360301567178,0.1179108,"eutro"
-0.232647265309723,0.44726388894308,0.45335923932699,0.513163172002599,0.6078372,"log10(RT)"
