"estimate","std.error","Adjusted.SE","statistic","p.value","term"
-8.52591620736301,3.4754341197413,3.52223736337337,2.42059671957981,0.0154951,"(Intercept)"
-2.07535068700788,1.11864294774065,1.13376183084159,1.83049969627868,0.0671753,"human_impact"
1.72144620686139,0.52495821547959,0.532053408411906,3.23547632558098,0.0012144,"log10(area)"
-16.831802532508,3.88766384945612,3.94012349251263,4.27189720436258,1.94e-05,"log10(depth)"
-3.20022869595628,1.50884177162018,1.5292339898887,2.09270047430033,0.0363759,"eutro"
0.188856478672012,0.4567481513224,0.462972754042043,0.407921366912364,0.6833314,"log10(RT)"
