"term","estimate","std.error","statistic","p.value"
"(Intercept)",-3.44033297120407,0.694794447716625,-4.9515838569384,7.36118865924006e-07
"human_impact",-0.516574684184212,0.296490276584026,-1.74229890482703,0.0814561549739367
"log10(area)",1.36996857435561,0.115917022933779,11.8185279407861,3.13123126754457e-32
"depth",-4.98247368148572,0.31923144933262,-15.6077156304681,6.450553884123e-55
"eutro",-0.698518929102374,0.278220880476816,-2.51066321084618,0.012050460283158
"log10(RT)",-0.312346554591131,0.109693147981097,-2.84745729646628,0.00440700063385046
