"estimate","std.error","Adjusted.SE","statistic","p.value","term"
-3.94669482239466,3.09196614039748,3.13353156023432,1.25950377282925,0.2078484,"(Intercept)"
-2.79554688089554,1.16782753077194,1.18360995435313,2.36188186033243,0.0181824,"human_impact"
0.893592841364032,0.437549025655511,0.44346300728587,2.01503355789042,0.0439011,"log10(area)"
-12.0137289601061,3.23143136825334,3.2750557873171,3.66825170020924,0.0002442,"log10(depth)"
-2.22317777750137,1.39384893135273,1.41268872435117,1.5737209048104,0.115552,"eutro"
0.210205343367403,0.469724108728782,0.476125548901467,0.441491417237314,0.6588573,"log10(RT)"
