"term","estimate","std.error","statistic","p.value"
"(Intercept)",-3.65434114410176,0.700107083675662,-5.21968885804718,1.79223971347237e-07
"human_impact",-0.403971387264868,0.294949480441745,-1.36962908583477,0.170802715404284
"log10(area)",1.44179002643623,0.11790972289716,12.2279146368086,2.20527566589641e-34
"depth",-5.21776153714752,0.332478080578542,-15.6935504682539,1.67423425583071e-55
"eutro",-0.899790066588649,0.27997496503906,-3.213823301891,0.00130980249832242
"log10(RT)",-0.282780862429969,0.109773613717863,-2.57603674373664,0.00999400253888248
