"term","estimate","std.error","statistic","p.value"
"(Intercept)",-3.50383293221211,0.700483021900732,-5.00202406434434,5.67315067674617e-07
"human_impact",-0.477713081259188,0.295786842671539,-1.61505859065432,0.106298007285828
"log10(area)",1.39714682964051,0.116251535285228,12.0183086288929,2.84740196201026e-33
"depth",-5.09323008374283,0.325451013247621,-15.6497594919688,3.33477412192909e-55
"eutro",-0.904601428374049,0.279517603873639,-3.23629501626305,0.00121092162685877
"log10(RT)",-0.264865170651751,0.108981391625367,-2.43037060457302,0.0150833908210233
