"estimate","std.error","Adjusted.SE","statistic","p.value","term"
-7.16266323173309,3.65762392081294,3.70680341286646,1.93230188762404,0.0533223,"(Intercept)"
-2.88463506069861,1.2726656477975,1.28986588587183,2.23638371422535,0.0253266,"human_impact"
1.45748867192398,0.537753687467844,0.545022141358593,2.67418249888133,0.0074912,"log10(area)"
-12.5068512757271,3.1237936119745,3.16595092025103,3.95042487731788,7.8e-05,"log10(depth)"
-2.00679845855228,1.30980337372176,1.327506376459,1.51170532521677,0.1306088,"eutro"
-0.229610577252681,0.473413015637623,0.479864728547944,0.478490215247692,0.6323013,"log10(RT)"
