"term","estimate","std.error","statistic","p.value"
"(Intercept)",-3.45514327320317,0.677720985957043,-5.09817955293799,3.42935460096617e-07
"human_impact",-0.449350665226125,0.291710139029112,-1.54040125832336,0.123462574887558
"log10(area)",1.38973755428495,0.113647454320717,12.2284970005846,2.18952417290394e-34
"depth",-4.9782041720208,0.322550819305458,-15.4338599503181,9.68974862630712e-54
"eutro",-0.690945965574252,0.280768678606669,-2.46090827866952,0.0138585790484231
"log10(RT)",-0.375694226013119,0.110979723336843,-3.38525105953653,0.000711131800980808
