"term","estimate","std.error","statistic","p.value"
"(Intercept)",-3.43697826464724,0.700072931201295,-4.90945744574003,9.13287145590812e-07
"human_impact",-0.407398134877421,0.295122255081927,-1.38043853983267,0.167451660771803
"log10(area)",1.35285124488712,0.115675122224079,11.6952653161365,1.34765363285185e-31
"depth",-5.08194654506494,0.322669912084034,-15.7496759218797,6.90341820686343e-56
"eutro",-0.687876422990574,0.281598659318964,-2.44275460918094,0.0145756442265645
"log10(RT)",-0.258112444352063,0.11033071949004,-2.33944313555723,0.0193125112964617
