"estimate","std.error","Adjusted.SE","statistic","p.value","term"
-7.44703592462557,3.41230512917063,3.45842562965377,2.15330231790212,0.0312949,"(Intercept)"
-2.08958332178232,1.2083222861146,1.22465065093492,1.70626890222701,0.087958,"human_impact"
1.58854300166113,0.50578963244606,0.512624522837055,3.09884317057159,0.0019428,"log10(area)"
-16.6545216550137,3.86760926555195,3.91987689250265,4.2487358944532,2.15e-05,"log10(depth)"
-3.61669155811877,1.53846624478215,1.55925602424856,2.31949821060447,0.020368,"eutro"
-0.0239177498107266,0.536258116799297,0.543566288102443,0.0440015327187085,0.9649032,"log10(RT)"
