"term","estimate","std.error","statistic","p.value"
"(Intercept)",-3.48932764985077,0.695136363695675,-5.01963043811987,5.17709817553662e-07
"human_impact",-0.481777478563406,0.296843411307395,-1.6230020954196,0.104588956931196
"log10(area)",1.4235203881387,0.116296043021885,12.240488594017,1.88892090610238e-34
"depth",-5.12533564420745,0.321935174150889,-15.9203965758809,4.57468140789893e-57
"eutro",-0.545046184036427,0.278607889012853,-1.95631999498507,0.0504274702013483
"log10(RT)",-0.397544601297177,0.112532617288626,-3.53270554685089,0.000411330329828887
