"term","estimate","std.error","statistic","p.value"
"(Intercept)",-2.98584542115649,0.495017066548448,-6.0318029880779,1.6214037678746e-09
"human_impact",-2.42991839981818,0.188956243980267,-12.8596882994348,7.58820397571386e-38
"log10(area)",1.75489033831697,0.0916820657681247,19.1410427286325,1.14946534239444e-81
"depth",-6.06916264365157,0.250338468106121,-24.2438275250562,7.68160081878842e-130
"eutro",-1.49914132389067,0.18763654250974,-7.98960215232517,1.35374913648858e-15
"log10(RT)",-0.170595721206829,0.0771884521107255,-2.2101197334818,0.0270968536637002
