"term","estimate","std.error","statistic","p.value"
"(Intercept)",-3.76218073987862,0.692002948082646,-5.43665420834205,5.42903537817485e-08
"human_impact",-0.263875378674455,0.29747688810613,-0.887044974668126,0.375054687146097
"log10(area)",1.39156418635451,0.114724563391109,12.1296097820875,7.35993051299046e-34
"depth",-5.01512698130649,0.323688534059394,-15.4936812818531,3.82733349860085e-54
"eutro",-0.551730148141247,0.278120014546627,-1.98378440703249,0.0472798791533397
"log10(RT)",-0.307936374510933,0.109649831835521,-2.80836157571905,0.0049794284240446
