"term","estimate","std.error","statistic","p.value"
"(Intercept)",-3.59236291832199,0.687428998435358,-5.22579484790209,1.73408545436699e-07
"human_impact",-0.307421693747607,0.295627659387829,-1.0398948947612,0.298388734595141
"log10(area)",1.40112764557239,0.115670035401158,12.1131427055686,8.99793174201289e-34
"depth",-4.95190099546475,0.3205959266381,-15.4459261145093,8.0364956988052e-54
"eutro",-0.770827771485775,0.277174091706582,-2.78102389274455,0.00541877489014261
"log10(RT)",-0.380412368299355,0.110522388600047,-3.44194848770389,0.000577540217910034
