"term","estimate","std.error","statistic","p.value"
"(Intercept)",-3.66868561857335,0.687638587086367,-5.33519451565123,9.54421866716372e-08
"human_impact",-0.515624464717351,0.293287913394464,-1.75808289796058,0.0787334052382638
"log10(area)",1.47648236368491,0.116865416379164,12.6340401585918,1.37056376029383e-36
"depth",-5.03310247346851,0.321985917129288,-15.6314366738206,4.44663168690074e-55
"eutro",-0.615092356818272,0.279953784096434,-2.19712106697724,0.0280118009143947
"log10(RT)",-0.466989135054393,0.113294612094302,-4.12190064842351,3.75759262504024e-05
