"term","estimate","std.error","statistic","p.value"
"(Intercept)",-3.97399458983648,0.703998777485608,-5.64488848124132,1.65288352778262e-08
"human_impact",-0.199008105804366,0.296645137474624,-0.670862524491539,0.502308111924661
"log10(area)",1.50745947095557,0.118471491059722,12.724238189892,4.33683929468248e-37
"depth",-5.11828262632467,0.324470597566532,-15.7742570966702,4.67870710267289e-56
"eutro",-0.845266609181452,0.281693101400867,-3.00066492568657,0.00269390823839946
"log10(RT)",-0.407164120952903,0.113992831509531,-3.57183969869948,0.000354482371612087
