"term","estimate","std.error","statistic","p.value"
"(Intercept)",-3.70339988999079,0.688333740385398,-5.38023878927867,7.43871018504749e-08
"human_impact",-0.294150860180886,0.296691346821891,-0.991437274230551,0.321472106921812
"log10(area)",1.43092449304656,0.116160304918825,12.3185325145842,7.19924137400844e-35
"depth",-5.01430395308549,0.321862171027868,-15.5790409822698,1.01059535825662e-54
"eutro",-0.711063930292788,0.27847368311083,-2.55343313719807,0.0106666756427302
"log10(RT)",-0.398074332719916,0.111206424673669,-3.57959833604984,0.000344122737063793
