"term","estimate","std.error","statistic","p.value"
"(Intercept)",-3.54642810024888,0.707624095375693,-5.0117401646223,5.39400073937811e-07
"human_impact",-0.409366555491252,0.297338103422274,-1.37677126066106,0.168582978894853
"log10(area)",1.48198878445156,0.119166547914365,12.4362819129119,1.66055255164959e-35
"depth",-5.36864814103393,0.335126381119193,-16.0197717741728,9.29909545706302e-58
"eutro",-0.938065878602535,0.2819445734437,-3.32712868754629,0.000877458416556722
"log10(RT)",-0.35816573910079,0.1116783423387,-3.20711904922925,0.00134071500419034
