"estimate","std.error","Adjusted.SE","statistic","p.value","term"
-5.94255642320371,3.38967539546346,3.43547287911028,1.72976374208569,0.0836725,"(Intercept)"
-1.79126888400985,1.10757207118835,1.12253927226432,1.59572936846709,0.1105492,"human_impact"
1.24383834527009,0.499042365427026,0.505786134278465,2.45921795986855,0.013924,"log10(area)"
-12.4915396611424,3.13384860099908,3.17619472234383,3.9328633012539,8.39e-05,"log10(depth)"
-2.57950051418313,1.38375208987601,1.40245124318547,1.83927999402258,0.065874,"eutro"
-0.0600595807283709,0.415801868395243,0.421468451682667,0.142500774348803,0.8866845,"log10(RT)"
