"term","estimate","std.error","statistic","p.value"
"(Intercept)",-12.6485296424191,4.43324766127091,-2.8531069339792,0.00432940503429595
"human_impact",-2.79165201533369,1.39320721564069,-2.00375937189637,0.0450958428806272
"log10(area)",2.37266508921522,0.645948620513261,3.67314831840641,0.000239580328396209
"log10(depth)",-26.0781276695613,5.65350895677655,-4.6127330599349,3.97408547027923e-06
"eutro",-3.80865919936931,1.89145563878281,-2.0136127547883,0.0440502062553106
"log10(RT)",0.28299709580413,0.55647287892156,0.508555055463936,0.611064139200863
