"term","estimate","std.error","statistic","p.value"
"(Intercept)",-3.63820380995788,0.683466944928036,-5.32315986450662,1.01980046527007e-07
"human_impact",-0.122019624860944,0.293988607073535,-0.41504882136614,0.678106163711416
"log10(area)",1.36611229294151,0.111980279095173,12.1995792828882,3.12434046418232e-34
"depth",-4.90004457581404,0.313034512436223,-15.6533684981855,3.15090469577347e-55
"eutro",-0.875423340366988,0.278380048418818,-3.14470575509754,0.00166253954872596
"log10(RT)",-0.296685305390801,0.110349442752857,-2.6885981296278,0.00717527428147002
