"term","estimate","std.error","statistic","p.value"
"(Intercept)",-4.04617840745549,0.69461092982771,-5.8251004032705,5.70782740630814e-09
"human_impact",-0.209112111794884,0.292779005054647,-0.714231923002309,0.475083780122157
"log10(area)",1.48898250987358,0.118503593920094,12.5648721749113,3.29406982286472e-36
"depth",-5.08280589783551,0.319675500006038,-15.8998919145806,6.34741707153042e-57
"eutro",-0.547934534900617,0.27777813970218,-1.97256175553658,0.0485455138794779
"log10(RT)",-0.417937661964469,0.112158982475435,-3.72629683989871,0.000194313553380858
