"estimate","std.error","Adjusted.SE","statistic","p.value","term"
-11.2802467748613,4.41523336863869,4.47413873617762,2.52121077150555,0.0116952,"(Intercept)"
-2.7809649795309,1.4908892660949,1.51103908090634,1.84043219971706,0.0657048,"human_impact"
2.1765953716138,0.643179621758458,0.651870786876861,3.33899818097687,0.0008408,"log10(area)"
-27.7918622193173,5.83256658174471,5.91110946452147,4.70163213625535,2.6e-06,"log10(depth)"
-3.80598499372816,1.91158003871925,1.93742074992906,1.96445970441244,0.0494768,"eutro"
0.378422429864159,0.621427354462689,0.629896219392847,0.600769489026173,0.5479935,"log10(RT)"
