"estimate","std.error","Adjusted.SE","statistic","p.value","term"
-6.79728220103131,3.64662701908133,3.69095309695311,1.84160622540624,0.0655328,"(Intercept)"
-1.27962658674476,1.21975589749535,1.23619376063214,1.03513431914622,0.3006062,"human_impact"
1.44327563496034,0.507545804806995,0.514151046727271,2.80710434053812,0.0049989,"log10(area)"
-17.1473631567246,4.04435463192924,4.09773620010393,4.18459420503684,2.86e-05,"log10(depth)"
-4.83592209416026,1.65285578506241,1.67454341186212,2.88790488195385,0.0038782,"eutro"
0.341390046768016,0.50423296298075,0.511028185247401,0.66804543589458,0.5041046,"log10(RT)"
