"estimate","std.error","Adjusted.SE","statistic","p.value","term"
-4.2105382915287,3.23148605299636,3.27514578075368,1.28560332070463,0.1985815,"(Intercept)"
-1.5044878808937,1.07117316666402,1.08564830151209,1.38579674356626,0.165809,"human_impact"
1.00096741482243,0.462744938563156,0.468998235547671,2.13426690966875,0.0328209,"log10(area)"
-13.3269377601778,3.09072185002414,3.13248381558184,4.2544314814608,2.1e-05,"log10(depth)"
-3.05364553830342,1.31781467999939,1.33562284509368,2.2863082564968,0.0222362,"eutro"
0.0640963996775669,0.469172588255143,0.475566512259825,0.134779043572664,0.8927866,"log10(RT)"
