"term","estimate","std.error","statistic","p.value"
"(Intercept)",-2.5122887383364,0.492704980958441,-5.09897166748617,3.41503657845538e-07
"human_impact",-2.40730073027449,0.191230100754437,-12.5885031738061,2.44261264665964e-36
"log10(area)",1.69966320983585,0.0902013820845909,18.842984115719,3.35505536314219e-79
"depth",-6.03247303737657,0.248085528905509,-24.3161020475088,1.32450446777342e-130
"eutro",-1.58395650118522,0.188158482804032,-8.41820404576135,3.82299516793196e-17
"log10(RT)",-0.236652080812752,0.0780652397087942,-3.03146549854368,0.0024336973159307
