"term","estimate","std.error","statistic","p.value"
"(Intercept)",-2.85553054224674,0.493691536055433,-5.78403787324828,7.29285117869557e-09
"human_impact",-2.34380594056063,0.190217640074413,-12.3217065443759,6.92139187565972e-35
"log10(area)",1.73394197434094,0.0909100897303364,19.0731521603848,4.22079110981604e-81
"depth",-6.11314251159742,0.249967087523857,-24.4557896487632,4.36703896742885e-132
"eutro",-1.58627790369739,0.187381332517608,-8.46550658160323,2.55041709999234e-17
"log10(RT)",-0.152929170881064,0.076426302137708,-2.00100183580137,0.0453921920544356
