"term","estimate","std.error","statistic","p.value"
"(Intercept)",-7.6696324737322,3.78208840574414,-2.02788291835901,0.0425721989075962
"human_impact",-2.51862235404392,1.18885830884086,-2.11852189223423,0.0341308928584263
"log10(area)",1.41142662114129,0.531475947444358,2.65567355950583,0.00791501921649208
"log10(depth)",-17.026062086971,3.84076369979374,-4.43298870167028,9.2935737962896e-06
"eutro",-3.18389745805586,1.55687890466115,-2.04505144781881,0.0408497862248295
"log10(RT)",0.43454984315559,0.480117766737362,0.905090111762728,0.365417650225271
