"estimate","std.error","Adjusted.SE","statistic","p.value","term"
-7.54076698665841,3.83556750820902,3.88682166545932,1.94008566270747,0.0523693,"(Intercept)"
-2.05087661145159,1.1710904017523,1.18691971375347,1.72789834702971,0.0840065,"human_impact"
1.58295023987516,0.563963440872995,0.57158915561213,2.76938466087575,0.0056162,"log10(area)"
-13.0549233297572,3.29976932182941,3.34418075766878,3.90377323349523,9.47e-05,"log10(depth)"
-2.80510774097632,1.44896023725324,1.46855326643065,1.9101164425545,0.0561182,"eutro"
-0.369037231203022,0.46644579503098,0.47280255806529,0.780531375957701,0.4350782,"log10(RT)"
