"term","estimate","std.error","statistic","p.value"
"(Intercept)",-4.61418960768912,3.86934988815338,-1.19249738097249,0.233066277071725
"human_impact",-2.98054524708368,1.23198555745136,-2.41930210062657,0.0155503196101349
"log10(area)",1.19597676712156,0.512026543662517,2.33577102969459,0.0195031782677391
"log10(depth)",-16.0343115885123,4.01657909073926,-3.99203183263127,6.55095762529006e-05
"eutro",-3.6367403095182,1.5656339321256,-2.32285480973241,0.0201869534849179
"log10(RT)",0.00923677998059028,0.480693940567259,0.019215511578303,0.984669183437486
