"estimate","std.error","Adjusted.SE","statistic","p.value","term"
-6.2940344534082,3.49384194903933,3.54103079795597,1.7774582635772,0.0754929,"(Intercept)"
-2.09413769911777,1.12017380308683,1.13531199455405,1.84454820275226,0.0651033,"human_impact"
1.331773637631,0.517937221875096,0.524935887186512,2.53702151089132,0.01118,"log10(area)"
-13.0267614093255,3.25279912626842,3.29674973539293,3.95139529988402,7.77e-05,"log10(depth)"
-2.74210790069469,1.42620077085887,1.44547417572504,1.8970300173777,0.057824,"eutro"
-0.11342762011509,0.449192407830379,0.455314040233988,0.249119530899594,0.8032683,"log10(RT)"
