"term","estimate","std.error","statistic","p.value"
"(Intercept)",-8.66001496710984,4.13665884587411,-2.09348058173744,0.0363062757120916
"human_impact",-2.5527688882936,1.29683332717316,-1.96846335978899,0.0490147479321206
"log10(area)",1.68185409247344,0.582914555104283,2.88524978102933,0.00391103221817668
"log10(depth)",-25.2839670211801,5.56892070343174,-4.54019160402111,5.62031302550039e-06
"eutro",-4.52984050332993,1.82913430403493,-2.47649420457397,0.0132679779074049
"log10(RT)",0.505563117470043,0.512837810416731,0.985814827224271,0.324223988431264
