"term","estimate","std.error","statistic","p.value"
"(Intercept)",-7.63582801294847,3.71362664554429,-2.05616469876156,0.039766643679716
"human_impact",-2.3919042623972,1.13239089494549,-2.11226023899842,0.0346641342257028
"log10(area)",1.43825059029307,0.519970246263374,2.76602478820407,0.00567442213061826
"log10(depth)",-15.6774467824437,3.78444335872086,-4.14260309810601,3.43385919548495e-05
"eutro",-3.06600316750182,1.45731182677553,-2.10387585633317,0.0353892775586596
"log10(RT)",0.293584587147649,0.449870994440329,0.652597279610989,0.514015939822031
