"term","estimate","std.error","statistic","p.value"
"(Intercept)",-3.75608260153574,0.698877067089105,-5.37445393247801,7.68151186541715e-08
"human_impact",-0.613350472037684,0.29468032355229,-2.08140965994578,0.0373964252383543
"log10(area)",1.44698701033434,0.117369654831103,12.3284592803531,6.36521466898813e-35
"depth",-5.06209218678467,0.325508203252867,-15.5513505840965,1.55785627437417e-54
"eutro",-0.726868604944395,0.283140452485235,-2.56716621932466,0.0102533449284254
"log10(RT)",-0.325637096657449,0.111017067729759,-2.93321651631193,0.00335469854175758
