"term","estimate","std.error","statistic","p.value"
"(Intercept)",-3.54273239474287,0.69050991521017,-5.13060322046871,2.88815130893598e-07
"human_impact",-0.450198236424131,0.293141384367923,-1.53577168025885,0.124594387700653
"log10(area)",1.42209074283663,0.11460141709428,12.4090153411167,2.33506748730664e-35
"depth",-5.19420942630524,0.328914176020662,-15.7919901451099,3.53256492809226e-56
"eutro",-0.698403641784349,0.277930793503466,-2.51286887998482,0.0119753834826665
"log10(RT)",-0.318953287288084,0.111365427738906,-2.86402426465656,0.00418295967359176
