"term","estimate","std.error","statistic","p.value"
"(Intercept)",-4.84035754294496,3.75735282490548,-1.28823609826068,0.197663789698119
"human_impact",-2.29754822551424,1.17153528070934,-1.96114300896097,0.0498623428162393
"log10(area)",1.09331464958969,0.51092881580199,2.13985709119488,0.0323663177009855
"log10(depth)",-15.932368831092,3.84671934975131,-4.14180692233812,3.44580366133285e-05
"eutro",-3.99124859642225,1.57966438247258,-2.52664340647785,0.0115158362701724
"log10(RT)",0.289725805450543,0.506650243381615,0.571845783625368,0.56742645692351
