"term","estimate","std.error","statistic","p.value"
"(Intercept)",-3.66671387074735,0.688897447045558,-5.32258304406936,1.02304055218913e-07
"human_impact",-0.468987488240966,0.291529418377552,-1.60871410799987,0.107678869487805
"log10(area)",1.39667062165742,0.115120022356477,12.1322997778139,7.12207734435845e-34
"depth",-4.92060238565395,0.319663138059225,-15.3930866584382,1.82132621606903e-53
"eutro",-0.683865458991108,0.28111251248389,-2.43271084929135,0.0149862632384676
"log10(RT)",-0.321556166130649,0.108620005666186,-2.96037699647028,0.00307262791250671
