"estimate","std.error","Adjusted.SE","statistic","p.value","term"
-9.97347033307749,4.26189964541664,4.31451134448522,2.31161064064081,0.02079915,"(Intercept)"
-2.49460282944424,1.40812885949775,1.42719761555058,1.74790288483062,0.08048085,"human_impact"
2.10968333752358,0.621260644839208,0.629579805459756,3.35093870424094,0.00080538,"log10(area)"
-27.1568453703314,5.98111378174178,6.05921379113792,4.48190909026026,7.4e-06,"log10(depth)"
-5.60068512749808,1.96769944593084,1.99426140966271,2.8084006942928,0.00497882,"eutro"
0.70670220120547,0.556860132183893,0.564449069507924,1.25202119975423,0.21056214,"log10(RT)"
