"term","estimate","std.error","statistic","p.value"
"(Intercept)",-3.28668155608435,0.497083293289194,-6.61193325234574,3.79333046094179e-11
"human_impact",-2.42914840138483,0.194296098764992,-12.5023014709265,7.25209074527207e-36
"log10(area)",1.83828521045979,0.0927722011564097,19.8150435965244,2.20816769177863e-87
"depth",-6.25316163055438,0.254848129211503,-24.5368159064051,5.98065317041743e-133
"eutro",-1.54695018969211,0.18873764954049,-8.19629890198586,2.47901460743765e-16
"log10(RT)",-0.181310210076137,0.0778622091932197,-2.32860346443812,0.0198800823661023
