"term","estimate","std.error","statistic","p.value"
"(Intercept)",-6.1305236680372,3.99870953043994,-1.53312552996634,0.125244928440582
"human_impact",-3.54904317358514,1.29750674026477,-2.73527918079326,0.00623273889820447
"log10(area)",1.44256389975522,0.554535394895996,2.60139192742743,0.00928463138516793
"log10(depth)",-22.414138262862,5.11647951834109,-4.38077357341387,1.18258711610313e-05
"eutro",-5.56541144529635,1.80526747787986,-3.08287359822849,0.00205012214704879
"log10(RT)",0.605569509859004,0.521393284426343,1.16144478256039,0.245461066172335
