"term","estimate","std.error","statistic","p.value"
"(Intercept)",-3.59782758768439,0.679540971169895,-5.29449693296695,1.19344492132657e-07
"human_impact",-0.436617822773149,0.288615407703886,-1.51280150372676,0.130330086757861
"log10(area)",1.41183582213424,0.114103634354623,12.3732765403982,3.64637422058264e-35
"depth",-4.85482909600789,0.313308958636553,-15.4953408199209,3.72977676984624e-54
"eutro",-0.648834482057022,0.275289054323368,-2.35692074155214,0.0184271794228644
"log10(RT)",-0.406797361182463,0.11173229591172,-3.64082164304467,0.000271769360868422
