"term","estimate","std.error","statistic","p.value"
"(Intercept)",-3.63526406859569,0.691264275227323,-5.25886292532653,1.44948882694553e-07
"human_impact",-0.365499991266444,0.296938050275228,-1.23089644768553,0.218361596386748
"log10(area)",1.42943589033229,0.116535361560598,12.2661128020698,1.37707316594265e-34
"depth",-5.06049901487717,0.321976925490649,-15.7169617268867,1.15742449362665e-55
"eutro",-0.679318072757216,0.278941321363399,-2.43534399793071,0.0148776383093609
"log10(RT)",-0.385314895874322,0.110294540900974,-3.49350831624813,0.000476718135642345
