"term","estimate","std.error","statistic","p.value"
"(Intercept)",-13.1847035128143,5.09663039438605,-2.58694519566051,0.009683099189423
"human_impact",-4.09461510170683,1.86880290310183,-2.1910363553645,0.028449161698213
"log10(area)",2.81782533682751,0.78426640539572,3.59294407798293,0.000326962777427184
"log10(depth)",-34.525412570211,7.53713564183672,-4.58070734173461,4.63405933655636e-06
"eutro",-5.8729763157708,2.24978228531897,-2.61046428985378,0.00904194116199039
"log10(RT)",0.154145739180661,0.707127322922118,0.217988662273256,0.827437945211811
