"term","estimate","std.error","statistic","p.value"
"(Intercept)",-3.77398485828797,0.689341038228729,-5.47477177332323,4.38075837677859e-08
"human_impact",-0.370230260920819,0.296684759303232,-1.24789106724022,0.212070952370826
"log10(area)",1.43596504227553,0.115508555111164,12.4316769514915,1.75905039467351e-35
"depth",-4.89124030598197,0.316403522813866,-15.4588680381394,6.57436979363677e-54
"eutro",-0.833800104299223,0.27940769668611,-2.98417013628627,0.00284348613404301
"log10(RT)",-0.387080313442848,0.111652076708391,-3.46684383178836,0.00052660774883917
