"estimate","std.error","Adjusted.SE","statistic","p.value","term"
-5.7690212069211,3.44829408303402,3.49441645772534,1.65092549119815,0.0987538,"(Intercept)"
-2.23393699143684,1.17234723451514,1.18818986674431,1.88011786159894,0.060092,"human_impact"
1.32511716958832,0.499364889496346,0.506111979170938,2.61822921433116,0.0088387,"log10(area)"
-17.9860598888185,4.05700646314757,4.11161874782746,4.37444738725403,1.22e-05,"log10(depth)"
-3.80965753084299,1.55010993257393,1.57105529334617,2.42490353266234,0.0153125,"eutro"
0.256286789599813,0.540558247928821,0.547925021785357,0.467740620358473,0.6399701,"log10(RT)"
