"term","estimate","std.error","statistic","p.value"
"(Intercept)",-3.76302020232572,0.70300101312174,-5.35279484963426,8.66060198287904e-08
"human_impact",-0.390234595532215,0.299104217631858,-1.30467767596819,0.192002626189618
"log10(area)",1.5154569881136,0.119498499575362,12.6818076670316,7.4591520144278e-37
"depth",-5.2585048558307,0.327651300335545,-16.0490889260793,5.80093359082586e-58
"eutro",-0.811394388003773,0.278892595957471,-2.90934359593936,0.00362188560177676
"log10(RT)",-0.435218777977118,0.113472412989546,-3.83545891473387,0.000125330056852454
