"term","estimate","std.error","statistic","p.value"
"(Intercept)",-3.43356364457964,0.672876860402901,-5.10281129674116,3.34644645683722e-07
"human_impact",-0.4684833339387,0.293671164235312,-1.59526501404583,0.110652985675908
"log10(area)",1.35441427059451,0.111600172772556,12.1363098008355,6.78160959252246e-34
"depth",-4.84485850672539,0.309439254314457,-15.6568969165171,2.98090867362445e-55
"eutro",-0.637450303402135,0.278581609730166,-2.28819951187578,0.0221259051339756
"log10(RT)",-0.354214846388377,0.111176781412122,-3.18605055740313,0.00144229390561851
