"term","estimate","std.error","statistic","p.value"
"(Intercept)",-3.49506141290045,0.705452616836625,-4.95435317622454,7.25712895645703e-07
"human_impact",-0.605395607352895,0.301279645426255,-2.00941423207124,0.0444932221397674
"log10(area)",1.44675203299391,0.117802285531875,12.2811881489552,1.14307081202859e-34
"depth",-5.16650999329882,0.333731664608016,-15.4810302443645,4.6595070232843e-54
"eutro",-0.70397811705079,0.280118471684518,-2.51314421650723,0.011966040722069
"log10(RT)",-0.383294614493273,0.113325976741996,-3.38223084867738,0.000718996962915338
