"estimate","std.error","Adjusted.SE","statistic","p.value","term"
-4.57070058343951,3.32959573753232,3.37455676110751,1.35445953558044,0.1755898,"(Intercept)"
-2.01858487886022,1.07181858307953,1.08630297391619,1.85821536655017,0.0631384,"human_impact"
1.11944012213811,0.478821164010263,0.485291906265096,2.30673561146641,0.0210696,"log10(area)"
-15.4694026478531,3.60242983190252,3.65109760075412,4.23691841178335,2.27e-05,"log10(depth)"
-3.66239804503803,1.53201370404701,1.5527163055549,2.35870392545996,0.0183389,"eutro"
0.101672274206395,0.462574920996467,0.468878931429649,0.216841208659958,0.8283321,"log10(RT)"
