"estimate","std.error","Adjusted.SE","statistic","p.value","term"
-9.34360258533175,3.82841461660173,3.88014663807849,2.40805398786652,0.0160378,"(Intercept)"
-1.86191409075048,1.19457797106154,1.21072078712003,1.53785588763158,0.1240839,"human_impact"
1.85435025574258,0.572334286716801,0.580068437732143,3.1967784059971,0.0013897,"log10(area)"
-18.843107341037,4.21022825593088,4.26711982073717,4.41588428088287,1.01e-05,"log10(depth)"
-3.30151800287151,1.55183850116352,1.57280845454691,2.09912274652835,0.0358061,"eutro"
-0.0596981236022952,0.494050696545093,0.500783661529083,0.119209407551385,0.9051095,"log10(RT)"
