"term","estimate","std.error","statistic","p.value"
"(Intercept)",-3.07867782896965,0.485700960530385,-6.33862824896978,2.3181982937212e-10
"human_impact",-2.62493898521212,0.194758247915734,-13.477934892636,2.10928264516029e-41
"log10(area)",1.74718091699051,0.0902808063310635,19.3527393916213,1.93290484869387e-83
"depth",-5.83680042660534,0.245035706914399,-23.8202035944271,2.06268142827214e-125
"eutro",-1.39066324132294,0.185419151083893,-7.50010575063916,6.37663676800737e-14
"log10(RT)",-0.209275165735479,0.0762985998475733,-2.74284411710781,0.00609095926096315
