"term","estimate","std.error","statistic","p.value"
"(Intercept)",-3.55085966745364,0.683300167186735,-5.19663222398019,2.02931276352228e-07
"human_impact",-0.333972568082192,0.296472653382799,-1.12648692643828,0.259959471244067
"log10(area)",1.41681068430635,0.114035742141241,12.4242685468872,1.92983439296235e-35
"depth",-5.0757158290955,0.325089933760424,-15.6132666748028,5.91303204035964e-55
"eutro",-0.881740899988444,0.279644222668683,-3.15308105268141,0.00161556942384487
"log10(RT)",-0.351229987496997,0.111164153607072,-3.1595615681875,0.00158006712102445
