"term","estimate","std.error","statistic","p.value"
"(Intercept)",-7.74606245830203,4.25343510991855,-1.82113098193012,0.0685869487350148
"human_impact",-2.74656562971075,1.21037699382413,-2.26918195217269,0.0232572633185184
"log10(area)",1.48789452777446,0.564222650812738,2.63706982630211,0.0083625615786338
"log10(depth)",-21.4632131590724,4.76202171136476,-4.50716407022035,6.56998308790297e-06
"eutro",-3.61930569261971,1.69914878055899,-2.13006991149358,0.0331658419696864
"log10(RT)",0.510375229753853,0.518604942710848,0.984131055685707,0.325051079092612
