"estimate","std.error","Adjusted.SE","statistic","p.value","term"
-2.79020634492707,3.99588612810237,4.0495712042695,0.689012787819445,0.4908152,"(Intercept)"
-2.50433240694579,1.23390097493674,1.25058501658699,2.00252871554501,0.0452279,"human_impact"
0.941320198867452,0.539482353322818,0.546775170487987,1.72158548828642,0.0851446,"log10(area)"
-16.8040013586297,3.90838545269266,3.96105229725686,4.24230737126773,2.21e-05,"log10(depth)"
-4.44578105325335,1.77189867781501,1.79585590479461,2.47557782413607,0.0133021,"eutro"
0.335064185414155,0.46288958256658,0.469197881234447,0.714121266985712,0.4751522,"log10(RT)"
