"term","estimate","std.error","statistic","p.value"
"(Intercept)",-3.61713861927987,0.702993946918523,-5.14533394652273,2.67045329101659e-07
"human_impact",-0.563223668521286,0.298865676698177,-1.88453781224962,0.0594922651334926
"log10(area)",1.38036062435666,0.116411750311166,11.8575712560544,1.96595267611922e-32
"depth",-4.99656218226638,0.320454234149013,-15.5921240845361,8.23492520309212e-55
"eutro",-0.654498210802583,0.281825366952343,-2.3223537961835,0.0202138930617669
"log10(RT)",-0.266107785996374,0.110310635640897,-2.41234931201608,0.0158500878264784
