"term","estimate","std.error","statistic","p.value"
"(Intercept)",-3.70517699523115,0.702012271683377,-5.277937643948,1.30645903680145e-07
"human_impact",-0.361153556270206,0.295509092801152,-1.2221402490421,0.221654594712801
"log10(area)",1.42036508046404,0.117105355687829,12.1289506540618,7.41940501358574e-34
"depth",-5.02838155041373,0.322907165556398,-15.5722203988548,1.12435425160748e-54
"eutro",-0.797025251401947,0.27710758945917,-2.87623032251661,0.00402455929186851
"log10(RT)",-0.325027155821957,0.109928169120693,-2.95672308946673,0.00310927214570245
