"estimate","std.error","Adjusted.SE","statistic","p.value","term"
-8.19485035221437,3.40399378507803,3.44998988460195,2.37532590712505,0.0175335,"(Intercept)"
-2.05388365972523,1.16477981962723,1.18051999630358,1.73981268098492,0.0818919,"human_impact"
1.59455996167764,0.508143482972449,0.515010174896083,3.09617176398387,0.0019604,"log10(area)"
-12.8257999449337,3.27391406442953,3.31815358651809,3.86534245944668,0.0001109,"log10(depth)"
-2.57186020942123,1.42502963578032,1.44428644734276,1.78071338559814,0.0749593,"eutro"
-0.0534964862816203,0.455717852919364,0.461928414644592,0.11581120490884,0.9078022,"log10(RT)"
