"term","estimate","std.error","statistic","p.value"
"(Intercept)",-3.23697437622324,0.70834012956614,-4.56980233239911,4.88184443044901e-06
"human_impact",-0.530655677696204,0.296214955927424,-1.79145470908032,0.0732203563432239
"log10(area)",1.42132333773314,0.119669992343434,11.8770237208186,1.55817005436995e-32
"depth",-5.23294563867143,0.3330031863935,-15.7144011003181,1.20514622118925e-55
"eutro",-0.707000473626119,0.279979924738142,-2.5251827404674,0.0115638140738465
"log10(RT)",-0.41017509801519,0.112484459427284,-3.64650459364432,0.000265831727948452
