"term","estimate","std.error","statistic","p.value"
"(Intercept)",-3.62370223778732,0.688444823847144,-5.26360590168646,1.41257078429303e-07
"human_impact",-0.419995202631317,0.290327037924255,-1.4466279325348,0.148001158627258
"log10(area)",1.37089648733603,0.113802411534274,12.0462867952773,2.02885413538095e-33
"depth",-4.89128498333893,0.316072684932849,-15.4751904119083,5.10220824305927e-54
"eutro",-0.725199015258942,0.277035062580394,-2.61771563680136,0.0088520538547867
"log10(RT)",-0.289881042117269,0.10893070033845,-2.66115099982468,0.00778740248546036
