"estimate","std.error","Adjusted.SE","statistic","p.value","term"
-6.83995553623609,3.30949278316574,3.35406157636269,2.03930529613403,0.0414196,"(Intercept)"
-1.94757727625173,1.15012322767905,1.1656682339842,1.6707818052097,0.0947648,"human_impact"
1.40384600332449,0.487220409665845,0.493805465361902,2.84291305341392,0.0044703,"log10(area)"
-12.1230355269789,3.23283140850637,3.27643004989895,3.70007457578801,0.0002155,"log10(depth)"
-2.86959124245358,1.52748326302188,1.54812527387181,1.85359110847458,0.0637977,"eutro"
-0.188545361351163,0.446135548891731,0.45221552216129,0.416936951765923,0.6767245,"log10(RT)"
