"estimate","std.error","Adjusted.SE","statistic","p.value","term"
-9.8087523432675,3.69845421905202,3.74829092177144,2.61685993642988,0.0088743,"(Intercept)"
-2.18501269784949,1.27337785410448,1.29058770407168,1.69303697141697,0.0904484,"human_impact"
1.96985006221253,0.556183906931185,0.563700819827771,3.49449564897632,0.000475,"log10(area)"
-20.1738435286285,4.43482453869098,4.49468104952066,4.48838155730315,7.2e-06,"log10(depth)"
-3.81991987689107,1.6410754694721,1.66324597126734,2.29666564229246,0.0216379,"eutro"
0.193345850621092,0.517999005103528,0.525058339676869,0.368236891047347,0.7126966,"log10(RT)"
