"term","estimate","std.error","statistic","p.value"
"(Intercept)",-3.83892976984728,0.701698652471949,-5.47090942290323,4.47732094717168e-08
"human_impact",-0.157186746938322,0.299095942130365,-0.525539550348729,0.59920816673059
"log10(area)",1.45484426023585,0.117705092003563,12.360079207039,4.29733098422875e-35
"depth",-5.14077141910783,0.324062791775455,-15.863504078771,1.13387033949266e-56
"eutro",-0.812094585127772,0.2817189516764,-2.8826409451523,0.00394356667281265
"log10(RT)",-0.351534567464052,0.111011700905765,-3.16664427799788,0.00154208827679317
