"term","estimate","std.error","statistic","p.value"
"(Intercept)",-3.76351309228836,0.685388128058607,-5.49106840083251,3.99509580889874e-08
"human_impact",-0.492503523765733,0.289995894305263,-1.69831205695382,0.0894488803064958
"log10(area)",1.40809140396424,0.114799928362235,12.2656122181645,1.38561035462616e-34
"depth",-4.84870417779616,0.317090219757017,-15.2912448120023,8.74622546083237e-53
"eutro",-0.536502288624327,0.277171999149231,-1.93562946571479,0.052913098842977
"log10(RT)",-0.359653813529505,0.108840733711038,-3.30440453005721,0.000951783865812997
