"term","estimate","std.error","statistic","p.value"
"(Intercept)",-2.51440528237147,0.504742096538107,-4.98156444571815,6.3072271697994e-07
"human_impact",-2.57814125606279,0.196389565374577,-13.1276896058376,2.28522759087593e-39
"log10(area)",1.77084962098892,0.0934007921771313,18.9596852415402,3.67335779042761e-80
"depth",-6.37337257545285,0.258124533771053,-24.6910763666726,1.33363663603228e-134
"eutro",-1.70548190508798,0.192615672343356,-8.85432573756405,8.41911863157256e-19
"log10(RT)",-0.207832223005418,0.0802664330304097,-2.58927941804363,0.00961770186329636
