"term","estimate","std.error","statistic","p.value"
"(Intercept)",-10.3085722301894,3.68464369382042,-2.79771209560319,0.0051465964839467
"human_impact",-3.24431174536925,1.23163675372899,-2.63414658221797,0.00843490646183593
"log10(area)",1.84475022388023,0.559930378852704,3.29460642528474,0.000985596152631314
"log10(depth)",-13.0361107668565,3.36178269674239,-3.87773748121456,0.000105432393519982
"eutro",-0.792735891698491,1.39911858699149,-0.566596640963154,0.570988257645808
