"term","estimate","std.error","statistic","p.value"
"(Intercept)",-7.75975353755693,4.19221790253471,-1.85099002913594,0.0641709875588619
"human_impact",-3.94929353958282,1.39006792593797,-2.8410795371154,0.00449610972529947
"log10(area)",1.62393349155997,0.579939464381456,2.80017758972827,0.00510744995395071
"log10(depth)",-19.5948528911288,4.63769541581925,-4.22512716645651,2.38805887324572e-05
"eutro",-3.4488070922248,1.75477644089971,-1.96538260478157,0.0493699712836702
"log10(RT)",0.337134480802749,0.579987197659757,0.58127917678715,0.56105231243932
