"term","estimate","std.error","statistic","p.value"
"(Intercept)",-2.71655177300293,0.481117260936141,-5.64634028660115,1.63899283440951e-08
"human_impact",-2.40679408786444,0.188736569569799,-12.7521343285534,3.03325358597884e-37
"log10(area)",1.64485222809247,0.0878743716492659,18.7182246338852,3.51678606887496e-78
"depth",-5.74239509114785,0.240670380621987,-23.8599992084911,7.97408548718395e-126
"eutro",-1.45515744894842,0.183144295768792,-7.9454150774396,1.93541609278481e-15
"log10(RT)",-0.155220215087988,0.0752546651888877,-2.06259923817863,0.0391507201995053
