"term","estimate","std.error","statistic","p.value"
"(Intercept)",-3.96891459097172,0.691737254325336,-5.73760422205781,9.60251889472062e-09
"human_impact",-0.360664513334139,0.291950292037069,-1.23536274212168,0.216695532549353
"log10(area)",1.44664902183951,0.11651257197187,12.416248284252,2.13333301936611e-35
"depth",-4.9244630948211,0.319930240878644,-15.3923026510303,1.84353223648193e-53
"eutro",-0.774263829889499,0.281340958721943,-2.75204802530983,0.0059223834978758
"log10(RT)",-0.350077995399741,0.11103622899834,-3.15282677156638,0.00161697731069523
