"estimate","std.error","Adjusted.SE","statistic","p.value","term"
-8.39492616923834,3.57485244868451,3.62317596839978,2.31700757635188,0.0205033,"(Intercept)"
-3.47894244761885,1.3446756357829,1.36284714724602,2.55270185996203,0.0106891,"human_impact"
1.72279492229787,0.532119370162215,0.53931001410155,3.19444267165688,0.001401,"log10(area)"
-16.3081112080936,3.87673318763853,3.929128766642,4.15056674816774,3.32e-05,"log10(depth)"
-2.79650582209495,1.49880755935109,1.51906145167413,1.84094318173434,0.0656299,"eutro"
-0.0130781230284398,0.501849170824048,0.508688414079916,0.0257094965531989,0.979489,"log10(RT)"
