"term","estimate","std.error","statistic","p.value"
"(Intercept)",-3.44288496314357,0.690417808432872,-4.98666882732692,6.14292287456658e-07
"human_impact",-0.455935212258399,0.293978692035287,-1.55091244573492,0.120922667427074
"log10(area)",1.39675497335781,0.114971076340726,12.1487509538348,5.82486751300483e-34
"depth",-5.14612015791579,0.323546770174633,-15.9053362057615,5.81900806574819e-57
"eutro",-0.715221014348622,0.279368277134756,-2.56013682614232,0.0104630959503852
"log10(RT)",-0.314566242379442,0.109681732665964,-2.86799118443409,0.00413087043175698
