"term","estimate","std.error","statistic","p.value"
"(Intercept)",-3.90846673253815,0.696310973537,-5.61310518012462,1.98727719452013e-08
"human_impact",-0.310533794094704,0.296800474336556,-1.04627121903645,0.295435829500574
"log10(area)",1.43289455893735,0.116526545092392,12.2967222429983,9.432468045676e-35
"depth",-4.93056549461707,0.316970053328464,-15.5553038618059,1.46458504247214e-54
"eutro",-0.716630981769097,0.285309183923746,-2.51176976469369,0.0120127432946362
"log10(RT)",-0.352121700306564,0.109167599520628,-3.22551473012859,0.0012574636481885
