"estimate","std.error","Adjusted.SE","statistic","p.value","term"
-6.20330964665811,3.45333630305533,3.49690036839871,1.77394520665132,0.07607221,"(Intercept)"
-2.39133599970021,1.19737830381907,1.21338671412559,1.97079461301296,0.04874737,"human_impact"
1.35947503528767,0.479551903885846,0.485967316636346,2.79746186368533,0.00515058,"log10(area)"
-12.0469034915589,3.26796811905258,3.30815623725504,3.6415763427047,0.00027097,"log10(depth)"
-2.17798933067314,1.34887455734817,1.36714495061163,1.59309320471012,0.11113928,"eutro"
-0.629484692518705,0.459594064397737,0.465818807018646,1.35135096100469,0.17658303,"log10(RT)"
