"term","estimate","std.error","statistic","p.value"
"(Intercept)",-7.99502028500915,3.93125880827963,-2.0337048957883,0.0419813582533019
"human_impact",-3.21787094336083,1.33193973616411,-2.41592833068264,0.0156951502929546
"log10(area)",1.89243140243906,0.568216490900691,3.33047602937277,0.000866976279160482
"log10(depth)",-21.639960240058,4.77062090506819,-4.53608883847137,5.73070482873884e-06
"eutro",-4.64649487790526,1.72769511278192,-2.68941831433644,0.00715766623853863
"log10(RT)",-0.0448740482157615,0.569410369511557,-0.0788079224027034,0.937185402483138
