"term","estimate","std.error","statistic","p.value"
"(Intercept)",-3.86958442592678,0.706208907434994,-5.47937640716174,4.26827472796483e-08
"human_impact",-0.402091827062087,0.297798598057886,-1.35021396905276,0.176947358649881
"log10(area)",1.49781376576922,0.121505348740914,12.3271426426092,6.47005524341332e-35
"depth",-5.21648143989495,0.335383215682116,-15.5537939764978,1.49953314618365e-54
"eutro",-0.732479552184219,0.282247075550319,-2.59517144953954,0.00945437447655111
"log10(RT)",-0.388338719099614,0.114351401928985,-3.39601187697533,0.000683753925755323
