"term","estimate","std.error","statistic","p.value"
"(Intercept)",-10.6365679454219,4.42634277473036,-2.4030149689593,0.0162605218101108
"human_impact",-2.75018845122909,1.39771999307162,-1.96762474949313,0.0491112299013131
"log10(area)",2.25183913768449,0.636414994094605,3.53831879917925,0.000402683557151912
"log10(depth)",-23.6678030924545,5.1226802354085,-4.62019919355109,3.83371798074681e-06
"eutro",-4.48740476108376,1.77736556365386,-2.52475059315241,0.0115780425723743
"log10(RT)",-0.00311491717617093,0.572462516693439,-0.00544125962021547,0.995658524380954
