"term","estimate","std.error","statistic","p.value"
"(Intercept)",-3.73290642757275,0.687714653376715,-5.42798733347323,5.69930833867041e-08
"human_impact",-0.5561931124361,0.295809095570772,-1.88024344336982,0.0600749073152345
"log10(area)",1.43748299090457,0.11659539112544,12.3288148616273,6.33719125856807e-35
"depth",-4.91673576252209,0.312329024839342,-15.7421673027385,7.77349522801683e-56
"eutro",-0.502427985186665,0.279103268966149,-1.80015084397883,0.0718368231471979
"log10(RT)",-0.423426638931399,0.110370120346334,-3.83642454681317,0.000124838526904445
