"term","estimate","std.error","statistic","p.value"
"(Intercept)",-3.38452488113456,0.703868074617937,-4.80846482911119,1.52093780792305e-06
"human_impact",-0.348881642437981,0.299775038422013,-1.16381151771162,0.244500403497341
"log10(area)",1.46057131341301,0.119405308734438,12.232046706243,2.09590177043911e-34
"depth",-5.40640441035251,0.33638943781498,-16.0718613683885,4.01836656610195e-58
"eutro",-0.936693481480074,0.285101382992409,-3.28547505329013,0.00101810557549925
"log10(RT)",-0.384779364552161,0.11404876460864,-3.37381440187044,0.000741343334681422
