"term","estimate","std.error","statistic","p.value"
"(Intercept)",-7.0810527299488,3.9755062825984,-1.78117005145835,0.0748846745875651
"human_impact",-2.54095047641677,1.2200209868036,-2.08271046473877,0.0372776229992634
"log10(area)",1.55620806420198,0.564304173597211,2.75774686244438,0.00582012488523794
"log10(depth)",-18.4579153959023,4.21760709534808,-4.37639518775018,1.20658169978436e-05
"eutro",-3.74794089502448,1.59927250836729,-2.34352862030423,0.0191022966001366
"log10(RT)",0.106394326798009,0.481350013987054,0.221033185221577,0.825066593871116
