"term","estimate","std.error","statistic","p.value"
"(Intercept)",-10.4495325706762,4.08340733532531,-2.559022823973,0.01049668495809
"human_impact",-2.70747950707598,1.29922570683404,-2.08391774641958,0.0371676498118278
"log10(area)",2.04979632501018,0.587723360413186,3.48768904399021,0.000487214357262992
"log10(depth)",-18.5605762183151,4.20349168255634,-4.41551396315065,1.00770274580139e-05
"eutro",-3.54198359822169,1.54916457149325,-2.28638303728283,0.0222318598087822
"log10(RT)",0.0784590133321032,0.474551819413468,0.165332868029199,0.868681989846228
