"term","estimate","std.error","statistic","p.value"
"(Intercept)",-4.70849731856405,4.22357330782953,-1.11481368390968,0.264930271309442
"human_impact",-3.03904563200753,1.26106267407048,-2.40990847996321,0.0159565226520271
"log10(area)",1.28663174367397,0.578212159968848,2.22518970155054,0.0260685059096644
"log10(depth)",-16.5233941055586,3.89329322569071,-4.24406617937882,2.19505570118112e-05
"eutro",-2.80844932931854,1.49248553689999,-1.88172632825101,0.0598731830940251
"log10(RT)",-0.343794294246109,0.509731005450066,-0.674462197846011,0.500017511145459
