"estimate","std.error","Adjusted.SE","statistic","p.value","term"
-10.5746732387283,3.81085235554891,3.86232546119324,2.73790319976331,0.0061832,"(Intercept)"
-2.02800478850382,1.21315804314471,1.22955219071926,1.64938487671473,0.0990688,"human_impact"
1.98062487729649,0.571540133335571,0.579263701056594,3.4192111014099,0.000628,"log10(area)"
-18.6439044284685,4.00191956361327,4.05599339333626,4.59663086707667,4.3e-06,"log10(depth)"
-2.86680416964357,1.49509743636801,1.51530178016956,1.89190312263923,0.0585039,"eutro"
0.0914343521564453,0.483366412891232,0.489953771547322,0.186618324964999,0.8519599,"log10(RT)"
