"term","estimate","std.error","statistic","p.value"
"(Intercept)",-2.91262053610929,0.47902214968726,-6.08034625958499,1.19923289121262e-09
"human_impact",-2.34863270643501,0.189645203088564,-12.3843507148356,3.17645207320797e-35
"log10(area)",1.69235923300691,0.0889692478141514,19.0218449024329,1.12455950297194e-80
"depth",-5.79858688947092,0.242880062614811,-23.8742811041968,5.6674124427798e-126
"eutro",-1.34361560722751,0.184431824437306,-7.28516139406433,3.21285443386608e-13
"log10(RT)",-0.200129667382183,0.0762719736363307,-2.62389522442952,0.00869305225655826
