"term","estimate","std.error","statistic","p.value"
"(Intercept)",-4.2197642708031,0.703495104830766,-5.99828519321142,1.99412077777085e-09
"human_impact",-0.399186546200041,0.294989963132316,-1.35322077389117,0.175985110556032
"log10(area)",1.50016572051518,0.118849570827692,12.6223907252481,1.58922262742678e-36
"depth",-5.04018363299865,0.323289584721921,-15.5903062492223,8.47264040094892e-55
"eutro",-0.707252094208824,0.280009498871669,-2.52581464935575,0.0115430363357944
"log10(RT)",-0.320025691320915,0.112027686245457,-2.85666608002352,0.00428115966464641
