"term","estimate","std.error","statistic","p.value"
"(Intercept)",-3.76981313735463,0.699458064351285,-5.38961994934029,7.06068405271221e-08
"human_impact",-0.372886000681617,0.295207372529118,-1.26313241260544,0.206541597295812
"log10(area)",1.394097053647,0.115390205562486,12.0815891335948,1.3214089774786e-33
"depth",-4.99309141154802,0.319104486254513,-15.6471990417759,3.47166536925088e-55
"eutro",-0.665285153364906,0.278441000482523,-2.38932180322583,0.0168795101030836
"log10(RT)",-0.27296680268081,0.108623960375955,-2.51295203872196,0.0119725610463965
