"term","estimate","std.error","statistic","p.value"
"(Intercept)",-8.28012826018958,3.95930798810902,-2.09130693673169,0.0365005584002827
"human_impact",-2.84638009412785,1.28472561752806,-2.215554866575,0.0267220027914782
"log10(area)",1.84671777986418,0.577050477964442,3.20027077419382,0.00137298533591854
"log10(depth)",-21.0981953881207,4.6247127129379,-4.56205535299465,5.06552877244333e-06
"eutro",-4.56308506745252,1.69389599563225,-2.69384016446023,0.00706340281685033
"log10(RT)",0.0826170107813126,0.542714275733897,0.152229293525755,0.879006090315841
