"term","estimate","std.error","statistic","p.value"
"(Intercept)",-3.3256259177553,0.686502963829641,-4.8442994320132,1.27059194009974e-06
"human_impact",-0.402804746217427,0.296969541082173,-1.35638404110262,0.174977008273619
"log10(area)",1.37718632502683,0.114350039434566,12.0436016623754,2.09600551623574e-33
"depth",-5.06111716658399,0.317274541895472,-15.9518539884975,2.76563169193702e-57
"eutro",-0.765402302360891,0.278799903262412,-2.7453463699393,0.00604470619578582
"log10(RT)",-0.355580706905663,0.110181079596354,-3.22723927019345,0.00124990893822766
