"term","estimate","std.error","statistic","p.value"
"(Intercept)",-3.70215907652481,0.70950207571517,-5.21796792883668,1.80896776461386e-07
"human_impact",-0.51101612396209,0.294016416951572,-1.73805302867241,0.0822014703463665
"log10(area)",1.46637639415474,0.12046707437035,12.1724247211872,4.35937215396111e-34
"depth",-5.3603619554816,0.337681623733428,-15.874011431884,9.59101121458563e-57
"eutro",-0.717596903384719,0.276336257314366,-2.59682500718089,0.00940898454572858
"log10(RT)",-0.283023061898847,0.111238314298832,-2.54429477543619,0.0109498634902331
