"term","estimate","std.error","statistic","p.value"
"(Intercept)",-2.79100917306668,0.481792903016042,-5.79296447829524,6.91547382408137e-09
"human_impact",-2.55694996766259,0.193771519178256,-13.1956955207147,9.28935205311636e-40
"log10(area)",1.72257157631704,0.0908804831992183,18.9542519546359,4.07304085995009e-80
"depth",-6.02021182965838,0.250544095053562,-24.0285520533675,1.39918681752319e-127
"eutro",-1.42297542662461,0.186187068770958,-7.64271888492491,2.12682011582217e-14
"log10(RT)",-0.201100185265516,0.0765899355492226,-2.62567377584845,0.00864776538905427
