"estimate","std.error","Adjusted.SE","statistic","p.value","term"
-10.6510514101514,3.66062928900383,3.70844015125291,2.87211090801962,0.0040774,"(Intercept)"
-1.88565195109243,1.11114447372441,1.12599790625609,1.67464960690928,0.094003,"human_impact"
1.75067069587499,0.535169268322699,0.542304093757013,3.22820851995892,0.0012457,"log10(area)"
-12.6938517177586,2.99911148298036,3.03843814393873,4.17775551662329,2.94e-05,"log10(depth)"
-1.29882604505655,1.4629226269352,1.48263749117211,0.876024013145488,0.381017,"eutro"
0.0375815976564825,0.434280557234957,0.440133076068816,0.085386897054305,0.9319538,"log10(RT)"
