"estimate","std.error","Adjusted.SE","statistic","p.value","term"
-6.35242804258311,3.58919813536913,3.63685704126507,1.74668071098375,0.0806927,"(Intercept)"
-1.56532792306805,1.16429794376831,1.18003622829066,1.32650836096406,0.1846714,"human_impact"
1.39815592573469,0.510622517291844,0.517522277411989,2.70163428080149,0.0069,"log10(area)"
-17.1770776195335,3.8147007720766,3.8658458542988,4.44329087783794,8.9e-06,"log10(depth)"
-4.34084515044442,1.57357170280861,1.59482996087775,2.72182317671994,0.0064923,"eutro"
0.349575652598605,0.490107205844751,0.496786428601505,0.703673917950395,0.4816359,"log10(RT)"
