"estimate","std.error","Adjusted.SE","statistic","p.value","term"
-5.79442959193379,3.27859557524655,3.32283625408874,1.74382038380728,0.0811904,"(Intercept)"
-2.01499236727677,1.13865450196816,1.15404289914066,1.7460289983823,0.0808059,"human_impact"
1.25951110484812,0.48706902433341,0.49364900936856,2.55143043122724,0.0107282,"log10(area)"
-12.7326588834675,3.18976824184584,3.23286108870589,3.9385109765308,8.2e-05,"log10(depth)"
-2.71566842959229,1.35915666753633,1.37752552073714,1.97141061178966,0.0486769,"eutro"
-0.177287666895701,0.450588066971405,0.456728719536694,0.388168423206542,0.6978914,"log10(RT)"
