"term","estimate","std.error","statistic","p.value"
"(Intercept)",-3.27767091977219,0.697425463705261,-4.69967199413493,2.60579681043576e-06
"human_impact",-0.625460695555187,0.298163543592545,-2.0977101627485,0.0359307565845943
"log10(area)",1.41921295640361,0.116502951328214,12.1817768582135,3.88719627618481e-34
"depth",-5.28739140217223,0.335191993300691,-15.7742174868391,4.68164300507817e-56
"eutro",-0.742053056326744,0.28190428713615,-2.63228723431353,0.0084812126208058
"log10(RT)",-0.332326743552738,0.110209800593656,-3.01540100574203,0.00256639700116786
