"term","estimate","std.error","statistic","p.value"
"(Intercept)",-3.96501948923106,0.699497501897681,-5.66838262963668,1.44151764726265e-08
"human_impact",-0.441435044472427,0.298006638472404,-1.48129265420141,0.138528605126996
"log10(area)",1.47973020264905,0.118564699708076,12.4803605650954,9.55529632205258e-36
"depth",-5.03015143112904,0.320124125882881,-15.713128203806,1.22959305267683e-55
"eutro",-0.59234806734506,0.276954800713582,-2.13878967188458,0.0324527062995862
"log10(RT)",-0.396540311117185,0.110334189143223,-3.59399306956832,0.000325648501898559
