"term","estimate","std.error","statistic","p.value"
"(Intercept)",-3.08783947280227,0.4922954101104,-6.27233041256633,3.55683772945926e-10
"human_impact",-2.46301844449831,0.192554471032633,-12.7912815074592,1.83424110378274e-37
"log10(area)",1.74405695932362,0.0914928559299384,19.062220121964,5.20199117966919e-81
"depth",-5.88980953482707,0.245283855631615,-24.0122184954268,2.07281425694795e-127
"eutro",-1.46789786714696,0.185487482954861,-7.91373004670174,2.49789623657394e-15
"log10(RT)",-0.178881402302466,0.0760986607479856,-2.35065112242729,0.018740595887147
