"term","estimate","std.error","statistic","p.value"
"(Intercept)",-3.71449939571684,0.692805584426314,-5.36153212274217,8.25190446121107e-08
"human_impact",-0.623565644729103,0.295199586075908,-2.11235270691998,0.0346562082048857
"log10(area)",1.41443945595996,0.115325484879131,12.2647605379018,1.40025630365705e-34
"depth",-4.81559087481644,0.315467886845433,-15.2649162581036,1.30995886517239e-52
"eutro",-0.497744146956922,0.28422199324872,-1.75125134148697,0.0799026252557243
"log10(RT)",-0.395826273642599,0.110685193984948,-3.57614473437546,0.00034869864474829
