"term","estimate","std.error","statistic","p.value"
"(Intercept)",-3.97185143075983,0.697799086025145,-5.69196995281921,1.25581957379932e-08
"human_impact",-0.362691795868294,0.297160037053471,-1.22052682273368,0.222265227781357
"log10(area)",1.45863415163819,0.116608043937578,12.50886390324,6.67723855259273e-36
"depth",-4.96246362768443,0.319221759232307,-15.5455055432894,1.70670526604063e-54
"eutro",-0.530130601960229,0.278980937003839,-1.9002395204979,0.0574016941182986
"log10(RT)",-0.387344433034313,0.111267511791837,-3.48119973922819,0.000499173098754487
