"term","estimate","std.error","statistic","p.value"
"(Intercept)",-3.64239262837811,0.709535762852166,-5.13348701936679,2.84422655603707e-07
"human_impact",-0.354505733448907,0.29769258459881,-1.19084502533599,0.233714429420061
"log10(area)",1.449032630276,0.119012582253726,12.1754574418592,4.20032549352547e-34
"depth",-5.32044305562178,0.334105665810437,-15.9244322981355,4.28888638738293e-57
"eutro",-0.929694800460811,0.280248553342322,-3.31739375412652,0.000908614656688822
"log10(RT)",-0.277301157798931,0.110219146397175,-2.51590732520895,0.0118726397193855
