"term","estimate","std.error","statistic","p.value"
"(Intercept)",-3.65798961595822,0.710655216868492,-5.14734786874172,2.64195111574375e-07
"human_impact",-0.374696203267382,0.298003815103489,-1.25735371252633,0.208625582314207
"log10(area)",1.4701345170925,0.119316882596132,12.3212615440906,6.95969468577158e-35
"depth",-5.30272949696544,0.330225681580854,-16.0578955324742,5.0334099620737e-58
"eutro",-0.812881758190487,0.278194735793091,-2.92198828231989,0.00347804625326175
"log10(RT)",-0.32957165399601,0.112601791612719,-2.92687753254881,0.00342383673547624
