"term","estimate","std.error","statistic","p.value"
"(Intercept)",-3.97296006848602,0.70124452175837,-5.6655844647796,1.46524223752505e-08
"human_impact",-0.320713063618805,0.297720545693559,-1.07722852271308,0.28137818570597
"log10(area)",1.43664924112452,0.117117321543767,12.2667528781184,1.36623310338888e-34
"depth",-4.89128405078841,0.315937511451975,-15.4818085016534,4.60347414184473e-54
"eutro",-0.641121803363693,0.277744353571761,-2.30831624520513,0.0209815535421836
"log10(RT)",-0.352043630669501,0.111794832047384,-3.14901524714745,0.00163821647703981
