"term","estimate","std.error","statistic","p.value"
"(Intercept)",-3.03056897990606,0.487997561426534,-6.21021336878606,5.29127069147239e-10
"human_impact",-2.45461829111818,0.190204016803538,-12.9051864012607,4.20796023187494e-38
"log10(area)",1.70649173037332,0.0899295222910959,18.975878964969,2.69958508234568e-80
"depth",-5.8284883507641,0.244204601464328,-23.8672339334093,6.70764656524288e-126
"eutro",-1.3996255230784,0.18391289069282,-7.61026330349036,2.73538083615784e-14
"log10(RT)",-0.151763864801459,0.0751735696876417,-2.01884605762454,0.0435032222774199
