"term","estimate","std.error","statistic","p.value"
"(Intercept)",-4.46672780363766,0.72243366299027,-6.18288990735723,6.29386097058257e-10
"human_impact",-0.442443546915152,0.29828724797603,-1.48328012651317,0.138000000218423
"log10(area)",1.51630150635321,0.120319192646508,12.6023244754312,2.05012198961143e-36
"depth",-4.97865977453441,0.321900648197783,-15.4664484287569,5.84437414711672e-54
"eutro",-0.582193395909304,0.283022577698127,-2.05705636859217,0.0396808040117945
"log10(RT)",-0.311202409545767,0.110118577088749,-2.82606638927923,0.00471234961872178
