"estimate","std.error","Adjusted.SE","statistic","p.value","term"
-5.98840085436216,3.29752812989911,3.34205873055536,1.79182992794596,0.0731602,"(Intercept)"
-2.61672495686478,1.18159216251643,1.19755835958834,2.18505005281268,0.0288852,"human_impact"
1.28166876585568,0.480474012829839,0.486966961957992,2.63194193031569,0.0084898,"log10(area)"
-12.4816120470525,3.06664730247892,3.10807985943165,4.01585950540373,5.92e-05,"log10(depth)"
-2.50626722466536,1.36014503475441,1.37852545275362,1.8180783094422,0.0690522,"eutro"
-0.088482307951713,0.423298908317188,0.429067661903391,0.20621994106756,0.8366191,"log10(RT)"
