"term","estimate","std.error","statistic","p.value"
"(Intercept)",-3.68847024644879,0.69780255989498,-5.28583650797141,1.25131615669211e-07
"human_impact",-0.599557586957243,0.295064830927045,-2.03195204617756,0.0421585108241963
"log10(area)",1.47500412969444,0.117610002885882,12.5414853626494,4.42620587419612e-36
"depth",-5.10361679833605,0.325194361973338,-15.6940506820794,1.66109001829968e-55
"eutro",-0.588899877892013,0.278766636194719,-2.11251922371608,0.034641938882011
"log10(RT)",-0.405834909413565,0.112715715125062,-3.60051754063997,0.000317584401772854
