"term","estimate","std.error","statistic","p.value"
"(Intercept)",-4.17927082507512,4.11150081330461,-1.01648303499083,0.309399422191144
"human_impact",-3.57609649709776,1.28419862352258,-2.78469111521742,0.00535787360250591
"log10(area)",1.22771719323065,0.558996843162277,2.19628645178993,0.0280714468387509
"log10(depth)",-20.4356647062234,4.85656094041208,-4.20784686055837,2.57815482626337e-05
"eutro",-5.23393853669562,1.85459826268411,-2.82214139957226,0.00477041390201693
"log10(RT)",0.259630993350851,0.501141585108236,0.518079123876291,0.604403065031638
