"estimate","std.error","Adjusted.SE","statistic","p.value","term"
-7.85862063742326,3.38117637323226,3.42678684423104,2.29329135270061,0.0218312,"(Intercept)"
-2.11915044422612,1.24334194750248,1.26014121804407,1.68167695325082,0.0926315,"human_impact"
1.59235701491814,0.504433920618315,0.51125097552744,3.11462880491399,0.0018418,"log10(area)"
-17.1090598314377,3.86920646713277,3.921472270833,4.36291745798915,1.28e-05,"log10(depth)"
-2.98511804014998,1.47501080589588,1.49494117565472,1.99681304439462,0.0458455,"eutro"
-0.142872194182004,0.48782295620357,0.494471049011603,0.288939452507059,0.7726277,"log10(RT)"
