"term","estimate","std.error","statistic","p.value"
"(Intercept)",-3.65267521148939,0.700547460065588,-5.21402962641163,1.84781936944377e-07
"human_impact",-0.364295873844262,0.296787174685305,-1.22746501505848,0.219647863242068
"log10(area)",1.44875695170067,0.116918191435823,12.3912022065095,2.91638263791197e-35
"depth",-5.11168102146401,0.32505580652251,-15.7255490254103,1.01070920789269e-55
"eutro",-0.835159502789303,0.280273959076433,-2.97979700126742,0.00288439461338785
"log10(RT)",-0.374303451995851,0.112645144651001,-3.32285473249222,0.000891013020778837
