"term","estimate","std.error","statistic","p.value"
"(Intercept)",-3.39155927968681,0.685399082518268,-4.94829854050236,7.48650219802895e-07
"human_impact",-0.466253588572326,0.295531340279445,-1.57767899719689,0.11463937372696
"log10(area)",1.33780571838225,0.112530698466072,11.8883623457255,1.36047994578958e-32
"depth",-4.94461331005909,0.320848522882283,-15.4110521240369,1.37947470614262e-53
"eutro",-0.69662619326276,0.279469671529576,-2.49267188618367,0.0126785947483746
"log10(RT)",-0.275798495325155,0.108949466701249,-2.53143501914905,0.0113596863694735
