"term","estimate","std.error","statistic","p.value"
"(Intercept)",-4.56570639174648,3.50895770367963,-1.30115743115362,0.193204572861106
"human_impact",-3.01328151095889,1.14236203489392,-2.63776405282822,0.00834546252662055
"log10(area)",1.06554756604251,0.483856480792035,2.20219756961464,0.0276513556700628
"log10(depth)",-12.4032905729435,3.31045858243228,-3.74669861111219,0.000179177147973529
"eutro",-3.01022583175103,1.38638415285361,-2.17127830374795,0.0299101413429905
"log10(RT)",0.128315330528214,0.438413080805884,0.292681345849324,0.76976572967793
