"estimate","std.error","Adjusted.SE","statistic","p.value","term"
-8.1680726289781,3.39854756237099,3.44430349259065,2.37147296878721,0.0177173,"(Intercept)"
-1.75979435973098,1.11321609980703,1.12825945267936,1.55974262440423,0.1188207,"human_impact"
1.52554321768306,0.488599024859719,0.495202461150596,3.08064546799399,0.0020655,"log10(area)"
-12.5470776538572,3.06987747475445,3.11131647594566,4.03272304532878,5.51e-05,"log10(depth)"
-1.98350481873624,1.36470269279849,1.38314707142611,1.43405199614176,0.1515574,"eutro"
-0.179346265327872,0.450773024787987,0.456916197974158,0.392514570774783,0.694678,"log10(RT)"
