"term","estimate","std.error","statistic","p.value"
"(Intercept)",-3.55406211531243,0.714526815494644,-4.97400802634967,6.55825916786022e-07
"human_impact",-0.56062029414731,0.300261428958932,-1.86710726079969,0.06188661067818
"log10(area)",1.47511764111212,0.120370525145938,12.2548077224361,1.58324419436801e-34
"depth",-5.36067397048867,0.334696587760996,-16.0165181436408,9.79856382541431e-58
"eutro",-0.670370472669747,0.284103012374147,-2.35960353629376,0.018294475009164
"log10(RT)",-0.368979333830374,0.112292750256534,-3.28586959520929,0.00101668065960083
