"term","estimate","std.error","statistic","p.value"
"(Intercept)",-3.22657784457662,0.723408465128041,-4.46024341725878,8.18666172296812e-06
"human_impact",-0.654327443517225,0.298811724554596,-2.18976495816071,0.0285412873218324
"log10(area)",1.51677748793294,0.122814986011996,12.3501010518764,4.86502813783851e-35
"depth",-5.74188545705193,0.354244097390864,-16.2088387621501,4.36743004397342e-59
"eutro",-1.10565592117097,0.284883612041164,-3.8810794108129,0.000103993874849321
"log10(RT)",-0.32722656412415,0.11445005331607,-2.85912111565793,0.00424816555353967
