"estimate","std.error","Adjusted.SE","statistic","p.value","term"
-7.1093494891607,3.36454847715094,3.40990252449436,2.08491282026161,0.0370772,"(Intercept)"
-1.87686387041118,1.11915478566329,1.1342788882581,1.65467583840291,0.0979903,"human_impact"
1.39806231368793,0.487486482707244,0.494074149621895,2.82966092186332,0.0046597,"log10(area)"
-14.4151465468143,3.57416802862879,3.62243182261484,3.97941141550838,6.91e-05,"log10(depth)"
-2.33699884705346,1.47939945569002,1.49939183140971,1.5586311717173,0.1190837,"eutro"
-0.141756024116325,0.492932091539855,0.499649812079533,0.283710752389437,0.7766321,"log10(RT)"
