"term","estimate","std.error","statistic","p.value"
"(Intercept)",-3.71789930528161,0.698480121140417,-5.32284197181067,1.02158488563823e-07
"human_impact",-0.438519865512074,0.293490401636439,-1.49415402707203,0.135135365494444
"log10(area)",1.40641574681929,0.116578795623885,12.0640785426946,1.63481915492219e-33
"depth",-4.96704656903101,0.322030209246878,-15.4241634058099,1.12604869962109e-53
"eutro",-0.623285558414137,0.280653338170999,-2.22083785810655,0.0263619453963378
"log10(RT)",-0.32598468496628,0.111628902190934,-2.9202534340856,0.00349746834705568
