"estimate","std.error","Adjusted.SE","statistic","p.value","term"
-6.59930087592108,3.42804366724472,3.47430222357388,1.8994607985291,0.0575039,"(Intercept)"
-2.05005333920536,1.06960558291353,1.08406042348431,1.89108770580907,0.0586126,"human_impact"
1.31405481497198,0.479664612307242,0.486146742142806,2.70300035166332,0.0068717,"log10(area)"
-13.3668882320909,3.2502464631888,3.29413003444647,4.05779009702542,4.95e-05,"log10(depth)"
-2.14326618320104,1.43984737128924,1.45930377644533,1.46869090438576,0.1419166,"eutro"
-0.124053281889613,0.479494837069514,0.48602943356046,0.255238208478131,0.7985391,"log10(RT)"
