"term","estimate","std.error","statistic","p.value"
"(Intercept)",-3.59353951584469,0.700063114940195,-5.13316505205632,2.84909844166378e-07
"human_impact",-0.421340022144864,0.292767009873561,-1.43916496031035,0.150103790508914
"log10(area)",1.4341140063685,0.117651856166002,12.1894719990225,3.53705616555364e-34
"depth",-5.01998875476183,0.321907136784522,-15.5945245728494,7.93116539866835e-55
"eutro",-0.841792871689468,0.283778369078159,-2.96637433791727,0.00301333473821137
"log10(RT)",-0.381732007912904,0.114748709560627,-3.3266780025201,0.000878878668818039
