"term","estimate","std.error","statistic","p.value"
"(Intercept)",-3.91677626331158,0.7032315290296,-5.56968238997533,2.55204114995229e-08
"human_impact",-0.337754962366352,0.292679052977413,-1.15401139552142,0.248495497032882
"log10(area)",1.38492262161066,0.11601709230475,11.9372291969945,7.57032222754267e-33
"depth",-4.75852378022275,0.313430897634026,-15.1820507044554,4.65013111223659e-52
"eutro",-0.619090545948508,0.2780052660729,-2.22690222632749,0.0259538090262404
"log10(RT)",-0.300928325724007,0.109654770522966,-2.74432497819127,0.00606354782850311
