"estimate","std.error","Adjusted.SE","statistic","p.value","term"
-12.0269701667459,4.32927761145494,4.38692439815211,2.7415494490427,0.006115,"(Intercept)"
-1.89153050160983,1.28669093488638,1.30408631321442,1.45046419277833,0.1469291,"human_impact"
2.33019527084512,0.664938668270363,0.67391774930749,3.45768496710407,0.0005448,"log10(area)"
-22.2327594093604,4.76941566825462,4.83337083295088,4.59984556901602,4.2e-06,"log10(depth)"
-4.67245251113651,1.69187121091355,1.71473054513414,2.72489023094354,0.0064323,"eutro"
0.354209760608951,0.523753609471411,0.53089136828335,0.6671981911371,0.5046455,"log10(RT)"
