"term","estimate","std.error","statistic","p.value"
"(Intercept)",-3.8893932769449,0.712581366688541,-5.45817426439232,4.81055402935603e-08
"human_impact",-0.596698857640268,0.300289718500125,-1.987077215366,0.0469138407335916
"log10(area)",1.50771567228475,0.119924917575813,12.5721635066509,3.00389443409701e-36
"depth",-5.3315050923118,0.338172499772022,-15.7656376432324,5.36283312541923e-56
"eutro",-0.584320667851442,0.285864041824439,-2.04405095555983,0.0409485135134493
"log10(RT)",-0.335661501004467,0.111144568731974,-3.02004411762053,0.00252737868100671
