"estimate","std.error","Adjusted.SE","statistic","p.value","term"
-10.8407311260531,4.27419622793071,4.33197016624399,2.502494410171,0.0123322,"(Intercept)"
-1.90396752512357,1.24002782096515,1.25678455771682,1.51495139993005,0.1297847,"human_impact"
2.20541805108209,0.658411254068196,0.667308497862057,3.30494525118124,0.0009499,"log10(area)"
-23.0328449602814,4.99191827123726,5.05938148030619,4.55250212895341,5.3e-06,"log10(depth)"
-4.2724962961123,1.71986488790194,1.74310634807906,2.45108182918425,0.0142428,"eutro"
-0.0102235844946651,0.594969432275207,0.603077726387667,0.016952349667932,0.9864746,"log10(RT)"
