"estimate","std.error","Adjusted.SE","statistic","p.value","term"
-5.19394446523656,3.35820555855849,3.40359600142933,1.52601673731412,0.1270057,"(Intercept)"
-2.12562195440026,1.11260283146699,1.12763763180117,1.88502218660885,0.0594268,"human_impact"
1.13288753361399,0.48716676902609,0.493749945059431,2.29445601959029,0.0217643,"log10(area)"
-13.9157498532387,3.19072595799426,3.23384626778558,4.30315750994796,1.68e-05,"log10(depth)"
-2.66521596285566,1.36644350424602,1.38490847883577,1.92447082502967,0.0542956,"eutro"
-0.000694060179906169,0.46860116497618,0.474987301575733,0.00146121838963627,0.9988341,"log10(RT)"
