"term","estimate","std.error","statistic","p.value"
"(Intercept)",-3.68131192028626,0.681135926074862,-5.40466561718498,6.49294058202225e-08
"human_impact",-0.384835536856029,0.292622604898172,-1.31512579826137,0.188467627600378
"log10(area)",1.42940674957835,0.114553044532383,12.4781209911384,9.82785795996536e-36
"depth",-4.9712579045897,0.31823182859249,-15.6214980964573,5.19700575753662e-55
"eutro",-0.854947505465211,0.27912572260429,-3.06294775518504,0.00219168320260654
"log10(RT)",-0.355933537542304,0.111320309447782,-3.19738185518847,0.00138681207907405
