"term","estimate","std.error","statistic","p.value"
"(Intercept)",-3.46968392710039,0.6973853851349,-4.97527479218571,6.5155145035e-07
"human_impact",-0.586726883156837,0.295555026002702,-1.985169702888,0.0471255938818086
"log10(area)",1.41588185708476,0.117713256499206,12.0282277391103,2.52523192296508e-33
"depth",-5.05914502864749,0.32678682426313,-15.4814841144692,4.62674730842433e-54
"eutro",-0.842932334706844,0.27954883341421,-3.01533125505075,0.00256698732709852
"log10(RT)",-0.333648925798527,0.110973236826745,-3.00657109172575,0.00264212264914101
