"term","estimate","std.error","statistic","p.value"
"(Intercept)",-3.71131020552722,0.68668091123973,-5.40470856955502,6.4913849146153e-08
"human_impact",-0.459287559967539,0.295562612038936,-1.55394336516093,0.120197926477792
"log10(area)",1.35413928323282,0.112567875732625,12.0295357305064,2.48554499990532e-33
"depth",-4.64564892019739,0.305478112493405,-15.2077963369558,3.13933975793334e-52
"eutro",-0.578725508048787,0.27933029687547,-2.07183221627689,0.0382810911224626
"log10(RT)",-0.339034336102734,0.109203004657738,-3.10462461326344,0.00190520654179093
