"term","estimate","std.error","statistic","p.value"
"(Intercept)",-2.58390714763985,0.490547886356827,-5.26739023753595,1.38376847154566e-07
"human_impact",-2.47228398576578,0.191094569410065,-12.9374895027005,2.76518582677802e-38
"log10(area)",1.66557434387283,0.0897405386117056,18.5598879797181,6.7845974645878e-77
"depth",-5.81593631418399,0.243208703829585,-23.9133559885225,2.22432785451623e-126
"eutro",-1.43199601017221,0.184086258075334,-7.77894029214383,7.31345666099884e-15
"log10(RT)",-0.220774617035889,0.0771493404017006,-2.86165268408468,0.0042143845615262
