"term","estimate","std.error","statistic","p.value"
"(Intercept)",-3.65032560528582,0.696317635188765,-5.24232824334005,1.58562968242316e-07
"human_impact",-0.464360199544403,0.29710708575335,-1.56293882512752,0.118066984462103
"log10(area)",1.45933654436372,0.117305809475058,12.4404456257898,1.57622079530922e-35
"depth",-5.14944328699268,0.326334818862596,-15.7796318055808,4.29687211554821e-56
"eutro",-0.788011794209066,0.281976464705731,-2.7946012977765,0.00519637581051094
"log10(RT)",-0.360185883852496,0.112183292791119,-3.21069095844021,0.00132416256535343
