"term","estimate","std.error","statistic","p.value"
"(Intercept)",-2.76026595003172,0.493589716101381,-5.59222743097989,2.24174907517779e-08
"human_impact",-2.42747329706356,0.189673914410189,-12.7981399266844,1.67925402221385e-37
"log10(area)",1.66658973931229,0.0900114148693224,18.5153154378457,1.55383884899397e-76
"depth",-5.81782664499615,0.244129019104552,-23.8309508076324,1.5959971914419e-125
"eutro",-1.48638568471113,0.185963730564648,-7.99287947277656,1.31822989849663e-15
"log10(RT)",-0.157871770810606,0.0773703454970583,-2.04046873251468,0.0413036622068597
