"term","estimate","std.error","statistic","p.value"
"(Intercept)",-6.46277926106877,3.56423478373866,-1.81323051179297,0.0697962756907562
"human_impact",-2.76293327077303,1.21168864696555,-2.2802336868405,0.0225938323963821
"log10(area)",1.38837110038957,0.508016456252777,2.73292544621577,0.00627745398421717
"log10(depth)",-16.0828427113836,3.82217893957794,-4.20776812536137,2.57905303496933e-05
"eutro",-3.55571663954593,1.4800118360327,-2.40249202944035,0.0162837894215751
"log10(RT)",0.211574039080977,0.486196876787024,0.435161246775462,0.663445389629746
