"term","estimate","std.error","statistic","p.value"
"(Intercept)",-3.88480169802749,0.701253993335106,-5.53979262143191,3.02830037776116e-08
"human_impact",-0.286997796871493,0.294397186574175,-0.974865963262807,0.3296267515463
"log10(area)",1.4342813918798,0.115419808110573,12.426648556769,1.87324522244211e-35
"depth",-4.99517551572885,0.316265964172533,-15.794224107542,3.4096262051238e-56
"eutro",-0.797281358954764,0.277483573302742,-2.87325606148552,0.0040626468628937
"log10(RT)",-0.299027916977495,0.108824784389901,-2.74779241377706,0.00599979820242169
