"term","estimate","std.error","statistic","p.value"
"(Intercept)",-3.64962384697378,0.692610981641885,-5.26937046005548,1.36892437656063e-07
"human_impact",-0.427364140230016,0.295005409602802,-1.44866543567937,0.147431037544396
"log10(area)",1.42712682488377,0.116968756261957,12.2009233105605,3.07319274417088e-34
"depth",-5.06993050734604,0.327655125718452,-15.4733746228727,5.24821411166853e-54
"eutro",-0.768851942130285,0.276462058973007,-2.78103962976473,0.00541851221685503
"log10(RT)",-0.327452291279539,0.111663482754089,-2.93249219174609,0.00336253377833142
