"term","estimate","std.error","statistic","p.value"
"(Intercept)",-3.57989686194848,0.692275621466079,-5.17120168751152,2.32593355711965e-07
"human_impact",-0.454346529036081,0.296189074809071,-1.53397463876397,0.125035892106652
"log10(area)",1.40868393674276,0.115490048533128,12.1974486515059,3.20716104751441e-34
"depth",-5.07285807128689,0.323106260525052,-15.7002778684741,1.50581052105369e-55
"eutro",-0.638094262745567,0.284956373257162,-2.23927001685171,0.0251383525285246
"log10(RT)",-0.347035524259558,0.113572637061861,-3.05562618987649,0.00224591071302439
