"term","estimate","std.error","statistic","p.value"
"(Intercept)",-3.98835359558963,0.692969486653933,-5.75545341086771,8.64095513484548e-09
"human_impact",-0.262048800346945,0.293141480731721,-0.893932853490525,0.371357818463049
"log10(area)",1.37726281040157,0.113118847373625,12.1753610682802,4.20528984867326e-34
"depth",-4.75082907389856,0.311411235397966,-15.2558049738548,1.5062592422418e-52
"eutro",-0.8224737427462,0.279850888359046,-2.93897134852391,0.00329303514319208
"log10(RT)",-0.230231446478199,0.108281595004319,-2.1262288061883,0.0334842126655539
