"term","estimate","std.error","statistic","p.value"
"(Intercept)",-3.84085655630792,0.709282075714993,-5.41513269235817,6.12432709805886e-08
"human_impact",-0.286708413138375,0.303368522405452,-0.945082933670981,0.344616537472134
"log10(area)",1.51391644562696,0.119541574669316,12.6643508738684,9.31880021879049e-37
"depth",-5.52581502499765,0.341157283308742,-16.1972652947787,5.27199672499573e-59
"eutro",-0.64390473678558,0.285619151648818,-2.25441723031686,0.0241699323343819
"log10(RT)",-0.353701504922447,0.113313294392271,-3.12144754787547,0.00179964303842399
