"estimate","std.error","Adjusted.SE","statistic","p.value","term"
-6.1426916170305,3.54262826348537,3.5890884963529,1.71149070948584,0.0869906,"(Intercept)"
-1.40937749930309,1.1709134860635,1.18669313153885,1.18765118112336,0.2349709,"human_impact"
1.40504787044832,0.514994942081319,0.521844867850813,2.69246275475492,0.0070926,"log10(area)"
-18.2032586779096,3.91810961538299,3.97086715134572,4.58420238807045,4.6e-06,"log10(depth)"
-4.61572444229607,1.58188268023672,1.60297014142764,2.8794824825528,0.0039833,"eutro"
0.0432159230216048,0.466626121271025,0.472914540399196,0.0913820983070757,0.927189,"log10(RT)"
