"term","estimate","std.error","statistic","p.value"
"(Intercept)",-3.77889274553458,0.69705659651963,-5.42121366385802,5.91957555542895e-08
"human_impact",-0.28068910194669,0.297626223605454,-0.943092643337716,0.345633518312394
"log10(area)",1.40589366395644,0.115872667389909,12.1330913978672,7.05354671562645e-34
"depth",-4.97835798773616,0.316745943176634,-15.7171957367737,1.15315832784821e-55
"eutro",-0.713512142745921,0.278835809942274,-2.55889709034731,0.0105004820527347
"log10(RT)",-0.319446087314027,0.109378874262703,-2.9205464900543,0.00349418059417874
