"estimate","std.error","Adjusted.SE","statistic","p.value","term"
-10.7644906759191,3.92797430804649,3.98098134963984,2.70397917761985,0.0068515,"(Intercept)"
-2.4360333759883,1.2219715622176,1.23848530787748,1.96694572030345,0.0491895,"human_impact"
2.02855391380491,0.586618727755515,0.594546291360453,3.41193603136121,0.000645,"log10(area)"
-15.8480456926706,3.57595723428567,3.6242477135818,4.37278214545887,1.23e-05,"log10(depth)"
-2.87669610151953,1.52003871150196,1.54058077785291,1.86728027694124,0.0618625,"eutro"
0.132939006759418,0.492660259810714,0.499374275804428,0.266211163050541,0.7900766,"log10(RT)"
