"estimate","std.error","Adjusted.SE","statistic","p.value","term"
-11.5126903733306,4.2081531622296,4.26216645475382,2.7011357945652,0.00691031,"(Intercept)"
-3.27604174859038,1.49730538902466,1.51749344452653,2.15885067603211,0.03086175,"human_impact"
2.07390818995135,0.598920464292512,0.60700626859069,3.41661741775159,0.00063404,"log10(area)"
-21.7875929408746,4.7212126291346,4.78313763483453,4.55508383915202,5.24e-06,"log10(depth)"
-2.82107708996391,1.68882681900131,1.71166111953303,1.64815164507186,0.09932156,"eutro"
0.661326201494283,0.564065158929215,0.571752286971575,1.1566655990082,0.24740901,"log10(RT)"
