"term","estimate","std.error","statistic","p.value"
"(Intercept)",-3.82960537180097,0.696520360657809,-5.49819587209799,3.83696595877167e-08
"human_impact",-0.338014039259975,0.293822043884865,-1.15040394788223,0.249977534877527
"log10(area)",1.4606172603609,0.118097568379088,12.3678859811269,3.89949828549589e-35
"depth",-5.00626550589182,0.321497799470742,-15.5716944692413,1.13363822291979e-54
"eutro",-0.766352704092827,0.282213833390917,-2.71550368344734,0.00661750402740238
"log10(RT)",-0.395746396825298,0.112957108527146,-3.5035103322443,0.000459168841971201
