"term","estimate","std.error","statistic","p.value"
"(Intercept)",-10.684546220611,3.76914094628409,-2.83474308148244,0.00458625522161913
"human_impact",-1.26489988921889,1.23679969878038,-1.02272008189056,0.306440213615047
"log10(area)",2.07494927520634,0.578256048774265,3.58828805959684,0.000332856415350775
"log10(depth)",-18.8274579937584,4.00974655651329,-4.69542344594718,2.66054997022993e-06
"eutro",-3.66574589207235,1.53817962764134,-2.38317152704294,0.017164194657269
