"estimate","std.error","Adjusted.SE","statistic","p.value","term"
-8.92174995053655,3.4452825025308,3.49086836436672,2.55573943767285,0.0105962,"(Intercept)"
1.59156937166201,0.514547590819547,0.521385752860627,3.05257549315402,0.0022689,"log10(area)"
-14.7939634192503,3.35000638816723,3.39468554771999,4.35797755382278,1.31e-05,"log10(depth)"
-2.36511531939219,1.34448906203101,1.36228896504474,1.73613336089419,0.0825403,"eutro"
-1.19294209523918,1.13947907111834,1.15483509526772,1.03299778481587,0.3016049,"human_impact"
-0.231676482911391,0.434109339370621,0.439959550811807,0.52658587018717,0.5984812,"log10(RT)"
