"term","estimate","std.error","statistic","p.value"
"(Intercept)",-3.2132000530987,0.492994255165022,-6.51772311631326,7.13825984180249e-11
"human_impact",-2.46552307170633,0.19295867918129,-12.7774665652117,2.19090345012799e-37
"log10(area)",1.76077353473483,0.0912072696081917,19.3051885260765,4.85777264284586e-83
"depth",-5.87232602944942,0.244892382283082,-23.9792106830883,4.58286389257421e-127
"eutro",-1.33929557196192,0.185112558171121,-7.23503356657116,4.65414012396884e-13
"log10(RT)",-0.208030139969337,0.0767774029391127,-2.70952301075242,0.00673800310822586
