"term","estimate","std.error","statistic","p.value"
"(Intercept)",-2.72608341993336,0.490775781181566,-5.55464129336249,2.78182420619496e-08
"human_impact",-2.44461281245642,0.190927438783569,-12.803884177316,1.55951366835265e-37
"log10(area)",1.68700038071893,0.0904018123254156,18.6611345206919,1.02531075705931e-77
"depth",-5.98356931491294,0.247362013142557,-24.1895238436006,2.86776316572605e-129
"eutro",-1.45607687818237,0.185447004162701,-7.85171421213624,4.10388814036489e-15
"log10(RT)",-0.154286842233227,0.076654293930768,-2.01276189919086,0.0441396839668433
