"estimate","std.error","Adjusted.SE","statistic","p.value","term"
-4.02229970128964,3.52438562441271,3.5720236082033,1.12605630378597,0.2601417,"(Intercept)"
-2.1564814848028,1.17392382986727,1.18978739675541,1.81249313170033,0.06991,"human_impact"
1.04118714167723,0.494681777535986,0.501366671977832,2.07669795355537,0.0378294,"log10(area)"
-13.6939433801628,3.28706084869712,3.33148362349245,4.11046396374213,3.95e-05,"log10(depth)"
-3.45450481858308,1.46685022355589,1.48667209299719,2.32364946840339,0.0201443,"eutro"
0.0319849297494046,0.460911698450155,0.467193042344775,0.0684619137067555,0.9454179,"log10(RT)"
