"estimate","std.error","Adjusted.SE","statistic","p.value","term"
-8.96188394704276,3.68958625793162,3.73859860168301,2.39712386962547,0.0165243,"(Intercept)"
-1.24184707287083,1.17319742075298,1.18905347757839,1.04439968116485,0.2963005,"human_impact"
1.74562588388333,0.542427068710629,0.549764058155006,3.17522736888549,0.0014972,"log10(area)"
-13.8141786909872,3.32199507249799,3.36637604293037,4.10357562994128,4.07e-05,"log10(depth)"
-3.12698734709723,1.51068906891279,1.5311270682691,2.04227814392454,0.0411239,"eutro"
-0.458951428541004,0.468965535573757,0.475356637846858,0.96548862895833,0.3343001,"log10(RT)"
