"estimate","std.error","Adjusted.SE","statistic","p.value","term"
-5.95552525279813,3.3377570162004,3.38286874699507,1.76049551378199,0.0783238,"(Intercept)"
-2.17089973378632,1.12346986839297,1.13865157705552,1.90655313489322,0.0565785,"human_impact"
1.31616718370872,0.478526081072921,0.484992589726358,2.71378823427245,0.0066519,"log10(area)"
-15.534899200223,3.68615059572813,3.73596852020526,4.15819863475977,3.21e-05,"log10(depth)"
-3.11054401094042,1.50966665931729,1.530067213288,2.03294599343521,0.042058,"eutro"
0.0391229407772555,0.491842423451245,0.498545293901375,0.0784741953355898,0.9374509,"log10(RT)"
