"term","estimate","std.error","statistic","p.value"
"(Intercept)",-8.75564310268585,3.6417726618211,-2.4042256109165,0.0162067677215131
"human_impact",-2.46942083712633,1.15237158299243,-2.14290327319062,0.0321208661027198
"log10(area)",1.61523842736378,0.535135691786765,3.01837169927998,0.00254136986423695
"log10(depth)",-16.4747409658324,3.83486839210145,-4.29603816385586,1.73877661084535e-05
"eutro",-1.57308539915912,1.41280994509787,-1.11344445487333,0.265517591410292
