"term","estimate","std.error","statistic","p.value"
"(Intercept)",-3.52090478261313,0.693130141180216,-5.07971674210843,3.77998046750884e-07
"human_impact",-0.319306070671954,0.292079196364981,-1.09321743775599,0.274298342551746
"log10(area)",1.38748281509782,0.115538571606561,12.0088278382268,3.1933921127967e-33
"depth",-4.96241665258585,0.32157846028233,-15.4314335861584,1.00610308987294e-53
"eutro",-0.941300632813219,0.278191600075374,-3.38364146350278,0.000715313468283056
"log10(RT)",-0.315287924282816,0.109248639518194,-2.88596659576992,0.00390213570945225
