"term","estimate","std.error","statistic","p.value"
"(Intercept)",-3.58501503751879,0.686104777875578,-5.22517136321257,1.73993893703106e-07
"human_impact",-0.383074796681067,0.292824092196952,-1.30820792034903,0.190802796381468
"log10(area)",1.42268837293642,0.115884941112379,12.2767320695859,1.20779042895383e-34
"depth",-4.95403048414689,0.317981372035011,-15.5796248454499,1.00140723704094e-54
"eutro",-0.774037388643127,0.280854493867457,-2.75600855797029,0.00585114660512932
"log10(RT)",-0.408951448500161,0.113204916721024,-3.61248840019872,0.000303272677149132
