"term","estimate","std.error","statistic","p.value"
"(Intercept)",-3.98191859974308,0.700328034853669,-5.68579066033689,1.30208817160899e-08
"human_impact",-0.346073838847566,0.296086330181706,-1.1688274789153,0.242473146781174
"log10(area)",1.46150591600046,0.118579136351483,12.3251523073029,6.63180641040273e-35
"depth",-4.98397079337361,0.324346965965173,-15.3661705406819,2.76008214234859e-53
"eutro",-0.662587622123347,0.278481563996357,-2.37928720528163,0.0173461549706564
"log10(RT)",-0.379832412442715,0.112392857436685,-3.37950667956538,0.000726160428040925
