"term","estimate","std.error","statistic","p.value"
"(Intercept)",-3.76069812138389,0.68696078343109,-5.47440001247339,4.38996423183271e-08
"human_impact",-0.381812947725164,0.292307040320307,-1.30620510305457,0.191482817904549
"log10(area)",1.42040013978369,0.116224218574364,12.2212061927082,2.39504485073751e-34
"depth",-5.04942688608532,0.321124305980716,-15.7242126866241,1.03225976663979e-55
"eutro",-0.731095720957289,0.276863912028201,-2.64063205493832,0.00827515362279568
"log10(RT)",-0.29822886752157,0.10999978466354,-2.71117683033446,0.00670448607331048
