"estimate","std.error","Adjusted.SE","statistic","p.value","term"
-7.0683955989916,3.73144819886818,3.78188987776128,1.8690114803596,0.0616212,"(Intercept)"
-2.65115574038916,1.31973724157987,1.33757107926872,1.98206718243235,0.0474717,"human_impact"
1.47514522403224,0.526062687350658,0.533171564761113,2.76673649070759,0.0056621,"log10(area)"
-20.1157489713658,4.32997121884806,4.38848917607279,4.58375266846783,4.6e-06,"log10(depth)"
-3.00184691374428,1.71070557641171,1.73382269393934,1.73134595840589,0.0833901,"eutro"
0.00799295715230632,0.51635973565041,0.523396730119983,0.0152713165603347,0.9878157,"log10(RT)"
