"term","estimate","std.error","statistic","p.value"
"(Intercept)",-3.83990582186166,0.690611611308081,-5.56015241995213,2.69539148130104e-08
"human_impact",-0.304475000197185,0.293826728855562,-1.0362399683075,0.30009020473453
"log10(area)",1.36852864614765,0.113609001291506,12.0459526145837,2.03709367095886e-33
"depth",-4.77455983634527,0.313131612006474,-15.2477733108804,1.70343815988627e-52
"eutro",-0.677774883910814,0.276839497713199,-2.44825933260787,0.0143548293758434
"log10(RT)",-0.288947282673858,0.10790070335937,-2.67789989942419,0.00740853555739668
