"estimate","std.error","Adjusted.SE","statistic","p.value","term"
-9.64107818344667,4.40613849309751,4.460286123656,2.16153805297677,0.0306538,"(Intercept)"
-2.31310242574839,1.38725534202705,1.40597778366964,1.64519130573396,0.09993037,"human_impact"
1.96253897045946,0.624372839913413,0.632732306754339,3.10168921281496,0.0019242,"log10(area)"
-27.4037558265068,5.93058415612468,6.00657002678497,4.5622969022763,5.06e-06,"log10(depth)"
-5.42004527170982,2.05066764244835,2.07827397589576,2.60795512746279,0.00910849,"eutro"
0.786878174881905,0.554606554548405,0.562164779924422,1.39972869696265,0.16159458,"log10(RT)"
