"term","estimate","std.error","statistic","p.value"
"(Intercept)",-12.5610110289718,4.6746970342982,-2.68702141268446,0.00720923310402775
"human_impact",-4.54933418368947,1.64532133531871,-2.76501257598306,0.00569206013075256
"log10(area)",2.37042818069518,0.663688305958997,3.5715985341493,0.000354809010327036
"log10(depth)",-30.0901954569038,6.68244060925692,-4.50287510452708,6.7040285296303e-06
"eutro",-5.71285781219568,1.99574903414003,-2.86251312889016,0.00420295847470759
"log10(RT)",0.952138557396628,0.616126259563251,1.54536272820373,0.122258550400947
