"estimate","std.error","Adjusted.SE","statistic","p.value","term"
-5.87252213528752,3.1945607112931,3.23581625866703,1.81485030849887,0.0695469,"(Intercept)"
-1.37985164677587,1.10404709310085,1.11892562334632,1.23319335797245,0.2175036,"human_impact"
1.25739065921507,0.459927506461402,0.466042080313945,2.69801958305575,0.0069753,"log10(area)"
-13.5397094089503,3.24608382714758,3.28964231045353,4.11586067151589,3.86e-05,"log10(depth)"
-3.72866982769261,1.47112614723247,1.49059038307718,2.50147181279617,0.0123678,"eutro"
0.162270168076761,0.459851968206601,0.466049096445201,0.348182561267644,0.7277031,"log10(RT)"
