"term","estimate","std.error","statistic","p.value"
"(Intercept)",-3.22455320810912,0.689604766493441,-4.67594390987985,2.92604582126737e-06
"human_impact",-0.360713100997823,0.297801498304659,-1.21125347941938,0.225798272076551
"log10(area)",1.34612306601327,0.113541575749669,11.85577227659,2.00863723763585e-32
"depth",-5.0331929162427,0.319167794556022,-15.7697393098327,5.02567876794167e-56
"eutro",-0.779352263084969,0.278050004452189,-2.80292123936642,0.00506420348738348
"log10(RT)",-0.325843149036745,0.110150403625186,-2.9581657289746,0.00309475688862377
