"estimate","std.error","Adjusted.SE","statistic","p.value","term"
-9.11529625399926,3.90535985567824,3.95808535888139,2.30295595660811,0.0212813,"(Intercept)"
-2.1120408209869,1.21866218403544,1.23513106806951,1.70997303491683,0.0872709,"human_impact"
1.85183672455455,0.57146108436433,0.579183593311993,3.1973224827814,0.0013871,"log10(area)"
-20.4127982077967,4.36690849487912,4.4258940614706,4.61212987122743,4e-06,"log10(depth)"
-3.69875400238973,1.6924098266734,1.71527996531173,2.15635585862949,0.0310559,"eutro"
0.112445673524736,0.479486416304808,0.486020898036856,0.231359750123767,0.8170353,"log10(RT)"
