"term","estimate","std.error","statistic","p.value"
"(Intercept)",-12.3452756385136,4.42266466745362,-2.79136596752687,0.00524860905268537
"human_impact",-2.67802521701297,1.25874006330546,-2.12754427628247,0.0333748865732537
"log10(area)",2.18916077571704,0.614045624853523,3.56514351232329,0.000363657146391025
"log10(depth)",-23.7896117887532,5.2397710643844,-4.54020061114027,5.62007292822855e-06
"eutro",-3.5038421539031,1.67506523130466,-2.09176460022041,0.0364595784915913
"log10(RT)",0.501047480072769,0.536151645120861,0.934525678756094,0.350032796339948
