"estimate","std.error","Adjusted.SE","statistic","p.value","term"
-8.69033080567316,3.2893946143557,3.33311618923469,2.60726908763073,0.0091268,"(Intercept)"
-2.977507337747,1.18930077725517,1.20519716952017,2.47055619864462,0.0134903,"human_impact"
1.49326147716767,0.476684844261464,0.483098333566349,3.09100937306915,0.0019948,"log10(area)"
-10.6464646414674,2.93037547211275,2.96950298829073,3.58526820260773,0.0003367,"log10(depth)"
-0.802281314863811,1.37390605881555,1.39242130420522,0.576177132912904,0.5644955,"eutro"
0.0447715163509487,0.430206391313643,0.43600400524239,0.102686020799416,0.9182122,"log10(RT)"
