"term","estimate","std.error","statistic","p.value"
"(Intercept)",-3.57898534552646,0.688195568045935,-5.20053530087188,1.98715371064649e-07
"human_impact",-0.407854789091823,0.29324728668459,-1.39082203863834,0.164279398373244
"log10(area)",1.37986386172982,0.114275964778951,12.0748388727145,1.43444947883056e-33
"depth",-4.91844345529966,0.315140907668869,-15.607124735668,6.51056276856496e-55
"eutro",-0.769501458715504,0.280066102387801,-2.74757084900618,0.00600385359076934
"log10(RT)",-0.312700094973349,0.110266694001878,-2.83585263713469,0.00457035287103474
