"term","estimate","std.error","statistic","p.value"
"(Intercept)",-3.96276499858479,0.692328509655052,-5.72382177437589,1.04154014391324e-08
"human_impact",-0.497782747343814,0.296007327653447,-1.68165684035564,0.0926354017257271
"log10(area)",1.46007110347966,0.115932248487317,12.5941756718312,2.27322352483023e-36
"depth",-4.91354876325798,0.313912234580639,-15.6526194967268,3.18821500129174e-55
"eutro",-0.57133409443785,0.278487980311418,-2.05155746326631,0.0402126896879617
"log10(RT)",-0.37576566764147,0.111698961983316,-3.36409274508384,0.000767957314851499
