"estimate","std.error","Adjusted.SE","statistic","p.value","term"
-7.9155962777482,4.02341747878292,4.07541718182982,1.94227877161626,0.0521034,"(Intercept)"
-2.3241768493545,1.305293399268,1.32294794593474,1.75681655237941,0.0789491,"human_impact"
1.78743842210318,0.584043622871519,0.59191048438036,3.01977827605867,0.0025296,"log10(area)"
-24.3347012790961,5.16412782162075,5.23290018765565,4.65032781181292,3.3e-06,"log10(depth)"
-5.18733763115589,1.91532810143125,1.94122456031012,2.67219864059787,0.0075356,"eutro"
0.523024137260297,0.526301068394084,0.533473544193256,0.980412511460598,0.3268825,"log10(RT)"
