"term","estimate","std.error","statistic","p.value"
"(Intercept)",-3.89950678286695,0.704617643985148,-5.5342167715419,3.126221478411e-08
"human_impact",-0.182391051985499,0.297416699455847,-0.61325087770526,0.539710468314159
"log10(area)",1.51347977017703,0.120520181684104,12.5578948606634,3.5977806846453e-36
"depth",-5.24883710060871,0.328734861304057,-15.9667796709699,2.17741271474175e-57
"eutro",-0.654937839670963,0.281756433149048,-2.32448229256403,0.0200996595322112
"log10(RT)",-0.451123762959947,0.113503895426477,-3.97452229515916,7.05206563125699e-05
