"term","estimate","std.error","statistic","p.value"
"(Intercept)",-3.15779383575195,0.492626401039369,-6.41011896457331,1.45406128945432e-10
"human_impact",-2.68137779766557,0.194357132652575,-13.7961378678019,2.68876578173972e-43
"log10(area)",1.76726445036944,0.0918610658142262,19.2384492244346,1.76407649576926e-82
"depth",-5.85440020440635,0.246482501652926,-23.7517883222801,1.05296848200008e-124
"eutro",-1.39345004057144,0.186328235658668,-7.47846957089251,7.51931063355458e-14
"log10(RT)",-0.205750650408859,0.0773285975932641,-2.66073169322265,0.00779710617973928
