"estimate","std.error","Adjusted.SE","statistic","p.value","term"
-5.66007172125355,3.14688008689662,3.18940317633237,1.77464917676614,0.0759558,"(Intercept)"
-2.8799877447532,1.21659526258858,1.23303557196268,2.33568909951964,0.0195075,"human_impact"
1.17972099449889,0.464105172107911,0.470376741188245,2.50803428655664,0.0121405,"log10(area)"
-11.6007895915248,3.13294261742553,3.17527817433151,3.65347190217977,0.0002587,"log10(depth)"
-1.95703197319975,1.39833270044354,1.41722874607376,1.3808864508439,0.1673139,"eutro"
-0.0491985937666575,0.437130622911507,0.443087876282618,0.1110357479862,0.911588,"log10(RT)"
