"estimate","std.error","Adjusted.SE","statistic","p.value","term"
-6.32264415938259,3.49394367784233,3.54115584427933,1.78547469736377,0.0741844,"(Intercept)"
-2.07515821800968,1.21464350930629,1.23105741049287,1.68567135888395,0.0918591,"human_impact"
1.29075795770346,0.515242463292473,0.522205130719489,2.4717450706106,0.0134455,"log10(area)"
-14.6188893576917,3.48992427896002,3.53708473693623,4.13303340036868,3.58e-05,"log10(depth)"
-2.25939876421824,1.38810497404336,1.40686302229417,1.60598347416498,0.1082775,"eutro"
0.0570839003069602,0.452386100526133,0.458551256845892,0.124487501570942,0.9009293,"log10(RT)"
