"estimate","std.error","Adjusted.SE","statistic","p.value","term"
-4.5731908258403,3.2844943366292,3.32863937075829,1.37389194696645,0.1694752,"(Intercept)"
-1.94733713318808,1.03925818590829,1.0533044749426,1.84878843631059,0.0644884,"human_impact"
0.978181372530279,0.474981978036172,0.481402037789239,2.031942733401,0.0421595,"log10(area)"
-11.4181707949147,3.06691476881404,3.1082790631651,3.67347029107735,0.0002393,"log10(depth)"
-1.93288315615679,1.28852454686887,1.3059382613209,1.48007238428084,0.1388539,"eutro"
-0.210203420377396,0.428657237872884,0.434499015230784,0.483783421846758,0.6285396,"log10(RT)"
