"estimate","std.error","Adjusted.SE","statistic","p.value","term"
-6.6834413413342,3.52114405415405,3.5686838929726,1.87280284322608,0.0610956,"(Intercept)"
-2.8647217773714,1.17565769198113,1.19154511892894,2.40420755526777,0.0162076,"human_impact"
1.4076020839894,0.518203218777272,0.525205558054869,2.68009746355796,0.0073601,"log10(area)"
-15.4198584261472,3.67899230503323,3.72867943665487,4.13547441878804,3.54e-05,"log10(depth)"
-2.67450024875625,1.44772980593099,1.46729216191191,1.82274554324022,0.0683419,"eutro"
0.0920308305125534,0.485346547913967,0.491960892018847,0.187069403291162,0.8516062,"log10(RT)"
