"term","estimate","std.error","statistic","p.value"
"(Intercept)",-4.11795489330566,0.722749129740041,-5.6976269134863,1.21486541077204e-08
"human_impact",-0.438633473101316,0.300627602178502,-1.45905921453237,0.144548810512691
"log10(area)",1.43351570319817,0.120028109200015,11.9431665861649,7.04875858262628e-33
"depth",-4.99541784475341,0.327455376394143,-15.2552628689799,1.51882132417933e-52
"eutro",-0.560535834415448,0.278834583242936,-2.01028089090039,0.0444014681910059
"log10(RT)",-0.238523491369343,0.110229082830856,-2.16388892335566,0.0304728752414623
