"estimate","std.error","Adjusted.SE","statistic","p.value","term"
-4.86682802035077,3.37358887348748,3.41917340248663,1.42339315602166,0.1546222,"(Intercept)"
-2.79408512700245,1.22053932377918,1.23703286768575,2.25869918252831,0.0239021,"human_impact"
1.07543113573307,0.483214842249301,0.489744604382379,2.19590195810183,0.028099,"log10(area)"
-12.7655745398345,3.26460955246015,3.30872381080097,3.8581565793321,0.0001142,"log10(depth)"
-2.11086947116717,1.35658162533586,1.37491359292723,1.53527427616238,0.1247165,"eutro"
-0.0629310629336584,0.468804860770786,0.475193773353983,0.132432423281733,0.8946423,"log10(RT)"
