"term","estimate","std.error","statistic","p.value"
"(Intercept)",-3.95383896463902,0.705566540155067,-5.60377900540756,2.09728082136259e-08
"human_impact",-0.306559384921205,0.299040859224085,-1.02514213514711,0.30529612673376
"log10(area)",1.5363154067852,0.121148752696971,12.6812317302844,7.51416839256075e-37
"depth",-5.38729406688021,0.332577888213376,-16.1985936462013,5.15935328558568e-59
"eutro",-0.699184155270112,0.281143807102781,-2.48692710849755,0.0128851796597025
"log10(RT)",-0.403429133899373,0.11476264082725,-3.51533505147069,0.000439199499376564
