"term","estimate","std.error","statistic","p.value"
"(Intercept)",-4.26518910621714,0.700402563963404,-6.08962520365645,1.13175325925591e-09
"human_impact",-0.368904405971176,0.295319166979305,-1.24917190355283,0.211602206033603
"log10(area)",1.50838966482429,0.117554923252835,12.8313610615872,1.09424797111079e-37
"depth",-4.93334660548914,0.319535375354338,-15.4391250108645,8.93035495016712e-54
"eutro",-0.640736259500255,0.280545642199135,-2.28389311085949,0.022377813614045
"log10(RT)",-0.38184904648323,0.111736112770518,-3.41741838887366,0.000632180445973395
