"term","estimate","std.error","statistic","p.value"
"(Intercept)",-7.68221383597414,4.21247831027123,-1.82368033023285,0.0682004142351932
"human_impact",-2.31148242509287,1.23567157180014,-1.87062847268184,0.061396595249606
"log10(area)",1.61937313078725,0.558336328124601,2.90035422954938,0.00372741164041558
"log10(depth)",-18.2031460743816,4.08879906580839,-4.45195417564075,8.50923277643685e-06
"eutro",-4.09995691888556,1.61528727097423,-2.5382215241582,0.011141743439988
"log10(RT)",0.235859899484324,0.53453135070066,0.441246148004529,0.659034807622947
