"estimate","std.error","Adjusted.SE","statistic","p.value","term"
-6.18623129864312,3.59451477315976,3.64304550558061,1.69809333678833,0.0894901,"(Intercept)"
-1.75195405365829,1.14587201923763,1.16135740006221,1.50853996673586,0.1314164,"human_impact"
1.37711053130439,0.521432321066278,0.52847881918738,2.6058008028059,0.009166,"log10(area)"
-17.1552876849259,3.84347418711811,3.89539893657636,4.40398736156241,1.06e-05,"log10(depth)"
-3.79148764453065,1.54110642043425,1.5619326968632,2.42743343048329,0.0152061,"eutro"
-0.116979897454617,0.481685192863785,0.488249639710106,0.239590340556262,0.8106479,"log10(RT)"
