"term","estimate","std.error","statistic","p.value"
"(Intercept)",-3.88611274406443,0.699828060653597,-5.55295359325122,2.80882663003512e-08
"human_impact",-0.361240213034977,0.293327881514879,-1.23152361503914,0.218127089958091
"log10(area)",1.47560596576365,0.119168005898619,12.3825682458681,3.24780741321502e-35
"depth",-5.27195078382292,0.331151769062347,-15.9200441499993,4.60052175492538e-57
"eutro",-0.81292156729522,0.281170057374993,-2.89120959352737,0.00383762087599259
"log10(RT)",-0.277283724033159,0.111457974272892,-2.48778722062776,0.012854061276637
