"term","estimate","std.error","statistic","p.value"
"(Intercept)",-3.63862498996634,0.694374045175707,-5.24015120560217,1.60445076618071e-07
"human_impact",-0.420441197315849,0.296305907850336,-1.41894301185589,0.155915631162001
"log10(area)",1.42036220987249,0.116101572021285,12.2337896476724,2.05139900977647e-34
"depth",-5.06483098381335,0.323615260168075,-15.6507792036223,3.28176553617154e-55
"eutro",-0.570096696814729,0.278368018316741,-2.04799639075652,0.040560353049275
"log10(RT)",-0.366381625605979,0.111354488584896,-3.2902277246476,0.00100106330714173
