"estimate","std.error","Adjusted.SE","statistic","p.value","term"
-6.44351722364068,3.68371346567972,3.73349854227335,1.72586573978336,0.0843716,"(Intercept)"
-1.83923175921635,1.19628649490222,1.21245234194069,1.51695179727429,0.1292789,"human_impact"
1.35850260649915,0.532825909945651,0.540026139026941,2.51562379729804,0.0118822,"log10(area)"
-13.2790654593796,3.11393449345519,3.15601501707695,4.20754191204021,2.58e-05,"log10(depth)"
-2.91634648669677,1.33536322184925,1.35340837548642,2.1548163433292,0.0311762,"eutro"
-0.0418544512418252,0.478304169600439,0.484822539573675,0.0863294253576362,0.9312045,"log10(RT)"
