"term","estimate","std.error","statistic","p.value"
"(Intercept)",-4.04264568291714,0.702151477961551,-5.75751217479956,8.53626144392911e-09
"human_impact",-0.387056281053352,0.295725113946605,-1.3088380485779,0.19058921545762
"log10(area)",1.53956326830492,0.119968642342475,12.833047355074,1.07068498785079e-37
"depth",-5.28072997361718,0.333711929242622,-15.8242169694146,2.11817868973374e-56
"eutro",-0.6729189655148,0.284195613016467,-2.36780208664168,0.0178941052033491
"log10(RT)",-0.408256959414828,0.113832164091948,-3.58648157725488,0.00033516973164301
