"estimate","std.error","Adjusted.SE","statistic","p.value","term"
-5.70411132540366,3.2582793611022,3.30229939528711,1.72731501375808,0.0841111,"(Intercept)"
-1.98087910632901,1.11361587613455,1.1286647840983,1.75506415566208,0.0792483,"human_impact"
1.18792897979066,0.478325981197129,0.484789676655622,2.45040073457366,0.0142697,"log10(area)"
-11.6474252750549,3.02729268462565,3.06819886743577,3.79617677285344,0.0001469,"log10(depth)"
-2.55005320214168,1.32145215598433,1.33930951650718,1.90400588565369,0.0569094,"eutro"
-0.0731278046124342,0.440879776742253,0.446888123901184,0.163637833948356,0.8700163,"log10(RT)"
