"term","estimate","std.error","statistic","p.value"
"(Intercept)",-3.44140924463593,0.699830060908996,-4.91749274126057,8.7659706286214e-07
"human_impact",-0.416524300708743,0.298586743648095,-1.39498591136265,0.163020088099464
"log10(area)",1.42301082462366,0.117298302794622,12.1315551096696,7.18714690314891e-34
"depth",-5.22623118787512,0.332566892463155,-15.7148270207147,1.19707471364662e-55
"eutro",-0.749612856679498,0.282792087542529,-2.65075611978275,0.0080311809567343
"log10(RT)",-0.351378638145894,0.110219493145561,-3.18798996545781,0.00143265508182436
