"estimate","std.error","Adjusted.SE","statistic","p.value","term"
-6.65398600534474,3.65691942793073,3.70622785666845,1.79535265036997,0.0725975,"(Intercept)"
-2.36888178378678,1.19411613703737,1.21025327344743,1.95734383517838,0.0503071,"human_impact"
1.39320953587498,0.508336262851386,0.515204995727025,2.70418483405613,0.0068472,"log10(area)"
-13.5011659062303,3.33966415726943,3.3847674188825,3.98880166209109,6.64e-05,"log10(depth)"
-3.00523635634229,1.62654938048874,1.64853082133946,1.82297856821414,0.0683066,"eutro"
0.124645130494159,0.477533986553731,0.48404186040679,0.25750898979978,0.7967859,"log10(RT)"
