"term","estimate","std.error","statistic","p.value"
"(Intercept)",-3.69130788306999,0.681357701900256,-5.4175771005086,6.041210094841e-08
"human_impact",-0.454049371766498,0.29796625779121,-1.52382815132262,0.127551645271093
"log10(area)",1.41243373730312,0.114040515436225,12.3853678835132,3.13643338690751e-35
"depth",-4.87525123336212,0.316133807992262,-15.4214801141466,1.17382923696131e-53
"eutro",-0.657356329222932,0.281031424024406,-2.33908478920081,0.0193310457383178
"log10(RT)",-0.385119959047416,0.112127331359568,-3.43466623505397,0.000593284060266634
