"estimate","std.error","Adjusted.SE","statistic","p.value","term"
-7.53932051326793,3.19918359181862,3.24239542192413,2.32523166739296,0.0200596,"(Intercept)"
-1.52521478440204,1.0731222897547,1.08762395956437,1.40233650701566,0.1608148,"human_impact"
1.43350551797038,0.466965400752233,0.473275644023702,3.02890194344881,0.0024544,"log10(area)"
-12.8806160719898,3.22063563974554,3.26415474677913,3.94608009460937,7.94e-05,"log10(depth)"
-2.27002606367903,1.32959529200344,1.34756279698331,1.68454195141093,0.092077,"eutro"
-0.0868363664800778,0.468523858562388,0.474908941623548,0.182848455502258,0.8549169,"log10(RT)"
