"term","estimate","std.error","statistic","p.value"
"(Intercept)",-3.55720302866719,0.7094358766347,-5.01412903663857,5.32742270722882e-07
"human_impact",-0.395103193287935,0.302163518036883,-1.30758072931792,0.191015556652888
"log10(area)",1.50192850190392,0.120762910214184,12.4370015532096,1.64566303117562e-35
"depth",-5.3387311370529,0.333825574519958,-15.9925767962206,1.43951408491711e-57
"eutro",-0.95822580882817,0.287912932234167,-3.32817911787589,0.000874156430709816
"log10(RT)",-0.43476829312403,0.113012889379649,-3.84706820178266,0.000119539701327313
