"term","estimate","std.error","statistic","p.value"
"(Intercept)",-3.59954125843286,0.68571154683465,-5.2493519688401,1.52635197101319e-07
"human_impact",-0.414083008386722,0.292089740938108,-1.41765680320304,0.156290987400501
"log10(area)",1.4158164820906,0.114746877321075,12.338605765532,5.61192476123886e-35
"depth",-4.93226316252333,0.311954612171792,-15.8108358398213,2.61968038235822e-56
"eutro",-0.769812269979851,0.278071401912413,-2.76839784560919,0.00563326424991716
"log10(RT)",-0.375610057296,0.109423634644768,-3.43262274658832,0.000597773226267684
