"term","estimate","std.error","statistic","p.value"
"(Intercept)",-3.57653955897023,0.692102232314946,-5.1676463273459,2.37060354806025e-07
"human_impact",-0.604450571699288,0.293573187693928,-2.0589433811969,0.0394996626718945
"log10(area)",1.4120270660605,0.115588917378182,12.2159381546991,2.55536588964462e-34
"depth",-4.90957568514801,0.316801124274288,-15.4973429983704,3.6153685255779e-54
"eutro",-0.719292631740435,0.281584503971835,-2.5544467880675,0.0106356684862496
"log10(RT)",-0.357171653448075,0.108816345489401,-3.28233457796894,0.00102951371044412
