"estimate","std.error","Adjusted.SE","statistic","p.value","term"
-6.48788967722818,3.5111050230853,3.5585278791183,1.82319484281677,0.0682739,"(Intercept)"
-1.83608937108995,1.10766657078716,1.12263534911552,1.63551715393297,0.1019407,"human_impact"
1.33938435847969,0.499978220018014,0.506734571665738,2.64316751485273,0.0082134,"log10(area)"
-15.5614372869846,3.54441920897279,3.59230697309201,4.33187848464698,1.48e-05,"log10(depth)"
-2.65987550168827,1.51024965415583,1.53065686914079,1.73773466497515,0.0822576,"eutro"
-0.108766515211279,0.520370126797129,0.527461775218922,0.2062073885186,0.8366289,"log10(RT)"
