"term","estimate","std.error","statistic","p.value"
"(Intercept)",-3.36501301900507,0.688495589870665,-4.88748667168252,1.02131407216786e-06
"human_impact",-0.643389837595096,0.294467713293216,-2.1849248951597,0.0288943538285965
"log10(area)",1.4002336682701,0.116568704858479,12.0120890934669,3.06990508870239e-33
"depth",-4.98909381187206,0.321505147230007,-15.5179282660219,2.62386481863165e-54
"eutro",-0.698236925193716,0.277781441579669,-2.51361977683976,0.0119499191553542
"log10(RT)",-0.371161463859559,0.110414208061795,-3.36153716423734,0.00077509925205732
