"term","estimate","std.error","statistic","p.value"
"(Intercept)",-3.92459105065466,0.708835658956616,-5.53667271258832,3.08271836098325e-08
"human_impact",-0.355042710082932,0.298530149730766,-1.18930268987281,0.234320577235689
"log10(area)",1.44933968306335,0.118178688378886,12.2639682581068,1.41401881051671e-34
"depth",-5.15303848724139,0.327700691957049,-15.7248324880461,1.02220817228048e-55
"eutro",-0.727669751531012,0.284884930422939,-2.55425848763118,0.0106414224485262
"log10(RT)",-0.272831727659236,0.110223669980629,-2.47525533950361,0.0133140949240099
