"estimate","std.error","Adjusted.SE","statistic","p.value","term"
-9.87600909143953,3.65885125153514,3.70819444786501,2.66329320921281,0.007738,"(Intercept)"
-2.09247355144759,1.17539762945054,1.19128039135085,1.75649122292262,0.0790046,"human_impact"
1.87478406300586,0.550943894206147,0.558388820550056,3.35748853488695,0.0007865,"log10(area)"
-14.838500964769,3.56442446397407,3.61256797489929,4.10746623118772,4e-05,"log10(depth)"
-2.84922828005986,1.51015643621719,1.53056544250325,1.8615527313879,0.0626662,"eutro"
-0.182712050571893,0.482919116289429,0.489500379149321,0.37326232696575,0.7089532,"log10(RT)"
