"term","estimate","std.error","statistic","p.value"
"(Intercept)",-3.4447627453401,0.687237527486891,-5.01247764792037,5.3733618905945e-07
"human_impact",-0.474318510570527,0.29121743679695,-1.6287435113346,0.10336732749232
"log10(area)",1.417828723575,0.114675078744331,12.3638783517739,4.09892913731806e-35
"depth",-4.98401014687468,0.316817512016418,-15.7314856592157,9.20262218263549e-56
"eutro",-0.811794065693625,0.27690800932404,-2.93163808325839,0.00337179433454842
"log10(RT)",-0.395722450735489,0.11113439927285,-3.56075574551798,0.000369788948420925
