"term","estimate","std.error","statistic","p.value"
"(Intercept)",-3.75306776086614,0.697132489446515,-5.38357890025449,7.30192181097279e-08
"human_impact",-0.370503694169664,0.298383374657673,-1.24170354529549,0.21434596142358
"log10(area)",1.4725511402843,0.11804448429661,12.4745442284642,1.02792674329814e-35
"depth",-5.30286884813381,0.331065943239185,-16.0175607199278,9.63567394634483e-58
"eutro",-0.698174436753975,0.284474988207406,-2.45425596518506,0.0141176450761475
"log10(RT)",-0.345666939643741,0.113344414072256,-3.04970423529987,0.00229066826506754
