"term","estimate","std.error","statistic","p.value"
"(Intercept)",-3.90939696559584,0.69209740519529,-5.64862248615529,1.61738593273173e-08
"human_impact",-0.320044477913663,0.292790325335411,-1.09308419787106,0.274356833408194
"log10(area)",1.48672645588822,0.118972995508592,12.4963354039519,7.81725105169619e-36
"depth",-5.04219979941867,0.323883138147614,-15.5679601854439,1.20179008511749e-54
"eutro",-0.763073917131239,0.278671188317903,-2.73825909932511,0.00617653929893571
"log10(RT)",-0.406896756472954,0.11353065128892,-3.5840255636115,0.000338338949703648
