"term","estimate","std.error","statistic","p.value"
"(Intercept)",-3.65575175872149,0.685334509805689,-5.3342589734143,9.59355233117686e-08
"human_impact",-0.401629024466882,0.287740799509277,-1.39580144752442,0.162774294372127
"log10(area)",1.38440580434291,0.113500710362538,12.19733162833,3.21177255820493e-34
"depth",-4.81474755051784,0.307837668520721,-15.6405405928864,3.85441998299953e-55
"eutro",-0.714813380810542,0.276995617662657,-2.58059454818195,0.00986303440301287
"log10(RT)",-0.33406175549254,0.107936385146484,-3.09498743208025,0.00196821236844467
