"term","estimate","std.error","statistic","p.value"
"(Intercept)",-3.38924238708466,0.681732662151984,-4.97151240544357,6.64326126529894e-07
"human_impact",-0.389932388118478,0.289022765799093,-1.34914073997039,0.177291764728773
"log10(area)",1.33157428216574,0.111963204509887,11.8929632998148,1.28755812224926e-32
"depth",-4.84115658537771,0.311729917954783,-15.5299709990619,2.17478134344832e-54
"eutro",-0.703537338007704,0.276349689193705,-2.54582279451947,0.0109020515918138
"log10(RT)",-0.317747271348274,0.108097871226108,-2.93944059900721,0.00328805290341309
