"estimate","std.error","Adjusted.SE","statistic","p.value","term"
-5.214796547598,3.11582450734545,3.15791890655845,1.65133960114295,0.0986693,"(Intercept)"
-2.1720732204309,1.11868466113672,1.13380185954222,1.9157432157572,0.0553978,"human_impact"
1.14418879461669,0.458855130846815,0.465055807899571,2.46032578280106,0.0138811,"log10(area)"
-12.3438561558908,3.27066297226283,3.31485429839508,3.72380051873386,0.0001962,"log10(depth)"
-2.47366146264248,1.37272627245327,1.39127647712837,1.77797979287925,0.0754072,"eutro"
-0.0630053998979439,0.440002229299799,0.445998617167421,0.141268150780595,0.8876581,"log10(RT)"
