"term","estimate","std.error","statistic","p.value"
"(Intercept)",-3.93065387177154,0.713187939212038,-5.51138578719419,3.56019417428959e-08
"human_impact",-0.449354678676673,0.29449863944309,-1.52582938762102,0.127052359860108
"log10(area)",1.57115145852335,0.124068899391998,12.663539905833,9.41559357885062e-37
"depth",-5.65218608271689,0.352358077271076,-16.0410288490947,6.60509809640039e-58
"eutro",-0.781801721932407,0.283721654936347,-2.75552362088048,0.00585982732546269
"log10(RT)",-0.326280015602611,0.112699742085102,-2.89512655101047,0.00379005702256379
