"estimate","std.error","Adjusted.SE","statistic","p.value","term"
-5.5665475926,3.4810988081199,3.52784882578719,1.57788722461992,0.1145915,"(Intercept)"
-1.52629474480593,1.09909200760234,1.11394716396369,1.37016798837658,0.1706345,"human_impact"
1.29438827660836,0.50373546181926,0.510542158442421,2.5353210409838,0.0112344,"log10(area)"
-15.7384976322087,3.68870354384733,3.73846104105989,4.20988675804059,2.55e-05,"log10(depth)"
-4.22316881377179,1.63082559135576,1.65286758886719,2.55505573599285,0.0106171,"eutro"
0.202308923723944,0.461067883000089,0.467351355391062,0.432883999137351,0.665099,"log10(RT)"
