"estimate","std.error","Adjusted.SE","statistic","p.value","term"
-9.62299957551568,4.26841650597251,4.32382629974054,2.22557496726756,0.0260427,"(Intercept)"
-1.90467736663052,1.28955077750715,1.30699625895058,1.45729366368641,0.1450353,"human_impact"
2.02859730709448,0.632569529354397,0.641072498779655,3.1643804888778,0.0015541,"log10(area)"
-24.9190434359205,5.46552535780658,5.53731497019577,4.50020336030109,6.8e-06,"log10(depth)"
-5.59479321779952,1.95416149917059,1.98041545843321,2.82506036497302,0.0047272,"eutro"
0.502267456427045,0.524073395645856,0.531215512531026,0.945506003832503,0.3444006,"log10(RT)"
