"term","estimate","std.error","statistic","p.value"
"(Intercept)",-3.48938238638847,0.695274432006208,-5.01871236127566,5.20189684979885e-07
"human_impact",-0.677498418759319,0.297520655095235,-2.27714750944756,0.0227774184297854
"log10(area)",1.46709678632936,0.117203627562497,12.5175032278506,5.98895649362786e-36
"depth",-5.17632370794669,0.328117916004755,-15.7758033178282,4.56552211752513e-56
"eutro",-0.580036165485196,0.280085659489988,-2.07092418277106,0.0383658818520816
"log10(RT)",-0.41510786409506,0.113166736232696,-3.66810847351387,0.00024435151970097
