"term","estimate","std.error","statistic","p.value"
"(Intercept)",-3.63822013744048,0.70697610126152,-5.14617132170165,2.65856639176442e-07
"human_impact",-0.455461673673595,0.297139508566163,-1.532820983219,0.125319969074087
"log10(area)",1.43701992433458,0.119288455444798,12.0465967890713,2.02124054874732e-33
"depth",-5.16355031286929,0.332589686563116,-15.5252869270479,2.33955296040701e-54
"eutro",-0.927305064397488,0.282536230075319,-3.28207488345932,0.00103046235670886
"log10(RT)",-0.292427690678362,0.111592944076408,-2.62048548946012,0.00878046667199823
