"estimate","std.error","Adjusted.SE","statistic","p.value","term"
-7.46197797319745,3.4215060634725,3.46757550347698,2.1519294866731,0.0314029,"(Intercept)"
-2.00107974081788,1.07001269696226,1.08447561530245,1.84520491985409,0.0650077,"human_impact"
1.48986550593764,0.511360125895882,0.518271584551563,2.87468105593084,0.0040444,"log10(area)"
-12.4489550197567,3.25955970515211,3.30352401979006,3.76838640953725,0.0001643,"log10(depth)"
-2.36005799658049,1.33435570145243,1.35238780270544,1.745104467712,0.0809667,"eutro"
-0.211900202903227,0.444970078600656,0.451034168741794,0.469809645451793,0.638491,"log10(RT)"
