"term","estimate","std.error","statistic","p.value"
"(Intercept)",-3.98826956931256,0.711347979463364,-5.60663653296841,2.06296249752156e-08
"human_impact",-0.543258463906246,0.296842894332046,-1.830121166042,0.0672318225836888
"log10(area)",1.4262882877917,0.117321053828584,12.1571383928722,5.2568030635971e-34
"depth",-4.94701421267981,0.322462875906603,-15.3413449494653,4.04721919040763e-53
"eutro",-0.53258749233073,0.283578872628955,-1.87809298835738,0.0603684453660124
"log10(RT)",-0.262905700870388,0.112085817868478,-2.34557507693687,0.0189977520966589
