"estimate","std.error","Adjusted.SE","statistic","p.value","term"
-10.1911916865991,3.9766310081559,4.03016885321326,2.52872573278751,0.0114477,"(Intercept)"
-1.56970482421025,1.10769271954697,1.12266277287455,1.39819798263289,0.1620536,"human_impact"
1.90941845770958,0.586522471767899,0.594447872562232,3.21208729283438,0.0013177,"log10(area)"
-15.6384224604588,3.55200735874196,3.5999199600202,4.34410282287805,1.4e-05,"log10(depth)"
-3.03675018732999,1.50303390662444,1.52334202719034,1.99347889910908,0.046209,"eutro"
0.188975154725531,0.487443815528124,0.494086741374731,0.38247364055901,0.7021101,"log10(RT)"
