"estimate","std.error","Adjusted.SE","statistic","p.value","term"
-7.52056300352264,3.21592209796385,3.2589139030024,2.30768999346501,0.0210164,"(Intercept)"
-1.51674093966651,1.10646230270856,1.12141828010314,1.35252025633737,0.1762089,"human_impact"
1.48589258888002,0.47554083080582,0.481964929407149,3.0829890272468,0.0020493,"log10(area)"
-13.1569569947079,3.14841279532031,3.1907877269054,4.12341970722957,3.73e-05,"log10(depth)"
-2.35687871481638,1.38974359848545,1.4085352473669,1.67328344762568,0.0942715,"eutro"
-0.354812636609593,0.472966631089199,0.479412260632864,0.740099212609229,0.4592398,"log10(RT)"
