"term","estimate","std.error","statistic","p.value"
"(Intercept)",-3.4202799911135,0.684507510736614,-4.99670191702186,5.83191078559015e-07
"human_impact",-0.530050128719945,0.295208649912503,-1.79551015485843,0.0725724562917602
"log10(area)",1.33514698761467,0.11288350981626,11.8276530361953,2.80885896619754e-32
"depth",-4.74169429437896,0.314598915144972,-15.0721889558771,2.46798647325714e-51
"eutro",-0.716727800935238,0.277799002826855,-2.58002294335793,0.00987937512049718
"log10(RT)",-0.321298121269882,0.109656561983147,-2.93004007657345,0.00338918290132386
