"estimate","std.error","Adjusted.SE","statistic","p.value","term"
-8.94574311249539,3.68881718458367,3.73857752229278,2.3928200121979,0.0167194,"(Intercept)"
-1.99795145587573,1.20996566707028,1.22631663915841,1.62922967207464,0.1032644,"human_impact"
1.77911199274158,0.545974321921496,0.553352553679415,3.21515095739904,0.0013038,"log10(area)"
-15.0600959184368,3.50581395754589,3.55315030733328,4.23851923386255,2.25e-05,"log10(depth)"
-3.11231815796492,1.51016504562026,1.53057399993957,2.03343200530507,0.0420089,"eutro"
0.128664310859233,0.439156541344491,0.445141404104608,0.289041436435325,0.7725497,"log10(RT)"
