"term","estimate","std.error","statistic","p.value"
"(Intercept)",-6.20368790704631,3.3035244157009,-1.87789982043468,0.0603948709671474
"human_impact",-1.25877074984811,1.04575255555206,-1.203698468787,0.228706144319142
"log10(area)",1.20099657558287,0.497756857684996,2.41281773830009,0.0158297332087186
"log10(depth)",-14.1192090755303,3.25685862431107,-4.33522320254749,1.45612296898496e-05
"eutro",-2.46312816341052,1.36631873357605,-1.802747852958,0.0714278231824197
