"term","estimate","std.error","statistic","p.value"
"(Intercept)",-3.70885959357866,0.696831129257472,-5.32246542649542,1.0237024496553e-07
"human_impact",-0.561264086477275,0.296584893051213,-1.89242304523029,0.0584346379440247
"log10(area)",1.41854797088514,0.116393283393974,12.1875414931252,3.62183606373012e-34
"depth",-4.91753469211089,0.318304883618987,-15.4491336614151,7.64642728088954e-54
"eutro",-0.60360938146545,0.279234272953667,-2.16165936609653,0.0306444418732601
"log10(RT)",-0.357490749591861,0.109757815899621,-3.25708694785622,0.00112561948052422
