"term","estimate","std.error","statistic","p.value"
"(Intercept)",-3.80230531834392,0.697838943146418,-5.44868605526667,5.07432912335738e-08
"human_impact",-0.375108383922843,0.292343861220309,-1.28310675776483,0.199454676550388
"log10(area)",1.52436912977558,0.121054768907578,12.5923922166123,2.32518202091053e-36
"depth",-5.24058604016152,0.329019963062461,-15.9278664777147,4.0597439092193e-57
"eutro",-0.717521822643243,0.280341509666913,-2.55945622714154,0.0104836057524122
"log10(RT)",-0.470289416653499,0.11449162356121,-4.10763165046805,3.99736936422535e-05
