"term","estimate","std.error","statistic","p.value"
"(Intercept)",-3.84487472375105,0.705710283068984,-5.4482339509501,5.08724153634695e-08
"human_impact",-0.619401281138697,0.294758379804812,-2.10138650357918,0.0356070517287269
"log10(area)",1.48109397886182,0.118999013626426,12.4462710549133,1.46532913532834e-35
"depth",-5.13700612640837,0.327464232796346,-15.6872281364638,1.84957425689252e-55
"eutro",-0.613811549848852,0.283533675618376,-2.16486295150004,0.030398182165794
"log10(RT)",-0.356112187400249,0.110587641604447,-3.22018068414916,0.0012810982408225
