"term","estimate","std.error","statistic","p.value"
"(Intercept)",-3.32206033529778,0.491074990607483,-6.76487379491315,1.33425453643775e-11
"human_impact",-2.50545438561635,0.192065204207163,-13.0448115053363,6.80250248012867e-39
"log10(area)",1.81067892787698,0.0920577743781458,19.6689409461416,3.98006643812934e-86
"depth",-6.04973017519491,0.250653529307734,-24.1358268200065,1.05192914651812e-128
"eutro",-1.52368841695964,0.186278769844407,-8.17961391001414,2.84754775087249e-16
"log10(RT)",-0.171078005855156,0.0765569753598254,-2.23464948884242,0.0254403691356821
