"term","estimate","std.error","statistic","p.value"
"(Intercept)",-4.17176959188678,0.712370527495167,-5.8561793769817,4.73636645684712e-09
"human_impact",-0.290728292014825,0.296171910055232,-0.981620073154837,0.326287054638522
"log10(area)",1.54450177591147,0.121429363630411,12.7193434086701,4.6172363523123e-37
"depth",-5.31088453545746,0.334150064585134,-15.8937109350891,7.0054721149837e-57
"eutro",-0.671298915611598,0.283167543610232,-2.37067746908033,0.0177555176000283
"log10(RT)",-0.367835789279923,0.112427796756967,-3.27175129185417,0.00106883555294162
