"term","estimate","std.error","statistic","p.value"
"(Intercept)",-3.81553560399937,0.701562718447677,-5.43862366637991,5.36937346783765e-08
"human_impact",-0.643948367109256,0.296567162606254,-2.17134075617203,0.0299054236440761
"log10(area)",1.46844904630505,0.120374874049215,12.1989664197254,3.14794317283397e-34
"depth",-5.03076153950099,0.324104034631989,-15.5220577405439,2.46032886763068e-54
"eutro",-0.570558253935799,0.286348843576231,-1.99252857741647,0.0463130928796299
"log10(RT)",-0.388801974973038,0.110894532661743,-3.50605179210219,0.000454806711931608
