"estimate","std.error","Adjusted.SE","statistic","p.value","term"
-8.81153671386932,3.79606994371191,3.84648497698727,2.29080232123275,0.0219748,"(Intercept)"
-1.93241985476655,1.19829376250479,1.21446198657546,1.5911736029018,0.1115705,"human_impact"
1.78552105943929,0.56116993138735,0.56875564945038,3.13934650348482,0.0016933,"log10(area)"
-18.0074391537265,4.07555782279106,4.13025851658408,4.35988185277552,1.3e-05,"log10(depth)"
-4.1182856746913,1.51871211769209,1.53922694696435,2.67555455861356,0.0074606,"eutro"
0.375562822499382,0.52018604643427,0.527275186193194,0.712270996878991,0.476297,"log10(RT)"
