"term","estimate","std.error","statistic","p.value"
"(Intercept)",-3.95700746810261,0.706061068329529,-5.60434167183938,2.09047978271336e-08
"human_impact",-0.291769935637317,0.29615452986157,-0.985194910824756,0.324528339952402
"log10(area)",1.46376700968851,0.118414404820615,12.3613931253209,4.22765802636949e-35
"depth",-5.29115776077666,0.333586266705509,-15.8614376216144,1.17180492840395e-56
"eutro",-0.645864695251852,0.28275831503432,-2.28415809866974,0.0223622411223638
"log10(RT)",-0.260721666551658,0.110164386423921,-2.36666017952828,0.0179494051712951
