"term","estimate","std.error","statistic","p.value"
"(Intercept)",-9.65702386921124,4.29383024574847,-2.24904649613783,0.0245095380362137
"human_impact",-3.32055079765515,1.29279119885066,-2.56851284306952,0.0102135927377795
"log10(area)",1.79253026199005,0.593654948389775,3.01948171551858,0.00253207576456294
"log10(depth)",-24.1227500864,5.47283287967548,-4.40772642190207,1.04461374485016e-05
"eutro",-4.29960426864064,1.87420772036442,-2.29409164305685,0.02178523529052
"log10(RT)",0.753945145254443,0.586192507070679,1.28617328976458,0.198382590652439
