"term","estimate","std.error","statistic","p.value"
"(Intercept)",-3.76083465211179,0.706486335194534,-5.32329425887087,1.01904697987259e-07
"human_impact",-0.179763134984679,0.298039654925579,-0.603151735058767,0.546407752433375
"log10(area)",1.44847799939547,0.118395915096975,12.2341889769513,2.04133579566391e-34
"depth",-5.30920067454716,0.331833685399472,-15.9995832495299,1.28633253820341e-57
"eutro",-0.837836501699813,0.28414591627211,-2.94861355986361,0.00319202841905081
"log10(RT)",-0.291470053206456,0.111088996245397,-2.62375269430463,0.00869669062717107
