"estimate","std.error","Adjusted.SE","statistic","p.value","term"
-13.9501117864136,4.46622549629447,4.52601796567412,3.08220424492634,0.0020547,"(Intercept)"
2.29984242498611,0.616385675982395,0.624662983011966,3.68173317057601,0.0002317,"log10(area)"
-24.3027519754096,5.08081760273108,5.14939781164678,4.71953282002066,2.4e-06,"log10(depth)"
-4.88355624888565,1.72677545220283,1.74993556315927,2.79070632753417,0.0052593,"eutro"
0.720192384451488,0.591703979191035,0.599694806120348,1.20093150232647,0.2297778,"log10(RT)"
-0.905825189738556,1.30648278287609,1.32428764154911,0.684009395933766,0.4939692,"human_impact"
