"estimate","std.error","Adjusted.SE","statistic","p.value","term"
-6.63678835522484,3.47112246009795,3.51803425831851,1.88650475461742,0.059227,"(Intercept)"
-2.28199530163768,1.21540820989036,1.23183239091402,1.85252094235356,0.0639511,"human_impact"
1.40817262510494,0.497455819751709,0.504178106058545,2.79300629714655,0.0052221,"log10(area)"
-14.3813640763516,3.43711088590569,3.48356207907767,4.12835016281935,3.65e-05,"log10(depth)"
-3.22856347762637,1.50066049350748,1.52093960993687,2.12274271544574,0.0337754,"eutro"
0.0369335608543299,0.463443580523165,0.469759429122384,0.0786222874191798,0.9373331,"log10(RT)"
