"term","estimate","std.error","statistic","p.value"
"(Intercept)",-3.36800186699555,0.691894945283558,-4.86779371630653,1.12851034707241e-06
"human_impact",-0.498531294528407,0.295154681990188,-1.6890509449719,0.0912096674284606
"log10(area)",1.40965027850278,0.115519220322481,12.2027336625683,3.00561125600424e-34
"depth",-5.28923740427933,0.328770835629748,-16.0879154446531,3.10103808328212e-58
"eutro",-0.61369023058898,0.276095844895611,-2.22274344918523,0.0262331042907423
"log10(RT)",-0.317691128405702,0.110529823237554,-2.87425709279304,0.00404979155780949
