"term","estimate","std.error","statistic","p.value"
"(Intercept)",-3.01098112201917,0.493858688978064,-6.09684751775808,1.08180619432197e-09
"human_impact",-2.5205023120301,0.194066397757626,-12.9878347882667,1.43427564981959e-38
"log10(area)",1.74454290266816,0.0914412938211958,19.0782832325124,3.82621539787862e-81
"depth",-5.94581653383451,0.248281693866962,-23.9478651898536,9.72574561199505e-127
"eutro",-1.42748357003921,0.185822889314478,-7.68195767112095,1.56675611252599e-14
"log10(RT)",-0.19071247620411,0.0783413024265845,-2.43437969879083,0.0149173376383518
