"term","estimate","std.error","statistic","p.value"
"(Intercept)",-3.495707815276,0.696336414403908,-5.0201421941555,5.16332437895819e-07
"human_impact",-0.413580264958454,0.296722042751604,-1.39383060699901,0.163368763222735
"log10(area)",1.39904542465812,0.114160941983112,12.2550269851933,1.5789677668463e-34
"depth",-4.99387583068219,0.317940209435415,-15.7069652798874,1.35512304925641e-55
"eutro",-0.781039832156909,0.279519401163344,-2.79422404636768,0.00520244211393759
"log10(RT)",-0.351921965133693,0.10982729276838,-3.20432158767565,0.00135381167405548
