"term","estimate","std.error","statistic","p.value"
"(Intercept)",-3.98212188723973,0.692932572743913,-5.74676677626959,9.09660618051618e-09
"human_impact",-0.311408466564812,0.290896921291222,-1.07051138658513,0.284389186423717
"log10(area)",1.43546899868486,0.116033692563244,12.3711395110731,3.74470792309462e-35
"depth",-4.96478400583661,0.319751037444005,-15.5270301717349,2.27682655143796e-54
"eutro",-0.69479897958198,0.276121823710456,-2.51627694705708,0.0118601945902797
"log10(RT)",-0.295326682910466,0.109174116464826,-2.70509798909721,0.00682842434782891
