"estimate","std.error","Adjusted.SE","statistic","p.value","term"
-7.13255724325291,3.46820766734868,3.5148084026975,2.02928763848946,0.042429,"(Intercept)"
-1.77149976736605,1.15005785783328,1.1656018017726,1.51981557052505,0.1285573,"human_impact"
1.5741674418954,0.509958719123623,0.516851311489838,3.04568723518922,0.0023215,"log10(area)"
-13.5982292957059,3.18606562578837,3.22906569739215,4.21119623137061,2.54e-05,"log10(depth)"
-3.76021696033794,1.50495516052796,1.52528378658564,2.46525728091244,0.0136915,"eutro"
-0.212839386184718,0.469009093946031,0.47540078983634,0.447705158962798,0.654366,"log10(RT)"
