"estimate","std.error","Adjusted.SE","statistic","p.value","term"
-6.04132989251171,3.60221269760974,3.65069781543631,1.6548424980471,0.0979565,"(Intercept)"
-2.40146387679714,1.08537232735588,1.10004109053416,2.18306743035483,0.0290308,"human_impact"
1.23872772972451,0.520970548033472,0.528008732078034,2.34603644687724,0.0189743,"log10(area)"
-14.0812069888032,3.5390941170969,3.58684220113826,3.92579494696884,8.64e-05,"log10(depth)"
-2.21081555388312,1.49325213038023,1.51343368307058,1.46079446930085,0.1440719,"eutro"
0.151646037122012,0.431064207916332,0.436938787667051,0.347064717993328,0.7285427,"log10(RT)"
