"term","estimate","std.error","statistic","p.value"
"(Intercept)",-3.69124205093463,0.697648291351323,-5.29097841519086,1.2166372602137e-07
"human_impact",-0.390332257424372,0.292360947055521,-1.33510395747298,0.181842324406879
"log10(area)",1.4105819079903,0.116701262998448,12.08711775475,1.2354525268153e-33
"depth",-4.99318412775519,0.322657008601518,-15.4752074018072,5.1008613819545e-54
"eutro",-0.722435147415813,0.277534020955971,-2.60305077167611,0.0092398269230099
"log10(RT)",-0.318024936256538,0.112363754578035,-2.83031603430157,0.0046502045243518
