"term","estimate","std.error","statistic","p.value"
"(Intercept)",-3.54643839825736,3.67842260468821,-0.964119346629003,0.334986094195641
"human_impact",-3.26034932268021,1.33123761074851,-2.44911148570016,0.0143209114086907
"log10(area)",1.01373284779952,0.500753245453265,2.02441593140734,0.0429273739121943
"log10(depth)",-17.3780874816153,4.07585786927049,-4.26366375840425,2.01101993559297e-05
"eutro",-3.83373964468476,1.55935427324413,-2.4585430716196,0.0139502041684944
"log10(RT)",0.134991778905899,0.476135154414414,0.283515673342629,0.776781568754619
