"estimate","std.error","Adjusted.SE","statistic","p.value","term"
-9.18081929138678,4.79847058024195,4.86325618571448,1.8877926518358,0.0590538,"(Intercept)"
-2.75233051211727,1.50466177802759,1.52499322473627,1.80481491161592,0.0711037,"human_impact"
2.32745094471267,0.743933024222715,0.753986249567875,3.08686126046274,0.0020228,"log10(area)"
-32.456215754822,7.02267994491741,7.11756952653759,4.56001386903356,5.1e-06,"log10(depth)"
-7.67032311925028,2.3509454462169,2.3827149142608,3.21915268727391,0.0012857,"eutro"
0.126984360323011,0.604569851386284,0.612808980828314,0.207216872297418,0.8358405,"log10(RT)"
