"term","estimate","std.error","statistic","p.value"
"(Intercept)",-2.93872911653575,0.49397723120143,-5.94911856440893,2.69590309331634e-09
"human_impact",-2.57388997978932,0.195006373359059,-13.199004398949,8.89022587055664e-40
"log10(area)",1.74757622810987,0.0913382023617554,19.1330263013979,1.34060928145077e-81
"depth",-6.04965422354834,0.249507413137348,-24.2463907083119,7.21800027801956e-130
"eutro",-1.46040994226483,0.186618459734476,-7.82564567483157,5.05057976777874e-15
"log10(RT)",-0.181718300118048,0.0773926521230101,-2.34800456029366,0.018874290218091
