"term","estimate","std.error","statistic","p.value"
"(Intercept)",-3.34889728158312,0.678523565303883,-4.93556517831961,7.9918984461837e-07
"human_impact",-0.4058502609917,0.293550067171591,-1.38255891031517,0.166800155451897
"log10(area)",1.34843879758614,0.113772115222359,11.8521027314181,2.09857882658643e-32
"depth",-4.91179981093508,0.314007960086556,-15.6422780160769,3.75067041625192e-55
"eutro",-0.62831343097886,0.279340980953022,-2.24927051102655,0.0244952907822215
"log10(RT)",-0.356721019927828,0.111840765838516,-3.18954378802168,0.00142497549446307
