"estimate","std.error","Adjusted.SE","statistic","p.value","term"
-10.0126385540024,3.68221228421737,3.73154478174032,2.68324223334999,0.0072912,"(Intercept)"
-1.04081156408611,1.13678970095065,1.1521094821937,0.903396404744738,0.3663155,"human_impact"
1.90172112652847,0.563674904481089,0.571183222351383,3.32944150337553,0.0008702,"log10(area)"
-17.0834070503658,3.7557035864187,3.80630131669559,4.48819093103136,7.2e-06,"log10(depth)"
-3.2351509138247,1.47428865176045,1.49401921225153,2.16540114564472,0.030357,"eutro"
-0.166352421171855,0.477975426576955,0.484416792969163,0.343407626627107,0.7312918,"log10(RT)"
