"term","estimate","std.error","statistic","p.value"
"(Intercept)",-3.62417571674985,0.697093683468554,-5.19897942370803,2.00385704047258e-07
"human_impact",-0.349877002588165,0.291773762066723,-1.19913799002994,0.23047429424307
"log10(area)",1.45910908896135,0.118633572643241,12.2992931634052,9.13701925809707e-35
"depth",-5.25684921255308,0.330855794023992,-15.8886418418651,7.59554536384539e-57
"eutro",-0.937721024632396,0.27965167201208,-3.35317510489224,0.000798901463064614
"log10(RT)",-0.328224795563387,0.111518363505074,-2.94323540309533,0.00324801339467879
