"term","estimate","std.error","statistic","p.value"
"(Intercept)",-3.89349704452825,0.703532260395282,-5.53421252117233,3.12629728077295e-08
"human_impact",-0.418544315440029,0.294988813400446,-1.4188480933067,0.155943307989205
"log10(area)",1.39726133720463,0.116214482274969,12.0231257744507,2.68614228292508e-33
"depth",-4.93260712667776,0.322563435365172,-15.2918979210821,8.65894434154829e-53
"eutro",-0.79836966541696,0.276875732775957,-2.88349454613629,0.00393289457228275
"log10(RT)",-0.210494392605481,0.107592125453545,-1.95641076629132,0.0504167848996693
