"estimate","std.error","Adjusted.SE","statistic","p.value","term"
-10.4942931926199,4.45428642635694,4.51447889869087,2.32458572254333,0.0200941,"(Intercept)"
-2.09282826745801,1.4222093476709,1.4414281726514,1.45191297573185,0.1465258,"human_impact"
2.29455474656893,0.675088640349119,0.684211295380776,3.35357624473588,0.0007977,"log10(area)"
-28.4158452548486,5.98651749700795,6.06741566926449,4.68335232062537,2.8e-06,"log10(depth)"
-5.88317800777203,2.19041972190833,2.22001987843153,2.65005645441723,0.0080478,"eutro"
0.0612048565471656,0.582988228086038,0.590933241327049,0.103573216510411,0.917508,"log10(RT)"
