"term","estimate","std.error","statistic","p.value"
"(Intercept)",-3.5052129154198,3.37483431896413,-1.03863259174622,0.298975642085398
"human_impact",-2.79039198213867,1.09532217885572,-2.54755362029989,0.0108481180369983
"log10(area)",0.932507984558218,0.460551979922107,2.02476164518049,0.0428918452424342
"log10(depth)",-11.6461977529047,3.10014430095199,-3.75666311704535,0.000172194049411624
"eutro",-2.73799322477703,1.39276425811706,-1.96586982241966,0.0493136497812152
"log10(RT)",0.0327713357078781,0.428967252374893,0.0763958915895002,0.939104138092198
