"term","estimate","std.error","statistic","p.value"
"(Intercept)",-3.74527310515669,0.701740576632737,-5.33711920027224,9.44349601245493e-08
"human_impact",-0.364086613649649,0.297926511186273,-1.22206853025581,0.221681712552523
"log10(area)",1.43184349326849,0.117178565239444,12.2193294511044,2.45097971313903e-34
"depth",-5.05161951179399,0.325269218266134,-15.530579680186,2.15423628267329e-54
"eutro",-0.745777716606437,0.276749022542755,-2.69477994810704,0.00704351305292473
"log10(RT)",-0.33325658912271,0.111846858667819,-2.9795793381419,0.00288644470901694
