"estimate","std.error","Adjusted.SE","statistic","p.value","term"
-9.87733347054687,3.78528613105067,3.83636304244204,2.57466078191063,0.0100338,"(Intercept)"
-2.19175980634055,1.14742403701837,1.16292925634626,1.88468885306637,0.0594719,"human_impact"
1.83752233947426,0.559987482406616,0.567554712706479,3.23761268884849,0.0012053,"log10(area)"
-14.4800341008298,3.46587872638439,3.51268806928732,4.12220892240158,3.75e-05,"log10(depth)"
-2.04672817045175,1.40871664137056,1.42775344510726,1.43353054231152,0.1517063,"eutro"
-0.120950875781958,0.486714369214044,0.493347354104136,0.245163726481499,0.8063297,"log10(RT)"
