"estimate","std.error","Adjusted.SE","statistic","p.value","term"
-7.54744965328081,4.03573333965768,4.09027323067061,1.84521894446728,0.0650057,"(Intercept)"
-2.98038066179589,1.28881748728975,1.30623366444994,2.28165966236289,0.0225094,"human_impact"
1.54629904976875,0.596593243334327,0.604655282740881,2.5573233111591,0.0105481,"log10(area)"
-17.0399645424962,3.84924576772534,3.90126322975526,4.36780692277593,1.26e-05,"log10(depth)"
-2.73140176878187,1.53356891410644,1.55429256948277,1.75732794610914,0.0788619,"eutro"
0.046865980020053,0.477860836965916,0.484373165164239,0.0967559381704432,0.9229202,"log10(RT)"
