"term","estimate","std.error","statistic","p.value"
"(Intercept)",-3.76846412985338,0.693074476470917,-5.43731483092858,5.40895150824996e-08
"human_impact",-0.442806678297058,0.294204788783079,-1.5050967733348,0.132299198465584
"log10(area)",1.4266104829858,0.115981908181719,12.3002846336224,9.02555285655559e-35
"depth",-4.87486940886324,0.312955020205905,-15.5769011331273,1.04499320516426e-54
"eutro",-0.60465956937473,0.280994138643312,-2.15185829958635,0.0314085164651166
"log10(RT)",-0.397305653860159,0.109924708745692,-3.61434347558123,0.000301109660989805
