"term","estimate","std.error","statistic","p.value"
"(Intercept)",-6.55290792908548,3.49659007477947,-1.87408526276812,0.0609186742282277
"human_impact",-2.06238504299583,1.06731151735807,-1.93231779986866,0.0533202927540366
"log10(area)",1.31938492974885,0.477232074720104,2.76466105201053,0.0056981970648643
"log10(depth)",-14.2258884249342,3.46757313752123,-4.10254891843562,4.08623424054154e-05
"eutro",-3.04416692093406,1.41217147293308,-2.15566379811604,0.0311099269423789
"log10(RT)",0.216150236697864,0.442929321595079,0.488001643060032,0.625548677264305
