"term","estimate","std.error","statistic","p.value"
"(Intercept)",-8.21487054715717,4.3364454751847,-1.8943788395742,0.0581747430751087
"human_impact",-2.78879167101044,1.35198716336638,-2.06273531774258,0.0391377824385174
"log10(area)",1.94365742574303,0.605417361318468,3.21044216754895,0.00132530933913571
"log10(depth)",-25.1330680801305,5.65631704027132,-4.44336268656626,8.85636865341943e-06
"eutro",-6.60800663353174,1.98077821097689,-3.33606589415822,0.000849730204946783
"log10(RT)",0.245699306938992,0.547555683573223,0.448720220262557,0.653633496295417
