"term","estimate","std.error","statistic","p.value"
"(Intercept)",-3.94869744680428,0.706942021934012,-5.58560295510749,2.32890767227884e-08
"human_impact",-0.387807424136284,0.29315718872347,-1.32286513533903,0.18588023148824
"log10(area)",1.43636596814031,0.11820957715236,12.1510118109041,5.66600038045655e-34
"depth",-4.93921625645225,0.317777843622879,-15.5429849990229,1.77518663325221e-54
"eutro",-0.68417612181864,0.279340797778199,-2.4492524087437,0.0143153091127838
"log10(RT)",-0.315022146325343,0.110683367970716,-2.84615613078101,0.00442504928112615
