"term","estimate","std.error","statistic","p.value"
"(Intercept)",-3.44467847107249,0.697917840008486,-4.93565040697427,7.98840888991449e-07
"human_impact",-0.487413471771961,0.297219805184992,-1.63990912876277,0.101024062502849
"log10(area)",1.44590628385049,0.117994434310384,12.254021067189,1.59868176808197e-34
"depth",-5.16388822435972,0.326249485134374,-15.8280348618262,1.99350583308812e-56
"eutro",-0.780208999059603,0.280796808207993,-2.77855365963306,0.00546014941459123
"log10(RT)",-0.405630651264389,0.111627330069393,-3.63379336415401,0.000279284563694617
