"estimate","std.error","Adjusted.SE","statistic","p.value","term"
-6.19058061235622,3.53108340782516,3.57844622547133,1.72996329197062,0.0836368,"(Intercept)"
-1.94632531115652,1.17114198850892,1.18697184505648,1.63974008251553,0.1010592,"human_impact"
1.28896835914333,0.50936526377201,0.516248878798916,2.49679643303476,0.0125321,"log10(area)"
-15.6907755557406,3.62347532395874,3.67232021127137,4.27271442930854,1.93e-05,"log10(depth)"
-3.06328849402213,1.44749689605401,1.46706134739759,2.08804389772525,0.0367939,"eutro"
0.228865074820174,0.472256612696079,0.478692566048592,0.47810451018565,0.6325758,"log10(RT)"
