"term","estimate","std.error","statistic","p.value"
"(Intercept)",-5.00536330751286,4.30528535975262,-1.16260895370719,0.244988196367376
"human_impact",-2.63167027560833,1.29107529741801,-2.03835537777801,0.0415144054122885
"log10(area)",1.39638182174473,0.564905394072498,2.47188615367607,0.0134402310071502
"log10(depth)",-22.1338504279539,5.05474647180284,-4.37882504126059,1.19320874463427e-05
"eutro",-4.80656490616837,1.81768243070117,-2.64433700022849,0.00818511185934835
"log10(RT)",-0.0644956335464664,0.550669190090446,-0.117122284498744,0.906763150791977
