"term","estimate","std.error","statistic","p.value"
"(Intercept)",-3.26080501561242,0.69973926769386,-4.66002862231685,3.16165416143674e-06
"human_impact",-0.463634909606891,0.299114646912258,-1.5500240940822,0.121135733098647
"log10(area)",1.40822175956325,0.117179864976397,12.0176086552661,2.87162107374103e-33
"depth",-5.34764078772764,0.334956918147195,-15.9651599892547,2.23467945764071e-57
"eutro",-0.871010965178482,0.283281806631608,-3.07471551221496,0.0021070343093416
"log10(RT)",-0.299293143274465,0.111162206194311,-2.69240017377221,0.0070939769090699
