"term","estimate","std.error","statistic","p.value"
"(Intercept)",-2.62682451033036,0.484763897417212,-5.41877091987646,6.00101503923487e-08
"human_impact",-2.53810490557425,0.190947009949438,-13.292195076772,2.56928698999151e-40
"log10(area)",1.68839638864278,0.0898967132692841,18.7815141092558,1.06985336625381e-78
"depth",-6.00072775712119,0.248111500285045,-24.1856090919897,3.15308694985738e-129
"eutro",-1.52034819378823,0.186193649938829,-8.16541377371204,3.20335286198076e-16
"log10(RT)",-0.160702742726732,0.0757548195080215,-2.12135338411988,0.03389207502943
