"estimate","std.error","Adjusted.SE","statistic","p.value","term"
-6.65425391163695,3.28009868995711,3.32434570412534,2.00167326261507,0.0453199,"(Intercept)"
-1.92068978691395,1.125236582269,1.14044351549661,1.68416038218042,0.0921507,"human_impact"
1.30700854534508,0.485042885192377,0.491597696912679,2.65869542016435,0.0078444,"log10(area)"
-12.3026172827289,3.11016792047697,3.15215803717916,3.90291893287763,9.5e-05,"log10(depth)"
-2.10273610057629,1.32137726451609,1.33923212145286,1.57010578442156,0.1163905,"eutro"
-0.154564064132338,0.491855095374651,0.498558138518833,0.310022146246641,0.7565441,"log10(RT)"
