"estimate","std.error","Adjusted.SE","statistic","p.value","term"
-5.61219642276046,3.52721492198245,3.57445250314999,1.57008560550593,0.1163952,"(Intercept)"
-1.22685028806383,1.0955560988352,1.11037370605488,1.10489854125129,0.2692036,"human_impact"
1.26154843476546,0.508676987171061,0.515544642982843,2.44702074192136,0.0144043,"log10(area)"
-13.4827979704097,3.13473695378526,3.17704909444754,4.24381165339033,2.2e-05,"log10(depth)"
-3.26089459742914,1.38496156096834,1.40368893398425,2.32308919624618,0.0201744,"eutro"
-0.389572572713606,0.452673872674647,0.458842950777764,0.849032489337059,0.3958632,"log10(RT)"
