"estimate","std.error","Adjusted.SE","statistic","p.value","term"
-5.36220572562089,3.42070789051625,3.46680076497528,1.54673028222293,0.1219283,"(Intercept)"
-1.71793274223064,1.0791567188631,1.09373768579285,1.57069904836032,0.1162526,"human_impact"
1.10952255303667,0.471561503722879,0.477933796966793,2.32149841689007,0.02026,"log10(area)"
-12.0395971246677,3.0940735346654,3.13585567072817,3.83933394545292,0.0001234,"log10(depth)"
-2.52456608424378,1.3709991975389,1.38952620654781,1.81685388324981,0.0692395,"eutro"
-0.13821109324793,0.474907124330869,0.481379199081755,0.287114801619122,0.7740244,"log10(RT)"
