"term","estimate","std.error","statistic","p.value"
"(Intercept)",-9.37759464935003,3.41859585214077,-2.74311297823568,0.0060859742380314
"human_impact",-1.15386345139941,1.1285711528745,-1.02241090290186,0.306586462361537
"log10(area)",1.70992460916064,0.507716675415554,3.36787167323411,0.000757508460219493
"log10(depth)",-13.7520787661642,3.17325955346731,-4.33373902589775,1.46597948394715e-05
"eutro",-2.26002191262001,1.4189598867778,-1.5927313616681,0.111220468859396
