"term","estimate","std.error","statistic","p.value"
"(Intercept)",-3.89515173810162,0.695074178037308,-5.60393676125392,2.09537183745072e-08
"human_impact",-0.218968947785845,0.293378592552268,-0.746369889775902,0.455444003011744
"log10(area)",1.43133197706432,0.116154600409807,12.322645612093,6.84124883015938e-35
"depth",-5.03450982350024,0.319277062884484,-15.768466979796,5.1279402884251e-56
"eutro",-0.659169999015119,0.273872247172822,-2.40685212108828,0.0160906838780577
"log10(RT)",-0.321935895740857,0.108961407106529,-2.95458643835341,0.00313088433682129
