"estimate","std.error","Adjusted.SE","statistic","p.value","term"
-4.53906481980746,3.41344630598486,3.45906461140816,1.3122231960737,0.1894448,"(Intercept)"
-2.85732914643786,1.27259023378671,1.28979394016204,2.21533770431491,0.0267369,"human_impact"
1.09083642490592,0.493811993308765,0.500487121563991,2.17954943874905,0.0292909,"log10(area)"
-14.417321250791,3.52335311985713,3.57086681692672,4.03748501132825,5.4e-05,"log10(depth)"
-2.35694812532617,1.47282913915748,1.49273570442136,1.57894536745191,0.1143486,"eutro"
-0.338115518081734,0.550728571539936,0.558233947433122,0.605687847606655,0.5447221,"log10(RT)"
