"term","estimate","std.error","statistic","p.value"
"(Intercept)",-4.013724427995,0.684546346294832,-5.86333481979657,4.53662131245674e-09
"human_impact",-0.155619567429734,0.295084084580723,-0.527373638774349,0.597934145960134
"log10(area)",1.38956087523461,0.11351807855362,12.240877338126,1.87989490847115e-34
"depth",-4.69639021479559,0.31087529063215,-15.10699099065,1.45640002721901e-51
"eutro",-0.770011470742538,0.274037172812016,-2.80987963363186,0.00495600311241799
"log10(RT)",-0.316342403402823,0.109674093369398,-2.88438585343337,0.00392177904917306
