"term","estimate","std.error","statistic","p.value"
"(Intercept)",-3.82782484703336,0.69537759281411,-5.50467096810326,3.69858380152566e-08
"human_impact",-0.33723063395887,0.293318644511843,-1.14970746070407,0.250264380444421
"log10(area)",1.46465735494319,0.116883551610358,12.5309107634388,5.05784823162111e-36
"depth",-5.09717740501845,0.322819846397403,-15.78954163414,3.67238722011767e-56
"eutro",-0.520537156263903,0.278101295456631,-1.87175379895014,0.0612406727736356
"log10(RT)",-0.409046973702763,0.11096675186527,-3.68621201239995,0.000227616749218439
