"term","estimate","std.error","statistic","p.value"
"(Intercept)",-3.61153276047562,0.702522710165445,-5.14080571092869,2.73562821421361e-07
"human_impact",-0.323543193595075,0.298343693718211,-1.08446466410202,0.278158826156349
"log10(area)",1.39438916753862,0.116732026418378,11.9452151249478,6.87721786829645e-33
"depth",-5.11084383175788,0.32623590451868,-15.6660985531261,2.57934097597236e-55
"eutro",-0.795762739695497,0.282995130828195,-2.81193085325062,0.00492450884493431
"log10(RT)",-0.28437154387275,0.109220951682235,-2.60363547005245,0.00922408059579388
