"estimate","std.error","Adjusted.SE","statistic","p.value","term"
-8.987978773461,4.08426722931297,4.1363307921051,2.17293519914223,0.02978519,"(Intercept)"
-2.23605723678793,1.34797565371157,1.36622066049413,1.63667356338997,0.1016987,"human_impact"
1.99978151027972,0.582023989931931,0.589858520887017,3.39027315782857,0.00069823,"log10(area)"
-26.2305600359003,5.70278631485241,5.77784353975585,4.53985294953292,5.63e-06,"log10(depth)"
-6.02822188084472,2.11446829059516,2.14301617693368,2.81296144458888,0.00490875,"eutro"
0.602873855901197,0.529364741353391,0.536578969148668,1.12355103454336,0.26120354,"log10(RT)"
