"term","estimate","std.error","statistic","p.value"
"(Intercept)",-6.59558801730162,3.88711075605046,-1.69678417499046,0.0897374716770958
"human_impact",-2.2279520479831,1.14618926064889,-1.94379071979944,0.0519206933221565
"log10(area)",1.45051683049304,0.535079705708242,2.7108425436788,0.00671124876365457
"log10(depth)",-19.3140882191864,4.31478549975329,-4.47625686613872,7.59630847061199e-06
"eutro",-4.55826709154905,1.68105936240845,-2.71154439485018,0.00669705723605291
"log10(RT)",0.275621509232539,0.483408137788494,0.570163155493117,0.568567043249496
