"estimate","std.error","Adjusted.SE","statistic","p.value","term"
-6.55742452833971,3.27618789477152,3.32045246068956,1.97485872963768,0.0482842,"(Intercept)"
-2.122637334281,1.14573073301673,1.16121321680127,1.82794796301761,0.0675574,"human_impact"
1.4315032733292,0.488954989301284,0.495562471227387,2.88864342326753,0.0038691,"log10(area)"
-16.0599610087035,3.77818220758636,3.82923628796821,4.19403760984019,2.74e-05,"log10(depth)"
-3.27450426174123,1.49796038288047,1.51820316311424,2.15682877054764,0.031019,"eutro"
0.068044806005083,0.469370835455025,0.475767461189437,0.143021142797299,0.8862735,"log10(RT)"
