"estimate","std.error","Adjusted.SE","statistic","p.value","term"
-8.83326557233116,3.87751314397158,3.92982756878524,2.24774889425025,0.0245922,"(Intercept)"
-2.31586821901127,1.10240586187892,1.11730221088807,2.07273215468761,0.0381972,"human_impact"
1.74585111270134,0.559797760430381,0.567362594379958,3.07713467541738,0.00209,"log10(area)"
-14.0150683171489,3.39143096773174,3.43723650639996,4.0774233286111,4.55e-05,"log10(depth)"
-2.78156948737737,1.52388615104514,1.54448058805918,1.80097406784033,0.071707,"eutro"
0.119779420731184,0.439760427007206,0.445753519572584,0.268712226537293,0.7881511,"log10(RT)"
