"term","estimate","std.error","statistic","p.value"
"(Intercept)",-3.76870651086564,0.698942850088107,-5.39200953324091,6.96740705552017e-08
"human_impact",-0.492801139882048,0.298819670849182,-1.64915896761954,0.099115071681865
"log10(area)",1.46901485795016,0.117958740316196,12.453632973804,1.33621423770531e-35
"depth",-5.15986041837914,0.328506107746209,-15.7070456125749,1.35340738537186e-55
"eutro",-0.662443305480847,0.279668066761975,-2.36867695747563,0.0178518382373827
"log10(RT)",-0.355944514501571,0.11215995430942,-3.17354368315463,0.00150590239087835
