"estimate","std.error","Adjusted.SE","statistic","p.value","term"
-8.17410535070231,3.70823388583989,3.75828394715048,2.17495683286514,0.0296334,"(Intercept)"
-2.15599649167246,1.25470532080135,1.27166130103737,1.69541723878338,0.0899963,"human_impact"
1.60724310645715,0.539444403240276,0.546734288666412,2.93971521408968,0.0032851,"log10(area)"
-18.6922189368417,4.17555316151931,4.23194637383525,4.41693189980138,1e-05,"log10(depth)"
-3.19023045874438,1.59829631225692,1.61989341147631,1.96940763888713,0.0489063,"eutro"
0.118270308082369,0.492575929723479,0.499288796459579,0.236877552472667,0.8127518,"log10(RT)"
