"term","estimate","std.error","statistic","p.value"
"(Intercept)",-3.97940592412249,0.694766600921259,-5.72768742603027,1.0180892976512e-08
"human_impact",-0.107503210774238,0.297656922127648,-0.361164826961881,0.717976234065298
"log10(area)",1.46950619930545,0.117333596096621,12.5241725148811,5.50626238774216e-36
"depth",-4.94352430326678,0.316496844009227,-15.619505839757,5.36195801731247e-55
"eutro",-0.609507610612055,0.27821495995042,-2.19077942724818,0.0284677580664667
"log10(RT)",-0.454193162027901,0.112669957140694,-4.03118252242468,5.54969236175655e-05
