"term","estimate","std.error","statistic","p.value"
"(Intercept)",-3.9258142097917,0.71346407008236,-5.50246939462349,3.74508254353299e-08
"human_impact",-0.306578851980911,0.293935764537049,-1.04301309663278,0.296942227165752
"log10(area)",1.54597644932529,0.122306944276171,12.6401363264743,1.26833853690818e-36
"depth",-5.39899526532067,0.337242231733965,-16.0092501984736,1.10128965378681e-57
"eutro",-0.858424945288287,0.283559009164462,-3.02732382870758,0.00246729485443129
"log10(RT)",-0.399730901891661,0.113591295465248,-3.51902758265446,0.000433131673546034
