"term","estimate","std.error","statistic","p.value"
"(Intercept)",-13.2820146654742,4.83290934438744,-2.74824411529649,0.00599153817325674
"human_impact",-3.32236506818855,1.46543657381438,-2.26715036839895,0.0233810415423403
"log10(area)",2.50325440292452,0.68317123365158,3.66416833674995,0.000248143551632866
"log10(depth)",-26.3105972949211,5.77356397989016,-4.55708075403049,5.18694857096599e-06
"eutro",-4.53117732787261,1.75479478308823,-2.58216936335899,0.00981813897209499
"log10(RT)",0.456902152723728,0.596682758193553,0.765737146665661,0.443832719498655
