"estimate","std.error","Adjusted.SE","statistic","p.value","term"
-7.57552413861621,3.38823515395937,3.43402976467786,2.20601586408406,0.0273829,"(Intercept)"
-1.82049533681767,1.12019341916418,1.13533077615626,1.60349333872643,0.1088258,"human_impact"
1.52077427528769,0.51317820944583,0.520112894944017,2.92393111201632,0.0034564,"log10(area)"
-15.1684149333367,3.66987060951937,3.71946710312554,4.07811509358165,4.54e-05,"log10(depth)"
-3.02305321099226,1.51032870987929,1.53073809686625,1.97489904849242,0.0482796,"eutro"
0.010873636868654,0.434118240368973,0.440034440734149,0.0247108768361688,0.9802856,"log10(RT)"
