"estimate","std.error","Adjusted.SE","statistic","p.value","term"
-11.2989869654758,3.61981996371065,3.66797508637021,3.08044266916142,0.0020669,"(Intercept)"
1.88207957659698,0.533224031796221,0.540336739428986,3.48316047986282,0.0004955,"log10(area)"
-15.426833680301,3.36738169863032,3.4124038946617,4.5208111807733,6.2e-06,"log10(depth)"
-1.76057939913128,1.33851403390283,1.35636765700184,1.2980104546454,0.1942837,"eutro"
-0.250779202358105,0.458455064814275,0.464633367887262,0.539735670510332,0.5893793,"log10(RT)"
-0.658829417086474,1.2306429696912,1.24722755087469,0.52823513770557,0.5973361,"human_impact"
