"term","estimate","std.error","statistic","p.value"
"(Intercept)",-3.54556357495651,0.702255119523083,-5.0488255284837,4.44534480978351e-07
"human_impact",-0.577463318780317,0.293889756330744,-1.96489774257542,0.049426074069177
"log10(area)",1.40320487967707,0.117248636825669,11.9677713759984,5.24177150051103e-33
"depth",-5.18056460640754,0.330701176231359,-15.6653951626202,2.60803642204473e-55
"eutro",-0.77798745372651,0.280250436294462,-2.7760436844033,0.0055024814702595
"log10(RT)",-0.231130409056942,0.108169104418125,-2.1367506951293,0.0326182742947718
