"term","estimate","std.error","statistic","p.value"
"(Intercept)",-3.62329328384394,0.690716718520958,-5.2457008592503,1.55689337965791e-07
"human_impact",-0.537150902999212,0.293107499970035,-1.83260715967393,0.0668610126528643
"log10(area)",1.38373922202374,0.11430569809536,12.1056014274052,9.86437155900442e-34
"depth",-4.8802586551643,0.318289335311064,-15.3327746604982,4.61830245204046e-53
"eutro",-0.645987756813434,0.275167876202661,-2.34761326695586,0.0188941274948432
"log10(RT)",-0.3077490362767,0.109107452565362,-2.82060509196051,0.00479331701862216
