"term","estimate","std.error","statistic","p.value"
"(Intercept)",-6.71156085416514,3.31314206159573,-2.02573892980991,0.0427915450767442
"human_impact",-1.51926114336663,1.14245522795727,-1.32982116601899,0.183577200426354
"log10(area)",1.38015864694567,0.493555272036811,2.79636086400215,0.00516816585678621
"log10(depth)",-16.2054902852009,3.54793201419803,-4.56758760324328,4.93369503172814e-06
"eutro",-3.0782277695859,1.40651368723414,-2.1885515921563,0.0286294475119108
