"term","estimate","std.error","statistic","p.value"
"(Intercept)",-15.2912813760439,4.80259194591176,-3.18396431515709,0.00145272920133841
"human_impact",-1.57118954979732,1.30720625997447,-1.20194463406869,0.229384979798341
"log10(area)",2.57542773800637,0.695072864502161,3.70526295807993,0.000211171538306503
"log10(depth)",-25.4790058749064,5.32883788782484,-4.78134377724645,1.7412729326829e-06
"eutro",-4.09555325573706,1.79717517382152,-2.27888372563497,0.0226739780903372
"log10(RT)",0.648516248543301,0.512629127451043,1.26507881393305,0.205843076664712
