"term","estimate","std.error","statistic","p.value"
"(Intercept)",-3.63156027269285,0.693634882872565,-5.23555023307564,1.64494077451516e-07
"human_impact",-0.269562691005255,0.293702491892037,-0.917808661645076,0.358719046786433
"log10(area)",1.37886211331391,0.114716296800465,12.0197578876894,2.7979005452953e-33
"depth",-5.02425074487502,0.322839649183691,-15.5626818378071,1.30513661934032e-54
"eutro",-0.848589796739762,0.2803065869929,-3.02736302362119,0.00246697492296647
"log10(RT)",-0.263993181771553,0.110465931046628,-2.38981538715426,0.0168568437275625
