"term","estimate","std.error","statistic","p.value"
"(Intercept)",-6.6010688114692,3.78171003119663,-1.74552484379149,0.0808935517882928
"human_impact",-2.42561199654428,1.23345296346147,-1.96652168213795,0.0492383802656751
"log10(area)",1.41115996035479,0.526843900203463,2.67851627362452,0.00739491386277052
"log10(depth)",-17.1074971599483,4.06378817084607,-4.20974136464072,2.55663187692282e-05
"eutro",-3.60608092344404,1.54377621736508,-2.33588319529816,0.0194973300270305
"log10(RT)",0.131226191907092,0.473812593436981,0.276958007711851,0.781812350273277
