"term","estimate","std.error","statistic","p.value"
"(Intercept)",-9.44084542197415,4.50357682596169,-2.09629940529729,0.0360556394767669
"human_impact",-2.79685977842552,1.37108165074119,-2.03989293920868,0.0413609901702573
"log10(area)",2.02899286697776,0.631438219631176,3.21328802073923,0.00131224624134786
"log10(depth)",-26.3130155947251,5.92127032331426,-4.44381258716072,8.83785968862224e-06
"eutro",-6.39330077848516,1.93960343650979,-3.29618965307132,0.000980058301717278
"log10(RT)",0.571242567396927,0.626954884688236,0.911138235538252,0.362222542487093
