"estimate","std.error","Adjusted.SE","statistic","p.value","term"
-7.16508932800513,3.70209023619903,3.75165640086127,1.9098468949236,0.0561529,"(Intercept)"
-1.45644894088683,1.07710368821254,1.09165913760458,1.33416090308437,0.1821511,"human_impact"
1.42381067976066,0.526899027533419,0.53402347945627,2.66619490440822,0.0076715,"log10(area)"
-13.8538251771589,3.43070284852015,3.47696911164437,3.98445448674319,6.76e-05,"log10(depth)"
-2.64206972561966,1.38172379109709,1.40039510039364,1.88666021816058,0.059206,"eutro"
-0.341847491827588,0.443524366540876,0.449568754394894,0.760389792408293,0.4470216,"log10(RT)"
