"term","estimate","std.error","statistic","p.value"
"(Intercept)",-3.72004612622621,0.687463501184393,-5.41126346317608,6.2581618227724e-08
"human_impact",-0.427801902026089,0.288432458844331,-1.48319611371124,0.1380223134574
"log10(area)",1.45786649257424,0.116510108830056,12.5127897245441,6.35523787205339e-36
"depth",-5.0153205425861,0.320389277873487,-15.6538339106545,3.12794031405796e-55
"eutro",-0.744656778689399,0.275873572137113,-2.69926826596966,0.00694921338517911
"log10(RT)",-0.388384439881193,0.110993576045751,-3.49916142643337,0.000466723925146078
