"term","estimate","std.error","statistic","p.value"
"(Intercept)",-3.97545243112399,0.694561077275925,-5.72369019973844,1.04234750611318e-08
"human_impact",-0.363466916723089,0.2953632684884,-1.23057588908474,0.218481527556507
"log10(area)",1.44869120275429,0.11733254596068,12.3468828780019,5.06355798375627e-35
"depth",-5.05469966190504,0.320472565342753,-15.7726439281906,4.79977244688511e-56
"eutro",-0.557589568583286,0.281989740590908,-1.97733991107215,0.0480032211812567
"log10(RT)",-0.334437877070789,0.109990151427796,-3.04061657093304,0.00236094279188649
