"term","estimate","std.error","statistic","p.value"
"(Intercept)",-2.5554441872277,0.488198551366789,-5.23443623516155,1.65489188202093e-07
"human_impact",-2.67410326471358,0.193093204459639,-13.8487694178411,1.29410103816539e-43
"log10(area)",1.66734613757267,0.0899215625051643,18.5422282611794,9.42351280024839e-77
"depth",-5.80429172062672,0.244735097547992,-23.7166298531762,2.4291657519546e-124
"eutro",-1.46111897725872,0.186014085051901,-7.85488355277531,4.00143737620529e-15
"log10(RT)",-0.199730351056537,0.0777465932145304,-2.56899167922908,0.0101994906465108
