"estimate","std.error","Adjusted.SE","statistic","p.value","term"
-13.0905552776728,4.2724339646573,4.33012170633633,3.02313795441758,0.0025017,"(Intercept)"
-1.69490638879036,1.21492567888723,1.23134346714201,1.37646922570215,0.1686764,"human_impact"
2.32022281712883,0.637971277500061,0.646592376409415,3.58838566890199,0.0003327,"log10(area)"
-19.7492055261331,4.28242532590379,4.34028012861121,4.55021448867918,5.4e-06,"log10(depth)"
-2.58480400995086,1.54139634805039,1.56222673831485,1.65456392888208,0.098013,"eutro"
0.102089915320596,0.479328129698925,0.485860454287622,0.210121886685103,0.8335725,"log10(RT)"
