"estimate","std.error","Adjusted.SE","statistic","p.value","term"
-7.57972364615484,3.37584496535426,3.42110112164017,2.21558012366524,0.0267203,"(Intercept)"
-1.44680582289216,1.11900741174316,1.13408755254926,1.27574438114585,0.2020459,"human_impact"
1.50510511323383,0.49089436126214,0.497468290163405,3.02552975334256,0.002482,"log10(area)"
-15.682781887574,3.5189308926423,3.56635266658966,4.39742878893991,1.1e-05,"log10(depth)"
-2.99920183228532,1.52186533984775,1.54211752007768,1.94485945022804,0.0517919,"eutro"
-0.117929344106996,0.457851131745002,0.464021296001725,0.254146404751556,0.7993825,"log10(RT)"
