"term","estimate","std.error","statistic","p.value"
"(Intercept)",-3.40160123830008,0.70473785211092,-4.82676108301998,1.38771433102913e-06
"human_impact",-0.381934822573051,0.298173146634131,-1.28091622899127,0.200223091805841
"log10(area)",1.47918002383251,0.120268601912537,12.2989708062642,9.17355417928328e-35
"depth",-5.41709741166675,0.336444993705507,-16.1009897992668,2.51056077104419e-58
"eutro",-0.803777902899551,0.280898022566805,-2.86145803218815,0.00421697330326399
"log10(RT)",-0.406959261008965,0.113633042370137,-3.58134616939478,0.000341828382457044
