"estimate","std.error","Adjusted.SE","statistic","p.value","term"
-14.6080408134763,4.54996829560086,4.61139566656618,3.16781336275011,0.0015359,"(Intercept)"
-1.73910728901068,1.27947276270378,1.29676400770886,1.34111316991543,0.1798837,"human_impact"
2.59257817902982,0.671918296144566,0.680998799417817,3.80702312727453,0.0001406,"log10(area)"
-22.984647903155,4.85742508850412,4.92303998548394,4.66879163503191,3e-06,"log10(depth)"
-2.55939213659535,1.69477476331428,1.71767772265418,1.49003046545922,0.1362162,"eutro"
0.15967681981636,0.539073347907751,0.546419885420291,0.292223661833868,0.7701156,"log10(RT)"
