"estimate","std.error","Adjusted.SE","statistic","p.value","term"
-12.8475326726219,4.04828562824829,4.10241339818451,3.13170112946382,0.001738,"(Intercept)"
-1.08978691576177,1.24782094562165,1.26463702330201,0.861738898736575,0.3888312,"human_impact"
2.32333836851146,0.621730196545719,0.630024354207442,3.68769612316682,0.0002263,"log10(area)"
-19.8477028304664,4.16827604517986,4.22439276582983,4.69835641018279,2.6e-06,"log10(depth)"
-3.23815713655426,1.57762828768257,1.5987042187883,2.02548857912475,0.0428172,"eutro"
-0.112710759460255,0.477093516004354,0.483522997456863,0.233103203059768,0.8156813,"log10(RT)"
