"estimate","std.error","Adjusted.SE","statistic","p.value","term"
-4.05516080348714,3.20743551699486,3.25069860712932,1.24747363369631,0.2122239,"(Intercept)"
-1.59241745817436,1.06640027089267,1.08081183593397,1.47335308999303,0.1406559,"human_impact"
0.955621538609059,0.455101554257153,0.461251741815787,2.07180039005839,0.0382841,"log10(area)"
-12.3816267666601,2.99057811302341,3.03097639165967,4.08502910175432,4.41e-05,"log10(depth)"
-2.90975373029009,1.37833902520936,1.39696599264202,2.08290949501713,0.0372595,"eutro"
-0.119628010596675,0.416711042243037,0.422390015829118,0.283216946692868,0.7770105,"log10(RT)"
