"term","estimate","std.error","statistic","p.value"
"(Intercept)",-3.76391670921898,0.699134287233934,-5.3836820449911,7.29773671848497e-08
"human_impact",-0.362478253524507,0.296289042336499,-1.22339405691837,0.221180896979266
"log10(area)",1.42792284151394,0.116166132818436,12.2920752104724,9.99078723737351e-35
"depth",-5.07556382076802,0.327059523608975,-15.5187770249316,2.58939113119578e-54
"eutro",-0.673016074655322,0.282025201086641,-2.38636856586644,0.0170156884363649
"log10(RT)",-0.312520246851083,0.11066386882161,-2.82404953106118,0.00474210559018743
