"term","estimate","std.error","statistic","p.value"
"(Intercept)",-3.54472413173396,0.692439982955216,-5.11917887324427,3.06868806004163e-07
"human_impact",-0.466458837600179,0.294023474936267,-1.58646801144463,0.112633183008762
"log10(area)",1.36976845517574,0.114441702705741,11.9691373231118,5.15619368715367e-33
"depth",-4.98019668287211,0.320083406583531,-15.5590592340576,1.38114036612335e-54
"eutro",-0.663325882969422,0.280128610343059,-2.36793336516781,0.0178877572586771
"log10(RT)",-0.276500932008918,0.108648546699898,-2.5449114636816,0.0109305448617373
