"estimate","std.error","Adjusted.SE","statistic","p.value","term"
-7.26889254889008,3.37145655178369,3.41681455349472,2.12738866423273,0.0333878,"(Intercept)"
-2.01790054565969,1.10862999744696,1.1236140486288,1.79590184736675,0.0725101,"human_impact"
1.39819244189704,0.499855397161501,0.506610778258469,2.75989477899282,0.005782,"log10(area)"
-14.09490095233,3.47978465319948,3.52672460175417,3.99659813111557,6.43e-05,"log10(depth)"
-2.36641855502333,1.3480931594617,1.36631167218359,1.73197565621423,0.0832779,"eutro"
0.187179494594043,0.432850106964262,0.438749025099358,0.42662087864846,0.6696555,"log10(RT)"
