"term","estimate","std.error","statistic","p.value"
"(Intercept)",-3.57655064629797,0.704789982927023,-5.07463319987098,3.88244189845935e-07
"human_impact",-0.560129958431141,0.300644062999127,-1.86310001549163,0.0624481960718109
"log10(area)",1.42555749561876,0.118799176779109,11.9997253707355,3.56477286704813e-33
"depth",-5.13291773890877,0.326031483692348,-15.7436259859871,7.59632119170268e-56
"eutro",-0.668362895014758,0.280784478362344,-2.38034131698781,0.0172966088180483
"log10(RT)",-0.326871814584365,0.10966395678776,-2.98066770668309,0.00287620701874603
