"term","estimate","std.error","statistic","p.value"
"(Intercept)",-6.44571392412945,3.20836357791824,-2.00903475170098,0.0445334483993738
"human_impact",-1.04704440201747,1.11228763352677,-0.941343201575986,0.346529010367173
"log10(area)",1.32055853147705,0.474974406747294,2.78027302675204,0.00543132128139056
"log10(depth)",-13.9122927406856,3.19539633111394,-4.35385514004007,1.33764115021805e-05
"eutro",-3.07770700429521,1.42830626703455,-2.15479486110857,0.0311778905693464
