"term","estimate","std.error","statistic","p.value"
"(Intercept)",-3.77428394344346,0.691220265609897,-5.46032014861895,4.75276744864067e-08
"human_impact",-0.243970246801993,0.297244519916968,-0.820772900607699,0.411775637261026
"log10(area)",1.38028586617867,0.114393644326022,12.0661062448964,1.59504499398358e-33
"depth",-4.86842352598553,0.310779267666839,-15.6652133282088,2.61550609871518e-55
"eutro",-0.669859415751813,0.27617534499116,-2.42548593819356,0.0152879079915436
"log10(RT)",-0.319418751502791,0.110902264372229,-2.88018241386581,0.00397445144539344
