"estimate","std.error","Adjusted.SE","statistic","p.value","term"
-7.2771023540974,3.86461544527995,3.91665909321843,1.85798717245968,0.0631708,"(Intercept)"
-1.53842294097585,1.14863164647038,1.16415826453971,1.32148951550339,0.1863382,"human_impact"
1.52261273244908,0.548517625585432,0.555930135191805,2.73885626279956,0.0061653,"log10(area)"
-18.4182360586297,4.10342831901867,4.15885468366988,4.42867987933087,9.5e-06,"log10(depth)"
-3.60175150375181,1.62966711440972,1.65169204741907,2.18064348579985,0.0292098,"eutro"
-0.271499323575314,0.495456545978401,0.502208669998242,0.540610586384869,0.588776,"log10(RT)"
