"term","estimate","std.error","statistic","p.value"
"(Intercept)",-11.1996168453295,5.04251058065023,-2.22103983049756,0.0263482637535906
"human_impact",-3.44731377369158,1.56206089879482,-2.20690100901398,0.0273209759274537
"log10(area)",1.9400202935411,0.657434997023727,2.95089294352105,0.00316856720594838
"log10(depth)",-23.0120327600416,5.0636647554883,-4.54454113201309,5.50550563002357e-06
"eutro",-3.60421591331491,1.72325584902296,-2.09151526475793,0.0364818995170763
"log10(RT)",0.878013541115451,0.66811123832579,1.31417268674548,0.18878809779385
