"estimate","std.error","Adjusted.SE","statistic","p.value","term"
-5.59028425115088,3.41440358754208,3.46049541454784,1.61545778319759,0.1062116,"(Intercept)"
-2.50748649471384,1.1061232091783,1.12107093352994,2.23668852676294,0.0253067,"human_impact"
1.24146872861115,0.484553227419661,0.491101292960029,2.52792803930205,0.0114738,"log10(area)"
-13.4918744604627,3.33296146858689,3.37797643196453,3.99407003932715,6.49e-05,"log10(depth)"
-2.68652224520942,1.44356563769691,1.46307280488229,1.83621911106847,0.0663253,"eutro"
0.101936492247322,0.469125733748604,0.47551901921608,0.214368906664069,0.8302594,"log10(RT)"
