"term","estimate","std.error","statistic","p.value"
"(Intercept)",-3.71320362195221,0.701621617668459,-5.29231644015112,1.20776672903332e-07
"human_impact",-0.260101523039746,0.296708055968934,-0.876624405058214,0.380690678900488
"log10(area)",1.43825680004994,0.117872767530121,12.2017734052305,3.04127226362416e-34
"depth",-5.12304896628847,0.323313232273118,-15.8454664235975,1.51095729620801e-56
"eutro",-0.818555709581204,0.28250579899182,-2.89748285699758,0.00376170296058915
"log10(RT)",-0.343529067472954,0.114016133340881,-3.01298647311504,0.00258690448080952
