"term","estimate","std.error","statistic","p.value"
"(Intercept)",-3.70010915413928,0.688428658974885,-5.37471690915508,7.67030960794754e-08
"human_impact",-0.238220627175193,0.291057296117223,-0.818466433767907,0.413090901019419
"log10(area)",1.37699346053957,0.114236256567624,12.0539091695852,1.84965046053423e-33
"depth",-4.90655733200566,0.317221984342272,-15.4672676365067,5.77048661763706e-54
"eutro",-0.827138304006264,0.277426083550531,-2.98147273472073,0.00286865589693754
"log10(RT)",-0.277047032184243,0.109514286769055,-2.529779815564,0.0114134126139567
