"term","estimate","std.error","statistic","p.value"
"(Intercept)",-3.39336379212343,0.705213978226439,-4.81182151360285,1.49560894272969e-06
"human_impact",-0.606572727592435,0.296098156784296,-2.0485528656442,0.0405058576513388
"log10(area)",1.46089599499011,0.119168710067794,12.2590568796039,1.50238251694001e-34
"depth",-5.34890893633111,0.336633277631151,-15.8894241649867,7.50134792017877e-57
"eutro",-0.611951390901796,0.278933226972931,-2.19389922650263,0.0282426550234929
"log10(RT)",-0.394731313131804,0.112611055407436,-3.50526253131751,0.000456157231878948
