"term","estimate","std.error","statistic","p.value"
"(Intercept)",-3.9841503506319,0.691416573146438,-5.7623009128942,8.2974891237252e-09
"human_impact",-0.299007035236792,0.29421652572106,-1.01628225846251,0.309494994612153
"log10(area)",1.41578667340763,0.115462165299914,12.2619099488574,1.45040449244654e-34
"depth",-4.76830411756689,0.309053324656663,-15.428742346856,1.04894361877314e-53
"eutro",-0.559395202474791,0.276790039625559,-2.02100914914258,0.0432788180028972
"log10(RT)",-0.372841228683906,0.109893921138369,-3.39273751288259,0.000691979125011129
