"term","estimate","std.error","statistic","p.value"
"(Intercept)",-14.4734490348631,4.69909727316277,-3.08004882502073,0.00206966663366975
"human_impact",-2.82057810703323,1.34940743385355,-2.0902345994778,0.036596730904817
"log10(area)",2.59086485733399,0.686282927344421,3.7752139155776,0.000159870410065482
"log10(depth)",-25.8157751679443,5.52966669692903,-4.66859515823647,3.03266306193553e-06
"eutro",-3.88118456809521,1.84263333956277,-2.10632494526347,0.0351761358964551
"log10(RT)",0.470302171095056,0.534127850986117,0.880504864568988,0.378585871066524
