"term","estimate","std.error","statistic","p.value"
"(Intercept)",-8.72974566965389,3.88878903194406,-2.24484938574561,0.0247778031333684
"human_impact",-2.72713885455148,1.15800867454767,-2.35502454730465,0.0185214821309725
"log10(area)",1.65491689721449,0.561555188905273,2.94702449538518,0.00320847786326554
"log10(depth)",-16.4446105308027,3.86959267884614,-4.24970065213846,2.14056386738699e-05
"eutro",-1.64937784578587,1.59029171900747,-1.03715426929046,0.299663966676369
