"term","estimate","std.error","statistic","p.value"
"(Intercept)",-3.19559084561584,0.694710757517999,-4.59988680329748,4.22720582485652e-06
"human_impact",-0.523378884725837,0.294581126531851,-1.7766884487396,0.0756195138844013
"log10(area)",1.38124449601498,0.11589319931157,11.9182532212405,9.50811320232405e-33
"depth",-5.17469789059722,0.328549945314196,-15.7501103390798,6.85615845265543e-56
"eutro",-0.776445579643526,0.279876188564992,-2.77424665393862,0.00553297105171991
"log10(RT)",-0.333895450955028,0.110860006360605,-3.01186570266769,0.00259647440448162
