"term","estimate","std.error","statistic","p.value"
"(Intercept)",-2.81894950310705,0.492302423711671,-5.72605245745862,1.02794447414957e-08
"human_impact",-2.45833810677884,0.192063300886908,-12.7996243708546,1.64746184329223e-37
"log10(area)",1.70165061982873,0.0908840641002554,18.7233112501618,3.19648567601848e-78
"depth",-5.89279997301703,0.246828168292368,-23.8740983810122,5.69223320028724e-126
"eutro",-1.4540283202333,0.185956759160215,-7.81917434353948,5.31709269295592e-15
"log10(RT)",-0.181015802079024,0.0762986023598324,-2.37246550369736,0.0176698130495339
