"term","estimate","std.error","statistic","p.value"
"(Intercept)",-7.07851655163884,3.63537131917069,-1.94712339680713,0.0515199426296625
"human_impact",-2.27514461352387,1.20339236365454,-1.89060914979928,0.0586765379423416
"log10(area)",1.41581661972591,0.513306338493328,2.75822937211657,0.00581154036636116
"log10(depth)",-16.3766461938758,3.89850121864303,-4.200754411865,2.6602704088309e-05
"eutro",-3.99719155815541,1.51698802070277,-2.63495261900859,0.00841490285905204
"log10(RT)",0.338173199367834,0.486546460462339,0.69504811328087,0.487025149969136
