"estimate","std.error","Adjusted.SE","statistic","p.value","term"
-7.29903613419769,3.50043874963722,3.54775069059285,2.0573700834029,0.0396506,"(Intercept)"
-2.40926118225864,1.22447498748484,1.24102180267189,1.94135282480256,0.0522155,"human_impact"
1.4830675333892,0.513746520171225,0.520688870788099,2.84827968599458,0.0043956,"log10(area)"
-13.1010751004578,3.25965049367665,3.30370394281712,3.9655717725379,7.32e-05,"log10(depth)"
-2.51865429493014,1.36275312778219,1.3811683506122,1.82356791901129,0.0682174,"eutro"
-0.0150588616005596,0.474390163994616,0.480855193565996,0.031316832597531,0.9750169,"log10(RT)"
