"term","estimate","std.error","statistic","p.value"
"(Intercept)",-3.54969580279141,0.69956349348313,-5.07415815127439,3.89215252323085e-07
"human_impact",-0.507249079751975,0.294468294727462,-1.72259319198166,0.0849621170116947
"log10(area)",1.46709193570123,0.119018019434791,12.3266371148533,6.51076342662932e-35
"depth",-5.29203549620836,0.332295033006461,-15.9257135092521,4.20192983928623e-57
"eutro",-0.883876876060177,0.279504774979592,-3.16229615799842,0.00156530281465515
"log10(RT)",-0.340720228980257,0.110363311486088,-3.08725992716528,0.00202010871748543
