"estimate","std.error","Adjusted.SE","statistic","p.value","term"
-5.40001716792284,3.26108332839365,3.3047662002974,1.63400883470573,0.102257,"(Intercept)"
-1.9283905234212,1.11644472434192,1.13153795505702,1.70422080390933,0.0883398,"human_impact"
1.21179618554165,0.476387309671674,0.482827474204206,2.50979128215295,0.0120803,"log10(area)"
-14.7836468691896,3.59583059418941,3.64422361826006,4.05673427808145,4.98e-05,"log10(depth)"
-3.45436650444425,1.44521612667442,1.46475071204434,2.35833065383734,0.0183573,"eutro"
0.271209291162055,0.440668023661653,0.446673485031561,0.607175711678727,0.5437343,"log10(RT)"
