"term","estimate","std.error","statistic","p.value"
"(Intercept)",-2.57998508909481,0.483551495771465,-5.33549190035834,9.52858827474818e-08
"human_impact",-2.43891960780666,0.191968803829868,-12.7047705624511,5.56323513214625e-37
"log10(area)",1.63944282346671,0.0885620146778613,18.5118058733202,1.65846347855564e-76
"depth",-5.80330511159524,0.243608599224006,-23.8222506515828,1.96434283294152e-125
"eutro",-1.36233077712327,0.184695626718534,-7.37608573265994,1.630110665938e-13
"log10(RT)",-0.20029157207179,0.0767554503581169,-2.60947686629799,0.00906807771299214
