"term","estimate","std.error","statistic","p.value"
"(Intercept)",-7.22188777024378,3.50542560589667,-2.0602028347415,0.0393791540406199
"human_impact",-2.45730819302672,1.25609891037054,-1.95630150837552,0.050429646617226
"log10(area)",1.54774831209407,0.501478879213511,3.08636789354213,0.00202617959218961
"log10(depth)",-14.8111597942944,3.59329679375722,-4.12188601287442,3.75783141521494e-05
"eutro",-2.93749078761767,1.44933360328632,-2.02678719444371,0.0426841806250738
"log10(RT)",-0.0945425518921519,0.489980328812903,-0.19295172955454,0.846996771838201
