"estimate","std.error","Adjusted.SE","statistic","p.value","term"
-9.16777963463333,3.71428478546759,3.7636883539102,2.43584982935919,0.01485685,"(Intercept)"
-1.81702459097535,1.25281516285558,1.26974382134525,1.43101668260158,0.15242543,"human_impact"
1.6688932860568,0.538424164095344,0.545702484793101,3.05824754800145,0.00222636,"log10(area)"
-15.4570012245,3.58931956833502,3.63747035888625,4.24938204286365,2.144e-05,"log10(depth)"
-1.51924827203874,1.46202092922158,1.4817893296155,1.02527953311214,0.30523131,"eutro"
-0.516177618484134,0.472407828535561,0.478845842670417,1.07796199212157,0.28105072,"log10(RT)"
