"term","estimate","std.error","statistic","p.value"
"(Intercept)",-3.79480040819459,0.690077838834014,-5.49909038465349,3.81755426027588e-08
"human_impact",-0.466998113040194,0.29298316931407,-1.59394177533654,0.11094907652945
"log10(area)",1.47823590797299,0.117328873905331,12.59908033521,2.13620748966016e-36
"depth",-5.14498085124616,0.325670878680535,-15.7980992101326,3.20639588745773e-56
"eutro",-0.789826929178242,0.27853341258317,-2.83566313230876,0.00457306534672948
"log10(RT)",-0.339354454117127,0.110992833241941,-3.05744473949417,0.00223232797365739
