"estimate","std.error","Adjusted.SE","statistic","p.value","term"
-8.57259479794147,3.78593793460549,3.83663383992302,2.23440525096173,0.0254564,"(Intercept)"
-2.19541124298928,1.23399592537321,1.25066532398376,1.75539466945178,0.0791918,"human_impact"
1.63843362481128,0.543648206980771,0.550998468235,2.97357201383813,0.0029436,"log10(area)"
-14.7134439209667,3.45943022050822,3.50595469075567,4.19670110391399,2.71e-05,"log10(depth)"
-1.98452623710962,1.39251269226433,1.41131848553106,1.40615053048275,0.1596794,"eutro"
-0.325767963421538,0.470440812205901,0.476852019674634,0.683163644024863,0.4945034,"log10(RT)"
