"term","estimate","std.error","statistic","p.value"
"(Intercept)",-16.3326893833243,5.36648688339147,-3.04346022606926,0.00233874354991502
"human_impact",-4.17483353745062,1.61556668600714,-2.58412950304681,0.00976251300772416
"log10(area)",2.92650238982517,0.780882075675759,3.74768800691531,0.000178472054720654
"log10(depth)",-31.0099322742476,6.98201942901514,-4.44139873707309,8.93760043059548e-06
"eutro",-5.7052027676645,2.07235141054477,-2.75300932970859,0.00590502134090086
"log10(RT)",0.97841225347971,0.697825634019538,1.40208700537979,0.160889266991433
