"term","estimate","std.error","statistic","p.value"
"(Intercept)",-3.78992244872907,0.680631966355365,-5.56824045309431,2.57324565370409e-08
"human_impact",-0.40797257682737,0.291270097722927,-1.40066755913769,0.161313507990948
"log10(area)",1.40930302634577,0.114430319407507,12.3158183394297,7.44560682571094e-35
"depth",-4.91938752745057,0.316886361347877,-15.5241377588039,2.38184118314608e-54
"eutro",-0.613729434103739,0.280831826339724,-2.18539843614914,0.0288596454399346
"log10(RT)",-0.326061422638899,0.109655513615212,-2.9735068660849,0.00294417819569112
