"estimate","std.error","Adjusted.SE","statistic","p.value","term"
-3.08719004784089,3.78482331640519,3.83591659667247,0.804811567206369,0.4209284,"(Intercept)"
-1.87309140851378,1.13584187100277,1.15119092306328,1.62709014724469,0.103718,"human_impact"
0.968219935499911,0.511721330108973,0.518636465445534,1.86685665202535,0.0619216,"log10(area)"
-13.9531110916754,3.41436051937132,3.46049471044892,4.03211455562818,5.53e-05,"log10(depth)"
-4.1749559132524,1.77153275690271,1.79547185644865,2.32526948181201,0.0200576,"eutro"
0.0947619007986266,0.446905222800236,0.452995685251394,0.209189411475383,0.8343004,"log10(RT)"
