"term","estimate","std.error","statistic","p.value"
"(Intercept)",-5.56625320959185,4.25057452621417,-1.30952961188273,0.19035501387588
"human_impact",-2.99912852763372,1.21561051962459,-2.46717882020298,0.0136182330252563
"log10(area)",1.45804602763395,0.57219752134727,2.54815159667399,0.0108295399360844
"log10(depth)",-20.8537746343351,4.65747217074858,-4.47748775941337,7.55265565867302e-06
"eutro",-4.82926042883096,1.78044673864379,-2.71238691055118,0.00668005708409266
"log10(RT)",0.0678952887033302,0.509871992539598,0.133161439923683,0.894065705688989
