"term","estimate","std.error","statistic","p.value"
"(Intercept)",-4.15357084607402,0.698357272071391,-5.94763026345261,2.72052246857392e-09
"human_impact",-0.446408904764061,0.294748916357599,-1.51453959621166,0.12988903904555
"log10(area)",1.51490196749826,0.117730683931467,12.8675203176439,6.85683006212674e-38
"depth",-5.10200965609778,0.322626665532492,-15.8139738625664,2.49237416505238e-56
"eutro",-0.453493032347456,0.283442215317039,-1.59994880028795,0.109609942093945
"log10(RT)",-0.399067197683909,0.112141025564638,-3.55861911976083,0.000372809703036944
