"term","estimate","std.error","statistic","p.value"
"(Intercept)",-12.0805446912585,4.59692488489694,-2.62796216900319,0.00858980679988319
"human_impact",-2.67426205732971,1.29909412451404,-2.05855911967125,0.0395364923388933
"log10(area)",2.20297373094344,0.672764676557806,3.27450861750788,0.00105845910728086
"log10(depth)",-25.2560800947102,5.46563677243357,-4.62088520446354,3.82106171062824e-06
"eutro",-4.57037682814851,1.71871008561339,-2.65919009052501,0.00783287552120295
"log10(RT)",0.61853084243824,0.539384951511197,1.14673359111206,0.251491742964339
