"estimate","std.error","Adjusted.SE","statistic","p.value","term"
-5.95684961713501,3.43147181156628,3.47778870369235,1.71282677720203,0.0867444,"(Intercept)"
-2.01306568944402,1.11221247616622,1.12724276569964,1.78583154463145,0.0741265,"human_impact"
1.21806636264651,0.511023222374435,0.517929441944175,2.35179980901297,0.0186828,"log10(area)"
-13.2527679032776,3.14706121216931,3.1895731864012,4.15502862884007,3.25e-05,"log10(depth)"
-2.60382185006889,1.32648995507893,1.34441641961499,1.93676736766914,0.0527738,"eutro"
0.119457520366079,0.457234230369238,0.463465457415543,0.257748486871534,0.796601,"log10(RT)"
