"estimate","std.error","Adjusted.SE","statistic","p.value","term"
-12.5683950699262,4.27388489236978,4.33025140768827,2.90246313357494,0.0037024,"(Intercept)"
-1.73480842170546,1.28857721067227,1.30599575512892,1.32834154697096,0.1840653,"human_impact"
2.3572131074221,0.638646925494573,0.647261617727721,3.64182433016396,0.0002707,"log10(area)"
-23.0999201847147,4.94742461427534,5.01328491604884,4.60774134555285,4.1e-06,"log10(depth)"
-4.11513182957002,1.78290956344577,1.80693479273688,2.27741025636959,0.0227617,"eutro"
0.431248928708893,0.513616827668098,0.520616441554002,0.828342891787371,0.4074763,"log10(RT)"
