"term","estimate","std.error","statistic","p.value"
"(Intercept)",-3.77210627027388,0.686626784894544,-5.49367772020899,3.93648576031099e-08
"human_impact",-0.442210541294548,0.290931925043382,-1.51997942896301,0.128516145822486
"log10(area)",1.41167990366956,0.115524767623964,12.2197164530519,2.43934018861505e-34
"depth",-4.84587960457943,0.314828238747214,-15.3921377061425,1.84823831020499e-53
"eutro",-0.685034319224067,0.274818773361339,-2.49267657680491,0.0126784272763118
"log10(RT)",-0.337632107150949,0.107935164301291,-3.12810110899984,0.00175939645930363
