"term","estimate","std.error","statistic","p.value"
"(Intercept)",-3.60428913375226,0.698207475633391,-5.1622035849481,2.44059647131234e-07
"human_impact",-0.336933396328003,0.29572541427924,-1.13934541997074,0.254559111120372
"log10(area)",1.40413191946948,0.117734675316339,11.9262393657327,8.63887124549605e-33
"depth",-4.99796844866909,0.323462395341818,-15.4514667567075,7.37460046821411e-54
"eutro",-0.709902509722953,0.279324670809139,-2.54149591465204,0.0110379236147395
"log10(RT)",-0.35365195747531,0.112429900385308,-3.14553296110118,0.00165784512776507
