"term","estimate","std.error","statistic","p.value"
"(Intercept)",-2.93541609296779,0.491407596726925,-5.97348537653764,2.32237613085238e-09
"human_impact",-2.31607665006489,0.190674304497597,-12.1467685757001,5.96780242407633e-34
"log10(area)",1.7108240496719,0.0907208895965109,18.8581048673678,2.52095093120566e-79
"depth",-5.86265673627342,0.243833100927559,-24.0437279186929,9.70923877149259e-128
"eutro",-1.4390908166723,0.185565791659108,-7.75515144146812,8.82381132509726e-15
"log10(RT)",-0.205426284422783,0.076899542638223,-2.67135898830008,0.00755448058630025
