"estimate","std.error","Adjusted.SE","statistic","p.value","term"
-5.30208093844567,3.80796234057052,3.85940521736483,1.37380778638888,0.1695014,"(Intercept)"
-1.96518768203375,1.27540386248921,1.29263864669425,1.52029160435475,0.1284377,"human_impact"
1.37764141091604,0.554643135116461,0.562138113563373,2.45071696381379,0.0142572,"log10(area)"
-19.2270760838719,4.21281071871656,4.26973566403181,4.50310688922513,6.7e-06,"log10(depth)"
-4.74193714277483,1.66685666919586,1.68938226152975,2.80690596246758,0.005002,"eutro"
0.10218232994617,0.488307960473241,0.494962662960782,0.206444521158289,0.8364437,"log10(RT)"
