"term","estimate","std.error","statistic","p.value"
"(Intercept)",-6.50299751564003,3.82157828728121,-1.70165230875499,0.0888205655235251
"human_impact",-2.47587355942304,1.21935990317904,-2.03046988257372,0.0423087995280017
"log10(area)",1.45059764497954,0.53568615576978,2.70792446165615,0.00677054306796602
"log10(depth)",-21.6275327973443,4.69571189895147,-4.60580488385023,4.10873509807054e-06
"eutro",-5.08611953126276,1.70881515235754,-2.97640123581874,0.00291653006159512
"log10(RT)",0.377403488686974,0.483370574620458,0.780774644760514,0.434935049242528
