"term","estimate","std.error","statistic","p.value"
"(Intercept)",-7.66610175630143,3.98497051156553,-1.92375369756243,0.054385463748013
"human_impact",-2.17913875761646,1.12381295857275,-1.93905822227212,0.0524942490502113
"log10(area)",1.60084895501028,0.567351393263854,2.82161809068791,0.00477820419110702
"log10(depth)",-14.1725893448138,3.46442130468898,-4.09089660245182,4.29708691621721e-05
"eutro",-3.19211750150643,1.44067795292674,-2.21570510954349,0.0267117047440966
"log10(RT)",0.0377694043697731,0.462696770271528,0.0816288480846941,0.934941860385859
