"estimate","std.error","Adjusted.SE","statistic","p.value","term"
-4.62048007804707,3.29217198697805,3.33666578620527,1.38475962955279,0.166126,"(Intercept)"
-2.34947018312366,1.12822732867784,1.14347359892355,2.05467811879122,0.0399101,"human_impact"
0.997487950203446,0.477062379583311,0.483509087329806,2.06301799974868,0.0391109,"log10(area)"
-11.4060661521359,3.16552709177241,3.20830590166403,3.55516789911462,0.0003777,"log10(depth)"
-2.16529226631794,1.36539559455032,1.3838465824353,1.5646909807787,0.1176554,"eutro"
0.034605672379836,0.434464320201218,0.440385236971833,0.0785804551891674,0.9373663,"log10(RT)"
