"term","estimate","std.error","statistic","p.value"
"(Intercept)",-3.49973196152627,0.692144179850792,-5.05636262415834,4.27328436719762e-07
"human_impact",-0.41689104452791,0.294554030672449,-1.41532962076999,0.156971874103194
"log10(area)",1.4012656818589,0.115203348002638,12.163411100056,4.86825780388032e-34
"depth",-5.12209068875855,0.322503152682288,-15.8822964865852,8.40441551160683e-57
"eutro",-0.615694442183944,0.27638118382581,-2.22770028574734,0.0259005079583985
"log10(RT)",-0.325968034512775,0.111048243198655,-2.93537317767061,0.00333146763371424
