"term","estimate","std.error","statistic","p.value"
"(Intercept)",-8.84824422826932,3.63704586917848,-2.43281073336255,0.014982130020217
"human_impact",-0.926184727820629,1.11424361612797,-0.831222826332313,0.405847762049161
"log10(area)",1.63756181141297,0.538298251755046,3.04210873075274,0.00234927017200138
"log10(depth)",-14.1842523323974,3.29532763034737,-4.30435268462281,1.67474687303175e-05
"eutro",-2.50126535830869,1.37316032874392,-1.82153919389492,0.0685249344679034
