"estimate","std.error","Adjusted.SE","statistic","p.value","term"
-13.5575584532143,5.5372048587007,5.5988610702889,2.42148506330319,0.01545724,"(Intercept)"
-2.49116649076879,1.38339911457124,1.40216430735624,1.77665804050157,0.07562452,"human_impact"
2.38972009736215,0.688060232418124,0.696954489280715,3.42880365090759,0.00060625,"log10(area)"
-28.0915846478168,6.23302339298878,6.31020481046066,4.45177066222134,8.52e-06,"log10(depth)"
-4.88066851775604,2.14933165138645,2.17846877041708,2.24041243282162,0.02506416,"eutro"
1.12956908160949,0.647360497409776,0.656182781421434,1.72142444695454,0.08517383,"log10(RT)"
