"term","estimate","std.error","statistic","p.value"
"(Intercept)",-3.59322608856738,0.697178578237595,-5.15395366514377,2.5505098776328e-07
"human_impact",-0.375567899076865,0.294471325719949,-1.27539718225075,0.202168695522312
"log10(area)",1.46364946301002,0.117725447022041,12.4327365071376,1.73588495210935e-35
"depth",-5.19676028506512,0.325641249149941,-15.9585442527039,2.48459206500289e-57
"eutro",-0.766707512968843,0.281037488317626,-2.72813252622837,0.00636940129091789
"log10(RT)",-0.391519634670729,0.112219377689523,-3.48887725749063,0.000485053822357626
