"estimate","std.error","Adjusted.SE","statistic","p.value","term"
-7.16767414985263,3.59437164164279,3.64244899108195,1.96781730297438,0.0490891,"(Intercept)"
-2.48266127418335,1.18598107507304,1.20201123146727,2.06542269255904,0.038883,"human_impact"
1.42896374460519,0.52190016233803,0.528949144028779,2.70151442862992,0.0069024,"log10(area)"
-15.4982669598379,3.80602113322034,3.8572700876663,4.01793667739106,5.87e-05,"log10(depth)"
-2.50076405426417,1.46889848489764,1.4887536838691,1.67977018721121,0.093002,"eutro"
0.245036883611976,0.454813685167706,0.461011924817782,0.531519621122225,0.5950587,"log10(RT)"
