"estimate","std.error","Adjusted.SE","statistic","p.value","term"
-6.33631804278048,3.8688000224313,3.92106593737287,1.61596824536591,0.1061012,"(Intercept)"
-2.92745503405154,1.25400056572982,1.27094634625647,2.30336634010889,0.0212582,"human_impact"
1.38111293070865,0.542534293387381,0.549865841527802,2.51172709123233,0.0120142,"log10(area)"
-13.8375491098726,3.3462960609487,3.39150834218355,4.08005751829099,4.5e-05,"log10(depth)"
-2.93639677586372,1.61387405230813,1.63568287217678,1.79521154486134,0.07262,"eutro"
-0.0782931707948489,0.458903431960096,0.465157407027892,0.168315433898173,0.8663351,"log10(RT)"
