"term","estimate","std.error","statistic","p.value"
"(Intercept)",-3.24652984959368,0.705142434204257,-4.60407669729499,4.14299770224717e-06
"human_impact",-0.610507533585851,0.297771481056268,-2.05025522061492,0.0403395318678687
"log10(area)",1.42800230279595,0.11932315921183,11.9675200709434,5.25766892779093e-33
"depth",-5.43954262772052,0.340091626499901,-15.9943444762293,1.3992335432048e-57
"eutro",-0.728755372594955,0.280299077099187,-2.59992069947871,0.00932453054261772
"log10(RT)",-0.303263004184609,0.11152775319239,-2.71917074901945,0.00654458143499759
