"term","estimate","std.error","statistic","p.value"
"(Intercept)",-3.59929157395903,0.694271592989383,-5.18427026296908,2.16862274173119e-07
"human_impact",-0.42978372851816,0.296297200409217,-1.45051565767272,0.146914776088197
"log10(area)",1.39783170494125,0.115797050929511,12.0713929562174,1.49580678788871e-33
"depth",-4.93267472596182,0.316807631390778,-15.5699365709958,1.1652271197797e-54
"eutro",-0.705495595043941,0.278604113523045,-2.53225117936238,0.0113332773728459
"log10(RT)",-0.354913602282985,0.108426336386696,-3.27331545185853,0.00106293776991173
