"estimate","std.error","Adjusted.SE","statistic","p.value","term"
-7.95094496611081,3.41960630360434,3.46506173702578,2.29460412816063,0.0217558,"(Intercept)"
-1.46274290206239,1.1184312644469,1.13355002935594,1.29040877260044,0.1969088,"human_impact"
1.47816599906215,0.508401168021092,0.515100161486697,2.86966712414887,0.004109,"log10(area)"
-13.3952599649929,3.38236695304693,3.42738804759923,3.90829978367223,9.29e-05,"log10(depth)"
-2.10724459350679,1.42043186187441,1.43909240901368,1.46428719956284,0.1431155,"eutro"
-0.253437203571875,0.4286195965694,0.434423396446468,0.583387556114523,0.5596324,"log10(RT)"
