"term","estimate","std.error","statistic","p.value"
"(Intercept)",-3.33111071791957,0.690977718203175,-4.82086560849144,1.42936631014595e-06
"human_impact",-0.3569016787007,0.294498084265492,-1.21189813370382,0.22555137665118
"log10(area)",1.41177624434266,0.116354255472881,12.1334302609302,7.02441189236559e-34
"depth",-5.2311710536377,0.328547780760521,-15.9221013197186,4.45171387627731e-57
"eutro",-0.986132357764917,0.28533881075653,-3.45600500384209,0.000548245143383893
"log10(RT)",-0.345651071433473,0.112145332824591,-3.08217081110379,0.00205496881421899
