"term","estimate","std.error","statistic","p.value"
"(Intercept)",-3.56745968673746,0.695355254958522,-5.13041306770632,2.89107053901776e-07
"human_impact",-0.36664181083614,0.292861093716311,-1.25193075728693,0.210595096086194
"log10(area)",1.4267709717312,0.118158918143405,12.0750172238339,1.43134274446216e-33
"depth",-5.15197829511963,0.330081384086598,-15.6082061682339,6.40115556152298e-55
"eutro",-0.762868178667595,0.278841820261409,-2.73584564163446,0.00622202045592641
"log10(RT)",-0.354287410229601,0.110263372729771,-3.21310151738123,0.00131309868138771
