"term","estimate","std.error","statistic","p.value"
"(Intercept)",-3.40023996329831,0.694549939638097,-4.895601841201,9.80053201869407e-07
"human_impact",-0.504564275970974,0.296403292809081,-1.70228971206461,0.0887010724253716
"log10(area)",1.40451617701745,0.117320359101664,11.971632100106,5.00345968076143e-33
"depth",-5.13389693587038,0.330375300190987,-15.5395906803642,1.87175085802345e-54
"eutro",-0.713182578369924,0.283637329003554,-2.51441719915853,0.0119229296329037
"log10(RT)",-0.360784635150684,0.109455651878708,-3.29617181898001,0.000980120521442302
