"estimate","std.error","Adjusted.SE","statistic","p.value","term"
-7.42706566333697,3.95855422851666,4.0111782366939,1.85159203233475,0.0640844,"(Intercept)"
-2.02606968824253,1.23008356640683,1.24669732250443,1.62514962667317,0.1041307,"human_impact"
1.50280590503484,0.573142826949855,0.580889275262227,2.58707806983773,0.0096794,"log10(area)"
-16.4980820816736,3.66369695016375,3.71282010666505,4.44354469317194,8.8e-06,"log10(depth)"
-3.25432334099596,1.53875821853168,1.55956611799677,2.08668507442062,0.0369166,"eutro"
0.347479365706848,0.453376018088295,0.459554665088929,0.75612194174899,0.4495761,"log10(RT)"
