"term","estimate","std.error","statistic","p.value"
"(Intercept)",-3.47156916728577,0.692371664805141,-5.01402547757756,5.33029240221559e-07
"human_impact",-0.34526093036748,0.294581472858552,-1.1720388489376,0.24118145921404
"log10(area)",1.35733891398015,0.113869689504161,11.9201072725377,9.29887335743373e-33
"depth",-4.78755319034179,0.31175580846547,-15.3567409502558,3.19223541602019e-53
"eutro",-0.837370073934262,0.276701977787895,-3.02625257914183,0.00247605372255028
"log10(RT)",-0.349015674231628,0.108139329298393,-3.2274629082318,0.00124893232053889
