"term","estimate","std.error","statistic","p.value"
"(Intercept)",-3.46338237004494,0.693063503170747,-4.99720783766575,5.81663681549481e-07
"human_impact",-0.528250459088804,0.294121108149053,-1.79603042574252,0.0724896782515336
"log10(area)",1.42540995143382,0.117399795239266,12.141502875101,6.36461694886423e-34
"depth",-5.17849531685827,0.329896139279954,-15.697350469639,1.5769190655945e-55
"eutro",-0.828820388580711,0.278511471666572,-2.9758931781918,0.00292136601120541
"log10(RT)",-0.31820679142262,0.110363630163784,-2.88325774487834,0.00393585253535884
