"estimate","std.error","Adjusted.SE","statistic","p.value","term"
-3.44768766963589,3.35218298278868,3.39711211425558,1.01488780872673,0.3101593,"(Intercept)"
-1.89512637130272,1.12632028780906,1.14153286322944,1.66015927560889,0.0968824,"human_impact"
0.910457276828101,0.477369423064694,0.48382026491517,1.88180889237398,0.059862,"log10(area)"
-13.2597464684339,3.21859662099239,3.26191669620004,4.06501689141258,4.8e-05,"log10(depth)"
-3.59724596749119,1.42719183706755,1.44647405009092,2.48690667299912,0.0128859,"eutro"
0.234848699073314,0.461105991022352,0.467389982752699,0.502468404842932,0.6153381,"log10(RT)"
