"term","estimate","std.error","statistic","p.value"
"(Intercept)",-16.4871278109945,5.35822095672813,-3.07697796416779,0.00209110758758054
"human_impact",-4.00179802504334,1.59264916844303,-2.51266763850792,0.0119822161290186
"log10(area)",2.93400776024869,0.771221067725455,3.80436671537241,0.000142167435304069
"log10(depth)",-30.6638263399126,6.6070446853471,-4.6410805133372,3.46592037018107e-06
"eutro",-3.84109560925732,1.87284204504403,-2.05094477637436,0.0402723249560098
"log10(RT)",0.578324664067554,0.665016354242678,0.869639762056906,0.384497301079431
