"term","estimate","std.error","statistic","p.value"
"(Intercept)",-2.77326426730158,0.496744339708164,-5.58288045905238,2.36567354776141e-08
"human_impact",-2.5685514449663,0.19297507981387,-13.3102753342232,2.01736927754112e-40
"log10(area)",1.71691471177992,0.091478095697183,18.7685882472168,1.36463900323064e-78
"depth",-6.01112000890143,0.249614418829356,-24.0816217151735,3.89495598082184e-128
"eutro",-1.46526472055058,0.186760007218576,-7.84570927348323,4.30513258712919e-15
"log10(RT)",-0.165089623439035,0.0765828423882153,-2.15569987076426,0.0311071082827225
