"term","estimate","std.error","statistic","p.value"
"(Intercept)",-12.3575072567639,5.16618316717442,-2.39199944269933,0.0167568678211929
"human_impact",-3.89164366060891,1.41814721148674,-2.74417467318434,0.00606632496874902
"log10(area)",2.31000723220963,0.715217195908061,3.22979822832247,0.00123877609003244
"log10(depth)",-26.9633928631821,6.24907833091726,-4.31477914587515,1.59762542365658e-05
"eutro",-4.80569280699378,1.80075057791797,-2.66871651517121,0.00761416853773991
"log10(RT)",0.755144871631942,0.610418236493756,1.23709421915291,0.216052105674692
