"term","estimate","std.error","statistic","p.value"
"(Intercept)",-3.6532033962981,0.690225658227588,-5.29276672455073,1.20479563445643e-07
"human_impact",-0.495428240007533,0.296837051627065,-1.66902425856853,0.0951125723089972
"log10(area)",1.44057732564794,0.116697206477507,12.3445742115995,5.21091877185477e-35
"depth",-5.1342907886362,0.325440593859623,-15.7764301242975,4.52041991565744e-56
"eutro",-0.756773052287681,0.286567960687949,-2.64081529027507,0.00827067968384313
"log10(RT)",-0.339414894880558,0.111269045213981,-3.05039819680155,0.00228538143365499
