"term","estimate","std.error","statistic","p.value"
"(Intercept)",-3.9512458183932,0.724315846455187,-5.45514203193353,4.8933716191056e-08
"human_impact",-0.157927344708363,0.296474218790241,-0.532684917267961,0.594251708590739
"log10(area)",1.48054703385152,0.122451929075796,12.0908428721861,1.18069162313262e-33
"depth",-5.36640034646781,0.334120110526584,-16.0612910668867,4.76528312452849e-58
"eutro",-0.844915885085496,0.282470648467761,-2.99116347014698,0.0027791667528423
"log10(RT)",-0.282599158702751,0.112502109221968,-2.51194542624246,0.0120067654893624
