"term","estimate","std.error","statistic","p.value"
"(Intercept)",-2.94497535248941,0.495333340449885,-5.94544140682039,2.75712862542619e-09
"human_impact",-2.42747302865411,0.193647836453367,-12.5355029682383,4.77323470212564e-36
"log10(area)",1.7970524215267,0.0920383489909992,19.5250397386251,6.72646199426441e-85
"depth",-6.31088745596898,0.255693293582507,-24.6814743067659,1.69102747166007e-134
"eutro",-1.52720664682756,0.190219443472234,-8.02865689726654,9.8545527552896e-16
"log10(RT)",-0.203730845903223,0.0793502633501558,-2.56748796162406,0.0102438346287335
