"term","estimate","std.error","statistic","p.value"
"(Intercept)",-4.06730364985237,0.706336560256502,-5.75830826083157,8.49610984447422e-09
"human_impact",-0.371768658229104,0.296398019891157,-1.25428860275661,0.209737125009446
"log10(area)",1.44879824868051,0.116522108863333,12.433676860241,1.71557972169277e-35
"depth",-5.08879112235403,0.326657415429318,-15.578373188516,1.02120724781391e-54
"eutro",-0.74405206240619,0.275770023552238,-2.69808898306616,0.00697387967867892
"log10(RT)",-0.229937742029329,0.109318553955257,-2.10337343213889,0.0354331389793022
