"term","estimate","std.error","statistic","p.value"
"(Intercept)",-5.14731197598641,3.90277624146388,-1.31888472654423,0.187207653034687
"human_impact",-2.50703914322453,1.15366695713064,-2.17310474893027,0.0297724343781848
"log10(area)",1.20436894608951,0.520771063299122,2.31266487515598,0.0207410716313156
"log10(depth)",-17.3721694323647,4.01185994789974,-4.33020336152543,1.48971701483736e-05
"eutro",-3.63009871852855,1.60066487345917,-2.26786929526579,0.0233371742955315
"log10(RT)",0.20386095945597,0.509117070634455,0.400420593247681,0.688846758976955
