"term","estimate","std.error","statistic","p.value"
"(Intercept)",-3.75910549700047,0.703776051423427,-5.34133761641571,9.22632404320372e-08
"human_impact",-0.413548315728714,0.296317947004065,-1.39562358577977,0.16282787611902
"log10(area)",1.49524214311293,0.119205150018545,12.5434357733732,4.31857815808412e-36
"depth",-5.13156278118939,0.325209582876262,-15.7792483720933,4.3230527896026e-56
"eutro",-0.706001892637857,0.282743830412314,-2.49696657079421,0.0125260764511446
"log10(RT)",-0.440977093713841,0.113110917417895,-3.89862538277029,9.67403049079177e-05
