"estimate","std.error","Adjusted.SE","statistic","p.value","term"
-7.04528723952734,3.43435034181239,3.4807727297342,2.02405838776648,0.0429641,"(Intercept)"
-2.09335553575215,1.18448046651437,1.20048658323882,1.74375587780784,0.0812017,"human_impact"
1.47883376457501,0.510286656704098,0.517182247654568,2.85940550218332,0.0042444,"log10(area)"
-13.634842044416,3.3200500421217,3.36491987932055,4.05205548227473,5.08e-05,"log10(depth)"
-3.19121849131643,1.46270096289493,1.48246680790053,2.15264077030895,0.0313469,"eutro"
-0.0173716157174563,0.480609970918239,0.487159764548281,0.0356589705916378,0.9715543,"log10(RT)"
