"term","estimate","std.error","statistic","p.value"
"(Intercept)",-4.0029782888742,0.697157473153765,-5.74185667230351,9.3644069079815e-09
"human_impact",-0.343193741511888,0.296038301974674,-1.15928830567758,0.246338686922053
"log10(area)",1.5247190793467,0.119826265608379,12.7244145647486,4.32705799138529e-37
"depth",-5.16239688854049,0.328803806474858,-15.7005387008354,1.49963185787732e-55
"eutro",-0.728073406691445,0.281332746591286,-2.58794404673116,0.00965506626366299
"log10(RT)",-0.42175539095695,0.114680178422733,-3.67766598166842,0.000235377908240319
