"term","estimate","std.error","statistic","p.value"
"(Intercept)",-4.08939797520977,0.713348711026513,-5.73267731755639,9.88575980722021e-09
"human_impact",-0.435624550431702,0.29858257734987,-1.45897511602376,0.144571956743163
"log10(area)",1.54014135411623,0.120661520611373,12.7641467330478,2.59983913037713e-37
"depth",-5.30559086835568,0.337035924654851,-15.7419149717912,7.80455865531097e-56
"eutro",-0.817693796705703,0.283322570806243,-2.88608773518755,0.00390063404467226
"log10(RT)",-0.321987612517665,0.114341678929078,-2.81601263453009,0.00486237544268874
