"term","estimate","std.error","statistic","p.value"
"(Intercept)",-3.183387385351,0.680911510201071,-4.67518515645442,2.93688524064661e-06
"human_impact",-0.481912041585642,0.289119070184188,-1.66682896869664,0.0955484182296226
"log10(area)",1.3765337826404,0.113636224037403,12.1135121683321,8.95748255592907e-34
"depth",-5.07959647592571,0.322377835375402,-15.7566554475143,6.18191134567853e-56
"eutro",-0.860245963519168,0.276952601961135,-3.10611258904109,0.00189564523599744
"log10(RT)",-0.337600606508456,0.109618700466795,-3.07977201947144,0.00207159100597911
