"term","estimate","std.error","statistic","p.value"
"(Intercept)",-6.59117388914212,3.31380633555123,-1.98900394945552,0.0467007670384811
"human_impact",-1.06693470143365,1.10598781866031,-0.964689378519586,0.334700416834312
"log10(area)",1.33540685316309,0.487324675982165,2.74028162122444,0.00613865604449068
"log10(depth)",-12.8493270146605,3.14985026807166,-4.07934534060467,4.51627042904385e-05
"eutro",-3.17246835765624,1.3065706374918,-2.42808790173516,0.0151786639496084
