"estimate","std.error","Adjusted.SE","statistic","p.value","term"
-11.2236872891014,4.0604666475808,4.11519619807699,2.72737598619142,0.006384,"(Intercept)"
-3.34546166338335,1.45727794652347,1.47697316315193,2.26507951995823,0.0235078,"human_impact"
2.10418381613299,0.611668060572659,0.619934863465603,3.39420145589172,0.0006883,"log10(area)"
-17.0697215542639,3.9802777452822,4.03400417519384,4.23145857389791,2.32e-05,"log10(depth)"
-2.27939088675299,1.48528350303936,1.50535716133842,1.51418609835182,0.1299786,"eutro"
-0.189694834550469,0.50875864659427,0.515692052774598,0.367845177232897,0.7129887,"log10(RT)"
