"term","estimate","std.error","statistic","p.value"
"(Intercept)",-3.91753639255806,0.690263999984105,-5.67541751076149,1.38350800426051e-08
"human_impact",-0.350476771405901,0.292535599262787,-1.19806537149369,0.23089156856077
"log10(area)",1.43140242514666,0.116393428699751,12.2979659688444,9.28837314084106e-35
"depth",-4.90790316755832,0.316639666004806,-15.4999631899682,3.47090953385738e-54
"eutro",-0.596705121527908,0.27759917177544,-2.14952053967439,0.0315931596865612
"log10(RT)",-0.357664190938983,0.109519800746149,-3.26574910200938,0.00109174934301128
