"estimate","std.error","Adjusted.SE","statistic","p.value","term"
-9.8610824217501,3.99640656319716,4.0493202338035,2.43524390573764,0.0148818,"(Intercept)"
-2.2351900962,1.34683299519557,1.36504222663802,1.63745124698822,0.1015362,"human_impact"
2.152323078703,0.613335083666094,0.62160976746433,3.46249880770496,0.0005352,"log10(area)"
-25.1342803553231,5.55347112551564,5.62799194026226,4.46594107136405,8e-06,"log10(depth)"
-5.90129681469057,2.02941301465577,2.05683640670229,2.86911336043106,0.0041162,"eutro"
0.353062239643428,0.521333065546853,0.528437836979966,0.668124450855348,0.5040542,"log10(RT)"
