"term","estimate","std.error","statistic","p.value"
"(Intercept)",-10.3700117435614,3.77244956380413,-2.74888015549882,0.00597992461042993
"human_impact",-2.19011855249622,1.15779161478041,-1.89163449150701,0.0585396970201411
"log10(area)",1.8102507774504,0.554816317639873,3.2627929638966,0.00110320081727762
"log10(depth)",-13.0740684722939,3.2005160746998,-4.08498759798299,4.40791708635972e-05
"eutro",-1.22476709721695,1.46388918338205,-0.836652877226236,0.402787714026515
