"estimate","std.error","Adjusted.SE","statistic","p.value","term"
-7.88023558400622,3.43329122726539,3.47965486177459,2.26466011631607,0.0235335,"(Intercept)"
-1.87646408155407,1.12078772179414,1.13593378284277,1.65191326281191,0.0985522,"human_impact"
1.50242953669487,0.505940978304506,0.512777714149239,2.92998212527154,0.0033898,"log10(area)"
-16.5781053396277,3.71995189353369,3.77020567398144,4.39713553402002,1.1e-05,"log10(depth)"
-2.3401039682034,1.49713847526401,1.51737061716127,1.54220988711467,0.1230226,"eutro"
0.11882255805723,0.519201382758249,0.526277103436706,0.225779455882258,0.821373,"log10(RT)"
