"term","estimate","std.error","statistic","p.value"
"(Intercept)",-3.47162573240202,0.688708649481424,-5.04077556600465,4.63648964951839e-07
"human_impact",-0.468270540497943,0.298911909085659,-1.5665837534889,0.117212017785687
"log10(area)",1.30357888706945,0.113110963151861,11.5247793029513,9.8965465068759e-31
"depth",-4.67900926407153,0.309834905743108,-15.1016208223841,1.58001257916197e-51
"eutro",-0.595693345140855,0.278887257985139,-2.13596472439984,0.0326822892133459
"log10(RT)",-0.305182464326253,0.108058007783505,-2.82424662999237,0.00473919018660705
