"term","estimate","std.error","statistic","p.value"
"(Intercept)",-7.61725135264026,4.30452765621814,-1.76959052444156,0.0767953784970017
"human_impact",-2.54649927690031,1.20821180214853,-2.10765966064224,0.0350604389815799
"log10(area)",1.61264031574276,0.596412114616938,2.7039026810824,0.00685303568447719
"log10(depth)",-18.1855002144405,4.06329294057828,-4.47555725870269,7.62122699980075e-06
"eutro",-3.29313254689294,1.62612531445528,-2.02514069341333,0.0428529193942648
"log10(RT)",0.13318864955488,0.498712267093772,0.267065116186197,0.789419025627052
