"term","estimate","std.error","statistic","p.value"
"(Intercept)",-3.87760961026755,0.705487471453853,-5.4963550270803,3.87721553791246e-08
"human_impact",-0.368129450378256,0.298029572007232,-1.23521115001743,0.216751930629464
"log10(area)",1.43058306111649,0.117635370964307,12.1611641922782,5.00404205957559e-34
"depth",-5.05151676686639,0.325539967359442,-15.5173474023508,2.64772058271752e-54
"eutro",-0.644028973977432,0.283910287353708,-2.26842422647078,0.0233033625586506
"log10(RT)",-0.319242885419529,0.109677123683942,-2.91075180216703,0.00360560307666705
