"estimate","std.error","Adjusted.SE","statistic","p.value","term"
-6.56069406712784,3.16966788309784,3.21250938068937,2.04223343488572,0.0411284,"(Intercept)"
-2.82523435523201,1.21902510188629,1.2354981341097,2.2867168126222,0.0222124,"human_impact"
1.34819384413181,0.469807476616947,0.476156076640571,2.83141161117534,0.0046343,"log10(area)"
-12.7036010095048,3.245429683784,3.28928765159541,3.86211312450681,0.0001124,"log10(depth)"
-2.24685019970589,1.36007778422804,1.37845677141548,1.62997508975105,0.1031068,"eutro"
-0.0202826992782867,0.459998166061463,0.46626706025886,0.0435001762016519,0.9653028,"log10(RT)"
