"term","estimate","std.error","statistic","p.value"
"(Intercept)",-3.40675248811815,0.683391837356214,-4.98506464651026,6.19410992245448e-07
"human_impact",-0.399384076793305,0.293769500794428,-1.35951511546729,0.173983415999321
"log10(area)",1.32481054274325,0.112037984160686,11.8246552958611,2.91095166572969e-32
"depth",-4.84967655519603,0.314785939989827,-15.4062680034335,1.48546460357048e-53
"eutro",-0.7003050026891,0.279229672569775,-2.5079891984406,0.0121420378759647
"log10(RT)",-0.288276719600099,0.108476920951791,-2.65749356702533,0.00787240928836548
