"term","estimate","std.error","statistic","p.value"
"(Intercept)",-2.68908743849633,0.489861376899211,-5.48948654723111,4.03103816313091e-08
"human_impact",-2.46132116547819,0.190577142672803,-12.9150911329591,3.70005727782556e-38
"log10(area)",1.72352098285331,0.0910740758360251,18.9243861881886,7.1821256245298e-80
"depth",-6.02480031223599,0.249140665473321,-24.182324072989,3.41426458301688e-129
"eutro",-1.4990193537919,0.187319966472112,-8.00245367337855,1.2196406469532e-15
"log10(RT)",-0.227635398403201,0.0765146667685534,-2.97505573789883,0.00292935316696018
