"term","estimate","std.error","statistic","p.value"
"(Intercept)",-3.13955135321349,0.490806582196276,-6.39671811075665,1.58752009105836e-10
"human_impact",-2.33459168065355,0.192416445600292,-12.1330153115042,7.06010496538854e-34
"log10(area)",1.74738092311955,0.090954651966897,19.211561864428,2.96218763525353e-82
"depth",-5.94493030880763,0.245909147945781,-24.175311729836,4.04629369566857e-129
"eutro",-1.4588265356922,0.185144808147885,-7.87938128152618,3.29006121178085e-15
"log10(RT)",-0.177789249062464,0.076880767849175,-2.3125321720414,0.0207483744989433
