"estimate","std.error","Adjusted.SE","statistic","p.value","term"
-6.13661935987398,3.79486255992395,3.84546148258214,1.59580830224657,0.1105316,"(Intercept)"
-2.18468289428185,1.11235013256216,1.12739566511498,1.93781381451296,0.0526459,"human_impact"
1.37096861965861,0.536383178400831,0.543634576841512,2.52185692018315,0.0116737,"log10(area)"
-14.3020871967453,3.29078040739424,3.33493270265489,4.28856845757627,1.8e-05,"log10(depth)"
-2.78606520506509,1.506037668138,1.52636425690095,1.82529510401519,0.0679565,"eutro"
-0.467012766388703,0.522475912277838,0.529596258523568,0.881827918668954,0.3778699,"log10(RT)"
