"term","estimate","std.error","statistic","p.value"
"(Intercept)",-6.00409071705291,3.47415040921668,-1.72821841596854,0.0839490732474151
"human_impact",-2.42609825924957,1.09393491799062,-2.21777202587692,0.0265703804105446
"log10(area)",1.26190154995061,0.471080189393672,2.67874043180379,0.00738996560428105
"log10(depth)",-13.6085565811799,3.51905099227253,-3.86710980064309,0.000110132848627605
"eutro",-2.89075703409746,1.46175585140641,-1.97759224381839,0.0479747249668831
"log10(RT)",0.091449462887224,0.45762191197888,0.19983628513716,0.841608622219451
