"estimate","std.error","Adjusted.SE","statistic","p.value","term"
-7.42692046657565,3.38698302029318,3.43220354826932,2.16389277679078,0.0304726,"(Intercept)"
-1.57248091964951,1.09506803256964,1.10986931161422,1.41681628926424,0.1565366,"human_impact"
1.48600030937837,0.506955402389768,0.513807682298864,2.8921333031257,0.0038264,"log10(area)"
-17.4196752056945,3.95217475381833,4.00537075134563,4.34907934548688,1.37e-05,"log10(depth)"
-3.5776401801954,1.51857955998024,1.5390937838421,2.32451083732169,0.0200981,"eutro"
0.301721448489353,0.490959781491971,0.497650623222282,0.606291712317589,0.5443211,"log10(RT)"
