"term","estimate","std.error","statistic","p.value"
"(Intercept)",-3.46038913006504,0.699415073039367,-4.94754726263995,7.51544595768479e-07
"human_impact",-0.266206537068565,0.295558152127874,-0.900690896705127,0.367752690165593
"log10(area)",1.43070983037718,0.117646204800332,12.1611218381873,5.00663738479768e-34
"depth",-5.30862566151374,0.330208701029221,-16.0765771615569,3.72393778130923e-58
"eutro",-0.942842595890504,0.279253776779905,-3.37629308639077,0.000734696101649952
"log10(RT)",-0.315493450360733,0.110469186536298,-2.85594074015443,0.00429095214273516
