"term","estimate","std.error","statistic","p.value"
"(Intercept)",-3.98069264653969,0.692148711010998,-5.75121008421042,8.86069249584452e-09
"human_impact",-0.231279924963202,0.2951201552949,-0.783680547782629,0.433227579319643
"log10(area)",1.48670403666214,0.116674682390203,12.7423019819335,3.44089984498462e-37
"depth",-5.15694525338988,0.322553017071939,-15.9878996023768,1.55175309041574e-57
"eutro",-0.682755200685636,0.281340744441473,-2.42679105026562,0.0152330263336392
"log10(RT)",-0.376404387420724,0.111560701900316,-3.37398726441375,0.000740877953295281
