"term","estimate","std.error","statistic","p.value"
"(Intercept)",-10.8465076914317,5.18562111266772,-2.09165063466269,0.036469779479284
"human_impact",-4.68634771579411,1.80593810248953,-2.59496585698804,0.00946003159302054
"log10(area)",2.60462349983684,0.775573105096555,3.35832106956904,0.00078417471428349
"log10(depth)",-35.9673687680856,8.38018936780855,-4.29195179123872,1.77109406619721e-05
"eutro",-8.34115038234658,2.7378074625993,-3.04665338826545,0.00231404378635195
"log10(RT)",0.310229238721249,0.660050592419681,0.470008272523443,0.638349107266847
