"term","estimate","std.error","statistic","p.value"
"(Intercept)",-3.25754549028541,0.495946595105927,-6.56833925755584,5.08795160092329e-11
"human_impact",-2.34961061254713,0.192290321215884,-12.219078930703,2.45854380086147e-34
"log10(area)",1.77261707806269,0.0921101082496073,19.2445445103496,1.56835893312008e-82
"depth",-5.95444229264326,0.246958361772817,-24.1111183678845,1.91114050649167e-128
"eutro",-1.45299423886429,0.18481892322473,-7.8617179102246,3.7890056731987e-15
"log10(RT)",-0.183856440321062,0.0778277088755968,-2.36235195635716,0.0181593927890553
