"term","estimate","std.error","statistic","p.value"
"(Intercept)",-8.6028515666196,4.08643142632027,-2.10522352368611,0.0352718555099489
"human_impact",-3.19900970849758,1.34664507163171,-2.37554035275337,0.0175232762462896
"log10(area)",1.74409085547793,0.562692018089398,3.09954788660399,0.00193816244267198
"log10(depth)",-21.7640797308043,4.92896102831564,-4.41555118934298,1.00752933163552e-05
"eutro",-3.95692096710369,1.69621362911315,-2.33279635252815,0.0196588362079697
"log10(RT)",0.267267648146826,0.50961982622074,0.524445153809733,0.599968957600664
