"term","estimate","std.error","statistic","p.value"
"(Intercept)",-3.62317947908898,0.700545150270322,-5.17194284721104,2.31672451471593e-07
"human_impact",-0.49066015575068,0.294930209617627,-1.66364834713546,0.0961827241846649
"log10(area)",1.44692636547703,0.117482174191892,12.3161354088805,7.41639978180945e-35
"depth",-5.09393910425675,0.327120850203806,-15.5720404281264,1.127522630689e-54
"eutro",-0.784206666942185,0.279316442334841,-2.80759220755822,0.00499133881624074
"log10(RT)",-0.369946415167564,0.111628378241047,-3.31408931131036,0.000919421346706515
