"estimate","std.error","Adjusted.SE","statistic","p.value","term"
-7.4757572069163,3.43865915293173,3.4849266591703,2.14516916367364,0.0319393,"(Intercept)"
-1.80821827242201,1.12092864547179,1.13607556443143,1.59163556459993,0.1114666,"human_impact"
1.44760695746742,0.488515582754709,0.495117887739881,2.92376218535644,0.0034583,"log10(area)"
-13.2108494268282,3.28887161683314,3.33322221419789,3.96338695048787,7.39e-05,"log10(depth)"
-2.67141779699529,1.56670596123096,1.58787890057711,1.68238131763346,0.0924949,"eutro"
0.192391170191333,0.478187346034537,0.484704123926265,0.396924970707699,0.6914228,"log10(RT)"
