"term","estimate","std.error","statistic","p.value"
"(Intercept)",-9.05566074162183,3.73124367144891,-2.42698186958809,0.0152250166862821
"human_impact",-3.3660057445133,1.30467503267231,-2.57995720023772,0.00988125609367933
"log10(area)",1.74043633152625,0.565393042391641,3.07827688180263,0.00208201371745797
"log10(depth)",-14.225856692599,3.50275451903622,-4.06133419150174,4.87930663821257e-05
"eutro",-1.74877166272571,1.48418324007728,-1.17827207281673,0.238688157651213
