"term","estimate","std.error","statistic","p.value"
"(Intercept)",-3.67493531043372,0.695010077312628,-5.28760003688503,1.23931588115831e-07
"human_impact",-0.383040954168413,0.290697807460954,-1.31766027929145,0.187617396920761
"log10(area)",1.43118920778816,0.117311960290911,12.1998575783671,3.11368081469816e-34
"depth",-5.14431172991693,0.326143522988304,-15.7731531283588,4.7612246689049e-56
"eutro",-0.863288481963843,0.279228893494034,-3.09168750827102,0.00199022241128885
"log10(RT)",-0.294413576588826,0.110516902736576,-2.66396876223159,0.00772247334827663
