"term","estimate","std.error","statistic","p.value"
"(Intercept)",-6.85419874976666,4.47988051809474,-1.52999588316737,0.126017747952547
"human_impact",-2.50136353180448,1.26045048311694,-1.98449964144479,0.0472001680203593
"log10(area)",1.68138141261295,0.595039305943049,2.82566444908746,0.00471826617347166
"log10(depth)",-24.222361574175,5.32320737405989,-4.5503321347598,5.35613029007686e-06
"eutro",-6.23802964590142,2.0053092570798,-3.11075691885323,0.00186608484030505
"log10(RT)",0.353555248848934,0.556182225209288,0.635682394768896,0.524983453504399
