"term","estimate","std.error","statistic","p.value"
"(Intercept)",-4.14280542513235,0.710488099714699,-5.83092866269812,5.51197470648801e-09
"human_impact",-0.370002008019523,0.297713378909859,-1.24281283351915,0.213936812249105
"log10(area)",1.53462972766468,0.120595313376333,12.725450804839,4.27003199525517e-37
"depth",-5.2696877393027,0.331648801071969,-15.8893616448177,7.50883283379513e-57
"eutro",-0.741715844930706,0.279477054405758,-2.65394182899126,0.00795575406445143
"log10(RT)",-0.335183676000985,0.110916966293692,-3.02193331823977,0.00251165870116429
