"term","estimate","std.error","statistic","p.value"
"(Intercept)",-3.76680566934394,0.674638526285487,-5.58344286989318,2.35803261228353e-08
"human_impact",-0.364912735083414,0.290974524366653,-1.25410544403397,0.209803681873121
"log10(area)",1.40278744789094,0.113515773560976,12.3576433819342,4.42952672623376e-35
"depth",-4.91462480680717,0.31264943175873,-15.7192827095869,1.11579738390472e-55
"eutro",-0.561530550074224,0.274333889389883,-2.04688728513661,0.0406691527945027
"log10(RT)",-0.345965228426478,0.111160780384159,-3.11229578661522,0.00185638398955731
