"term","estimate","std.error","statistic","p.value"
"(Intercept)",-3.61115518617451,0.704593163713529,-5.1251635300321,2.97279610953075e-07
"human_impact",-0.312114869225437,0.299724369235098,-1.04133964823067,0.297717941673133
"log10(area)",1.41240739000997,0.117446120894206,12.0260028961046,2.59418879499074e-33
"depth",-5.03320831379008,0.324634012426413,-15.504254394573,3.24663603935477e-54
"eutro",-0.903099296208181,0.279943345607562,-3.22600737034196,0.00125530124393467
"log10(RT)",-0.339615682829495,0.111582580286856,-3.04362636135868,0.00233745252912002
