"estimate","std.error","Adjusted.SE","statistic","p.value","term"
-7.99259569797777,3.63057344396692,3.679539069118,2.17217307598629,0.0298426,"(Intercept)"
-3.02324253129735,1.33480801483118,1.35284791345499,2.23472461407462,0.0254354,"human_impact"
1.62889457104004,0.550283941281288,0.557720800424255,2.9206272561485,0.0034933,"log10(area)"
-15.1422031801401,3.61992615439158,3.66878381317692,4.12730865355294,3.67e-05,"log10(depth)"
-2.47824326850303,1.43843783877146,1.45787379801888,1.6999024688356,0.0891493,"eutro"
-0.170730249801424,0.493119399162802,0.499839672346723,0.341570025844195,0.7326745,"log10(RT)"
