"term","estimate","std.error","statistic","p.value"
"(Intercept)",-4.06661829578923,0.703346364693534,-5.78181462210466,7.38991160891574e-09
"human_impact",-0.297356005840529,0.300266506567772,-0.990306941788105,0.322024114593666
"log10(area)",1.46969664102034,0.118187099563088,12.4353389367663,1.68026573939823e-35
"depth",-5.0395199106774,0.326068518901919,-15.4554016059222,6.9377828995678e-54
"eutro",-0.618454746663729,0.279570234528096,-2.21216234878386,0.0269554493516856
"log10(RT)",-0.345308238459546,0.110096341620525,-3.13641882533879,0.00171024773882379
