"estimate","std.error","Adjusted.SE","statistic","p.value","term"
-6.74444071128686,3.69195136781043,3.74184345674465,1.80243796654027,0.0714765,"(Intercept)"
-2.02694110212703,1.28071370585982,1.29802042807196,1.56156333004542,0.1183909,"human_impact"
1.60618526916346,0.55250178463269,0.559967850793145,2.86835265076101,0.0041262,"log10(area)"
-21.0380850002172,4.58617333640952,4.64814745744237,4.52612254512971,6e-06,"log10(depth)"
-5.28551798729737,1.77915070212024,1.80319274084651,2.93119968130311,0.0033766,"eutro"
-0.0530488130821184,0.524336655340785,0.531482359951506,0.0998129328073254,0.9204928,"log10(RT)"
