"term","estimate","std.error","statistic","p.value"
"(Intercept)",-3.64296703000719,0.709578621258725,-5.13398645458754,2.83668520957431e-07
"human_impact",-0.470428241282869,0.299490222180502,-1.57076327186182,0.116237646222161
"log10(area)",1.55303747751686,0.12314993351238,12.6109485666976,1.83767791721632e-36
"depth",-5.66210332394053,0.350184250370438,-16.1689262665324,8.35416661470523e-59
"eutro",-0.781451284026518,0.282460404730005,-2.76658700101164,0.00566464676974595
"log10(RT)",-0.400845630049744,0.115077631999095,-3.48326275998533,0.000495341929836446
