"term","estimate","std.error","statistic","p.value"
"(Intercept)",-3.0340646163712,0.493839948837065,-6.1438217453166,8.05592453893065e-10
"human_impact",-2.43941662735106,0.193121778741741,-12.6314941962774,1.41564292881288e-36
"log10(area)",1.72772000585015,0.0904470562435546,19.1020037313074,2.42980891268599e-81
"depth",-5.81306061103322,0.243655053755066,-23.8577469313516,8.41510104437153e-126
"eutro",-1.38975963221039,0.183680288093354,-7.56618822104664,3.84335063318692e-14
"log10(RT)",-0.218945874303952,0.0768653328951118,-2.84843460709029,0.00439348813096796
