"term","estimate","std.error","statistic","p.value"
"(Intercept)",-2.79048734715862,0.486879305332863,-5.7313739084697,9.96203907118651e-09
"human_impact",-2.4765288976913,0.190829893114884,-12.9776779584547,1.63770669807682e-38
"log10(area)",1.68339023611744,0.0904317620210719,18.6150330204247,2.42710415232882e-77
"depth",-5.81765715383804,0.244180056939291,-23.8252756050608,1.82753022137599e-125
"eutro",-1.31150112665351,0.185280785767486,-7.07845188167193,1.45773722654146e-12
"log10(RT)",-0.206972070206044,0.0764291071903867,-2.70802679521653,0.00676845574926191
