"term","estimate","std.error","statistic","p.value"
"(Intercept)",-6.29888423547397,4.07945996169055,-1.54404854922603,0.122576571709966
"human_impact",-3.05954078970285,1.24680717570991,-2.45390053033726,0.0141316065352761
"log10(area)",1.47726107930357,0.564863359085804,2.61525385837457,0.00891611597313519
"log10(depth)",-19.9020384185414,4.54145984776195,-4.38229976388522,1.1743307972268e-05
"eutro",-4.30215145242802,1.72443727524715,-2.49481469357094,0.0126022923814293
"log10(RT)",0.125219084983865,0.49996847652204,0.250453960327527,0.802236304596699
