"term","estimate","std.error","statistic","p.value"
"(Intercept)",-4.03466945816786,0.703818000034544,-5.73254656455197,9.89338615813293e-09
"human_impact",-0.34255736147143,0.296445524035624,-1.15554911002894,0.247865633947388
"log10(area)",1.45630182957476,0.117929682117183,12.3488998141085,4.93821149527581e-35
"depth",-5.06505462148052,0.320616080406491,-15.7978808020447,3.21752250516956e-56
"eutro",-0.725873950784639,0.282984321953353,-2.5650677245091,0.0103155668346325
"log10(RT)",-0.310773403981539,0.110759135670352,-2.80584894510626,0.00501842118536822
