"term","estimate","std.error","statistic","p.value"
"(Intercept)",-4.17279785491072,0.696637001209581,-5.9899170553178,2.09948083896039e-09
"human_impact",-0.379726801288103,0.296071243863398,-1.28255211932471,0.199649034082831
"log10(area)",1.46045390980343,0.116093529899915,12.5799767744378,2.7210986829076e-36
"depth",-4.79795515107845,0.312656995313971,-15.345747010267,3.7818083343944e-53
"eutro",-0.750454892018661,0.280644456282324,-2.67404139016277,0.00749432013219248
"log10(RT)",-0.340172865134161,0.108786915301617,-3.12696489454652,0.00176621015828609
