"estimate","std.error","Adjusted.SE","statistic","p.value","term"
-8.86541774536586,3.80346902541676,3.85458857812978,2.29996472144047,0.0214502,"(Intercept)"
-2.13646276527684,1.20981602502656,1.22616749714436,1.74239063606929,0.0814401,"human_impact"
1.79368279014427,0.571695848217769,0.57942257248177,3.09563844304789,0.0019639,"log10(area)"
-18.9375462542748,4.1899862943663,4.24652955969358,4.45953477729737,8.2e-06,"log10(depth)"
-3.73346117919504,1.56777621653508,1.58896596028293,2.34961684045785,0.0187927,"eutro"
0.241032056078109,0.543059375792419,0.550460235232568,0.43787369304937,0.6614778,"log10(RT)"
