"term","estimate","std.error","statistic","p.value"
"(Intercept)",-3.91876053153593,0.698489080098654,-5.61033900627688,2.01930651569234e-08
"human_impact",-0.421180452335062,0.296528452996007,-1.42037112486043,0.155499664585378
"log10(area)",1.4616719932771,0.117743055034303,12.414082451413,2.19185229792388e-35
"depth",-4.98504532046912,0.321405162394108,-15.5101594614602,2.96142511271846e-54
"eutro",-0.617802369175963,0.277941089812061,-2.22278170382692,0.0262305233942501
"log10(RT)",-0.386969861052292,0.11252896220458,-3.43884679527013,0.000584197745702043
