"term","estimate","std.error","statistic","p.value"
"(Intercept)",-6.51792912147134,3.47461990390796,-1.87586823932613,0.0606733748191332
"human_impact",-2.73371303243187,1.25437263815044,-2.17934682987242,0.0293059128071128
"log10(area)",1.29348212057902,0.494120253772807,2.61774762459697,0.00885122415915546
"log10(depth)",-14.6079789389401,3.47432309564892,-4.20455396253576,2.61597522997526e-05
"eutro",-2.63251040424979,1.36667681272502,-1.92621282496249,0.0540778050941889
"log10(RT)",0.226252174047585,0.459051213834572,0.492869133615055,0.622105058170897
