"term","estimate","std.error","statistic","p.value"
"(Intercept)",-4.10030700861034,0.703758869623408,-5.82629532016339,5.66712955518152e-09
"human_impact",-0.135029486897386,0.296169911474385,-0.455918989964867,0.648448233345268
"log10(area)",1.42139244287512,0.116564347437656,12.1940582529778,3.34346930321517e-34
"depth",-5.04527592078888,0.321970177340461,-15.6700100688327,2.42540964204755e-55
"eutro",-0.656031665709747,0.2793648921985,-2.34829674032058,0.0188594895389446
"log10(RT)",-0.247040298426899,0.10981823157252,-2.2495381221265,0.0244782802349941
