"term","estimate","std.error","statistic","p.value"
"(Intercept)",-6.46662984832086,3.56118155184809,-1.8158663786644,0.0693908718648499
"human_impact",-2.13396847921531,1.0929175527426,-1.95254296525869,0.0508737750837421
"log10(area)",1.32626908012449,0.486100404307058,2.72838505866931,0.00636452663088773
"log10(depth)",-16.6238020643848,4.07870074082739,-4.07575919899741,4.58644619889107e-05
"eutro",-3.4864381690431,1.54015507536386,-2.26369293898501,0.0235930070833272
"log10(RT)",0.269658604473225,0.526207083667851,0.512457191935935,0.608331072961384
