"term","estimate","std.error","statistic","p.value"
"(Intercept)",-3.50024913091009,0.693886176481977,-5.04441398250135,4.54913421044298e-07
"human_impact",-0.581765298279889,0.292126378169433,-1.99148499332869,0.0464275934233084
"log10(area)",1.45218121423126,0.116495469018942,12.4655596175602,1.1506120067407e-35
"depth",-5.02911502157704,0.320705556088842,-15.681409087231,2.0270699118787e-55
"eutro",-0.657862318565471,0.278798316838407,-2.35963518727687,0.0182929144002238
"log10(RT)",-0.463762255783472,0.113061442529229,-4.10186041685765,4.09841497046364e-05
