"term","estimate","std.error","statistic","p.value"
"(Intercept)",-17.8338166559849,5.31993271754895,-3.35226357227342,0.000801536699481085
"human_impact",-2.92684003563679,1.44941690980325,-2.01932240188511,0.0434537209769015
"log10(area)",3.37134686643063,0.823669991279777,4.0930796339835,4.25681443528222e-05
"log10(depth)",-27.7319761231845,5.9004656352622,-4.69996400918827,2.60207345697429e-06
"eutro",-3.89174798458017,1.82797988021214,-2.12898841322506,0.0332552190464584
"log10(RT)",-0.0774196765437628,0.584698297389196,-0.132409615162997,0.894660309840075
