"estimate","std.error","Adjusted.SE","statistic","p.value","term"
-8.84361475884065,3.60833845933584,3.65708903156665,2.4182115016905,0.015597,"(Intercept)"
-2.12060700126553,1.15014544415398,1.16568772269066,1.81918961655589,0.0688825,"human_impact"
1.68004702235216,0.541552699130858,0.548870969648418,3.06091434099407,0.0022066,"log10(area)"
-17.0540318424474,3.83421671023472,3.88602867436103,4.38855018105382,1.14e-05,"log10(depth)"
-2.63115703717658,1.4259522497883,1.44522175293191,1.82059053002681,0.0686691,"eutro"
0.0782930328041231,0.541401515821737,0.548779781804961,0.142667487760963,0.8865528,"log10(RT)"
