"term","estimate","std.error","statistic","p.value"
"(Intercept)",-3.84076097674757,0.714158404349562,-5.37802391368011,7.53078157849319e-08
"human_impact",-0.499867167380806,0.300437138017223,-1.66379952451867,0.096152499049987
"log10(area)",1.51861689123718,0.12101067626913,12.5494455370181,4.00303160285927e-36
"depth",-5.39199758076471,0.340922212924763,-15.8159174625405,2.41663451361991e-56
"eutro",-0.739215983489758,0.281557553842243,-2.62545249950545,0.0086533881909948
"log10(RT)",-0.33740693021674,0.110892552705374,-3.04264733731202,0.0023450698463646
