"term","estimate","std.error","statistic","p.value"
"(Intercept)",-3.54850849693406,0.685754789934655,-5.17460256788319,2.28396616949677e-07
"human_impact",-0.276932732190062,0.292853760755631,-0.945634884372019,0.344334845086307
"log10(area)",1.36839576358994,0.114656596151081,11.9347321438605,7.8009597883202e-33
"depth",-4.91960426038376,0.320856617919118,-15.3327186837826,4.62228466977138e-53
"eutro",-0.810817803030425,0.27826185563927,-2.91386615376253,0.00356982926409479
"log10(RT)",-0.326621300106279,0.111442739496541,-2.93084414096279,0.00338042336714552
