"term","estimate","std.error","statistic","p.value"
"(Intercept)",-3.80463629648537,0.697621547979642,-5.45372531497035,4.93253768256327e-08
"human_impact",-0.335786653830737,0.296433131495422,-1.13275682828295,0.257316385686797
"log10(area)",1.41101892136717,0.116598913163282,12.1014757606807,1.03729448732639e-33
"depth",-5.03229261956738,0.324523600211065,-15.5067077287891,3.12496265976198e-54
"eutro",-0.638990184405323,0.282329765265288,-2.26327600919054,0.0236186802293569
"log10(RT)",-0.310061170303861,0.110657649430161,-2.80198587174535,0.00507890978132325
