"term","estimate","std.error","statistic","p.value"
"(Intercept)",-3.85660543673061,0.68876184806687,-5.59933081014119,2.15180826886316e-08
"human_impact",-0.506292728150872,0.293954611011509,-1.72235001318299,0.0850061329327721
"log10(area)",1.49631853314945,0.11899301086972,12.5748438686681,2.90373398464185e-36
"depth",-5.15987630777376,0.3299302305539,-15.6392953113485,3.93053528841037e-55
"eutro",-0.736210715220985,0.281167653831258,-2.61840473180041,0.00883419555561114
"log10(RT)",-0.367401623521271,0.112689943523939,-3.26028758230074,0.00111299300627755
