"term","estimate","std.error","statistic","p.value"
"(Intercept)",-4.20088555304896,0.708486888279761,-5.92937656651473,3.0408699793654e-09
"human_impact",-0.237628284155201,0.300556677759697,-0.790627198591778,0.429161570363294
"log10(area)",1.50477522625029,0.118492082391947,12.6993736279594,5.96048482220957e-37
"depth",-5.00264188153619,0.321634870168537,-15.5537920341622,1.49957863453979e-54
"eutro",-0.738931830585719,0.282160039317402,-2.61883940891606,0.00882294720604791
"log10(RT)",-0.387564364391642,0.112670893770415,-3.43979133760459,0.000582162835405604
