"term","estimate","std.error","statistic","p.value"
"(Intercept)",-2.84781710385442,0.49567692262455,-5.74530903874961,9.17532538065014e-09
"human_impact",-2.45618635463235,0.194040535499881,-12.658109545538,1.0089989207625e-36
"log10(area)",1.74005544079865,0.0914484617308291,19.0277169004806,1.00538541168653e-80
"depth",-6.02221814098544,0.248365639102773,-24.2473884984285,7.04517950984468e-130
"eutro",-1.49386645627481,0.186686173059466,-8.00201981642724,1.22394681606393e-15
"log10(RT)",-0.207786605170595,0.0763875649121285,-2.72016270461848,0.00652498017784998
