"term","estimate","std.error","statistic","p.value"
"(Intercept)",-3.7830274764833,0.694015313332981,-5.45092796053082,5.01076664973437e-08
"human_impact",-0.35740208577438,0.291334576179986,-1.22677538128388,0.219907026282203
"log10(area)",1.4522674043433,0.11700430368053,12.4120853563522,2.24722462705257e-35
"depth",-5.15109589542721,0.325625287752763,-15.8190904980889,2.29788088213889e-56
"eutro",-0.677493756682463,0.27912191117103,-2.42723243703836,0.0152145047411714
"log10(RT)",-0.337905407657833,0.110561060406855,-3.05627864289988,0.00224102885762964
