"term","estimate","std.error","statistic","p.value"
"(Intercept)",-4.17437443894695,0.710186720061309,-5.87785482469538,4.15617160480479e-09
"human_impact",-0.355956082503169,0.300614875232558,-1.18409337604401,0.236376101933211
"log10(area)",1.49082337511389,0.11831593882414,12.6003595959272,2.10184060336779e-36
"depth",-5.01802906259614,0.323625929544668,-15.5056458846062,3.17705732397795e-54
"eutro",-0.686350366573283,0.28269279327557,-2.42790188819644,0.0151864508937971
"log10(RT)",-0.351038757765155,0.111121821772727,-3.15904430079556,0.00158287427506018
