"estimate","std.error","Adjusted.SE","statistic","p.value","term"
-11.6185597814701,3.90802084547781,3.96080602550748,2.93338267682055,0.0033529,"(Intercept)"
-1.97002796018527,1.15241729677068,1.1679899353622,1.6866823082464,0.0916645,"human_impact"
2.1970355507923,0.586379145955172,0.594303143696353,3.69682639928088,0.0002183,"log10(area)"
-18.6191515402626,4.06340843786629,4.11830396231748,4.52107268201376,6.2e-06,"log10(depth)"
-2.88767463427498,1.58488515053905,1.60630192626898,1.79771597546564,0.072222,"eutro"
0.11706796166793,0.551680131042338,0.559198474869493,0.209349572520296,0.8341754,"log10(RT)"
