"term","estimate","std.error","statistic","p.value"
"(Intercept)",-4.12292038690579,0.713081414471333,-5.78183683270227,7.38893577767876e-09
"human_impact",-0.249502473308469,0.298113559612248,-0.836937687883079,0.402627594580962
"log10(area)",1.51838650995294,0.120881292328417,12.5609718485447,3.46055843239311e-36
"depth",-5.26616577287821,0.331112770797989,-15.9044477813001,5.9021431593514e-57
"eutro",-0.840712551486938,0.281318584234152,-2.98847142920064,0.00280376712950889
"log10(RT)",-0.334865154316542,0.11017626088226,-3.03935849369944,0.00237082550343047
