"estimate","std.error","Adjusted.SE","statistic","p.value","term"
-9.99781403168407,4.12805613344013,4.18105043352574,2.39122062520859,0.01679246,"(Intercept)"
-2.52757820878561,1.28765545815319,1.30506876820392,1.93673948098854,0.0527772,"human_impact"
2.04834996445974,0.605969660916872,0.614175495075288,3.33512160756046,0.00085262,"log10(area)"
-16.1163099282345,3.93665419455213,3.98783888472599,4.04136435650958,5.314e-05,"log10(depth)"
-2.61955838103385,1.57731362827919,1.59849613682301,1.6387642864375,0.10126236,"eutro"
-0.76281590100044,0.591070575714729,0.599125735877813,1.27321504539076,0.20294174,"log10(RT)"
