"term","estimate","std.error","statistic","p.value"
"(Intercept)",-4.14123829429249,0.70710730850292,-5.856590993325,4.72464773838579e-09
"human_impact",-0.465753005152062,0.293584147222571,-1.58643785626125,0.112640018641369
"log10(area)",1.51379620012943,0.119225520117602,12.6969142062559,6.15074533380282e-37
"depth",-5.15251542647268,0.328580541424383,-15.6811337766282,2.03587559498419e-55
"eutro",-0.705618613133907,0.279620052720983,-2.52349073776194,0.0116196121527817
"log10(RT)",-0.315709671776776,0.110583122315517,-2.85495349711677,0.00430431308991231
