"estimate","std.error","Adjusted.SE","statistic","p.value","term"
-6.90670975090798,3.68511085777085,3.73465052402939,1.84935905152812,0.064406,"(Intercept)"
-2.49510069781235,1.32802464111175,1.34596967211744,1.8537569972785,0.0637739,"human_impact"
1.57996790696967,0.54421345878777,0.551569547076707,2.86449445105051,0.0041768,"log10(area)"
-19.3189590371797,4.27037247683589,4.32789887041793,4.46381942268307,8.1e-06,"log10(depth)"
-4.52652390796437,1.69387430066614,1.71675272995926,2.63667785638051,0.0083722,"eutro"
0.246052235455415,0.482557134130014,0.489133463866198,0.503037010615824,0.6149383,"log10(RT)"
