"estimate","std.error","Adjusted.SE","statistic","p.value","term"
-5.55430702024857,3.14531770661802,3.18783130879756,1.74234659309612,0.0814478,"(Intercept)"
-1.56041176815602,1.08395602863529,1.09860383757852,1.42035892719563,0.1555032,"human_impact"
1.18712407068342,0.459109504181468,0.465313530546738,2.55123479708093,0.0107342,"log10(area)"
-12.2534217743185,3.10424893230198,3.14619888312564,3.89467488531594,9.83e-05,"log10(depth)"
-2.93767231572543,1.36047575386867,1.37886013940104,2.13050782438422,0.0331297,"eutro"
-0.00944653669319238,0.451001939847313,0.457148232707415,0.0206640560267426,0.9835136,"log10(RT)"
