"estimate","std.error","Adjusted.SE","statistic","p.value","term"
-10.8572783059645,4.10081360636289,4.15615435718112,2.61233760175556,0.0089925,"(Intercept)"
-2.30477102140047,1.33740596796133,1.35547963257403,1.70033615114065,0.0890677,"human_impact"
2.16726924617573,0.632579703509804,0.641128551539625,3.38039733368789,0.0007238,"log10(area)"
-22.843092821883,4.9008247117499,4.96703496885618,4.59893940048973,4.2e-06,"log10(depth)"
-3.97803755260868,1.64036759311405,1.66253170096574,2.39275891719713,0.0167222,"eutro"
-0.145652033252647,0.528138624497362,0.535336142667663,0.272075844770801,0.7855637,"log10(RT)"
