"term","estimate","std.error","statistic","p.value"
"(Intercept)",-4.46832682852301,0.719863732469974,-6.20718425859771,5.39423396551181e-10
"human_impact",-0.228942737281505,0.297175518934821,-0.770395684348813,0.441065212639057
"log10(area)",1.52426507549307,0.120401771395695,12.6598226739011,9.87220902240898e-37
"depth",-5.1222818783054,0.326626998037986,-15.6823591101606,1.99697414966031e-55
"eutro",-0.601930642390553,0.280247901420765,-2.14785066842236,0.0317256203819581
"log10(RT)",-0.312675002088902,0.110110707848639,-2.83964210382439,0.00451641739892915
