"estimate","std.error","Adjusted.SE","statistic","p.value","term"
-6.19622223479973,3.43351288336148,3.47988281140337,1.78058359163564,0.0749805,"(Intercept)"
-2.12337104760525,1.20712357536917,1.22343635359066,1.73557949408106,0.0826382,"human_impact"
1.29150127544418,0.509381044130378,0.516264583358796,2.50162671830349,0.0123624,"log10(area)"
-13.2682870101568,3.15772327680233,3.20038878353418,4.14583599293355,3.39e-05,"log10(depth)"
-2.77280554006471,1.40042588557785,1.41935039354378,1.95357365783489,0.0507517,"eutro"
-0.0894489323382375,0.444236403685839,0.450290495242732,0.198647169512249,0.8425388,"log10(RT)"
