"term","estimate","std.error","statistic","p.value"
"(Intercept)",-2.61695097670209,0.485256073939671,-5.39292781119817,6.93188065705353e-08
"human_impact",-2.37393964788121,0.189460421386635,-12.530002997495,5.11607433876135e-36
"log10(area)",1.62807453313861,0.0886719606043533,18.3606466130025,2.7135678439722e-75
"depth",-5.64854488152883,0.238077312998397,-23.7256746994908,1.95935189806243e-124
"eutro",-1.46577607497951,0.182794293514163,-8.01871900265826,1.06853634468534e-15
"log10(RT)",-0.201729352284887,0.0757933352748014,-2.66157112038259,0.00777769080765657
