"term","estimate","std.error","statistic","p.value"
"(Intercept)",-3.50813981742078,0.696072861875335,-5.03990316181739,4.6576746239164e-07
"human_impact",-0.391301996664914,0.301592985511625,-1.29745058891574,0.194476195751929
"log10(area)",1.40080413359019,0.11574945861135,12.1020361597859,1.03023647199371e-33
"depth",-5.0787314471357,0.324177335501933,-15.6665222732865,2.56220692842922e-55
"eutro",-0.839173727359184,0.279159352364642,-3.00607420188826,0.00264644409116441
"log10(RT)",-0.323215297148864,0.109463140243568,-2.95273181848862,0.00314975471990357
