"term","estimate","std.error","statistic","p.value"
"(Intercept)",-3.37238750341681,0.689209936633112,-4.89312083904564,9.92494248302845e-07
"human_impact",-0.279401869133627,0.29504273750995,-0.946987787232703,0.343645002181593
"log10(area)",1.37127173097979,0.115087221617919,11.9150650411243,9.87890631814997e-33
"depth",-4.98106734076457,0.317198061038895,-15.7033347696088,1.43496333646679e-55
"eutro",-0.929144880247453,0.279738428290373,-3.32147744564785,0.000895422190796296
"log10(RT)",-0.350643225755436,0.110055087887408,-3.18607010803682,0.00144219644178172
