"term","estimate","std.error","statistic","p.value"
"(Intercept)",-3.4755172668908,0.691141081541134,-5.02866543418451,4.93905287417929e-07
"human_impact",-0.467711932780518,0.294503206957116,-1.58813867466178,0.11225498464296
"log10(area)",1.39888762400109,0.115091099556881,12.154611689236,5.42187929662453e-34
"depth",-5.02278343874144,0.319875941892187,-15.7022857331182,1.45889367963405e-55
"eutro",-0.428470010033411,0.278388281669079,-1.53910936000796,0.123777600364465
"log10(RT)",-0.407108687424099,0.111823508391922,-3.64063597430026,0.000271965431499449
