"term","estimate","std.error","statistic","p.value"
"(Intercept)",-3.81203076005643,0.676971764517672,-5.6310040682013,1.79163500696802e-08
"human_impact",-0.379880091293067,0.291931611422719,-1.30126398248458,0.193168111217579
"log10(area)",1.39517111531552,0.112514423737572,12.3999312174376,2.61548007480885e-35
"depth",-4.78090264332301,0.309656787944966,-15.4393600574734,8.89787159686305e-54
"eutro",-0.781972990015528,0.278400363541051,-2.80880735955011,0.00497253912393499
"log10(RT)",-0.316789995663692,0.109640815713274,-2.88934365913641,0.00386046919267214
