"term","estimate","std.error","statistic","p.value"
"(Intercept)",-7.79316760291605,3.76480881715012,-2.07000354637272,0.0384520123552204
"human_impact",-2.40691205172936,1.15168734871014,-2.0899005745136,0.0366267319775018
"log10(area)",1.51073644639575,0.521842045663741,2.89500713664077,0.00379149912515229
"log10(depth)",-18.245166879007,4.28253166737348,-4.26036940205441,2.04089308358818e-05
"eutro",-4.2330836550608,1.60186914979812,-2.64259016137135,0.00822745568526134
"log10(RT)",0.52261988914109,0.517343887418787,1.0101982488836,0.312400318076255
