"term","estimate","std.error","statistic","p.value"
"(Intercept)",-2.75873109628944,0.493644732572646,-5.58849495245745,2.29046034035332e-08
"human_impact",-2.53705027992123,0.192766278671502,-13.1612764297052,1.46588292181671e-39
"log10(area)",1.69730003722228,0.0903153900652342,18.7930322395367,8.61153665080313e-79
"depth",-5.85680759018193,0.243411807562297,-24.0613125913499,6.35596408865762e-128
"eutro",-1.44023620224223,0.184990018428997,-7.78548061389067,6.94486928594692e-15
"log10(RT)",-0.196614549733923,0.0769743875346647,-2.5542853412816,0.0106406017029325
