"estimate","std.error","Adjusted.SE","statistic","p.value","term"
-6.65438905915955,3.39164998651273,3.43748542331831,1.93583048062379,0.0528885,"(Intercept)"
-1.77217405269735,1.11366432726944,1.12871361642,1.57008299263567,0.1163958,"human_impact"
1.34104621780751,0.496459035920813,0.503167857822237,2.66520644544287,0.0076941,"log10(area)"
-13.7421302151104,3.26457371619817,3.30869054289006,4.15334406073135,3.28e-05,"log10(depth)"
-2.70565825742468,1.38344339469969,1.40213827182753,1.92966579101943,0.0536483,"eutro"
0.0389025694729175,0.461390713267852,0.467678585217218,0.0831822766801452,0.9337066,"log10(RT)"
