"term","estimate","std.error","statistic","p.value"
"(Intercept)",-3.82615742389931,0.68719922698375,-5.56775571575226,2.58041231755413e-08
"human_impact",-0.248075292508709,0.293562767112084,-0.845050259435634,0.398082778253641
"log10(area)",1.39611335980593,0.114298754926128,12.2145981442077,2.59781909249917e-34
"depth",-4.86665179672264,0.317996550492781,-15.3041024790397,7.17854253810902e-53
"eutro",-0.679612355076665,0.276067873204424,-2.46175821615224,0.0138257835612663
"log10(RT)",-0.318857435156523,0.108950160947199,-2.92663574229185,0.00342649939941405
