"term","estimate","std.error","statistic","p.value"
"(Intercept)",-3.36881911416524,0.687445363644596,-4.90048997683966,9.55979351566353e-07
"human_impact",-0.433160329629085,0.293126825768039,-1.47772326362193,0.139481864977653
"log10(area)",1.35599676173934,0.114042973594452,11.890226280502,1.33045639699537e-32
"depth",-4.92817349070649,0.316616914423088,-15.5650985977366,1.2567631847158e-54
"eutro",-0.725520649738795,0.275425007873096,-2.63418581827938,0.00843393174753891
"log10(RT)",-0.324830710735978,0.109450612685179,-2.96782907620911,0.00299911054359805
