"term","estimate","std.error","statistic","p.value"
"(Intercept)",-2.69772860836289,0.489329602007503,-5.51311140240708,3.52544921921414e-08
"human_impact",-2.62180340798262,0.192717901182667,-13.6043584529159,3.7726432347308e-42
"log10(area)",1.70341672004162,0.0909172921335837,18.7358936904853,2.52368429842493e-78
"depth",-6.07541126707251,0.253266295321467,-23.9882344366473,3.68962916971188e-127
"eutro",-1.37535146642176,0.189922165437128,-7.24165851445629,4.43230716875552e-13
"log10(RT)",-0.162607071465049,0.0772095482783858,-2.10604873478543,0.0352001192582748
