"term","estimate","std.error","statistic","p.value"
"(Intercept)",-3.70215830430885,0.685640920838913,-5.39955856161428,6.68050747314446e-08
"human_impact",-0.372323104347947,0.294233984637489,-1.26539802941753,0.205728681261922
"log10(area)",1.37799254023573,0.113229601012192,12.1698966340732,4.49651565172369e-34
"depth",-4.72242948633744,0.312156503149972,-15.1284033447434,1.05217339644858e-51
"eutro",-0.662493968303075,0.275452719055983,-2.40510956135608,0.016167617867231
"log10(RT)",-0.357668035159582,0.109152540799317,-3.27677241904221,0.00105000965942715
