"term","estimate","std.error","statistic","p.value"
"(Intercept)",-3.43261459211772,0.681732246906276,-5.03513601959572,4.7750964236059e-07
"human_impact",-0.483619338914864,0.291271081877029,-1.66037539943303,0.0968389559296524
"log10(area)",1.40010439251473,0.114451744361728,12.233141577027,2.06783557432046e-34
"depth",-4.8417355739748,0.316406445010744,-15.3022659630413,7.3840326658104e-53
"eutro",-0.72117822425659,0.279571983399876,-2.57957974002379,0.00989206176556369
"log10(RT)",-0.442290213776823,0.110369456909872,-4.00736060645835,6.14010781620969e-05
