"term","estimate","std.error","statistic","p.value"
"(Intercept)",-3.95659497171868,0.689815802760562,-5.7357267779092,9.70950778477763e-09
"human_impact",-0.284250645429378,0.295958833280905,-0.960439809409526,0.336833910565198
"log10(area)",1.38661047726059,0.114601722550981,12.0993859987031,1.06404034513766e-33
"depth",-4.810615988852,0.312459411919537,-15.3959708216144,1.74190404171798e-53
"eutro",-0.490632976943482,0.276385842590605,-1.77517405502651,0.0758691522657096
"log10(RT)",-0.325073033202704,0.10863552261956,-2.99232723665449,0.00276859319882679
