"term","estimate","std.error","statistic","p.value"
"(Intercept)",-3.94558855888737,0.690174228753736,-5.7168007649489,1.08548260322336e-08
"human_impact",-0.320066905646521,0.29678485559814,-1.07844756768824,0.280834068728714
"log10(area)",1.40805551216947,0.11503987988788,12.239716466514,1.9069763085945e-34
"depth",-4.889251722151,0.31897853114023,-15.3278394777032,4.98286143260579e-53
"eutro",-0.659303280657291,0.283786078108097,-2.32324039661366,0.0201662417564638
"log10(RT)",-0.303113923473912,0.110769396143193,-2.73644105707747,0.00621077203322496
