"term","estimate","std.error","statistic","p.value"
"(Intercept)",-10.7749795403835,3.90612888609108,-2.75848028946279,0.00580708071066275
"human_impact",-1.40398785021425,1.26940612495429,-1.10601943902296,0.268718105665104
"log10(area)",2.07873393582397,0.598941797244747,3.47067769420429,0.000519146723675408
"log10(depth)",-21.7311671768738,4.52817777573742,-4.79909761787894,1.59382101947696e-06
"eutro",-3.63806896900708,1.67457239087028,-2.17253609867314,0.0298152498694801
