"term","estimate","std.error","statistic","p.value"
"(Intercept)",-8.55859615878258,4.24306974472015,-2.01707647380353,0.0436875333389054
"human_impact",-2.73433989748198,1.25460684336971,-2.17943964831077,0.0292990234586862
"log10(area)",1.87286209646025,0.590624229870974,3.17098757846319,0.00151921639299622
"log10(depth)",-21.7915472567874,4.92121090125218,-4.42808643930351,9.50728019068677e-06
"eutro",-4.75468197499119,1.80555228277814,-2.6333670978917,0.00845429154443832
"log10(RT)",0.142880906600505,0.589304236639636,0.242456947900542,0.808426112324124
