"estimate","std.error","Adjusted.SE","statistic","p.value","term"
-12.1227690758123,4.75936789375163,4.81834974518548,2.51595872381938,0.01187091,"(Intercept)"
-2.51457355448219,1.32657899895529,1.34452224502342,1.87023573896941,0.06145109,"human_impact"
2.44378076616825,0.705972474419771,0.715313214105496,3.41637861286292,0.0006346,"log10(area)"
-27.4145098026008,6.01352036851257,6.09118089132477,4.50068883057558,6.77e-06,"log10(depth)"
-5.56633688150542,1.85567340582377,1.88064897306681,2.95979577327942,0.00307843,"eutro"
0.639695427036672,0.578055815705946,0.585933609610816,1.0917541109505,0.27494119,"log10(RT)"
