"estimate","std.error","Adjusted.SE","statistic","p.value","term"
-6.47477382857556,3.82322253701886,3.87469461444501,1.67104106848508,0.0947136,"(Intercept)"
-2.15904625762402,1.28041071393798,1.29771011269936,1.6637354032273,0.0961653,"human_impact"
1.48003682342989,0.544172552859823,0.551527685101375,2.68352226626275,0.0072851,"log10(area)"
-19.1185024577244,4.19941472767109,4.25605946970312,4.49206656857594,7.1e-06,"log10(depth)"
-4.69080135041892,1.83009984841017,1.85482184976323,2.52897675915221,0.0114396,"eutro"
0.223279319288252,0.504453482174667,0.5113282172075,0.436665358519895,0.6623541,"log10(RT)"
