"term","estimate","std.error","statistic","p.value"
"(Intercept)",-2.99879096523195,0.495024933256157,-6.05785843049684,1.3794571582032e-09
"human_impact",-2.43114238430371,0.192480315407477,-12.6306026627036,1.43177441214782e-36
"log10(area)",1.75894065007508,0.0918062710390469,19.1592647230707,8.1009521184163e-82
"depth",-6.1296888776449,0.252219761085298,-24.3029683767399,1.82366878872097e-130
"eutro",-1.44690408001597,0.186715357941979,-7.74925049532125,9.24365127105807e-15
"log10(RT)",-0.180485445700824,0.076725063536814,-2.35236619405631,0.0186543999673392
