"term","estimate","std.error","statistic","p.value"
"(Intercept)",-8.37167222781032,4.62345949019766,-1.81069440438688,0.0701881695170048
"human_impact",-3.57471721180456,1.34622600004084,-2.65536188700568,0.00792233675820558
"log10(area)",1.77901835073491,0.629589717669462,2.82567885212652,0.00471805404480297
"log10(depth)",-20.9729290242743,4.8649367689054,-4.31103835887947,1.62489712101591e-05
"eutro",-4.57326830486478,1.70761281793408,-2.67816466170455,0.00740268163117207
"log10(RT)",0.356211478611505,0.544800407429489,0.653838495261419,0.513215862522089
