"term","estimate","std.error","statistic","p.value"
"(Intercept)",-3.43194010452217,0.705925679802316,-4.86161674339887,1.16430881446408e-06
"human_impact",-0.582866650993516,0.297515444696122,-1.95911392630002,0.0500994462342459
"log10(area)",1.45570265466805,0.120187004609184,12.1119804874213,9.12635945109797e-34
"depth",-5.38406674100594,0.33896136985031,-15.884012810615,8.17752358599121e-57
"eutro",-0.6862702719177,0.27956919717192,-2.45474207766774,0.0140985703157371
"log10(RT)",-0.339032997445057,0.111426834860236,-3.04265124168976,0.00234503942317911
