"term","estimate","std.error","statistic","p.value"
"(Intercept)",-9.93360357845097,4.31596645895821,-2.30159424845223,0.0213580647997742
"human_impact",-3.6718670696092,1.50853819552695,-2.43405641335225,0.0149306678837075
"log10(area)",1.93120894260509,0.614355201611735,3.14347292500925,0.00166955859963741
"log10(depth)",-22.5368933241376,5.14528475060432,-4.38010613921622,1.18621515882819e-05
"eutro",-4.21417703594733,1.76124128615258,-2.39273123397712,0.0167234864455029
"log10(RT)",0.456106513065594,0.53754729758531,0.848495593065853,0.396162025712761
