"term","estimate","std.error","statistic","p.value"
"(Intercept)",-2.96995409209929,0.483383579135861,-6.14409388380268,8.04212677320818e-10
"human_impact",-2.29945552827198,0.19069382125413,-12.0583640998393,1.7522888287238e-33
"log10(area)",1.7242449986107,0.0898778150922848,19.18432259218,5.00419871778844e-82
"depth",-5.94033580481279,0.246386951540297,-24.1097824689034,1.97380772452192e-128
"eutro",-1.40763414109584,0.184177115825891,-7.64282866947773,2.1250067783968e-14
"log10(RT)",-0.202492335493517,0.0767083388872738,-2.63976952741849,0.00829624250051092
