"estimate","std.error","Adjusted.SE","statistic","p.value","term"
-8.07800088642067,3.50287631394053,3.55010764588002,2.27542421024765,0.0228805,"(Intercept)"
-2.03211232549522,1.18371462818799,1.19971249428844,1.69383276007347,0.0902971,"human_impact"
1.70645877738075,0.523099626697366,0.530169279751677,3.21870550134483,0.0012877,"log10(area)"
-18.4850251747569,4.06247165387269,4.11732855001003,4.48956767725321,7.1e-06,"log10(depth)"
-3.8481780954115,1.63203540002396,1.65409066851639,2.32646140181847,0.0199939,"eutro"
0.174723329246276,0.499244839703254,0.506048590912727,0.34526986614297,0.7298915,"log10(RT)"
