"term","estimate","std.error","statistic","p.value"
"(Intercept)",-5.16032439239592,3.84370706152097,-1.34253841663833,0.179421482869568
"human_impact",-2.95610635299303,1.28757341187864,-2.29587402607196,0.0216830852592724
"log10(area)",1.36323391237123,0.518541217639804,2.62897888537412,0.00856416782333891
"log10(depth)",-18.9793356733277,4.35032402882251,-4.36274069416037,1.28443150040653e-05
"eutro",-4.81317633002448,1.7003792956523,-2.83064863370854,0.00464537217700921
"log10(RT)",0.0462001159994467,0.504125176903607,0.0916441354570168,0.92698078394991
