"term","estimate","std.error","statistic","p.value"
"(Intercept)",-3.69611171264093,0.685412615733094,-5.392535281376,6.9470453522506e-08
"human_impact",-0.20786996253672,0.294986351871782,-0.704676542550932,0.481011552547695
"log10(area)",1.35444803714738,0.11245528971689,12.044324820622,2.07770613278513e-33
"depth",-4.81739380391478,0.313183328340029,-15.3820250568524,2.16082232907445e-53
"eutro",-0.727884931463055,0.276442987815439,-2.63303814365157,0.0084624842918952
"log10(RT)",-0.298651349556092,0.109394671908369,-2.73003560727573,0.0063327485154554
