"term","estimate","std.error","statistic","p.value"
"(Intercept)",-5.81964458363151,3.12300649491792,-1.86347501777593,0.0623954641713409
"human_impact",-1.23267903634201,1.08744916957228,-1.13355094733012,0.256982958946626
"log10(area)",1.21350650674675,0.464932344485644,2.6100711665678,0.00905233884658018
"log10(depth)",-13.699280773942,3.18336785293894,-4.30339232121557,1.68202615340934e-05
"eutro",-3.00570389735062,1.33706132790164,-2.2479925450149,0.0245766652930032
