"term","estimate","std.error","statistic","p.value"
"(Intercept)",-3.72454626246211,0.696658610593787,-5.34630047748573,8.97701355240888e-08
"human_impact",-0.494154735460891,0.295389773931438,-1.67289046226626,0.094348861755088
"log10(area)",1.44588361038231,0.117451619368497,12.3104612618916,7.95671420759509e-35
"depth",-5.13886561962594,0.32684817476779,-15.7224852893147,1.06079625341327e-55
"eutro",-0.593705927531456,0.282987155764233,-2.09799602362905,0.0359054966350497
"log10(RT)",-0.346841343899142,0.111751421441145,-3.10368619411081,0.00191125930735797
