"estimate","std.error","Adjusted.SE","statistic","p.value","term"
-6.74655129970038,3.79531981170231,3.84657103548268,1.75391309232738,0.0794454,"(Intercept)"
-2.11898984620981,1.08058398408211,1.09518661478608,1.93482080368897,0.0530123,"human_impact"
1.32428124929968,0.519152147272978,0.526168131394992,2.5168404741441,0.0118412,"log10(area)"
-11.9438374786263,3.04755345532995,3.08871501205088,3.86692764856143,0.0001102,"log10(depth)"
-2.21614537919648,1.52691464149404,1.54754864258008,1.43203600728291,0.1521335,"eutro"
0.107669781598607,0.421655797716169,0.427402158851115,0.251916793981645,0.8011054,"log10(RT)"
