"estimate","std.error","Adjusted.SE","statistic","p.value","term"
-8.71666559142915,3.61464404534962,3.66329562120032,2.37946005257775,0.017338,"(Intercept)"
-1.74195643161426,1.27205024900573,1.28924254450188,1.35114718253988,0.1766483,"human_impact"
1.74413114556969,0.541398800200076,0.548714872407507,3.17857458085152,0.00148,"log10(area)"
-21.897773976934,4.59475586415119,4.65677148990744,4.70235097951291,2.6e-06,"log10(depth)"
-3.86629468586632,1.70945646079782,1.73255684401922,2.23155430611858,0.0256444,"eutro"
0.25420308917059,0.647426025894624,0.656249202934057,0.387357558735403,0.6984915,"log10(RT)"
