"term","estimate","std.error","statistic","p.value"
"(Intercept)",-3.85137846575624,0.707288827975979,-5.44526975885875,5.17269325440646e-08
"human_impact",-0.290652725461728,0.294974608035266,-0.985348289460151,0.32445302051836
"log10(area)",1.48802170370612,0.119770872445272,12.4239030185411,1.93867470822561e-35
"depth",-5.21606069822942,0.331782024619407,-15.7213480875369,1.08001027901513e-55
"eutro",-0.815923925516617,0.277730910090297,-2.93782181195223,0.00330526935159371
"log10(RT)",-0.361098728618177,0.112978968828022,-3.19615882817843,0.00139270424190245
