"estimate","std.error","Adjusted.SE","statistic","p.value","term"
-8.03723854560198,3.64478182065971,3.69355687850548,2.17601591365071,0.0295541,"(Intercept)"
-1.4721346084528,1.19522437364867,1.21133164126848,1.21530269523151,0.2242507,"human_impact"
1.55072004386024,0.541567562661076,0.548803548002579,2.82563778879387,0.0047187,"log10(area)"
-17.6187699416484,3.78589267522657,3.8369102730278,4.59191606994371,4.4e-06,"log10(depth)"
-2.97978515215096,1.46958712589875,1.48927190545688,2.00083352222832,0.0454103,"eutro"
-0.155118135685473,0.49969440579514,0.506428464855277,0.306298216728005,0.7593776,"log10(RT)"
