"estimate","std.error","Adjusted.SE","statistic","p.value","term"
-2.07150634721124,3.69859082960077,3.74842040544916,0.552634476164906,0.5805137,"(Intercept)"
-2.66391040081516,1.1183254196422,1.13343885515429,2.35029034755697,0.0187588,"human_impact"
0.865262711521437,0.506919750226511,0.513768576333722,1.68414876148322,0.0921529,"log10(area)"
-15.4370838259734,3.64218228492696,3.69134818851341,4.18196361806506,2.89e-05,"log10(depth)"
-4.31194393414531,1.53208849616048,1.55279362955763,2.77689439991697,0.0054881,"eutro"
0.143780679153986,0.468072383401056,0.474451313720254,0.303046224124825,0.7618546,"log10(RT)"
