"term","estimate","std.error","statistic","p.value"
"(Intercept)",-3.61079393587913,0.699344201521769,-5.16311414039333,2.42874939121333e-07
"human_impact",-0.423819823361721,0.296794324903284,-1.4279916689776,0.153294256458259
"log10(area)",1.42511290350977,0.117055798920029,12.1746459095409,4.24231136335019e-34
"depth",-5.08052309909054,0.324680090425399,-15.6477814590787,3.4400435119984e-55
"eutro",-0.821041016675538,0.280870594484196,-2.92320033780445,0.00346453526495111
"log10(RT)",-0.333622744128045,0.11126430080189,-2.99847068398042,0.00271338259483409
