"term","estimate","std.error","statistic","p.value"
"(Intercept)",-3.93705477752173,0.711841923722731,-5.53079924954693,3.18774976922886e-08
"human_impact",-0.374465575676618,0.294021667980492,-1.27359856927777,0.202805719559673
"log10(area)",1.4852460266658,0.119201928250959,12.4599161142668,1.23500455862222e-35
"depth",-5.22812275374892,0.329613025399763,-15.8613960944296,1.17258007314096e-56
"eutro",-0.766956010296396,0.281811318504278,-2.72152308987104,0.0064981845343614
"log10(RT)",-0.30827315289021,0.112500890626099,-2.74018411031755,0.00614047768014363
