"term","estimate","std.error","statistic","p.value"
"(Intercept)",-4.27442122043858,0.716293019882514,-5.96741989910732,2.41034548465217e-09
"human_impact",-0.424357259686317,0.295605869412429,-1.4355508587492,0.151130186513216
"log10(area)",1.52957462748233,0.119874581493378,12.7597911786397,2.74937123622211e-37
"depth",-5.13576863730562,0.325310481419384,-15.7872830131308,3.80624785631994e-56
"eutro",-0.471843603594759,0.279075453211191,-1.69073846576428,0.0908867642394034
"log10(RT)",-0.368027317002809,0.110816892151603,-3.32103986907816,0.000896827252051353
