"estimate","std.error","Adjusted.SE","statistic","p.value","term"
-11.290943956824,4.02416199201349,4.07849598445469,2.76840874671932,0.0056331,"(Intercept)"
-1.90949824195609,1.17600346707322,1.1918961403074,1.60206764447078,0.1091407,"human_impact"
2.21306933029966,0.621665493562307,0.630066616164113,3.51243705589889,0.000444,"log10(area)"
-19.5199402690847,4.2685646542529,4.3262073506367,4.51202142824057,6.4e-06,"log10(depth)"
-3.38224108037067,1.57557254002312,1.59685623561958,2.11806235585032,0.0341698,"eutro"
-0.145409484532056,0.544472022302722,0.551892133409866,0.263474464898863,0.7921849,"log10(RT)"
