"estimate","std.error","Adjusted.SE","statistic","p.value","term"
-9.37174127186207,3.53535530072087,3.58313501471843,2.61551441220211,0.0089093,"(Intercept)"
-1.92022006141834,1.17335850317102,1.18921440836852,1.61469626326903,0.1063765,"human_impact"
1.89269893570213,0.53398245258154,0.541198277268729,3.49723754712235,0.0004701,"log10(area)"
-18.7149352167929,4.19168704834133,4.24833203606492,4.40524305960978,1.06e-05,"log10(depth)"
-3.5621228380049,1.55603312362688,1.57706011508339,2.25871087851115,0.0239014,"eutro"
-0.0403071524041055,0.511670634926455,0.518643725931866,0.0777164561890422,0.9380536,"log10(RT)"
