"estimate","std.error","Adjusted.SE","statistic","p.value","term"
-7.30563750852467,3.38579739018087,3.4299119050932,2.12997817747921,0.0331734,"(Intercept)"
-1.47342272189887,1.11249141648569,1.1274837454284,1.30682391464458,0.1912725,"human_impact"
1.53132208922987,0.503122880732669,0.509745634828291,3.00409063776623,0.0026638,"log10(area)"
-15.123632912035,3.53251862583637,3.57987605920789,4.22462472496361,2.39e-05,"log10(depth)"
-3.85132467859854,1.47860809342752,1.49831846659717,2.57043129645547,0.0101572,"eutro"
-0.0179434011433621,0.483097288493681,0.489607678913866,0.0366485288449055,0.9707652,"log10(RT)"
