"term","estimate","std.error","statistic","p.value"
"(Intercept)",-6.85717034550493,3.89200638362367,-1.76185999446397,0.0780929552595108
"human_impact",-2.82566920142669,1.28299613466548,-2.2023988421161,0.0276371476062353
"log10(area)",1.59033666878212,0.559325078795645,2.84331371696488,0.00446471001181857
"log10(depth)",-19.449969695109,4.58143036028314,-4.24539241362755,2.1821119195028e-05
"eutro",-4.59342479790856,1.78975445424295,-2.56651116974117,0.0102727316666987
"log10(RT)",0.0705564147299347,0.481822619851611,0.146436493063909,0.883576820503652
