"estimate","std.error","Adjusted.SE","statistic","p.value","term"
-5.50467799532691,3.22059271494193,3.26406800701194,1.68644709102312,0.0917097,"(Intercept)"
-1.54974131757024,1.06901957914863,1.08346612226088,1.43035512207468,0.1526151,"human_impact"
1.14234203991775,0.464423374812185,0.470699578123111,2.42690262114272,0.0152283,"log10(area)"
-12.1106055442537,3.01150340771608,3.05217032501948,3.96786687983294,7.25e-05,"log10(depth)"
-2.66534990964049,1.37648351955156,1.39508480315779,1.91052895394419,0.0560651,"eutro"
0.102142497864414,0.450097013277328,0.456230973721037,0.223883304176689,0.8228481,"log10(RT)"
