"estimate","std.error","Adjusted.SE","statistic","p.value","term"
-6.21639525776297,3.32790233240712,3.37039711849163,1.84441032887692,0.0651234,"(Intercept)"
-2.94217347704547,1.19513974578071,1.21088938229861,2.42976238792383,0.0151087,"human_impact"
1.18663143025078,0.477123249727539,0.483528741681151,2.45410733212064,0.0141235,"log10(area)"
-11.4038393552814,3.0738893988702,3.11326542166838,3.66298333444701,0.0002493,"log10(depth)"
-1.78595677543889,1.42516915887807,1.44437524398783,1.23649085157952,0.2162762,"eutro"
0.109610995182931,0.442055943956459,0.4480132466598,0.244660165743189,0.8067196,"log10(RT)"
