"term","estimate","std.error","statistic","p.value"
"(Intercept)",-3.40842206938437,0.690580615611099,-4.93558897011357,7.9909241800534e-07
"human_impact",-0.513414014281143,0.292523130464871,-1.7551227947863,0.0792383060672538
"log10(area)",1.47789659834502,0.118993007798943,12.4200289217174,2.0348791998887e-35
"depth",-5.3152011843552,0.336136621249998,-15.812621560214,2.54646199274221e-56
"eutro",-0.727715507901375,0.280206750315419,-2.59706629866058,0.00940237740520864
"log10(RT)",-0.439065121228153,0.113508424657003,-3.86812804912861,0.000109674070957212
