"term","estimate","std.error","statistic","p.value"
"(Intercept)",-3.55473416320772,0.693655228207049,-5.12464120308867,2.98104873091457e-07
"human_impact",-0.365432742875891,0.291883959355408,-1.25197953215006,0.210577322243133
"log10(area)",1.38889387770735,0.115045556862114,12.0725555648532,1.47481964728209e-33
"depth",-5.02589515735471,0.31728782390143,-15.8401765802273,1.64358651171824e-56
"eutro",-0.644803084397521,0.275369852028741,-2.34158924677862,0.0192018344972373
"log10(RT)",-0.31909206409047,0.109481462690107,-2.91457618714574,0.00356171861195163
