"term","estimate","std.error","statistic","p.value"
"(Intercept)",-3.25982979829287,0.695420617538032,-4.6875656488781,2.76474026757595e-06
"human_impact",-0.632699642121252,0.294837092744368,-2.14592959193849,0.0318785964610545
"log10(area)",1.39334585044644,0.11663361981165,11.946348340183,6.78411242679667e-33
"depth",-5.0618793388327,0.326352444767816,-15.510468574654,2.94720245357324e-54
"eutro",-0.747925830673023,0.278068031273401,-2.68972246557049,0.00715114646730644
"log10(RT)",-0.357969777997442,0.110395790686822,-3.24260350662239,0.00118442916292185
