"estimate","std.error","Adjusted.SE","statistic","p.value","term"
-8.43731934640503,3.67090486557386,3.72052322048486,2.26777763405693,0.0233428,"(Intercept)"
-2.90467332997478,1.15035992595643,1.16590494890888,2.49134659964618,0.012726,"human_impact"
1.69256930548035,0.547480527556437,0.554878767394116,3.05034073195697,0.0022858,"log10(area)"
-13.1810179850103,3.269573895862,3.31375999010411,3.97766223998505,6.96e-05,"log10(depth)"
-2.5898877625861,1.41094478716241,1.43001123989582,1.81109608815017,0.070126,"eutro"
-0.0118017721335575,0.423049532897142,0.428814887973875,0.0275218339300675,0.9780435,"log10(RT)"
