"term","estimate","std.error","statistic","p.value"
"(Intercept)",-5.4068298194697,3.45252802575873,-1.56604950897726,0.117337027117763
"human_impact",-2.5122692265784,1.18132415862741,-2.12665525226998,0.0334487380721787
"log10(area)",1.07891203338725,0.50127813546239,2.15232214824618,0.0313719905924802
"log10(depth)",-13.8127981468521,3.48091212049,-3.96815480216941,7.24312800897786e-05
"eutro",-3.08839319210465,1.45619761088414,-2.12086132336772,0.0339334742754452
"log10(RT)",0.314126172214781,0.483252538600873,0.650024877519006,0.515676152239623
