"estimate","std.error","Adjusted.SE","statistic","p.value","term"
-4.33096041336267,3.21078742186582,3.25408266929274,1.33093128033652,0.1832116,"(Intercept)"
-2.08166637945829,1.12216992816026,1.13733551106035,1.83030104943926,0.0672049,"human_impact"
1.10531240496457,0.467892328902775,0.474215495063524,2.33082304663305,0.0197627,"log10(area)"
-13.132391857663,3.33853621984277,3.38361843618019,3.88116807653062,0.000104,"log10(depth)"
-3.51434535990365,1.48393232308136,1.50398561748998,2.33668814318103,0.0194554,"eutro"
-0.137297632663219,0.46550992436932,0.47185393327852,0.29097486103221,0.7710705,"log10(RT)"
