"term","estimate","std.error","statistic","p.value"
"(Intercept)",-6.55862020422993,3.86386002867598,-1.69742696566505,0.0896159680460384
"human_impact",-2.54903641731853,1.23590709558909,-2.06248222574007,0.0391618480581893
"log10(area)",1.6126567684072,0.56757262224331,2.84132233516344,0.00449268771801312
"log10(depth)",-19.8806702358296,4.41294262319482,-4.50508242081712,6.63471859848872e-06
"eutro",-4.95279509678905,1.7225389707818,-2.87528768916105,0.0040365951622238
"log10(RT)",0.0805049074738442,0.568048477891637,0.141721896294213,0.887299678771975
