"term","estimate","std.error","statistic","p.value"
"(Intercept)",-8.01798690373694,3.80708243786087,-2.10607125918768,0.0351981629414039
"human_impact",-1.7534890681085,1.27441786630334,-1.37591375205276,0.168848337077284
"log10(area)",1.88696925200802,0.587071550977536,3.21420659690632,0.00130805520551208
"log10(depth)",-20.2204251772761,4.52003253638082,-4.47351319144851,7.69448088975022e-06
"eutro",-5.92791305808724,1.89956535669345,-3.12066812399964,0.00180441264053727
