"term","estimate","std.error","statistic","p.value"
"(Intercept)",-2.85806016399106,0.492077657258267,-5.80814861604457,6.31674351151566e-09
"human_impact",-2.27744139312284,0.190677814236214,-11.9439243744504,6.98481318570607e-33
"log10(area)",1.77719207028324,0.0921471322855104,19.2864609695802,6.97902402172354e-83
"depth",-6.10456179395453,0.251174165335397,-24.3040990533521,1.77415541285294e-130
"eutro",-1.50577571915784,0.187017566004837,-8.05152024660021,8.17718851810052e-16
"log10(RT)",-0.283492793728122,0.0773505354283289,-3.66503983661236,0.000247300086579422
