"term","estimate","std.error","statistic","p.value"
"(Intercept)",-3.87455568613033,0.683631596996102,-5.66760767517951,1.44805057131145e-08
"human_impact",-0.433748214980168,0.294511374051488,-1.47277237212692,0.140812424366687
"log10(area)",1.41035188936625,0.11399786699547,12.3717392837034,3.71684691492976e-35
"depth",-4.8436814210443,0.314547165181487,-15.3989034307449,1.66468387422273e-53
"eutro",-0.647282838345281,0.275516569883616,-2.34934268606315,0.0188065892604898
"log10(RT)",-0.307930316846637,0.108732211247449,-2.83200638811492,0.00462569245252892
