"estimate","std.error","Adjusted.SE","statistic","p.value","term"
-8.07574614221726,3.63215200156333,3.68112804287856,2.19382375406377,0.0282481,"(Intercept)"
-2.7431329856511,1.23296442710613,1.24962677267568,2.19516182402011,0.028152,"human_impact"
1.64656687282542,0.533090031600947,0.540294187206174,3.04753764118712,0.0023072,"log10(area)"
-16.9832709724414,3.97518233206742,4.02887021468568,4.21539291847514,2.49e-05,"log10(depth)"
-2.73308230950041,1.47906950776591,1.49905791373661,1.82319994741752,0.0682731,"eutro"
0.14744997279497,0.532543269688802,0.539800814739033,0.273156262030198,0.7847331,"log10(RT)"
