"estimate","std.error","Adjusted.SE","statistic","p.value","term"
-5.84932080282455,3.58041565171674,3.62859026071281,1.61200917782199,0.1069599,"(Intercept)"
-2.03224663575188,1.15092950350154,1.16648523057011,1.74219662837792,0.081474,"human_impact"
1.43462094194282,0.513566647999199,0.520507712658816,2.75619535897864,0.0058478,"log10(area)"
-17.3337851845689,3.9393711368769,3.99248226226671,4.34160606006744,1.41e-05,"log10(depth)"
-4.44609036672704,1.6460771112213,1.6683231286078,2.66500553189433,0.0076987,"eutro"
0.201281973746477,0.46542872676064,0.471771629101912,0.426651289162191,0.6696333,"log10(RT)"
