"estimate","std.error","Adjusted.SE","statistic","p.value","term"
-3.07953778424458,3.30557363032718,3.34959377479538,0.919376494969962,0.3578987,"(Intercept)"
-2.04724137640563,1.12559858979418,1.14081459046192,1.79454347228912,0.0727265,"human_impact"
0.845856061514876,0.457322920234805,0.463504874422547,1.82491297975814,0.0680142,"log10(area)"
-11.6979604069059,2.92986255979241,2.96924113809816,3.93971384028399,8.16e-05,"log10(depth)"
-2.59315383231587,1.36615250536241,1.38461309125175,1.87283642535226,0.061091,"eutro"
-0.302638573443925,0.446720562565172,0.452808508450914,0.668358848819493,0.5039046,"log10(RT)"
