"term","estimate","std.error","statistic","p.value"
"(Intercept)",-9.35771207883243,4.01608517499368,-2.3300581713502,0.0198030767979955
"human_impact",-2.65058502262085,1.31402052862638,-2.01715647881974,0.0436791862024212
"log10(area)",1.73460708481511,0.566084950011576,3.06421692500329,0.00218240600877538
"log10(depth)",-18.392535829149,4.08487378397396,-4.50259586998936,6.71284571429927e-06
"eutro",-2.9733323182202,1.51957288323793,-1.95668950862336,0.0503839841211539
"log10(RT)",0.38492373297223,0.483205654436181,0.796604363873538,0.425680842198607
