"estimate","std.error","Adjusted.SE","statistic","p.value","term"
-9.99483460058037,4.27625466980959,4.33062558577069,2.30794244448673,0.02100234,"(Intercept)"
-2.10140707364396,1.27783925566275,1.29510885450274,1.62257177559858,0.10468098,"human_impact"
1.9390141820036,0.616023791563354,0.624301723821306,3.10589272465088,0.00189706,"log10(area)"
-22.4528912664726,4.85623453306855,4.91990973779036,4.56367951103036,5.03e-06,"log10(depth)"
-4.03863502064442,1.63917458298343,1.66122786399366,2.43111442336115,0.01505246,"eutro"
0.606077686775315,0.562076480563113,0.569736506727271,1.06378594248207,0.28742568,"log10(RT)"
