"term","estimate","std.error","statistic","p.value"
"(Intercept)",-3.79462032145855,0.682071482918628,-5.56337629777619,2.64604453475743e-08
"human_impact",-0.379874693758781,0.295945383662427,-1.28359729439838,0.199282896925482
"log10(area)",1.4345194887693,0.114954326134724,12.4790387365506,9.71524413811357e-36
"depth",-4.8457053794557,0.314396400806721,-15.4127253588843,1.34421123326893e-53
"eutro",-0.597726585414686,0.278524122096794,-2.14604961651027,0.0318690203703002
"log10(RT)",-0.431388139317524,0.112199687366413,-3.84482478911667,0.000120638604771417
