"term","estimate","std.error","statistic","p.value"
"(Intercept)",-3.90697505159347,0.702181419241479,-5.56405359716571,2.63578932258048e-08
"human_impact",-0.2650656918242,0.295967761736894,-0.895589743520226,0.370471915535506
"log10(area)",1.44341081938841,0.118264090456705,12.2049796672373,2.92381535850966e-34
"depth",-5.13142121709837,0.329243497372247,-15.5854899430154,9.13601935043467e-55
"eutro",-0.874120048578634,0.281253410547969,-3.10794470678801,0.00188393311645877
"log10(RT)",-0.273793598466308,0.111844965996577,-2.44797426532981,0.0143661916200744
