"term","estimate","std.error","statistic","p.value"
"(Intercept)",-3.45471132291696,0.687955054571791,-5.02171079339957,5.12132569127144e-07
"human_impact",-0.393518330175529,0.294713534383556,-1.33525706920329,0.181792224303834
"log10(area)",1.39547663643466,0.114220587404319,12.2173827691407,2.5103704680396e-34
"depth",-4.934774910119,0.318868483878327,-15.4758941683368,5.04671390275339e-54
"eutro",-0.676758963943591,0.278703587451754,-2.42823915591235,0.0151723347023981
"log10(RT)",-0.409559105761343,0.112285050271437,-3.64749452194463,0.000264809955535663
