"estimate","std.error","Adjusted.SE","statistic","p.value","term"
-12.5189442140153,4.39318050719685,4.44852978616284,2.81417565258426,0.00489025,"(Intercept)"
-1.76163841117288,1.23941294645856,1.25617571011769,1.40238216436125,0.16080116,"human_impact"
2.32951937135924,0.633513292013168,0.641983688990659,3.62862703727219,0.00028493,"log10(area)"
-22.0771119881976,4.77950440003846,4.84212543530729,4.55938456844138,5.13e-06,"log10(depth)"
-3.95246391762483,1.60440579780935,1.62608630078137,2.43066060868084,0.01507132,"eutro"
0.583091084774124,0.567242044878167,0.574972467792899,1.01412000997611,0.31052549,"log10(RT)"
