"term","estimate","std.error","statistic","p.value"
"(Intercept)",-2.66260506612809,0.499399530238151,-5.33161307712556,9.73441760660514e-08
"human_impact",-2.38958570268067,0.1906912901656,-12.5311738181933,5.04109872300409e-36
"log10(area)",1.70166250505345,0.0916548869841138,18.5659767967244,6.0575324651037e-77
"depth",-5.96869426684148,0.247192247446776,-24.1459605974359,8.23302958697771e-129
"eutro",-1.66110567248962,0.187835073653273,-8.84342652403605,9.28270529169529e-19
"log10(RT)",-0.182295668455585,0.0768441075996333,-2.3722790744785,0.0176787320613589
