"term","estimate","std.error","statistic","p.value"
"(Intercept)",-7.28886854751926,4.38498270640497,-1.66223427446423,0.0964658102961076
"human_impact",-4.25593642242176,1.60588185812659,-2.65021763642483,0.00804399350426072
"log10(area)",1.65565431674333,0.598362350063254,2.76697609160789,0.00565789043302098
"log10(depth)",-25.9613981772729,5.73674239694859,-4.52545998772438,6.02642830203622e-06
"eutro",-5.79135153848208,2.02050663679941,-2.86628681787252,0.0041531777611739
"log10(RT)",0.595549985385164,0.577764079986277,1.03078402762475,0.302642110031508
