"term","estimate","std.error","statistic","p.value"
"(Intercept)",-3.8007875233642,0.710419943908346,-5.35005746383515,8.79263083058193e-08
"human_impact",-0.503556656607452,0.295021682547312,-1.70684626383926,0.0878506308545018
"log10(area)",1.42097677621965,0.117946703131727,12.0476175975234,1.99636906231216e-33
"depth",-5.06659872441986,0.327358037933022,-15.4772394055481,4.94230319219832e-54
"eutro",-0.69932644786712,0.283021489732857,-2.47093055911483,0.0134761984057478
"log10(RT)",-0.254554871494817,0.110017871690259,-2.31375927914223,0.0206809301988082
