"term","estimate","std.error","statistic","p.value"
"(Intercept)",-5.97202281792713,3.16552560174098,-1.88658174637496,0.0592166038236333
"human_impact",-1.23246869279317,1.10170228994781,-1.11869486342953,0.263270337287119
"log10(area)",1.20626421689397,0.465253372713762,2.5927038633981,0.00952247258924387
"log10(depth)",-12.1637617420727,3.07423714311708,-3.95667646177074,7.59997525518185e-05
"eutro",-2.66353689476706,1.44504545147237,-1.84322015065557,0.0652968739539973
