"term","estimate","std.error","statistic","p.value"
"(Intercept)",-3.42940914034668,0.712287693195145,-4.81464045091557,1.47465157481357e-06
"human_impact",-0.467654658306805,0.298596794922074,-1.56617440729345,0.11730779245017
"log10(area)",1.50663685009018,0.121389328610387,12.4116087248979,2.26064405027548e-35
"depth",-5.66193302451798,0.350659587197291,-16.1465228136837,1.20146333619624e-58
"eutro",-0.993073387288352,0.282989033283495,-3.50922922971896,0.00044940739314168
"log10(RT)",-0.325768582837634,0.114175254886704,-2.85323280566261,0.00432769042969358
