"term","estimate","std.error","statistic","p.value"
"(Intercept)",-5.33812452734027,3.8998705949222,-1.36879529651336,0.171063271563064
"human_impact",-4.55583865264357,1.57133582356132,-2.8993411747707,0.003739477454779
"log10(area)",1.62098883635012,0.573783226256154,2.82508927095484,0.00472674448511833
"log10(depth)",-19.4897186233768,4.6511895314659,-4.19026541307903,2.78628345948993e-05
"eutro",-3.7429131142408,1.70125462106965,-2.20008990299611,0.0278005171133945
"log10(RT)",-0.441245716924574,0.599343864348728,-0.736214622642462,0.461600094683563
