"term","estimate","std.error","statistic","p.value"
"(Intercept)",-2.74099547192689,0.490091898528815,-5.59281938786371,2.23411662198667e-08
"human_impact",-2.26576904500503,0.189240373251547,-11.9729685905516,4.92349487276226e-33
"log10(area)",1.68430781372359,0.0897216988404045,18.7725804960471,1.26584715746305e-78
"depth",-5.88688008033108,0.24314473065971,-24.2114236420365,1.68648246070455e-129
"eutro",-1.47749759631373,0.18602609816692,-7.94242104130996,1.98272570654421e-15
"log10(RT)",-0.203308144349661,0.0767277985851818,-2.64973253629781,0.00805555152976259
