"term","estimate","std.error","statistic","p.value"
"(Intercept)",-13.1202258296972,4.62956451750869,-2.83400863733023,0.00459680895325422
"human_impact",-3.48370278660992,1.46307404037389,-2.38108440890638,0.0172617560822351
"log10(area)",2.23369421422077,0.673299578439229,3.31753395627944,0.000908158760079538
"log10(depth)",-24.2705601066309,5.34190753301906,-4.54342572510124,5.53473128170972e-06
"eutro",-4.78051214864541,1.8551381823696,-2.57690353962699,0.00996897659212763
"log10(RT)",1.11276685753415,0.741952556296995,1.4997816883169,0.13367096220609
