"estimate","std.error","Adjusted.SE","statistic","p.value","term"
-6.69913235380795,3.5297753312203,3.57657709404067,1.87305688586166,0.0610605,"(Intercept)"
-2.53041646947375,1.1554993370528,1.17112800508843,2.16066600617468,0.0307211,"human_impact"
1.32702932092225,0.509395895432977,0.516287404184507,2.57033061462799,0.0101601,"log10(area)"
-14.3772628149409,3.44618148548842,3.49231376720975,4.11683020865216,3.84e-05,"log10(depth)"
-2.30879972293424,1.46198762681898,1.48176516920923,1.5581414456964,0.1191997,"eutro"
0.416507240709594,0.435518325957494,0.441453606808354,0.943490401450973,0.3454301,"log10(RT)"
