"estimate","std.error","Adjusted.SE","statistic","p.value","term"
-5.91823586092876,3.28537814061004,3.32945824110182,1.77753719445066,0.0754799,"(Intercept)"
-1.40796375134175,1.10320921298405,1.11807645165986,1.25927323596837,0.2079317,"human_impact"
1.30249490568774,0.482020996092799,0.488453395024906,2.66656945975638,0.007663,"log10(area)"
-13.3550227132884,3.18559235388248,3.22851867031017,4.13657905593136,3.53e-05,"log10(depth)"
-3.51455035487991,1.42951015640906,1.44846467092962,2.42639701569267,0.0152496,"eutro"
-0.179084995301451,0.444870185069529,0.450865413484355,0.397202779245042,0.6912179,"log10(RT)"
