"term","estimate","std.error","statistic","p.value"
"(Intercept)",-9.05081052380122,4.18098429063232,-2.16475592699068,0.0304063816115616
"human_impact",-3.08979889770157,1.29557802012202,-2.3848806090509,0.0170846649412109
"log10(area)",2.02556267706538,0.61667569803055,3.28464812791281,0.00102109807370022
"log10(depth)",-19.7340296640837,4.47264195417732,-4.41216396623312,1.02342559436812e-05
"eutro",-3.08419007775475,1.51942900895894,-2.02983493112846,0.0423733209849336
"log10(RT)",-0.292420097006062,0.568952199037059,-0.51396250423318,0.607278206100899
