"estimate","std.error","Adjusted.SE","statistic","p.value","term"
-6.00393363569689,3.73298599086497,3.78342867685363,1.58690281976978,0.1125347,"(Intercept)"
-2.62075387582088,1.27650072741808,1.29375041192046,2.02570283392653,0.0427952,"human_impact"
1.31292632737816,0.533934136148778,0.541149428301615,2.42618075288142,0.0152587,"log10(area)"
-18.14645956915,3.90822336341438,3.96103651548941,4.58124016231338,4.6e-06,"log10(depth)"
-2.67390957715969,1.50580709295063,1.52615565713469,1.75205560760419,0.0797642,"eutro"
0.0608076614881189,0.524845621738858,0.531998262587014,0.114300488863294,0.9089996,"log10(RT)"
