"term","estimate","std.error","statistic","p.value"
"(Intercept)",-4.17215771169077,0.704018580170197,-5.92620397984687,3.10017460333873e-09
"human_impact",-0.383309820528051,0.294515164533692,-1.30149434286329,0.193089299653922
"log10(area)",1.51582678976299,0.120202821822578,12.6105757483829,1.84639206375014e-36
"depth",-5.22695885286453,0.330868057492037,-15.7977137245723,3.22606008256477e-56
"eutro",-0.772440183902858,0.278448139905822,-2.77408994064071,0.00553563716521295
"log10(RT)",-0.273151148360309,0.109159404389159,-2.50231438957389,0.0123384303612386
