"estimate","std.error","Adjusted.SE","statistic","p.value","term"
-9.77559938979806,3.73663553317784,3.78671260222937,2.58155302941206,0.0098357,"(Intercept)"
-2.00045820993438,1.22253302188915,1.23906255277308,1.61449331630374,0.1064205,"human_impact"
1.92345016643765,0.561513807382705,0.569094597346881,3.3798426050867,0.0007253,"log10(area)"
-16.5180682067456,3.76748703385294,3.81815820540546,4.32618747524936,1.52e-05,"log10(depth)"
-2.76154310837252,1.44150212153686,1.46096881039086,1.89021359575343,0.0587294,"eutro"
-0.43318585697468,0.499719707342406,0.506529930088523,0.855202883863102,0.3924388,"log10(RT)"
