"estimate","std.error","Adjusted.SE","statistic","p.value","term"
-8.00747776063313,3.75362217851831,3.80430188292044,2.10484814482862,0.0353045,"(Intercept)"
-1.9872098733335,1.2181933554128,1.23465550865597,1.60952578221333,0.1075014,"human_impact"
1.82928833538534,0.559139751559275,0.566695909584103,3.22798930510695,0.0012466,"log10(area)"
-17.9541775415757,3.94295488102117,3.99622311201587,4.49278657329991,7e-06,"log10(depth)"
-5.03490490319222,1.71452740069497,1.73769702372161,2.89745843749506,0.003762,"eutro"
0.106885115955936,0.481204149773693,0.4877620409238,0.219133731180681,0.8265459,"log10(RT)"
