"term","estimate","std.error","statistic","p.value"
"(Intercept)",-13.2648247430113,4.15704568587513,-3.19092589915063,0.00141817648039292
"human_impact",-1.33046128342632,1.2613144761102,-1.05482122708158,0.291507094451676
"log10(area)",2.49093369211267,0.662852363394517,3.75790120043687,0.000171344505216386
"log10(depth)",-19.8493875247531,4.19169176327445,-4.73541201160442,2.18610533353324e-06
"eutro",-3.85710238300446,1.53770353112163,-2.50835242616047,0.0121295622323877
