"term","estimate","std.error","statistic","p.value"
"(Intercept)",-2.64334363859879,0.483365330213983,-5.46862481309654,4.53540637175441e-08
"human_impact",-2.42905819350327,0.189307672732445,-12.8312717516544,1.09551019380605e-37
"log10(area)",1.62215046401137,0.0887594576042918,18.2758041542261,1.28974806128229e-74
"depth",-5.70332948116273,0.240689975720893,-23.6957499541916,3.98847283039133e-124
"eutro",-1.3638789718938,0.182968777280675,-7.45416235580785,9.04405720238612e-14
"log10(RT)",-0.164183290518024,0.0760320492669444,-2.15939583505879,0.0308194707469827
