"term","estimate","std.error","statistic","p.value"
"(Intercept)",-3.56126992464141,0.701362792177199,-5.07764307482917,3.82145719997013e-07
"human_impact",-0.4161211342809,0.297638169203148,-1.39807718679013,0.162089889709089
"log10(area)",1.43697974579552,0.117218039029505,12.2590324637133,1.50283522518052e-34
"depth",-5.26672009525168,0.328856692321637,-16.0152437770693,1.00013980688857e-57
"eutro",-0.759391404562878,0.281378503492517,-2.6988252305602,0.00695847086377754
"log10(RT)",-0.327475844974549,0.109937135380637,-2.97875548458419,0.00289421635849977
