"term","estimate","std.error","statistic","p.value"
"(Intercept)",-3.38380128157795,0.68159166136739,-4.9645579213652,6.88577345374381e-07
"human_impact",-0.311394601730712,0.292271670726682,-1.06542861631606,0.286682012791247
"log10(area)",1.38519939645725,0.116362764833532,11.9041464719312,1.12609609015105e-32
"depth",-4.90782604925217,0.316953332304155,-15.4843806612594,4.42301463252267e-54
"eutro",-0.835604262635614,0.278136112567062,-3.00429978302131,0.00266192896274984
"log10(RT)",-0.406824344033879,0.110823610242605,-3.67091762435185,0.00024168122921793
