"term","estimate","std.error","statistic","p.value"
"(Intercept)",-2.98977441595692,0.489722525555687,-6.10503756706806,1.0277650503409e-09
"human_impact",-2.40238552747372,0.191629549695477,-12.5366131230356,4.70685417053039e-36
"log10(area)",1.74154039138979,0.0907233554589899,19.1961637946364,3.98456446377052e-82
"depth",-5.94027245191079,0.247297864025677,-24.020718801251,1.68945700794853e-127
"eutro",-1.50871669167382,0.186413272676581,-8.09339737461386,5.8023183242527e-16
"log10(RT)",-0.200463062451289,0.0762227001992272,-2.62996537681463,0.00853935646137726
