"term","estimate","std.error","statistic","p.value"
"(Intercept)",-3.89130125720539,0.699853354920433,-5.56016661182941,2.69517230591718e-08
"human_impact",-0.373030193964035,0.300301611899553,-1.24218512050081,0.214168268271448
"log10(area)",1.42828078786823,0.115929391214913,12.3202647137209,7.04626149200977e-35
"depth",-4.9496173479211,0.316879123332611,-15.6198909409559,5.32967141885588e-55
"eutro",-0.848412622215256,0.280508456293748,-3.02455274762483,0.00249001047459353
"log10(RT)",-0.296514023118281,0.11024977293838,-2.68947513646134,0.0071564477970466
