"term","estimate","std.error","statistic","p.value"
"(Intercept)",-2.69313835105651,0.492513661536405,-5.4681495385432,4.54758153255245e-08
"human_impact",-2.57476025831737,0.192592067806945,-13.3689839235659,9.17860871997395e-41
"log10(area)",1.72444536669862,0.0915222593136322,18.8418137798502,3.43007447605894e-79
"depth",-6.03315139047002,0.250202494587467,-24.1130744935915,1.82294449173242e-128
"eutro",-1.61764276224352,0.187415204431339,-8.63133152484515,6.06418351831343e-18
"log10(RT)",-0.181726084699978,0.0765038973861571,-2.37538335834979,0.0175307321733693
