"estimate","std.error","Adjusted.SE","statistic","p.value","term"
-10.5996053999015,4.05264445054833,4.10726851817307,2.58069453044094,0.0098602,"(Intercept)"
-1.81956252825777,1.21180231846962,1.2281822827008,1.48150853003392,0.1384711,"human_impact"
1.94700284501552,0.589787892466353,0.597758643374696,3.25717221590231,0.0011253,"log10(area)"
-17.3593198831695,3.83597443026445,3.88772835214262,4.46515762182879,8e-06,"log10(depth)"
-2.06159421516689,1.51418023007285,1.53463650095803,1.34337624178748,0.1791502,"eutro"
-0.247737348975258,0.496658770076655,0.503427278108932,0.492101560141627,0.6226475,"log10(RT)"
