"term","estimate","std.error","statistic","p.value"
"(Intercept)",-3.72236435835858,0.70258708403799,-5.29808253371949,1.17025071887309e-07
"human_impact",-0.511415747074653,0.296227309380625,-1.72643011255093,0.0842700622917384
"log10(area)",1.44994866060475,0.119449229979772,12.1386187324128,6.59295839468529e-34
"depth",-5.19294603653398,0.333109918277853,-15.5892867536968,8.60893649588089e-55
"eutro",-0.668322614837334,0.279721689655346,-2.38924130502999,0.0168832092796616
"log10(RT)",-0.319307054060174,0.110871834128183,-2.87996547158236,0.00397718725400971
