"term","estimate","std.error","statistic","p.value"
"(Intercept)",-10.0857566482768,4.09269606230826,-2.46433072349588,0.0137269386235403
"human_impact",-2.42117819877581,1.25314728967047,-1.93207791193682,0.0533498901457711
"log10(area)",2.22595207429083,0.613643293445186,3.62743648968056,0.000286249154701385
"log10(depth)",-24.4159409348066,5.10935999669426,-4.77866913871867,1.76459287971024e-06
"eutro",-4.78896875775101,1.83761688943611,-2.60607571974403,0.00915862124225784
"log10(RT)",-0.108617703461412,0.558768107290759,-0.194387800671114,0.845872241389985
