"term","estimate","std.error","statistic","p.value"
"(Intercept)",-3.8358923848167,0.703526216133242,-5.45238016274608,4.97000641022128e-08
"human_impact",-0.338405279063151,0.30056478387267,-1.12589796683071,0.260208710061041
"log10(area)",1.44564511338352,0.117418507166153,12.3119016607652,7.81595854439772e-35
"depth",-5.21273337343681,0.33164520048623,-15.7178013304409,1.14219049819525e-55
"eutro",-0.630943454425288,0.284248902068199,-2.21968651359612,0.0264400549562489
"log10(RT)",-0.30286235344818,0.112502293834318,-2.69205491840198,0.00710132505807311
