"term","estimate","std.error","statistic","p.value"
"(Intercept)",-5.46825142175762,3.90362542543781,-1.40081355811549,0.161269833193768
"human_impact",-2.95840366635508,1.28794717726276,-2.29699145941877,0.0216192569456866
"log10(area)",1.40305079606547,0.552508300579355,2.5394203029968,0.0111036340068292
"log10(depth)",-19.0155999923668,4.35377576995554,-4.36761124070498,1.2561282259729e-05
"eutro",-4.908267155042,1.73467203237035,-2.82950728636298,0.00466197384419922
"log10(RT)",0.146610697117882,0.524956332249269,0.279281700422018,0.780028648738781
