"term","estimate","std.error","statistic","p.value"
"(Intercept)",-4.11294748273142,0.713542687234657,-5.7641225343801,8.20837647517772e-09
"human_impact",-0.258050203272639,0.298643164160076,-0.864075372354149,0.387546486919866
"log10(area)",1.46745501885275,0.119009824494544,12.33053678623,6.20321063110641e-35
"depth",-5.03691814562886,0.323510343759686,-15.569573717774,1.1718558316085e-54
"eutro",-0.580475747733915,0.2812174846335,-2.06415240677665,0.039003268381852
"log10(RT)",-0.345420331415545,0.110780868326476,-3.11805040557704,0.00182051665223831
