"term","estimate","std.error","statistic","p.value"
"(Intercept)",-3.6760232416269,0.700262176869413,-5.24949563613574,1.52516212476857e-07
"human_impact",-0.243911711250593,0.299718991437095,-0.813801321301273,0.415758778043673
"log10(area)",1.50883487926296,0.120122287733194,12.5608237050418,3.46704427537114e-36
"depth",-5.4136554920577,0.33236495591803,-16.2882861013567,1.19532312033816e-59
"eutro",-0.635045876364225,0.2844895692099,-2.23222903436463,0.0255998293985471
"log10(RT)",-0.461213283777898,0.11524375824624,-4.00206736396455,6.27914141502401e-05
