"estimate","std.error","Adjusted.SE","statistic","p.value","term"
-14.5932780489403,4.66016967332721,4.72313108180674,3.08974656772768,0.0020033,"(Intercept)"
-2.20904472198873,1.27945089292013,1.296740750873,1.70353613125951,0.0884678,"human_impact"
2.84160506777052,0.741967529940121,0.751994119715972,3.77875969142391,0.0001576,"log10(area)"
-27.4687333668035,5.86682349876796,5.94609774675221,4.61962358116414,3.8e-06,"log10(depth)"
-4.60924593502946,1.82572973750079,1.8503997170311,2.49094608727287,0.0127403,"eutro"
-0.100448570382158,0.589106146019076,0.597134534766905,0.168217653700717,0.8664121,"log10(RT)"
