"term","estimate","std.error","statistic","p.value"
"(Intercept)",-3.0502173905445,0.498140583207104,-6.12320596508467,9.17110183522622e-10
"human_impact",-2.5680422205465,0.194171933504836,-13.2256097685845,6.24288801287552e-40
"log10(area)",1.7642095773827,0.0921406665226308,19.1469157318217,1.02691497167033e-81
"depth",-6.04046856156465,0.249023527371889,-24.2566179401349,5.63012640886268e-130
"eutro",-1.54692414326519,0.18803028943067,-8.22699442706313,1.91969386907203e-16
"log10(RT)",-0.157337328908157,0.0774794417750202,-2.03069776063982,0.042285663662932
