"term","estimate","std.error","statistic","p.value"
"(Intercept)",-3.98645173112839,0.70715054463047,-5.63734520378763,1.72691716991725e-08
"human_impact",-0.319268975614609,0.294709082205709,-1.08333605881802,0.278659285591728
"log10(area)",1.53538378278117,0.120984597124891,12.6907376580856,6.65559605647194e-37
"depth",-5.28103268794822,0.332022842138271,-15.9056306305243,5.79171516308159e-57
"eutro",-0.682388481049901,0.277585160824922,-2.45830317089715,0.0139595274225859
"log10(RT)",-0.401452124484098,0.112761210633254,-3.56019700595256,0.0003705766753854
