"term","estimate","std.error","statistic","p.value"
"(Intercept)",-3.37608344373744,0.693561643057455,-4.86774820599149,1.12877018579647e-06
"human_impact",-0.554411516026703,0.298143061664159,-1.85954861042923,0.0629494157276929
"log10(area)",1.41827511389617,0.116668442110352,12.1564588353265,5.30070309348827e-34
"depth",-5.14277858397094,0.328825064824288,-15.6398618417943,3.895723414356e-55
"eutro",-0.873867675561269,0.279344267110577,-3.1282821179765,0.00175831321134315
"log10(RT)",-0.337041457973097,0.111105455933123,-3.03352751800027,0.00241712665590242
