"term","estimate","std.error","statistic","p.value"
"(Intercept)",-3.63224921672331,0.705458135925495,-5.14878067421839,2.62185235814324e-07
"human_impact",-0.347869422945937,0.296995840200035,-1.17129392355003,0.241480653054172
"log10(area)",1.51600606242188,0.121754201391527,12.4513654978265,1.37472811426353e-35
"depth",-5.36551281794833,0.33300397608824,-16.112458718891,2.08563370789044e-58
"eutro",-0.804272383106177,0.282535488682461,-2.84662428375534,0.00441854776618939
"log10(RT)",-0.453000347274092,0.11445450702072,-3.95790746092755,7.56092375210901e-05
