"term","estimate","std.error","statistic","p.value"
"(Intercept)",-5.4139010914399,4.02493698251867,-1.34508965356572,0.178596284029514
"human_impact",-3.01945597013086,1.31566700945674,-2.29500013941798,0.0217331163068114
"log10(area)",1.41096335276143,0.544745966447332,2.5901308860776,0.00959394469302709
"log10(depth)",-20.3797720671443,4.73175680572223,-4.30702018381388,1.65468516593767e-05
"eutro",-4.69282339091463,1.92856165237745,-2.43332816720145,0.0149607345998683
"log10(RT)",0.0853265438693336,0.511881431691678,0.166692008317911,0.867612393996163
