"term","estimate","std.error","statistic","p.value"
"(Intercept)",-7.03407482458989,3.68268407008657,-1.91004025616146,0.0561280303235076
"human_impact",-2.75717098588631,1.29294059120355,-2.13248079969379,0.0329673412569051
"log10(area)",1.52755465669236,0.520908275002859,2.93248299172052,0.00336263340485718
"log10(depth)",-17.2512122534996,4.01623074650675,-4.29537378262053,1.74399239991334e-05
"eutro",-3.62593130880033,1.60033783281641,-2.26572866956417,0.0234680010644417
"log10(RT)",0.0586296276751816,0.529771932602629,0.110669561875711,0.911878383779086
