"estimate","std.error","Adjusted.SE","statistic","p.value","term"
-10.2344203502365,3.9673646078919,4.02083975311517,2.54534400240828,0.010917,"(Intercept)"
-2.42018233314529,1.2860328927852,1.30341111742004,1.85680657530049,0.0633387,"human_impact"
1.97560407705622,0.59914145804116,0.607238450306167,3.25342388325398,0.0011402,"log10(area)"
-17.8932202366128,4.17514173746492,4.23152060370238,4.22855562157894,2.35e-05,"log10(depth)"
-3.3495182846088,1.60496066433873,1.6266509629231,2.05914997190896,0.0394799,"eutro"
0.171006376391423,0.50381076551407,0.510676741549494,0.3348622768144,0.737729,"log10(RT)"
