"estimate","std.error","Adjusted.SE","statistic","p.value","term"
-7.17190692692224,3.19765111489002,3.23995785097546,2.21358031702881,0.0268577,"(Intercept)"
-1.37874231719597,1.12485440893202,1.14001334594624,1.20940892674513,0.2265058,"human_impact"
1.37658112376805,0.460174390604866,0.466331971664743,2.95193383128726,0.0031579,"log10(area)"
-13.7699168367405,3.18427785123551,3.22716903783783,4.26687188532469,1.98e-05,"log10(depth)"
-2.59667734137559,1.39441039869807,1.41299457086816,1.83771218581552,0.0661048,"eutro"
0.0320162978409044,0.433692136381559,0.439536725447277,0.0728410073318089,0.9419326,"log10(RT)"
