"term","estimate","std.error","statistic","p.value"
"(Intercept)",-6.83266084818658,3.27768113178537,-2.08460206269814,0.0371054371065354
"log10(area)",1.40575743046249,0.466180310456339,3.01548005982151,0.002565728087307
"log10(depth)",-12.3673185069395,3.00687938488214,-4.1130078476441,3.90537104437913e-05
"eutro",-3.61025647783394,1.28644056600305,-2.80639197273681,0.00500997079261088
"log10(RT)",-0.0577210928754032,0.421946011297699,-0.136797342147829,0.891190984552706
