"term","estimate","std.error","statistic","p.value"
"(Intercept)",-3.81391202811321,0.686217556818736,-5.55787591007476,2.73077407938083e-08
"human_impact",-0.435060929501829,0.296124955721714,-1.46918022644022,0.141783912082112
"log10(area)",1.43784658692369,0.115455915424016,12.4536415621767,1.33607041870319e-35
"depth",-5.12395339355699,0.322356536968182,-15.8952985465989,6.83022876342918e-57
"eutro",-0.64903564775952,0.280346407562029,-2.3151202592668,0.020606351594545
"log10(RT)",-0.314510701460171,0.110313223141859,-2.85106982193531,0.00435724003486838
