"term","estimate","std.error","statistic","p.value"
"(Intercept)",-2.90077566442592,0.484347098198756,-5.98904313706772,2.11079178846926e-09
"human_impact",-2.37575613722166,0.189187519170218,-12.5576790035717,3.60760762156529e-36
"log10(area)",1.68744047732843,0.0896070129341962,18.8315671070034,4.16258522213308e-79
"depth",-5.80459761774462,0.243448728081214,-23.8432037147806,1.19114259608432e-125
"eutro",-1.44196723347929,0.182890481281957,-7.88432084257162,3.16250775192134e-15
"log10(RT)",-0.175284591708018,0.0758974440756231,-2.30949268243298,0.0209162572771675
