"term","estimate","std.error","statistic","p.value"
"(Intercept)",-3.54962168093138,0.707029462093998,-5.02047208954847,5.15446405929761e-07
"human_impact",-0.455597834947707,0.299268206580778,-1.52237299161524,0.127915648240931
"log10(area)",1.50220080109485,0.120726412698811,12.4430169630117,1.52628108152328e-35
"depth",-5.2818121845204,0.332595060537808,-15.8806092188492,8.63357698690394e-57
"eutro",-0.800757969412982,0.286261657252077,-2.79729383634445,0.00515326434249588
"log10(RT)",-0.472726686628014,0.113914309427167,-4.14984464203998,3.32701007680918e-05
