"term","estimate","std.error","statistic","p.value"
"(Intercept)",-4.19841985574506,0.701883191866597,-5.98165037202235,2.20888005227984e-09
"human_impact",-0.222652548950839,0.293563634215272,-0.758447310907611,0.448183244172614
"log10(area)",1.38594399795961,0.115221302650617,12.0285395675674,2.51571369605113e-33
"depth",-4.66014639393362,0.310029024169175,-15.0313229750731,4.57771045441391e-51
"eutro",-0.743052252675681,0.275275326990089,-2.69930567624912,0.00694843218270251
"log10(RT)",-0.24049541404515,0.108558433160458,-2.21535450580499,0.0267357413794277
