"term","estimate","std.error","statistic","p.value"
"(Intercept)",-3.96086246403398,0.705566040565868,-5.61373739141036,1.98002641483508e-08
"human_impact",-0.244562114642516,0.296421816354199,-0.825047621833223,0.409344554734275
"log10(area)",1.45383047768821,0.118490631573515,12.2695816401841,1.31933267120195e-34
"depth",-4.88188601422477,0.320591402544808,-15.2277508862467,2.31416404188807e-52
"eutro",-0.857751609789384,0.279231564999061,-3.0718289667297,0.00212751589419455
"log10(RT)",-0.381060626238832,0.112190224666625,-3.3965581883017,0.000682390470952324
