"term","estimate","std.error","statistic","p.value"
"(Intercept)",-8.75940607903882,4.11302997599155,-2.12967231704339,0.0331986760071663
"human_impact",-2.78128570045395,1.21033993375625,-2.2979376478328,0.0215653381658203
"log10(area)",1.72641262475733,0.569814974836258,3.02977756113452,0.00244733911833843
"log10(depth)",-18.8751375571324,4.30550501101732,-4.38395438138684,1.16544188584632e-05
"eutro",-3.33171677619523,1.56062192827535,-2.13486477142938,0.0327720576526184
"log10(RT)",0.218406641995889,0.495713090211025,0.440590830278283,0.659509242456801
