"estimate","std.error","Adjusted.SE","statistic","p.value","term"
-7.85860991166591,3.5126036682237,3.55998643706622,2.2074831043857,0.0272803,"(Intercept)"
-1.84642947613205,1.1022432178515,1.11713921874414,1.65281949210212,0.0983676,"human_impact"
1.53369761260824,0.518195752357393,0.525197913833559,2.92022792210535,0.0034978,"log10(area)"
-12.8815852577222,3.19097385121642,3.23407544879192,3.98308124275026,6.8e-05,"log10(depth)"
-2.62390204870308,1.36349056044675,1.38191710021031,1.89874055998276,0.0575986,"eutro"
-0.184006741046518,0.459864213892333,0.466131282578157,0.394753040449855,0.6930252,"log10(RT)"
