"term","estimate","std.error","statistic","p.value"
"(Intercept)",-3.81274199674191,0.686836870681539,-5.55116092261993,2.83778704707788e-08
"human_impact",-0.299395490873934,0.290243694092611,-1.03153142330942,0.30229168027932
"log10(area)",1.45263329961491,0.117257651169738,12.3883881787137,3.02053362028026e-35
"depth",-5.06997519955047,0.322287323229907,-15.7312274921026,9.24022340297786e-56
"eutro",-0.683392393621364,0.278704949246043,-2.45202819494268,0.0142053530770379
"log10(RT)",-0.374720818138639,0.111336821268774,-3.36565040988589,0.000763634216390951
