"estimate","std.error","Adjusted.SE","statistic","p.value","term"
-9.93854138146071,3.80881995022317,3.86026671843542,2.57457375522716,0.0100364,"(Intercept)"
-1.75598771574994,1.1665911724946,1.18235680368708,1.48515888797193,0.1375017,"human_impact"
1.87194109541217,0.56781807790728,0.575490541264885,3.25277473943844,0.0011428,"log10(area)"
-18.7329276164247,3.9854221151511,4.03927284941552,4.637698000306,3.5e-06,"log10(depth)"
-2.83333054513515,1.48132396429855,1.50134162300178,1.88719909028446,0.0591336,"eutro"
0.134810110659294,0.477567672403855,0.484076005330549,0.278489553654368,0.7806366,"log10(RT)"
