"term","estimate","std.error","statistic","p.value"
"(Intercept)",-6.68696808553411,3.72193353388689,-1.79663823242721,0.0723930706866756
"human_impact",-3.15918971423025,1.37003981633117,-2.30591087687527,0.0211156127457745
"log10(area)",1.57430599481504,0.538895396624724,2.92135728877149,0.00348509900936845
"log10(depth)",-17.0630378092595,3.84182841928003,-4.44138466039491,8.93818522391956e-06
"eutro",-3.10295682403664,1.44440921521148,-2.14825327293576,0.0316936407320164
"log10(RT)",-0.314226244065384,0.52609321762205,-0.597282446418321,0.550318822034945
