"estimate","std.error","Adjusted.SE","statistic","p.value","term"
-2.54126377692326,3.53950950557259,3.58701860709234,0.70846127530496,0.4786589,"(Intercept)"
-3.01361518643655,1.19171767849523,1.20782450285496,2.49507704083929,0.012593,"human_impact"
0.934048438029197,0.488989386790961,0.49559872626442,1.88468692215897,0.0594721,"log10(area)"
-16.0445348949829,3.85531934441482,3.90727438512605,4.10632408004418,4.02e-05,"log10(depth)"
-4.37588264402556,1.67512541240817,1.6977680227487,2.57743259702875,0.0099537,"eutro"
0.241293558834214,0.467509005172171,0.473880257724867,0.509186772187306,0.6106213,"log10(RT)"
