"term","estimate","std.error","statistic","p.value"
"(Intercept)",-3.66255631320928,0.705705066549216,-5.18992492305403,2.1037888756321e-07
"human_impact",-0.45900157753706,0.296873954801569,-1.54611602032875,0.122076550403249
"log10(area)",1.41889223573867,0.117873605890144,12.0374041756308,2.2595419318355e-33
"depth",-5.21975478207271,0.329957268132226,-15.8194872069948,2.28344851954036e-56
"eutro",-0.748756908815451,0.280797708721121,-2.66653496649109,0.00766376336905321
"log10(RT)",-0.244505033607897,0.109908468869011,-2.22462414519938,0.0261064803469415
