"estimate","std.error","Adjusted.SE","statistic","p.value","term"
-13.7515599862955,4.2842918003764,4.3415489516108,3.16743174833798,0.0015379,"(Intercept)"
-2.75947504138657,1.27910347574758,1.29630038814624,2.12873116958079,0.0332765,"human_impact"
2.28570377784407,0.618677678285954,0.626998435159163,3.6454696689376,0.0002669,"log10(area)"
-16.5975912740309,3.85664557177425,3.90831660224058,4.24673662940094,2.17e-05,"log10(depth)"
-0.802264188645509,1.69731076598017,1.72018432791915,0.466382686799607,0.6409416,"eutro"
-0.0076023567690601,0.559656000438516,0.567198123217169,0.0134033531809648,0.989306,"log10(RT)"
