"term","estimate","std.error","statistic","p.value"
"(Intercept)",-3.50336816429129,0.4980427485451,-7.03427200682161,2.00304033565204e-12
"human_impact",-2.4235791276685,0.194459737233601,-12.4631410190434,1.186054034582e-35
"log10(area)",1.88213783932183,0.0942123787671212,19.9776065942905,8.62614084915285e-89
"depth",-6.2763353046854,0.25476739634448,-24.635551466715,5.25711047114868e-134
"eutro",-1.48680179401519,0.187575266288434,-7.92642773983293,2.25539781889824e-15
"log10(RT)",-0.212584148995489,0.0773321329388838,-2.74897563168852,0.00597818304694966
