"term","estimate","std.error","statistic","p.value"
"(Intercept)",-3.75523732910307,0.701777623108545,-5.35103600549293,8.74521181154406e-08
"human_impact",-0.373134859674505,0.292340402398524,-1.27637116393457,0.201824344703803
"log10(area)",1.41702677491406,0.117609206466795,12.0486041653052,1.9726207513522e-33
"depth",-4.93547897441005,0.319697776663995,-15.4379521368936,9.09421910281087e-54
"eutro",-0.765096024988956,0.279342954239173,-2.73891291467435,0.00616426991467166
"log10(RT)",-0.335227244120353,0.109713974287522,-3.05546532515392,0.00224711584911336
