"estimate","std.error","Adjusted.SE","statistic","p.value","term"
-5.58719765750184,3.64426671598947,3.69343384744446,1.51273797996076,0.1303462,"(Intercept)"
-3.00240615363603,1.15425045213622,1.16984921129997,2.56648987291247,0.0102734,"human_impact"
1.27731674599506,0.522805401396537,0.529870882133384,2.41061886785001,0.0159255,"log10(area)"
-15.192955720238,3.6580054957379,3.70740629442478,4.09800127466075,4.17e-05,"log10(depth)"
-2.81230444034828,1.4865737934019,1.5066644133489,1.86657653518032,0.0619607,"eutro"
0.156141911071132,0.491194353604618,0.497888392103664,0.313608257488,0.7538186,"log10(RT)"
