"term","estimate","std.error","statistic","p.value"
"(Intercept)",-3.7632491214065,0.69613011818986,-5.40595647720577,6.44634497480332e-08
"human_impact",-0.459396541165071,0.296438942759023,-1.54971724325207,0.121209397586977
"log10(area)",1.41230225396465,0.11608483605312,12.166121794912,4.70930927146493e-34
"depth",-4.98125934226129,0.323860170189666,-15.3808952158089,2.19886278022324e-53
"eutro",-0.500722522023218,0.282106807805936,-1.77493951995539,0.0759078739781068
"log10(RT)",-0.335470907074397,0.111025409215274,-3.02156875120299,0.00251468526970619
