"term","estimate","std.error","statistic","p.value"
"(Intercept)",-3.98370884893167,0.703294215439186,-5.66435605679475,1.47577685069637e-08
"human_impact",-0.302520146256755,0.293784487575864,-1.0297349215167,0.30313445770118
"log10(area)",1.47118481236486,0.11961945906294,12.2988753158529,9.18440459384115e-35
"depth",-5.22849544979751,0.332530062952099,-15.7233767178238,1.04597314702153e-55
"eutro",-0.607660444162406,0.278721006836157,-2.18017454464641,0.0292445257481563
"log10(RT)",-0.313484723161241,0.111423858414909,-2.81344343680792,0.00490140083630934
