"term","estimate","std.error","statistic","p.value"
"(Intercept)",-3.8747770591805,0.702190836536824,-5.51812535505409,3.42634998479477e-08
"human_impact",-0.428012008198708,0.29935936873386,-1.429759856887,0.152785954167446
"log10(area)",1.48653301171153,0.119744519671425,12.4142049739773,2.18849966873453e-35
"depth",-5.35275797942614,0.335246853025196,-15.9666166322636,2.18311043791618e-57
"eutro",-0.722207486799252,0.284712949004442,-2.53661622811538,0.011192958079735
"log10(RT)",-0.304027381227093,0.112017584999037,-2.71410405098188,0.00664552894714163
