"estimate","std.error","Adjusted.SE","statistic","p.value","term"
-9.34068604179356,3.77519667360112,3.82574540843448,2.44153362144812,0.014625,"(Intercept)"
-2.1779458073307,1.23925094686647,1.2559962394435,1.73403847793023,0.0829113,"human_impact"
1.91741080291239,0.568217389550088,0.575892888728083,3.32945733562916,0.0008702,"log10(area)"
-21.4465116478084,4.54474410769299,4.60581270365797,4.65640116689406,3.2e-06,"log10(depth)"
-4.14910151262641,1.62327590379205,1.64520823696656,2.52193091391066,0.0116713,"eutro"
0.262674330242243,0.517376056322945,0.524426901297231,0.500878825232817,0.6164564,"log10(RT)"
