"term","estimate","std.error","statistic","p.value"
"(Intercept)",-2.59036741489778,0.495329040284112,-5.22958923105333,1.69887088434893e-07
"human_impact",-2.54410584553759,0.194156704862996,-13.1033633236247,3.1498392703915e-39
"log10(area)",1.68637061223351,0.0911693216833263,18.4971279932417,2.17773761276399e-76
"depth",-6.00360167813874,0.248279049517672,-24.1808629838154,3.53726490186433e-129
"eutro",-1.5248693786117,0.188222683071361,-8.10141133751436,5.43252301231734e-16
"log10(RT)",-0.170546805751382,0.0770703640258422,-2.21287141830804,0.0269065117118987
