"estimate","std.error","Adjusted.SE","statistic","p.value","term"
-5.37407811767547,3.15642091107469,3.19907292863215,1.67988609124122,0.0929795,"(Intercept)"
-1.94217242441501,1.25523773805949,1.27220017183322,1.52662487194634,0.1268543,"human_impact"
1.19195051549745,0.46598587574517,0.47228285888685,2.52380642885669,0.0116092,"log10(area)"
-13.6752278893019,3.28214896685855,3.32650043091219,4.11099537586769,3.94e-05,"log10(depth)"
-3.01845151485999,1.37996690284352,1.39861471764298,2.15817228060265,0.0309144,"eutro"
-0.0519616912564565,0.465073846780585,0.471411912787253,0.110225664322375,0.9122304,"log10(RT)"
