"term","estimate","std.error","statistic","p.value"
"(Intercept)",-2.75554451013357,0.487640645718628,-5.65076872554948,1.59731881989289e-08
"human_impact",-2.57991109756648,0.192179080291115,-13.4245157883908,4.34414478422308e-41
"log10(area)",1.68842321622021,0.0902680560346023,18.7045483240825,4.5456786474087e-78
"depth",-5.84361158816368,0.246170933560474,-23.7380242404944,1.46084897953361e-124
"eutro",-1.30920154137153,0.183878027707464,-7.11994552962236,1.07969724886866e-12
"log10(RT)",-0.213834577374611,0.0770569904997721,-2.77501854131252,0.00551985608024397
