"term","estimate","std.error","statistic","p.value"
"(Intercept)",-7.68476234082115,3.46411371584139,-2.21839205384013,0.0265281124518503
"human_impact",-2.41389225009605,1.17788364626977,-2.04934694334248,0.0404282013894322
"log10(area)",1.47042828010373,0.51843260298862,2.83629592665878,0.00456401354062909
"log10(depth)",-15.2406559970131,3.44624571485978,-4.42239389121249,9.76132915028476e-06
"eutro",-1.81015236317492,1.39618493573852,-1.29649899296287,0.194803626767815
