"term","estimate","std.error","statistic","p.value"
"(Intercept)",-10.2577272265063,4.62272771923014,-2.21897716013752,0.0264882784228768
"human_impact",-3.17482830969067,1.29756638234698,-2.44675598326476,0.0144148394855266
"log10(area)",2.04868651928728,0.63791201647406,3.21155028652857,0.00132020862792773
"log10(depth)",-23.3811867910018,5.08275705203902,-4.60009922796173,4.22289735208192e-06
"eutro",-4.36149918851829,1.79132964191117,-2.43478312783626,0.0149007174856666
"log10(RT)",0.374392860851814,0.631002128244767,0.593330583358327,0.552959935069708
