"term","estimate","std.error","statistic","p.value"
"(Intercept)",-9.54076222144956,4.15802523362895,-2.29454168394327,0.0217594035847187
"human_impact",-2.71155642132206,1.31998717788532,-2.05422936430799,0.0399534976054901
"log10(area)",1.78494511509562,0.571658807836368,3.1223958952917,0.00179385535411353
"log10(depth)",-24.7372438634856,5.39584504899,-4.58449856118754,4.55077220945905e-06
"eutro",-4.44956023801269,1.88741550215098,-2.35748844541214,0.0183990278882057
"log10(RT)",0.626261459914329,0.537588879553317,1.16494496767621,0.244041269708316
