"term","estimate","std.error","statistic","p.value"
"(Intercept)",-2.62191410900519,0.485098079255283,-5.40491546169451,6.48389666336203e-08
"human_impact",-2.41575799144781,0.190343269401281,-12.6915860962487,6.58388041195126e-37
"log10(area)",1.66465966775364,0.0897979402761289,18.5378379797443,1.02250371269048e-76
"depth",-5.82905345208152,0.244056481759459,-23.8840345892825,4.48806033956909e-126
"eutro",-1.5079094193124,0.184877609837881,-8.1562576486936,3.45564875383935e-16
"log10(RT)",-0.192516658540365,0.0749917735063771,-2.56717036467998,0.01025322234695
