"term","estimate","std.error","statistic","p.value"
"(Intercept)",-3.91708318927353,0.705555443832093,-5.55177232847729,2.8278774397955e-08
"human_impact",-0.0747219512213538,0.298994371523755,-0.249910895782254,0.802656256921711
"log10(area)",1.39958188084023,0.116068410858034,12.0582497037209,1.75472407038317e-33
"depth",-4.81550360400538,0.312504130910637,-15.4094078371796,1.41502533895689e-53
"eutro",-0.901986568651374,0.280491059610201,-3.21574088637572,0.00130108249417717
"log10(RT)",-0.320054176415731,0.111334310209751,-2.87471288781291,0.00404395045321942
