"term","estimate","std.error","statistic","p.value"
"(Intercept)",-13.7344479925952,4.88939317523996,-2.80902915767684,0.00496911458995294
"human_impact",-2.68288374755647,1.31554986052175,-2.03936302839365,0.0414138094487498
"log10(area)",2.56474237031582,0.705152900387179,3.63714361652288,0.000275678236904726
"log10(depth)",-27.7946442285818,6.08661134452846,-4.56652193729566,4.95883164336509e-06
"eutro",-5.62961234437486,2.01296621128203,-2.79667503250809,0.00516314358768878
"log10(RT)",0.67882301644496,0.686993012577825,0.988107599373962,0.323099954370071
