"term","estimate","std.error","statistic","p.value"
"(Intercept)",-2.79738042007576,0.493082331104802,-5.67325220071856,1.40111719587642e-08
"human_impact",-2.43563359353012,0.190355255358311,-12.7952001584903,1.74402543449978e-37
"log10(area)",1.66637801369825,0.0897860038395011,18.5594406972051,6.84131756366242e-77
"depth",-5.64859983429706,0.239462051198226,-23.588705625933,5.03342835263974e-123
"eutro",-1.48245045152876,0.185227221393161,-8.00341569872241,1.21014540149535e-15
"log10(RT)",-0.20907637654373,0.0762665317825222,-2.74139090446543,0.00611796736578401
