"term","estimate","std.error","statistic","p.value"
"(Intercept)",-3.65988947480095,0.698005645687398,-5.24335225282695,1.57685084213541e-07
"human_impact",-0.363813642518544,0.299433420589462,-1.21500680118586,0.224363497413207
"log10(area)",1.43263180851022,0.116669352644429,12.2794185108442,1.16834974823188e-34
"depth",-5.11514593114076,0.326805601993922,-15.6519530263006,3.2217839387652e-55
"eutro",-0.809097958146703,0.277386892816314,-2.91685720955275,0.00353577598648909
"log10(RT)",-0.333922724546843,0.111622825489733,-2.99152725333545,0.00277585759672084
