"term","estimate","std.error","statistic","p.value"
"(Intercept)",-3.45846108152556,0.683739273618099,-5.05815771445254,4.23326263098628e-07
"human_impact",-0.376170488633086,0.291532808442489,-1.29031957206729,0.196939724111183
"log10(area)",1.3920521252178,0.113478548644099,12.2670948989987,1.36047557545944e-34
"depth",-4.86788227979041,0.315089545869003,-15.4492027539822,7.63823578572464e-54
"eutro",-0.804539269295992,0.275620903306159,-2.91900672135274,0.00351148652331569
"log10(RT)",-0.404280049144949,0.110238409352994,-3.66732476926809,0.000245101407316419
