"term","estimate","std.error","statistic","p.value"
"(Intercept)",-5.03194944384723,3.69749695226528,-1.36090698891973,0.173543084615325
"human_impact",-2.24699569723086,1.12477799863684,-1.99772372855271,0.0457466202232073
"log10(area)",1.04165169447255,0.518391359022758,2.00939247219747,0.0444955279343833
"log10(depth)",-12.5012635272608,3.13934277252817,-3.98212760857373,6.83010894167242e-05
"eutro",-2.85548063381344,1.35836021734188,-2.10215272602816,0.0355398994065001
"log10(RT)",0.258246598756949,0.421118903222012,0.613239151178172,0.539718220907961
