"term","estimate","std.error","statistic","p.value"
"(Intercept)",-3.69954285868652,0.708383696636217,-5.22251270921948,1.76511438438392e-07
"human_impact",-0.385453113774417,0.300706455702796,-1.28182520349806,0.199903970831221
"log10(area)",1.47064624634482,0.119686506145102,12.2874858136629,1.05743865608934e-34
"depth",-5.23151497480012,0.332562561715578,-15.7309197638258,9.28524300429317e-56
"eutro",-0.858872128984579,0.286029197375954,-3.00274285584799,0.00267558400291533
"log10(RT)",-0.360639021334793,0.112551906352037,-3.20420180362645,0.00135437508425363
