"estimate","std.error","Adjusted.SE","statistic","p.value","term"
-4.56266111235648,3.56380339106209,3.61102982726259,1.26353459556309,0.2063971,"(Intercept)"
-1.90019500728691,1.11700258274137,1.13210551479732,1.67846104665173,0.0932571,"human_impact"
1.11147788429333,0.493420193517887,0.500087896696064,2.22256505633618,0.0262451,"log10(area)"
-15.110283554871,3.50491800395187,3.55210723424771,4.25389284681072,2.1e-05,"log10(depth)"
-3.02782885631769,1.45713021291314,1.47682792978199,2.05022453547764,0.0403425,"eutro"
-0.365651003926999,0.493982741136281,0.50071478001817,0.730258060115041,0.4652325,"log10(RT)"
