"term","estimate","std.error","statistic","p.value"
"(Intercept)",-3.86881302537922,0.712450952554487,-5.43028683098481,5.62635488899568e-08
"human_impact",-0.52266597284703,0.292736639289981,-1.78544774618829,0.0741887199207786
"log10(area)",1.49166368378038,0.121185452449945,12.3089335693696,8.10875285522248e-35
"depth",-5.27606498540427,0.337214947294138,-15.6459997628818,3.53769393082232e-55
"eutro",-0.693102934779402,0.284439710971719,-2.43673055499734,0.0148207181678453
"log10(RT)",-0.31297720850966,0.110900468766607,-2.82214504582779,0.00477035966202463
