"term","estimate","std.error","statistic","p.value"
"(Intercept)",-2.60578153730098,0.490655098468609,-5.31082127839683,1.09132312670319e-07
"human_impact",-2.42875017010639,0.191431124738271,-12.6873316626386,6.95139245378384e-37
"log10(area)",1.69421615911555,0.0912044333157322,18.5760285714456,5.02332884407244e-77
"depth",-6.02667277665556,0.251157788125267,-23.9955639904334,3.09371177734678e-127
"eutro",-1.56669636769516,0.18702772886974,-8.37681330550892,5.43800046487154e-17
"log10(RT)",-0.17868687287505,0.0768491331746913,-2.32516445525629,0.0200631681892275
