"term","estimate","std.error","statistic","p.value"
"(Intercept)",-3.79919983439123,0.694069308114626,-5.47380469064595,4.4047451702839e-08
"human_impact",-0.246254706177733,0.29432164114597,-0.836685692628365,0.40276926338974
"log10(area)",1.42266423427078,0.11559797631403,12.3069994790049,8.30538358412846e-35
"depth",-4.89368751997928,0.311791027761788,-15.695408412195,1.62592843514254e-55
"eutro",-0.795976888492599,0.280041715589267,-2.84235113621445,0.00447821391512024
"log10(RT)",-0.371313495370323,0.110236802360282,-3.36832607096834,0.000756260966378789
