"term","estimate","std.error","statistic","p.value"
"(Intercept)",-3.87343099701632,0.688500214775039,-5.62589657039094,1.84546904037314e-08
"human_impact",-0.415642831650556,0.295946826472592,-1.40445105157784,0.160184577822436
"log10(area)",1.40562575400211,0.11535008428628,12.1857366875743,3.7029202967907e-34
"depth",-4.89971148783663,0.320815547793257,-15.2726746616225,1.16303202129156e-52
"eutro",-0.740900195774883,0.279108267164857,-2.65452615682382,0.00794198820090936
"log10(RT)",-0.284992708755667,0.111114447686755,-2.56485735823568,0.0103218228434263
