"estimate","std.error","Adjusted.SE","statistic","p.value","term"
-7.147630899167,3.83589351772777,3.88774375529977,1.83850360235892,0.0659882,"(Intercept)"
-1.91984057758008,1.20209871936906,1.21834305911984,1.57577996050391,0.1150765,"human_impact"
1.58789283705526,0.551258778634109,0.558708092436719,2.84207953768829,0.004482,"log10(area)"
-17.8222688754337,3.99864686893189,4.05269106064186,4.39763816406254,1.09e-05,"log10(depth)"
-4.13411074285011,1.61446572212388,1.63628245199605,2.5265263572356,0.0115197,"eutro"
0.0137830820473176,0.509119709985492,0.516058036768478,0.0267083953069046,0.9786923,"log10(RT)"
