"term","estimate","std.error","statistic","p.value"
"(Intercept)",-6.72068555061008,4.2085850514582,-1.59689906903069,0.110288207364454
"human_impact",-2.99237092438176,1.27624646828411,-2.34466539085115,0.0190441620489863
"log10(area)",1.52536531145682,0.56565266296941,2.69664656655088,0.00700415666379604
"log10(depth)",-21.2537699409066,4.73330549850391,-4.49025949151695,7.11364574092265e-06
"eutro",-4.80111760947104,1.79177864294282,-2.6795260834149,0.00737264590134413
"log10(RT)",0.352967271737596,0.520647115784629,0.677939550679475,0.497810021667461
