"term","estimate","std.error","statistic","p.value"
"(Intercept)",-3.556942959865,0.705150640881746,-5.04423133674993,4.55348128019676e-07
"human_impact",-0.630760377401663,0.297764298152389,-2.11832103887369,0.0341478880251391
"log10(area)",1.37223553115103,0.117729632292276,11.6558210913656,2.14304626893887e-31
"depth",-4.98518647620489,0.32812352895932,-15.1930173737188,3.93386655509789e-52
"eutro",-0.731687443031044,0.281005428565358,-2.60381960151657,0.009219126770342
"log10(RT)",-0.252046320600366,0.108487790657266,-2.32326899712272,0.0201647062243558
