"estimate","std.error","Adjusted.SE","statistic","p.value","term"
-6.32824646246145,3.48538208652367,3.52859844595623,1.79341643980873,0.07290636,"(Intercept)"
-2.16866233875409,1.14991314421623,1.16506586796649,1.8614074949593,0.06268665,"human_impact"
1.16885008175161,0.488631321214078,0.49521945716322,2.36026687732985,0.01826179,"log10(area)"
-14.757334340164,3.47054032591392,3.51453983534209,4.1989378500607,2.682e-05,"log10(depth)"
-2.28405747651593,1.4258430507676,1.44512722014153,1.58052346165913,0.11398704,"eutro"
0.477740433968865,0.456995915532167,0.463187538683235,1.03141901297043,0.30234437,"log10(RT)"
