"estimate","std.error","Adjusted.SE","statistic","p.value","term"
-2.97579958753821,3.48705088328564,3.53418626379645,0.842004174488976,0.3997856,"(Intercept)"
-2.83010423144641,1.11511678207437,1.13018561684854,2.5041056878232,0.0122761,"human_impact"
0.950913325476841,0.495901727198324,0.502602967578549,1.89197714064079,0.058494,"log10(area)"
-15.695493096901,3.97838366182078,4.03215224279488,3.89258444418797,9.92e-05,"log10(depth)"
-3.81888810967591,1.55577446986914,1.57679914456792,2.42192426526358,0.0154386,"eutro"
-0.0111441182735383,0.499407835194594,0.506213807720509,0.0220146469803351,0.9824363,"log10(RT)"
