"term","estimate","std.error","statistic","p.value"
"(Intercept)",-3.68444575073879,0.704035127499721,-5.23332658673377,1.66486199159139e-07
"human_impact",-0.447617173862055,0.299206847537153,-1.49601246611334,0.134650406637033
"log10(area)",1.39085843096621,0.117066033004548,11.8809734580497,1.48626345795136e-32
"depth",-5.13354568484939,0.329458752968319,-15.5817553444787,9.68580159428331e-55
"eutro",-0.803415686566496,0.28572233213977,-2.81187571356334,0.00492535308224066
"log10(RT)",-0.21517803619149,0.110450106455147,-1.94819220277413,0.0513919694493134
