"term","estimate","std.error","statistic","p.value"
"(Intercept)",-3.86565486513435,0.685212351648648,-5.64154288204735,1.68533052720143e-08
"human_impact",-0.315701754646988,0.294489622920489,-1.07203015004786,0.28370649026117
"log10(area)",1.43266752763696,0.114865932460958,12.47251902233,1.0543934926974e-35
"depth",-4.87628601170046,0.311351549976872,-15.6616725115474,2.76528373136739e-55
"eutro",-0.548222071474604,0.27909494419585,-1.96428521145084,0.0494970257159064
"log10(RT)",-0.406164923080723,0.110494693362928,-3.67587719119365,0.000237033536624369
