"term","estimate","std.error","statistic","p.value"
"(Intercept)",-3.45724925981073,0.679844277730866,-5.0853546511417,3.66939752056287e-07
"human_impact",-0.539225969292731,0.2917738029782,-1.84809590096415,0.0645884706726451
"log10(area)",1.3767805926118,0.114649412494876,12.008614459087,3.20164151285887e-33
"depth",-4.91870513818758,0.316422121768061,-15.5447574610255,1.72675087734617e-54
"eutro",-0.711341013908977,0.277877990934339,-2.55990412021175,0.010470104507197
"log10(RT)",-0.338196090767677,0.109507285957552,-3.08834328063588,0.00201275823270979
