"term","estimate","std.error","statistic","p.value"
"(Intercept)",-3.76133373208383,0.690720190346873,-5.44552451868379,5.16529473108539e-08
"human_impact",-0.333346616531582,0.292524686596887,-1.1395503757635,0.254473669597178
"log10(area)",1.4516821770717,0.116910069938411,12.4170841556801,2.11116588228611e-35
"depth",-4.98831852036862,0.3198165465341,-15.597437263418,7.57753891092879e-55
"eutro",-0.706351003888309,0.279833572895572,-2.52418248668077,0.0115967711751459
"log10(RT)",-0.429865356675919,0.113134002465842,-3.79961238272027,0.000144922581956778
