"term","estimate","std.error","statistic","p.value"
"(Intercept)",-3.68141054589681,0.709049039454914,-5.1920393950846,2.08002975711429e-07
"human_impact",-0.408160769808606,0.29963480427847,-1.36219412424892,0.173136629664741
"log10(area)",1.48934999142348,0.119484801981982,12.4647651142115,1.1621369824405e-35
"depth",-5.46254499342969,0.337129352135742,-16.2031130152982,4.79376795228544e-59
"eutro",-0.837269818478407,0.283079601332677,-2.95771865770873,0.00309924851885228
"log10(RT)",-0.302549819793976,0.111827192604565,-2.70551207400718,0.00681991689923472
