"term","estimate","std.error","statistic","p.value"
"(Intercept)",-3.59314452808299,0.696788117992212,-5.15672474214486,2.51306809051673e-07
"human_impact",-0.528340000130234,0.299024285569546,-1.76687990115557,0.0772483436949401
"log10(area)",1.43572613569602,0.116999534386884,12.2712123874654,1.29302566477863e-34
"depth",-5.15909091189673,0.323229277300646,-15.9610879156163,2.38536927155962e-57
"eutro",-0.732328528948007,0.282839886837739,-2.58919821081718,0.00961997039788819
"log10(RT)",-0.327139412458843,0.11146452570087,-2.9349195217209,0.00333634207629898
