"term","estimate","std.error","statistic","p.value"
"(Intercept)",-2.895888142125,0.489293692827026,-5.91850699197291,3.24877196996107e-09
"human_impact",-2.5177176680584,0.193114230146387,-13.0374528389228,7.49183465578753e-39
"log10(area)",1.69995919654348,0.0896940600299496,18.9528626084698,4.1820259777499e-80
"depth",-5.84995684201137,0.244269063015796,-23.9488241768589,9.50454874515046e-127
"eutro",-1.36616030626396,0.187841325553219,-7.27294860297873,3.51724173796325e-13
"log10(RT)",-0.170821659057285,0.0761731522567019,-2.24254417726629,0.0249262234631988
