"estimate","std.error","Adjusted.SE","statistic","p.value","term"
-7.34117130809092,3.28483995714143,3.32844824397858,2.20558373451402,0.0274132,"(Intercept)"
-1.09805513996253,1.11267631167758,1.12767113233347,0.973737030662782,0.3301871,"human_impact"
1.43954989928234,0.472758747918704,0.479083407473123,3.00480015969474,0.0026576,"log10(area)"
-14.4309693297997,3.32736322849683,3.37217550237211,4.27942416391094,1.87e-05,"log10(depth)"
-3.24478098052416,1.42484234137069,1.44389803365442,2.24723692732777,0.0246249,"eutro"
0.0167193828698249,0.440660573779196,0.446599071979074,0.0374371195975264,0.9701365,"log10(RT)"
