"term","estimate","std.error","statistic","p.value"
"(Intercept)",-3.58787701965305,0.692636346349935,-5.18002995159075,2.21850276092378e-07
"human_impact",-0.383132287048469,0.296407624473815,-1.29258580216554,0.196154352693858
"log10(area)",1.39405089105812,0.115165934954053,12.104715614164,9.97143547708822e-34
"depth",-4.94894479589037,0.318475885916275,-15.5394647279242,1.87543299134129e-54
"eutro",-0.626198326068369,0.281639549824894,-2.22340337661277,0.026188612224347
"log10(RT)",-0.377163859224696,0.111071798171568,-3.39567617913331,0.000684592998259435
