"term","estimate","std.error","statistic","p.value"
"(Intercept)",-3.5682278030678,0.691484438620866,-5.16024309988011,2.46629380233678e-07
"human_impact",-0.45597045908834,0.294134634437824,-1.55021002528258,0.121091114360223
"log10(area)",1.47671040494327,0.118125425002982,12.5012071271362,7.35262558917209e-36
"depth",-5.05804562573596,0.322154929348252,-15.7006619019266,1.49672222581263e-55
"eutro",-0.781723186147166,0.278457561655158,-2.80733330242708,0.00499535264990991
"log10(RT)",-0.478590702067865,0.112055540249804,-4.2710132939518,1.94586807133794e-05
