"term","estimate","std.error","statistic","p.value"
"(Intercept)",-3.60198027532632,0.700106298179293,-5.14490483044315,2.6765646545834e-07
"human_impact",-0.480929501225126,0.290014228934737,-1.65829622564261,0.0972576904731637
"log10(area)",1.47072951690678,0.120152734879191,12.2404997138479,1.88866212479683e-34
"depth",-5.24820199499506,0.330487774149395,-15.8801698746733,8.69426236107597e-57
"eutro",-0.758211979135459,0.276640286159708,-2.74078656316071,0.006129230828911
"log10(RT)",-0.375232599384482,0.113138931088758,-3.31656482674484,0.000911314424250233
