"term","estimate","std.error","statistic","p.value"
"(Intercept)",-7.61886349174056,3.89657634783754,-1.95527119492186,0.0505510692150135
"human_impact",-2.72860155751804,1.26307364687427,-2.16028698268744,0.0307504600573124
"log10(area)",1.61639967369343,0.544541120881333,2.96837026940649,0.00299383449611045
"log10(depth)",-21.0667737758347,4.65987797128752,-4.52088529048196,6.15815526683597e-06
"eutro",-4.40304117564173,1.66256435387029,-2.64834330496253,0.00808873374529762
"log10(RT)",0.337931930878532,0.501030357920508,0.674473962578026,0.500010033923736
