"term","estimate","std.error","statistic","p.value"
"(Intercept)",-3.2285829887641,0.69005942705145,-4.67870282210256,2.88695509060716e-06
"human_impact",-0.415914445370341,0.299599081587602,-1.38823671676954,0.165064975196044
"log10(area)",1.39312901502553,0.115596795751017,12.0516231092267,1.90167899427851e-33
"depth",-5.07184084949855,0.322360267441253,-15.7334552727496,8.92072636345262e-56
"eutro",-0.774430114287116,0.276523273745017,-2.80059650603306,0.00510082531389977
"log10(RT)",-0.40766194836399,0.109858787802238,-3.71078141784925,0.000206620458045705
