"term","estimate","std.error","statistic","p.value"
"(Intercept)",-18.0457288261982,5.60880727878285,-3.21739149327917,0.00129361948281122
"human_impact",-3.30911248087776,1.523931334786,-2.17143148470167,0.0298985710884703
"log10(area)",3.25694593994707,0.860225418878388,3.78615403412941,0.000152996856755912
"log10(depth)",-29.3570220578282,6.63372184545868,-4.4254225217365,9.62536993700583e-06
"eutro",-6.02433491696632,2.24212123537068,-2.68689079873522,0.00721205268452716
"log10(RT)",0.669343609508623,0.564102691383371,1.18656340367242,0.23539987832245
