"term","estimate","std.error","statistic","p.value"
"(Intercept)",-3.89491268241976,0.702199039717047,-5.54673598526883,2.91051714814272e-08
"human_impact",-0.207491073052904,0.295503781690454,-0.702160465987726,0.482579097211732
"log10(area)",1.50260719799252,0.118959514494567,12.6312485754231,1.42006909892384e-36
"depth",-5.19598455036779,0.327000277243406,-15.889847538264,7.45085687280913e-57
"eutro",-0.694338050749449,0.280303585465218,-2.47709300470438,0.0132457381110103
"log10(RT)",-0.433718513246708,0.113133289997426,-3.83369486785522,0.000126232712869192
