"estimate","std.error","Adjusted.SE","statistic","p.value","term"
-6.99309422528554,3.98597010300076,4.03884749355436,1.7314578568381,0.0833701,"(Intercept)"
-2.36231038725132,1.28255430196567,1.29988874835435,1.81731735907552,0.0691685,"human_impact"
1.60581465541004,0.578232727739722,0.586046007931587,2.74008291785428,0.0061424,"log10(area)"
-19.766094711264,4.31437659182887,4.37226745267253,4.52078810942411,6.2e-06,"log10(depth)"
-4.91878279095998,1.63643637344081,1.65853887966799,2.96573258020013,0.0030196,"eutro"
0.395951023658688,0.541614364597965,0.548995531302446,0.72122813589999,0.4707692,"log10(RT)"
