"term","estimate","std.error","statistic","p.value"
"(Intercept)",-3.64996656941585,0.703019155806007,-5.19184511442107,2.08220191416103e-07
"human_impact",-0.430971683544464,0.302310496384025,-1.42559285469533,0.153985899966704
"log10(area)",1.42601807739792,0.116717969127775,12.2176395635947,2.5024548849301e-34
"depth",-5.02014507989214,0.32385588885725,-15.5011696640938,3.40634013730282e-54
"eutro",-0.761268305009285,0.282173989599244,-2.69786845375249,0.00697850106488849
"log10(RT)",-0.372492450423574,0.112733179496104,-3.30419537609554,0.000952494271000573
