"term","estimate","std.error","statistic","p.value"
"(Intercept)",-5.11305116578031,3.76455157026024,-1.3582098877787,0.174397093975914
"human_impact",-2.52526594635603,1.20948844502298,-2.08787934828766,0.0368087195193298
"log10(area)",1.19768030197123,0.525905701443014,2.27736702356516,0.0227643176091208
"log10(depth)",-17.5166087280815,4.12269418834436,-4.24882562902781,2.14894104499415e-05
"eutro",-3.58323939477362,1.50790710584768,-2.37629982701041,0.0174872467822563
"log10(RT)",0.142277297008585,0.511750103270228,0.278021042105107,0.780996206021569
