"term","estimate","std.error","statistic","p.value"
"(Intercept)",-3.5177705396034,0.678276004994859,-5.18634083131109,2.14466155635706e-07
"human_impact",-0.276391839671729,0.294507512115547,-0.938488250049421,0.347993552544205
"log10(area)",1.35967894843137,0.112062074110056,12.1332659530827,7.03852381953909e-34
"depth",-4.8287644980746,0.311328558884162,-15.5101880642799,2.9601061987765e-54
"eutro",-0.811724707940038,0.278787195683813,-2.91162836926219,0.00359550133067425
"log10(RT)",-0.349363808982084,0.110488053454952,-3.1620052852549,0.00156686720462126
