"term","estimate","std.error","statistic","p.value"
"(Intercept)",-3.59975359921846,0.702144292936629,-5.12680033923362,2.94707761253144e-07
"human_impact",-0.36038986702539,0.296312693123182,-1.21624849488162,0.223890275235265
"log10(area)",1.44686887401911,0.117473425457775,12.3165632429709,7.3771699334617e-35
"depth",-5.22546435140814,0.329215625330264,-15.8724676150047,9.82989453383838e-57
"eutro",-0.92003016269263,0.280933898234953,-3.27489907224789,0.00105699729327656
"log10(RT)",-0.326136717180172,0.111974629531174,-2.91259474173456,0.00358439448745434
