"estimate","std.error","Adjusted.SE","statistic","p.value","term"
-7.54189858056994,3.28035452129991,3.32323359387028,2.26944581761602,0.0232412,"(Intercept)"
-1.48695362842568,1.22977391266315,1.24634678212586,1.1930496790704,0.2328499,"human_impact"
1.39432502141713,0.482039016807621,0.488460893481389,2.85452743510213,0.0043101,"log10(area)"
-12.3312541063384,3.02342608184093,3.06369638844066,4.02495957264705,5.7e-05,"log10(depth)"
-2.67236941955107,1.38692340251746,1.40488114390514,1.90220320853812,0.0571446,"eutro"
0.127814327105945,0.438160310507412,0.444065114272565,0.287827895049404,0.7734785,"log10(RT)"
