"term","estimate","std.error","statistic","p.value"
"(Intercept)",-3.6304399089593,0.687496075071396,-5.28067001485395,1.28712324469491e-07
"human_impact",-0.278135279161602,0.292479712463994,-0.950955800723587,0.341626813456205
"log10(area)",1.39670928842801,0.114042254223398,12.2472963897398,1.73690182223819e-34
"depth",-4.90039906814572,0.318983783091203,-15.3625335453013,2.91939169387447e-53
"eutro",-0.841171522059559,0.27643601328238,-3.04291583455988,0.00234297853891126
"log10(RT)",-0.347203578190003,0.109867478167795,-3.16020340122614,0.0015765903348693
