"term","estimate","std.error","statistic","p.value"
"(Intercept)",-3.76829600990555,0.691383241479934,-5.45037221590642,5.02645079222973e-08
"human_impact",-0.281230098438589,0.295627886626142,-0.951297597963887,0.341453325991989
"log10(area)",1.41950264242915,0.115647362085308,12.2744057178066,1.24301137669864e-34
"depth",-5.03187695357128,0.323099850749748,-15.5737520209151,1.09774643917097e-54
"eutro",-0.65635855739416,0.281454006289987,-2.33202776555222,0.0196992305401626
"log10(RT)",-0.338550285103897,0.110860467036383,-3.05384141122902,0.00225931480640581
