"term","estimate","std.error","statistic","p.value"
"(Intercept)",-3.51898393474041,0.69617537516422,-5.05473772885219,4.30982615924493e-07
"human_impact",-0.5434688191904,0.29720875211612,-1.82857609448212,0.0674631366035157
"log10(area)",1.45928099056972,0.119043532571906,12.2583811068297,1.51496254623466e-34
"depth",-5.34316112395308,0.334199442733204,-15.9879414527288,1.55071113151568e-57
"eutro",-0.744142674523412,0.281032861559672,-2.64788491421814,0.00809970936591198
"log10(RT)",-0.343233771388787,0.112732620094314,-3.04467128592976,0.00232934747385163
