"estimate","std.error","Adjusted.SE","statistic","p.value","term"
-6.2292595075318,3.84779425378736,3.8996355884499,1.59739528636519,0.1101776,"(Intercept)"
-2.39693657188458,1.28431633883617,1.30167198139418,1.8414290283158,0.0655587,"human_impact"
1.63953684862316,0.571612282733555,0.579337400083132,2.83002072434456,0.0046545,"log10(area)"
-20.5087740699565,4.61702645815973,4.67935989721773,4.38281613734192,1.17e-05,"log10(depth)"
-5.67031934833979,1.84624528894126,1.87119677301653,3.03031697687185,0.002443,"eutro"
0.175334695550204,0.523283444396905,0.530414795759152,0.330561471799176,0.7409758,"log10(RT)"
