"term","estimate","std.error","statistic","p.value"
"(Intercept)",-4.87197110009416,3.72962715747763,-1.30628904562919,0.191454280922338
"human_impact",-2.21470581872547,1.12249203278401,-1.97302586926389,0.0484926150831776
"log10(area)",1.27161528763749,0.503061103819922,2.5277551334851,0.0114794383804882
"log10(depth)",-14.8008866179763,3.81641351181162,-3.87821879682803,0.000105224062125514
"eutro",-3.54375632881453,1.51075120382619,-2.34569154725111,0.0189918172139835
"log10(RT)",-0.221138076954831,0.477260755223677,-0.463348545914257,0.643114553910977
