"term","estimate","std.error","statistic","p.value"
"(Intercept)",-10.0978537779514,4.44002428860107,-2.27427895020207,0.0229492199581284
"human_impact",-2.81740537496067,1.32438924320745,-2.12732426619336,0.0333931498766947
"log10(area)",2.04568328973196,0.635331622028184,3.21986694633816,0.00128250106803905
"log10(depth)",-19.7566592886869,4.61282970579049,-4.28298041522894,1.8440640865536e-05
"eutro",-4.68026516988469,1.75865370157885,-2.66127729733429,0.00778448179925607
"log10(RT)",0.262254298991091,0.496779277424612,0.527909095465217,0.597562431513422
