"term","estimate","std.error","statistic","p.value"
"(Intercept)",-4.24529297415713,0.710024242609142,-5.97908172621945,2.24398962554793e-09
"human_impact",-0.432964269532958,0.292880219966994,-1.47829808917021,0.139328008918523
"log10(area)",1.44954278680332,0.119086802203807,12.1721530847941,4.37390632929205e-34
"depth",-4.88124091994475,0.319324584252333,-15.2861419404137,9.45902622310282e-53
"eutro",-0.611566933721248,0.280709887152754,-2.17864407956693,0.0293581189293963
"log10(RT)",-0.279735144451558,0.11002705753493,-2.5424213890547,0.0110087361764201
