"term","estimate","std.error","statistic","p.value"
"(Intercept)",-3.4516621850578,0.682435750841609,-5.05785662723717,4.2399500688239e-07
"human_impact",-0.657058805237235,0.292910198872194,-2.24320903733342,0.0248833378000838
"log10(area)",1.42373825432869,0.11582902616174,12.2917225630528,1.0034472553321e-34
"depth",-5.00311721956995,0.318865663051986,-15.690360547709,1.76052781074983e-55
"eutro",-0.593534396820614,0.272509364383872,-2.17803303076414,0.0294035777150096
"log10(RT)",-0.400991418534789,0.110793292587762,-3.61927522117059,0.000295429303104032
