"term","estimate","std.error","statistic","p.value"
"(Intercept)",-3.73794500793398,0.706165948891895,-5.29329545526728,1.20131595724388e-07
"human_impact",-0.380008895186023,0.292263283180233,-1.30022796928507,0.19352284719776
"log10(area)",1.44550906780745,0.118292539750366,12.2197821676492,2.43736920831353e-34
"depth",-5.03442266993391,0.324589222823965,-15.5101350135221,2.96255290344737e-54
"eutro",-0.810644511055783,0.279987662911611,-2.89528653736323,0.0037881257354
"log10(RT)",-0.358974788021284,0.110334022961676,-3.25352759181065,0.00113981655505294
