"estimate","std.error","Adjusted.SE","statistic","p.value","term"
-8.0648622809082,3.91613553725961,3.96902790559138,2.0319489992869,0.0421588,"(Intercept)"
-1.76689096611363,1.26017455530247,1.2772036592393,1.38340581263757,0.1665405,"human_impact"
1.86757954707107,0.587334310544573,0.595271126563379,3.13735953875839,0.0017048,"log10(area)"
-19.5104260030104,4.28708820913976,4.34500961368186,4.49030675135324,7.1e-06,"log10(depth)"
-5.52340631195423,1.79683909539667,1.82112056597344,3.03297124592178,0.0024216,"eutro"
-0.0817099641857779,0.470698452599825,0.477113171213795,0.171259082992625,0.8640201,"log10(RT)"
