"term","estimate","std.error","statistic","p.value"
"(Intercept)",-3.92380057884616,0.69646650000057,-5.63386836099504,1.76211546408357e-08
"human_impact",-0.318907954387225,0.294506403649158,-1.0828557560573,0.278872452812817
"log10(area)",1.40763084211043,0.115309381975257,12.2074268198964,2.83720970527679e-34
"depth",-4.88733638214866,0.31604853650303,-15.4638791757285,6.08227135171583e-54
"eutro",-0.573073919567702,0.2791441946354,-2.05296735730512,0.0400757434748382
"log10(RT)",-0.324087951849616,0.109919802343312,-2.94840369924787,0.00319419640947779
