"term","estimate","std.error","statistic","p.value"
"(Intercept)",-3.57204194032825,0.690588508591642,-5.1724607286225,2.31031066339706e-07
"human_impact",-0.357981622972364,0.29433197379334,-1.21625122258622,0.223889236465353
"log10(area)",1.37116002850582,0.113320790601062,12.099809939845,1.05855970643178e-33
"depth",-4.79466730214849,0.310386669915992,-15.447400828928,7.85475456160985e-54
"eutro",-0.799873329308342,0.278956104142219,-2.86738062881946,0.0041388490633427
"log10(RT)",-0.34701594778378,0.109606789385756,-3.16600777861008,0.0015454666084572
