"estimate","std.error","Adjusted.SE","statistic","p.value","term"
-7.60739687571881,3.9116573619515,3.96450270340785,1.91887796398261,0.0549998,"(Intercept)"
-2.72401892289901,1.37084020542164,1.38936476015083,1.96062186189557,0.0499232,"human_impact"
1.52401853092295,0.572835433027599,0.580576268700017,2.62501003414317,0.0086646,"log10(area)"
-18.2180110396912,4.1123587011515,4.16790608459667,4.37102244386445,1.24e-05,"log10(depth)"
-3.03462828457131,1.71422084210856,1.7373805198986,1.74666876358693,0.0806948,"eutro"
0.116943459978048,0.487358217462028,0.493999976770897,0.236727662908947,0.8128681,"log10(RT)"
