"term","estimate","std.error","statistic","p.value"
"(Intercept)",-2.6565094133101,0.48322923056492,-5.49741043232112,3.85408958052878e-08
"human_impact",-2.38342194110535,0.188607537700841,-12.6369389588544,1.32097192056529e-36
"log10(area)",1.61070671866771,0.0878233543383499,18.340300604578,3.94609097977925e-75
"depth",-5.57738199073554,0.237973427400348,-23.4369948429267,1.79411740599807e-121
"eutro",-1.38153054621397,0.182666383812267,-7.56313513948915,3.93468435258938e-14
"log10(RT)",-0.180943579213182,0.0760914137049998,-2.3779763103717,0.0174079442441609
