"term","estimate","std.error","statistic","p.value"
"(Intercept)",-3.23745388276724,0.701938810740222,-4.61215968291198,3.98506658463398e-06
"human_impact",-0.523833304453699,0.295109304116952,-1.77504842153707,0.0758898923351052
"log10(area)",1.38090932261507,0.117403679436673,11.7620617108506,6.12208346439005e-32
"depth",-5.18599558139904,0.328011056821351,-15.8104291716714,2.63664564148254e-56
"eutro",-0.805138203050953,0.279342448775921,-2.88226227907384,0.00394830934059267
"log10(RT)",-0.304484474976713,0.110696886117368,-2.75061463475928,0.00594835747344715
