"estimate","std.error","Adjusted.SE","statistic","p.value","term"
-7.26226134867753,3.81555286909131,3.86604631153899,1.87847241431171,0.0603166,"(Intercept)"
-2.52014226931996,1.1486068666441,1.1640592882425,2.16496040603299,0.0303907,"human_impact"
1.58094435300419,0.538766441616103,0.54605022718764,2.89523614182277,0.0037887,"log10(area)"
-13.6216017683612,3.3802031402991,3.42571726856559,3.97627728749045,7e-05,"log10(depth)"
-2.83912893260852,1.52794723124364,1.54860174018657,1.83334995624277,0.0667505,"eutro"
-0.467590458284256,0.501878359902178,0.508718000949289,0.919154536328011,0.3580147,"log10(RT)"
