"estimate","std.error","Adjusted.SE","statistic","p.value","term"
-4.45872161857148,3.28512853256034,3.32950840615965,1.33915313453565,0.1805208,"(Intercept)"
-2.49390672096574,1.11794107831909,1.13304846762223,2.20105917110443,0.0277318,"human_impact"
1.02205100106187,0.472888630590349,0.479278908545246,2.1324764825644,0.0329677,"log10(area)"
-13.7020584558178,3.36421413286124,3.40967335401589,4.01858390325853,5.85e-05,"log10(depth)"
-2.37219222513435,1.35298023903039,1.37126374468621,1.7299314113181,0.0836425,"eutro"
-0.0767228531512921,0.45025486193977,0.4563909735585,0.168107735683466,0.8664985,"log10(RT)"
