"term","estimate","std.error","statistic","p.value"
"(Intercept)",-9.22159686112109,4.19275914458498,-2.1994101123197,0.0278487742436966
"human_impact",-3.07080430042752,1.40197631448754,-2.19033964318433,0.0284996137872325
"log10(area)",1.88822267787993,0.581059726521839,3.24961891470715,0.00115559752356505
"log10(depth)",-23.176324458144,5.11471568040439,-4.53130259946562,5.86210985548668e-06
"eutro",-4.64722308732396,1.753857656993,-2.64971508308813,0.00805596764796508
"log10(RT)",0.3464422216837,0.554808299859265,0.624435902944458,0.532341352621776
