"term","estimate","std.error","statistic","p.value"
"(Intercept)",-3.73391840340882,0.698875843437407,-5.34274927152099,9.15473511351738e-08
"human_impact",-0.440785833930716,0.295808702515963,-1.49010434845787,0.136196801010505
"log10(area)",1.45028588474103,0.117814123947234,12.3099492331715,8.00735398421889e-35
"depth",-4.94992448705181,0.321912343347929,-15.3766222058215,2.34885845938311e-53
"eutro",-0.747207305506426,0.279245605033941,-2.67580685975561,0.0074549592729679
"log10(RT)",-0.416328189856513,0.110703797362814,-3.76073991836127,0.00016941150112513
