"term","estimate","std.error","statistic","p.value"
"(Intercept)",-3.56370695284553,0.694837043191147,-5.12883846330163,2.91535364145195e-07
"human_impact",-0.340972771518349,0.293443154423496,-1.16197214478637,0.245246779861403
"log10(area)",1.51357435464651,0.119085162822734,12.7100162502996,5.2023629383068e-37
"depth",-5.22510952620438,0.328001815226411,-15.9301238092162,3.91581020156295e-57
"eutro",-0.838294985957034,0.280386560452181,-2.98978305024717,0.00279175655489216
"log10(RT)",-0.51573334997878,0.115442185038947,-4.46746005201465,7.91537863963309e-06
