"estimate","std.error","Adjusted.SE","statistic","p.value","term"
-7.56019443087712,3.5874407525763,3.63575338843626,2.07940243002256,0.0375804,"(Intercept)"
-1.90330412845709,1.15257829604017,1.16815372374622,1.62932676561889,0.1032439,"human_impact"
1.52200691413043,0.540522130483937,0.54782548703583,2.77826963175023,0.0054649,"log10(area)"
-15.9571233562311,3.69011648850864,3.73990092233945,4.26672355433665,1.98e-05,"log10(depth)"
-3.17569510419951,1.45871122471283,1.47841528909323,2.14803995036285,0.0317106,"eutro"
0.162048690400655,0.488857750517892,0.495519945591001,0.327027583536282,0.743647,"log10(RT)"
