"estimate","std.error","Adjusted.SE","statistic","p.value","term"
-5.90389780453322,3.46817096952242,3.51502048443561,1.67961974351941,0.0930313,"(Intercept)"
-1.98301708374275,1.16345993883215,1.17918238312193,1.68168818676941,0.0926293,"human_impact"
1.39742102561169,0.49694085935119,0.503656347083002,2.77455259663668,0.0055278,"log10(area)"
-18.0218337810685,4.01939627499829,4.07370364928407,4.4239432547421,9.7e-06,"log10(depth)"
-4.16062801121419,1.68227522710913,1.7050084595537,2.44023892544396,0.0146776,"eutro"
0.0822914297414927,0.477453637424681,0.483960416272964,0.17003752161226,0.8649806,"log10(RT)"
