"term","estimate","std.error","statistic","p.value"
"(Intercept)",-6.5643998644963,4.31380928428733,-1.52171768195839,0.128079835163372
"human_impact",-3.67585645440184,1.41727744568427,-2.59360400152781,0.00949758091422718
"log10(area)",1.69381817500431,0.577386667438818,2.93359419350255,0.00335061969193616
"log10(depth)",-19.5454844503008,4.59328780939988,-4.25522746697958,2.08836596877991e-05
"eutro",-4.13166941170743,1.6932743462977,-2.44004724972136,0.0146853410031409
"log10(RT)",-0.242320073940587,0.57594920708127,-0.420731673837332,0.673951029580839
