"estimate","std.error","Adjusted.SE","statistic","p.value","term"
-9.15587794178735,3.94334718315691,3.99550271450529,2.2915459195029,0.0219319,"(Intercept)"
-2.31969089717477,1.18688124773441,1.20293133659764,1.92836517480355,0.0538097,"human_impact"
1.7611803202044,0.575379422015165,0.58315089632522,3.02011080031368,0.0025268,"log10(area)"
-17.7640895564022,4.05868230477435,4.11290967828169,4.31910519460367,1.57e-05,"log10(depth)"
-2.69818777068389,1.51811451459828,1.53862433175177,1.7536364887795,0.0794928,"eutro"
0.403576867398152,0.507436051459919,0.514351433201076,0.784632532053976,0.4326691,"log10(RT)"
