"term","estimate","std.error","statistic","p.value"
"(Intercept)",-3.87967577366873,0.706792990070538,-5.48912599328629,4.03927432291929e-08
"human_impact",-0.469152055376474,0.299197621344015,-1.56803404141053,0.116873188103964
"log10(area)",1.48671049595581,0.11868349210767,12.5266831094509,5.33474895276338e-36
"depth",-5.09958690483897,0.324976365529657,-15.6921777881524,1.710839109738e-55
"eutro",-0.750382481309968,0.280834992513518,-2.67196931049768,0.0075407544594021
"log10(RT)",-0.370188678900343,0.112700870661056,-3.2847011449776,0.00102090597024952
