"term","estimate","std.error","statistic","p.value"
"(Intercept)",-12.4873899407814,4.81545682893162,-2.59318905441249,0.00950904830006232
"human_impact",-4.43672265746252,1.56699815669642,-2.83135154850222,0.00463517446161307
"log10(area)",2.27951634171589,0.677560915300307,3.36429727606936,0.000767388372341465
"log10(depth)",-27.7759362139658,6.46109912473678,-4.29894909174565,1.71609881175891e-05
"eutro",-4.84638236548953,2.14360204536426,-2.26085918138131,0.0237679784644322
"log10(RT)",1.01315909306021,0.597699543704674,1.69509765187444,0.0900568976146812
