"term","estimate","std.error","statistic","p.value"
"(Intercept)",-4.04590521750415,0.695411445063081,-5.81800205651942,5.9555169392229e-09
"human_impact",-0.247423710801744,0.295141820804556,-0.838321421638139,0.401850208019147
"log10(area)",1.41485816800321,0.115073894519051,12.2952140788889,9.61018243695299e-35
"depth",-4.81782924243162,0.312308866169469,-15.4264888522804,1.08620991521586e-53
"eutro",-0.517802528722952,0.282522593763048,-1.83278272305978,0.0668348894628275
"log10(RT)",-0.352822063131963,0.11156073318318,-3.16260079209624,0.00156366595447807
