"estimate","std.error","Adjusted.SE","statistic","p.value","term"
-5.72358291557348,3.39205991406912,3.43766115916976,1.66496424474709,0.0959199,"(Intercept)"
-1.98399352734069,1.24483619162508,1.26166066422642,1.57252546869024,0.1158287,"human_impact"
1.29145173169669,0.494953039992205,0.50164139904109,2.57445205711762,0.0100399,"log10(area)"
-13.1957018019299,3.18505982503839,3.22801492189222,4.08786889813841,4.35e-05,"log10(depth)"
-3.00951613465499,1.40139906145629,1.42033828022893,2.1188727900581,0.0341012,"eutro"
-0.18770473698378,0.457509374358613,0.463744351090647,0.404759080174952,0.6856546,"log10(RT)"
