"term","estimate","std.error","statistic","p.value"
"(Intercept)",-3.54648251118514,0.677395525324149,-5.23546787453028,1.64567448095265e-07
"human_impact",-0.45852378218552,0.292368394898152,-1.56830830618764,0.116809198398625
"log10(area)",1.36592903565303,0.112671710284707,12.1230877937461,7.96987775824311e-34
"depth",-4.63978920860464,0.307957267064464,-15.0663410311191,2.69638308750457e-51
"eutro",-0.841750172136543,0.279447247610456,-3.01219704017241,0.00259364184786856
"log10(RT)",-0.375636809465348,0.109405634558233,-3.43343202552706,0.00059599162227667
