"estimate","std.error","Adjusted.SE","statistic","p.value","term"
-6.37800981158753,3.37145012124386,3.4168487673521,1.86663509152915,0.0619526,"(Intercept)"
-1.64975938793382,1.15964398210794,1.17531273852094,1.40367693964582,0.1604151,"human_impact"
1.30809461989414,0.490829580403401,0.497463678989823,2.62952789347441,0.0085504,"log10(area)"
-16.1036508018068,3.57732839949784,3.62561428771748,4.44163375468847,8.9e-06,"log10(depth)"
-3.0320210495764,1.45283582400383,1.47247140123077,2.05913747937114,0.0394811,"eutro"
0.206195388598767,0.4814570528457,0.488018390580418,0.422515611252951,0.6726487,"log10(RT)"
