"term","estimate","std.error","statistic","p.value"
"(Intercept)",-12.0785547709686,4.24023875301719,-2.84855534664739,0.00439182136927112
"human_impact",-2.8465719037196,1.35180172285157,-2.10576141130733,0.0352250823712254
"log10(area)",2.25483281427321,0.625008079847825,3.6076858635527,0.000308940217291656
"log10(depth)",-25.6845822616686,5.63539971295761,-4.55772146962557,5.17115508638823e-06
"eutro",-4.46581900071206,1.83685021189494,-2.43123743666883,0.015047350079605
"log10(RT)",0.537193711814545,0.542710744318086,0.989834303887842,0.322255114726331
