"term","estimate","std.error","statistic","p.value"
"(Intercept)",-3.88007189621342,0.704260123657472,-5.50943006124333,3.59997391599565e-08
"human_impact",-0.385425108575104,0.300617556570709,-1.28211110811968,0.199803672832918
"log10(area)",1.43616650726678,0.117338764927603,12.2394888692827,1.91233107806969e-34
"depth",-4.94097742029138,0.321648800611542,-15.3614047709714,2.97067243288615e-53
"eutro",-0.649594391869048,0.282997795327569,-2.29540442573817,0.0217099579602602
"log10(RT)",-0.372632773821497,0.112397449954468,-3.31531341656283,0.000915404279222557
