"term","estimate","std.error","statistic","p.value"
"(Intercept)",-3.83238134675319,0.689512863428326,-5.55809985574194,2.72727351927226e-08
"human_impact",-0.391564326771991,0.292722009870689,-1.33766615959273,0.181005287033784
"log10(area)",1.4094099217231,0.115772716003721,12.1739384750876,4.27925152636187e-34
"depth",-4.94800314302869,0.319952724787773,-15.4647945139731,5.99643064412212e-54
"eutro",-0.581634175416877,0.275746529463908,-2.10930732853704,0.0349180626344362
"log10(RT)",-0.313319370021261,0.109187203991242,-2.86956125414104,0.00411041709187691
