"term","estimate","std.error","statistic","p.value"
"(Intercept)",-2.88540013000003,0.498647846577488,-5.78644859253724,7.18900737549417e-09
"human_impact",-2.46917189149894,0.192447810316357,-12.8303454710135,1.10868702540027e-37
"log10(area)",1.76574108650982,0.0923176040026053,19.1268079970966,1.51044324606678e-81
"depth",-6.18292937310901,0.25270674495671,-24.4668157716494,3.3331660044373e-132
"eutro",-1.64006573720083,0.1884167159761,-8.70445983895007,3.19090804488366e-18
"log10(RT)",-0.16034033485954,0.0770510286903266,-2.08096293566642,0.0374372987432701
