"estimate","std.error","Adjusted.SE","statistic","p.value","term"
-5.60722829677128,3.33499917677342,3.38007319157003,1.65890736057309,0.0971345,"(Intercept)"
-2.11711644094479,1.13649625450517,1.15185400593745,1.83800762078503,0.0660613,"human_impact"
1.22355627464093,0.472323560095783,0.478706213994612,2.55596488800686,0.0105894,"log10(area)"
-16.4413357133712,3.76663755499519,3.81754178633947,4.30678605069999,1.66e-05,"log10(depth)"
-2.95273967475459,1.53103097002404,1.55172031527406,1.9028813670156,0.057056,"eutro"
0.0301845940660922,0.452656122144943,0.458824958342328,0.0657867309030986,0.9475476,"log10(RT)"
