"term","estimate","std.error","statistic","p.value"
"(Intercept)",-3.88693088006607,0.690155386325263,-5.63196485470042,1.78167996759275e-08
"human_impact",-0.486523101909053,0.290454418047079,-1.67504114821278,0.0939261585240924
"log10(area)",1.43731254618682,0.115520522417364,12.4420537243933,1.5448019078738e-35
"depth",-4.89929660058441,0.317446635274674,-15.4334494563007,9.7515893841847e-54
"eutro",-0.677868769285332,0.277866064310294,-2.43955220284962,0.0147054778193977
"log10(RT)",-0.332444874954315,0.110519747208342,-3.00801334921279,0.00262961586836615
