"estimate","std.error","Adjusted.SE","statistic","p.value","term"
-8.69134234444156,3.86166769672321,3.91170068260153,2.22188328035909,0.0262912,"(Intercept)"
-2.16142714928309,1.21613403385964,1.23258248872848,1.75357606411624,0.0795032,"human_impact"
1.77758203461537,0.562787827496462,0.570365529949316,3.11656637941168,0.0018297,"log10(area)"
-19.6546108831302,4.39718872408307,4.45486484596629,4.411943249171,1.02e-05,"log10(depth)"
-4.12613090090158,1.64318666735753,1.66523687752344,2.47780418305293,0.0132194,"eutro"
0.516302916825392,0.564210436106835,0.571899543998949,0.902786026397569,0.3666395,"log10(RT)"
