"term","estimate","std.error","statistic","p.value"
"(Intercept)",-4.2748160406184,0.711850265046106,-6.00521802199726,1.91074970806401e-09
"human_impact",-0.344997132032917,0.295564044944578,-1.16725000193311,0.243109423421954
"log10(area)",1.49639799719424,0.118040508903947,12.6769870029271,7.93227960208459e-37
"depth",-5.02744783007546,0.324540441356728,-15.4909748968678,3.99191001183658e-54
"eutro",-0.529082211145889,0.283725284045008,-1.86476934167756,0.0622137423935896
"log10(RT)",-0.343807077140957,0.110801628653316,-3.10290635002024,0.00191630270003471
