"term","estimate","std.error","statistic","p.value"
"(Intercept)",-3.16083225756568,0.494293962118645,-6.39464063857408,1.60925373081374e-10
"human_impact",-2.3154004743487,0.190293492989154,-12.1675231137865,4.629171814854e-34
"log10(area)",1.76487697139819,0.0915584646849709,19.2759563790271,8.55052087382088e-83
"depth",-6.04479513013774,0.248955836495094,-24.2805921533672,3.14346796945894e-130
"eutro",-1.48588345043943,0.185901515378007,-7.9928528146641,1.31851507946635e-15
"log10(RT)",-0.158125503044746,0.0765818537517035,-2.06479074739332,0.0389428037087239
