"term","estimate","std.error","statistic","p.value"
"(Intercept)",-3.49663276429178,0.668661643723064,-5.22930064422831,1.70152469855127e-07
"human_impact",-0.497760087710259,0.291198159039258,-1.70935176703213,0.087385809617829
"log10(area)",1.39059516068941,0.113202591393231,12.2841283364169,1.10226671975004e-34
"depth",-4.80646207494996,0.309181801219766,-15.545747052342,1.70028340834687e-54
"eutro",-0.533221438407008,0.276503904681971,-1.92844089858444,0.0538003088392817
"log10(RT)",-0.440244321579258,0.111396064982466,-3.95206349208614,7.74801754363608e-05
