"estimate","std.error","Adjusted.SE","statistic","p.value","term"
-16.0343679776352,5.04092906163836,5.10425471759001,3.14137300444244,0.0016816,"(Intercept)"
-1.74254725648192,1.5190877554699,1.53955952090139,1.1318479297648,0.2576984,"human_impact"
2.91359085581466,0.777232412072931,0.787444117769226,3.70006047421963,0.0002155,"log10(area)"
-26.3554345396042,5.49001562597886,5.56171773377686,4.73872206414666,2.2e-06,"log10(depth)"
-5.07640819004956,1.92117467234659,1.94567023058654,2.60907943712497,0.0090786,"eutro"
0.383845279140359,0.534163862190704,0.54136244387196,0.70903566267915,0.4783023,"log10(RT)"
