"term","estimate","std.error","statistic","p.value"
"(Intercept)",-2.9705349178896,0.497157606276486,-5.97503664911763,2.30038462565219e-09
"human_impact",-2.49630345754731,0.191378288476115,-13.0438174435804,6.89180308299203e-39
"log10(area)",1.78185574745049,0.0927438732218087,19.2126518502085,2.90063798333454e-82
"depth",-6.19647121367936,0.254239193810593,-24.3726040851738,3.33944544153813e-131
"eutro",-1.58574541396966,0.187117599241033,-8.47459255784385,2.35903712537051e-17
"log10(RT)",-0.157831902557366,0.0783354461456182,-2.01482100789942,0.0439234070345721
