"estimate","std.error","Adjusted.SE","statistic","p.value","term"
-7.02779829615579,3.47637943831904,3.52335303973381,1.99463358252818,0.0460829,"(Intercept)"
-2.59941026906169,1.19070640322024,1.20679656951608,2.15397552058342,0.0312421,"human_impact"
1.38247669248665,0.504269215933491,0.51108361020552,2.70499124777397,0.0068306,"log10(area)"
-13.2854349752142,3.17826991626152,3.22121868370163,4.124350526847,3.72e-05,"log10(depth)"
-2.2818118378736,1.40060246562232,1.4195293663909,1.6074425030565,0.1079573,"eutro"
0.055254767839769,0.440038040482598,0.44603491638807,0.123879915696319,0.9014104,"log10(RT)"
