"term","estimate","std.error","statistic","p.value"
"(Intercept)",-3.53046617596421,0.706447007882717,-4.99749611304225,5.80795090776435e-07
"human_impact",-0.445569047752447,0.294790101790627,-1.51147899826335,0.130666455487073
"log10(area)",1.41999440957275,0.117989238257792,12.0349485303926,2.32779154845357e-33
"depth",-5.13747718773606,0.32688463628459,-15.7164840970479,1.1661808713046e-55
"eutro",-0.927455624908385,0.277011520871849,-3.34807600055538,0.000813746923328605
"log10(RT)",-0.301159376985597,0.110306814026711,-2.73019740115664,0.00632964118564296
