"term","estimate","std.error","statistic","p.value"
"(Intercept)",-9.28730296969172,4.56747498314265,-2.03335606740458,0.0420165624611828
"human_impact",-2.95339950286635,1.43185920910077,-2.06263261366397,0.0391475466899931
"log10(area)",1.98900448102035,0.649248091777695,3.06355075387945,0.0021872709921189
"log10(depth)",-28.572213332734,6.32321804761317,-4.51861901923803,6.22442805972709e-06
"eutro",-6.49208030941764,2.13663936342227,-3.03845394808192,0.00237795446909596
"log10(RT)",0.533390276651201,0.547441378341175,0.974333139134365,0.329891155459582
