"term","estimate","std.error","statistic","p.value"
"(Intercept)",-9.19848756547666,5.01866886508475,-1.83285405209162,0.0668242783646617
"human_impact",-4.74892467517864,1.60916555298227,-2.95117221865546,0.00316570352035045
"log10(area)",2.33343308941146,0.705775318917189,3.30619820057104,0.000945711666978253
"log10(depth)",-35.0259423835935,7.98670706713706,-4.38552986721085,1.15703780054166e-05
"eutro",-8.82766367818309,2.75172775838244,-3.20804398301826,0.00133641058788816
"log10(RT)",0.579187829347392,0.637917123224436,0.907935856024387,0.363912112195783
