"estimate","std.error","Adjusted.SE","statistic","p.value","term"
-8.42481074621508,3.41736052875,3.46260176498461,2.43308682835276,0.0149707,"(Intercept)"
-1.49276896828663,1.17831832353487,1.19419775922657,1.2500182291863,0.2112929,"human_impact"
1.68014123454097,0.510225113575246,0.517054432896624,3.24944750038896,0.0011563,"log10(area)"
-16.7675844364408,3.82737453247836,3.87859148312571,4.32311175574696,1.54e-05,"log10(depth)"
-3.94782907785563,1.60027377234842,1.62116817213204,2.4351755392926,0.0148846,"eutro"
0.0746162785556655,0.495032866099628,0.501704104597325,0.148725668919041,0.8817701,"log10(RT)"
