"term","estimate","std.error","statistic","p.value"
"(Intercept)",-3.21734499637959,0.686881797642045,-4.68398639682143,2.81348688356579e-06
"human_impact",-0.545200120730248,0.295491974427291,-1.84505897930707,0.0650289595173009
"log10(area)",1.38542486667812,0.116068968893384,11.9362210234737,7.66261444572766e-33
"depth",-5.1112093890679,0.325709281817813,-15.692550609985,1.70081905588375e-55
"eutro",-0.824965059353452,0.281605069235542,-2.92951068527615,0.00339496140457131
"log10(RT)",-0.350266136382946,0.111215794236102,-3.14942799976196,0.00163590414001773
