"term","estimate","std.error","statistic","p.value"
"(Intercept)",-4.03853742740072,0.71495278270915,-5.6486771225613,1.61687206416483e-08
"human_impact",-0.365961078536669,0.298868714396705,-1.2244877463183,0.220768286071391
"log10(area)",1.47298734640237,0.119065668979175,12.3712179928204,3.74105047418589e-35
"depth",-5.24512118306098,0.329863853659517,-15.9008667511505,6.24940878691435e-57
"eutro",-0.679296262855304,0.280693356158811,-2.4200653415928,0.015517718448989
"log10(RT)",-0.257996778189761,0.113651035002311,-2.27007856272066,0.0232028167607203
