"term","estimate","std.error","statistic","p.value"
"(Intercept)",-11.6479282659354,4.71622778320052,-2.46975523689208,0.0135205527006567
"human_impact",-3.16724373570069,1.35978154331657,-2.32922983200349,0.0198468933259211
"log10(area)",2.29320470932602,0.649342343462395,3.53158042504712,0.00041308422441826
"log10(depth)",-26.3339869981198,5.89694418984058,-4.46570056462274,7.98071667490722e-06
"eutro",-4.96929138242705,2.06224230341938,-2.40965446891838,0.0159676350679259
"log10(RT)",0.415126109243796,0.567510200762756,0.731486603563867,0.464481984230481
