"term","estimate","std.error","statistic","p.value"
"(Intercept)",-6.13791006848173,4.27271593252082,-1.43653595638418,0.150849892495878
"human_impact",-3.47173347906234,1.35292184216839,-2.56610054687123,0.0102849010229504
"log10(area)",1.49864262601797,0.5878397166916,2.54940689351926,0.010790631988346
"log10(depth)",-24.4011544679133,5.6015424418707,-4.35614917161356,1.32370582574658e-05
"eutro",-5.88250807428834,1.82438039171621,-3.22438681154351,0.00126242751314102
"log10(RT)",0.467511563586957,0.552557232604798,0.846087130889719,0.397504139327563
