"term","estimate","std.error","statistic","p.value"
"(Intercept)",-3.02137032789775,0.486625040153031,-6.20882625963433,5.3381800060732e-10
"human_impact",-2.31714532298362,0.191824451521906,-12.0795097006651,1.35525430470541e-33
"log10(area)",1.737208553115,0.0903317743329873,19.2314228956821,2.02008915659309e-82
"depth",-6.00249598550176,0.247454990636858,-24.2569202991362,5.58891526545866e-130
"eutro",-1.48406907275476,0.186201563492253,-7.97022884728092,1.58380805378869e-15
"log10(RT)",-0.173574196701037,0.0758358368587843,-2.28881494410424,0.0220901068170375
