"term","estimate","std.error","statistic","p.value"
"(Intercept)",-3.81717761052117,0.702876690894403,-5.43079271225206,5.61042725954282e-08
"human_impact",-0.389891026949282,0.300106070181234,-1.29917740988654,0.193883052156828
"log10(area)",1.3962490908302,0.11621334633644,12.0145330536136,2.98048452775177e-33
"depth",-4.89371603292627,0.316518194041769,-15.4610892044976,6.35153836634863e-54
"eutro",-0.860004354111841,0.277739690630159,-3.09644023927797,0.00195859336864613
"log10(RT)",-0.256666614516246,0.109177893935267,-2.35090278136733,0.0187279262636373
