"estimate","std.error","Adjusted.SE","statistic","p.value","term"
-6.90664972675673,3.57250563276242,3.62075013946497,1.90751901145471,0.0564534,"(Intercept)"
-1.89814931028811,1.15166819990321,1.16723122379208,1.62619819586511,0.1039075,"human_impact"
1.42022997833883,0.520165911465989,0.527195155361986,2.69393594363299,0.0070614,"log10(area)"
-15.4204107902596,3.56628786052869,3.61447045099237,4.26629875644049,1.99e-05,"log10(depth)"
-2.93999769506684,1.40896487607881,1.42800522276813,2.05881438540384,0.039512,"eutro"
0.0845569565424462,0.454720057763544,0.46091702145138,0.183453751124628,0.854442,"log10(RT)"
