"term","estimate","std.error","statistic","p.value"
"(Intercept)",-3.70324642905697,0.681927005550807,-5.4305613341501,5.61770675014941e-08
"human_impact",-0.316102456464607,0.293541435213778,-1.07685804640969,0.281543688324078
"log10(area)",1.32523943384683,0.112980228808407,11.7298349261992,8.96333054194164e-32
"depth",-4.74361627578728,0.313175341443629,-15.1468383619248,7.95001086349565e-52
"eutro",-0.616587138968978,0.274791593175259,-2.24383552584058,0.0248429857165877
"log10(RT)",-0.251798139314929,0.109032497250873,-2.30938615241991,0.0209221627539959
