"term","estimate","std.error","statistic","p.value"
"(Intercept)",-2.39105521250672,0.491411757578416,-4.86568580346833,1.14060597116159e-06
"human_impact",-2.71279662851275,0.19338902172296,-14.0276661226353,1.05568922863536e-44
"log10(area)",1.64197570030995,0.0898174000001036,18.2812651035106,1.1668779304119e-74
"depth",-5.8654459374481,0.246838107436787,-23.7623193531825,8.19537854116379e-125
"eutro",-1.41618482018139,0.186973832564405,-7.57424074138059,3.61234004198485e-14
"log10(RT)",-0.181651460521418,0.0768148530587964,-2.36479604253589,0.018040002801096
