"estimate","std.error","Adjusted.SE","statistic","p.value","term"
-4.32910459075941,3.2117603970318,3.25500802491569,1.32998277043312,0.1835239,"(Intercept)"
-1.62250205323559,1.05606038496136,1.07033443210077,1.51588326468305,0.1295489,"human_impact"
0.971643653157669,0.452571735304245,0.458688319849912,2.11830912432128,0.0341489,"log10(area)"
-12.3285363537943,2.96930174093559,3.00936436394834,4.09672437857243,4.19e-05,"log10(depth)"
-2.98461250752964,1.43384118613301,1.45322206102233,2.05378970467183,0.039996,"eutro"
0.205440459627844,0.419728547984796,0.425448644396207,0.482879572737629,0.6291812,"log10(RT)"
