"term","estimate","std.error","statistic","p.value"
"(Intercept)",-3.8339276965973,0.699404014925143,-5.48170673141996,4.21242104655231e-08
"human_impact",-0.532840405242883,0.299585261084897,-1.77859352397141,0.0753064266003792
"log10(area)",1.43790912735108,0.117127188659395,12.2764760582832,1.21161736640631e-34
"depth",-5.12950050231961,0.327184268728798,-15.677711285598,2.14857582484338e-55
"eutro",-0.598557583360429,0.280186275226736,-2.13628445174931,0.032656235426283
"log10(RT)",-0.281448035545451,0.108827569669474,-2.58618322912338,0.00970453267000838
