"term","estimate","std.error","statistic","p.value"
"(Intercept)",-3.52473932590087,0.712304706180671,-4.94835889095873,7.48418179940171e-07
"human_impact",-0.417918327172685,0.297572656394127,-1.404424493288,0.16019248149753
"log10(area)",1.45591049781631,0.120067382016065,12.1257786533691,7.7123658239453e-34
"depth",-5.3102324544924,0.333970499876158,-15.9003039384063,6.305807526396e-57
"eutro",-0.897533235369131,0.28010070737797,-3.20432334416776,0.00135380341391668
"log10(RT)",-0.323329937720064,0.11122687353188,-2.90694080893491,0.00364982253265521
