"term","estimate","std.error","statistic","p.value"
"(Intercept)",-4.12107417772271,0.705042802717829,-5.84514041110216,5.06141156615281e-09
"human_impact",-0.534830252832529,0.297047489787915,-1.80048736723676,0.0717837165330472
"log10(area)",1.51110136003044,0.119991275727553,12.593426904315,2.294895793446e-36
"depth",-5.23150286837507,0.331413242734536,-15.7854370127434,3.91925479424615e-56
"eutro",-0.590289480320303,0.285271348698462,-2.06922105221387,0.0385253480643284
"log10(RT)",-0.310565915452261,0.110673369329576,-2.80614855528092,0.00501375717164285
