"term","estimate","std.error","statistic","p.value"
"(Intercept)",-3.64921426950059,0.702381239819912,-5.19548937616306,2.04181997037972e-07
"human_impact",-0.278297852363387,0.301440104980572,-0.923227691886993,0.355888560637467
"log10(area)",1.36836410985286,0.116263854457609,11.7694713996583,5.60747665771072e-32
"depth",-5.03390554312824,0.325590673519668,-15.4608407197639,6.37608836089421e-54
"eutro",-0.850422907409965,0.284034621943933,-2.99408185378836,0.00275272084411843
"log10(RT)",-0.242798078594072,0.109466799469733,-2.21800655331303,0.0265543855926971
