"term","estimate","std.error","statistic","p.value"
"(Intercept)",-3.5959111839839,0.685571767141546,-5.24512728839003,1.56174467847472e-07
"human_impact",-0.343369352945617,0.291589477127371,-1.17757799879598,0.238964885235788
"log10(area)",1.39694582577948,0.114177884342437,12.2348196747965,2.02554183166476e-34
"depth",-4.91237177998446,0.312083335642719,-15.7405770156478,7.97134651914816e-56
"eutro",-0.629846458669888,0.277185899125984,-2.27228896078735,0.0230690631270518
"log10(RT)",-0.380509376669141,0.110266859386298,-3.45080451902691,0.000558918236051546
