"term","estimate","std.error","statistic","p.value"
"(Intercept)",-4.18768046664491,0.721083952582188,-5.80747976937901,6.34202119172728e-09
"human_impact",-0.317221708346319,0.29910291448198,-1.06057712241193,0.288882123989341
"log10(area)",1.57411459049998,0.123452980778834,12.7507216153817,3.08872816913333e-37
"depth",-5.27752280630839,0.332149645294833,-15.8889912455688,7.55332986747835e-57
"eutro",-0.767446583272042,0.281490135859855,-2.72637114237683,0.00640349501265611
"log10(RT)",-0.410334122461341,0.112909771845924,-3.63417723508715,0.000278869120534236
