"term","estimate","std.error","statistic","p.value"
"(Intercept)",-3.24079685096657,0.498948373682198,-6.49525486384444,8.28929592548942e-11
"human_impact",-2.53400756489186,0.192460977817698,-13.1663446461969,1.37075270072343e-39
"log10(area)",1.80507535202849,0.093187025500885,19.3704578757195,1.3703353349236e-83
"depth",-6.12739818468819,0.25283825309235,-24.2344586301589,9.64372229077621e-130
"eutro",-1.41951399778952,0.187583234188207,-7.56738204207141,3.80820698891464e-14
"log10(RT)",-0.169222823746226,0.0781851513948454,-2.16438570146943,0.0304347602757072
