"term","estimate","std.error","statistic","p.value"
"(Intercept)",-3.87545648945495,0.701449345962427,-5.52492708384753,3.29622477363472e-08
"human_impact",-0.240472709310474,0.29328701925832,-0.819922783894748,0.412260127360101
"log10(area)",1.51050437342861,0.119543448443631,12.6356098397217,1.34348473649982e-36
"depth",-5.33052958188226,0.329950452784506,-16.1555455884271,1.03796147624138e-58
"eutro",-0.867771533157606,0.279883607151561,-3.10047287866951,0.00193211907192041
"log10(RT)",-0.349421228929514,0.111231563562942,-3.14138557201695,0.00168150501781034
