"term","estimate","std.error","statistic","p.value"
"(Intercept)",-3.92406990456385,0.715115933001808,-5.48731992041063,4.08077677630729e-08
"human_impact",-0.446863170246289,0.295274243667372,-1.513383506452,0.130182272077218
"log10(area)",1.53137234795148,0.12088163356837,12.6683624529722,8.85435046214915e-37
"depth",-5.21569487693501,0.325939282480217,-16.0020444214225,1.23647153341427e-57
"eutro",-0.757496781588988,0.281228489165349,-2.69352789910134,0.00707002281557193
"log10(RT)",-0.40483968294339,0.111783959294323,-3.62162590678563,0.000292757262083468
