"term","estimate","std.error","statistic","p.value"
"(Intercept)",-3.67906350267674,0.694119527192278,-5.30033136736347,1.1559268893019e-07
"human_impact",-0.399063832056499,0.294238153534367,-1.35626133886097,0.175016031758803
"log10(area)",1.48436554863467,0.118896607203997,12.4845071995021,9.07031900955349e-36
"depth",-5.33448595310951,0.333010945349876,-16.0189508110758,9.4226775911421e-58
"eutro",-0.817068416099742,0.28524927819169,-2.86440134495508,0.00417798276291442
"log10(RT)",-0.346768416170396,0.113235018153046,-3.06237789180827,0.00219586045462184
