"estimate","std.error","Adjusted.SE","statistic","p.value","term"
-5.15215801488486,3.37371006947894,3.41918042603634,1.50684005314615,0.1318517,"(Intercept)"
-2.29386303923389,1.10567074508023,1.12061393226484,2.046969944946,0.040661,"human_impact"
1.14319340662639,0.482574088354353,0.489096292094573,2.33735856334266,0.0194205,"log10(area)"
-14.5631716537234,3.48991130375829,3.53701189843532,4.11736575162944,3.83e-05,"log10(depth)"
-2.65836662996793,1.4384712327695,1.45791203833556,1.82340673515728,0.0682418,"eutro"
0.162936953043148,0.435449996382593,0.441384346032184,0.369149822615748,0.7120161,"log10(RT)"
