"term","estimate","std.error","statistic","p.value"
"(Intercept)",-3.28427275608882,0.693209811041703,-4.73777592840682,2.16076536626297e-06
"human_impact",-0.610996875552422,0.297917278352268,-2.05089439233517,0.0402772323719548
"log10(area)",1.33316133354572,0.113996903720227,11.6947152952293,1.35641323185616e-31
"depth",-5.0526582377554,0.322775627883405,-15.653778666277,3.13065743930513e-55
"eutro",-0.733508691162476,0.281839917500894,-2.60257204751754,0.00925273714819874
"log10(RT)",-0.21808898678464,0.108503162696099,-2.00997815515733,0.0444335009340298
