"estimate","std.error","Adjusted.SE","statistic","p.value","term"
-6.57149131334654,3.48292516652162,3.52894136576649,1.8621707283366,0.062579,"(Intercept)"
-2.19819469042681,1.30831909272193,1.32601078812585,1.65775023107744,0.0973679,"human_impact"
1.49215568935946,0.5112769461089,0.518184818216335,2.87958202730768,0.003982,"log10(area)"
-18.9078214940514,4.2231681319016,4.27953369253267,4.41819666638996,1e-05,"log10(depth)"
-4.37229682789158,1.62220000064606,1.64409247901213,2.65939835119173,0.007828,"eutro"
0.396815274090747,0.486103784059169,0.492728447842751,0.805342731535134,0.4206219,"log10(RT)"
