"term","estimate","std.error","statistic","p.value"
"(Intercept)",-3.69931600697902,0.699882616087653,-5.28562350592191,1.25277315738794e-07
"human_impact",-0.28522894255331,0.294627181104925,-0.968101250820209,0.332993805266156
"log10(area)",1.44455069392682,0.118332365938825,12.2075704518038,2.83220644871426e-34
"depth",-5.163426854333,0.32648892052234,-15.8150140166233,2.45155120639239e-56
"eutro",-0.831689146112271,0.277897304642852,-2.99279313695087,0.00276437050978651
"log10(RT)",-0.337530223540789,0.111465190193323,-3.02812225911411,0.0024607850900802
