"term","estimate","std.error","statistic","p.value"
"(Intercept)",-3.7884621033902,0.681123117817558,-5.56208122186355,2.66576161287041e-08
"human_impact",-0.452944350035868,0.285681929311715,-1.58548477716855,0.112856232920561
"log10(area)",1.38781044349573,0.115426738877695,12.0233011604551,2.68044539605133e-33
"depth",-4.72152235987803,0.31372512199308,-15.0498701853471,3.45912404318453e-51
"eutro",-0.752650185539655,0.27484408426955,-2.73846238146244,0.00617272218837207
"log10(RT)",-0.313854428994213,0.107800244498592,-2.91144450046503,0.00359761813783341
