"term","estimate","std.error","statistic","p.value"
"(Intercept)",-3.58294419569203,0.711389098711448,-5.03654638816068,4.74006277229007e-07
"human_impact",-0.419700551091065,0.300162890279651,-1.39824263652327,0.162040217256745
"log10(area)",1.41998610367155,0.117706609158214,12.0637754653428,1.64084816403269e-33
"depth",-5.25514684468632,0.333594431857026,-15.7531011996586,6.53941727531779e-56
"eutro",-0.671734991757647,0.278816555184254,-2.40923639313216,0.0159859397661902
"log10(RT)",-0.297119296073118,0.1112100844513,-2.67169382650032,0.00754694731461591
