"estimate","std.error","Adjusted.SE","statistic","p.value","term"
-7.53199761745898,3.54018635664835,3.58799267884995,2.09922324029747,0.0357972,"(Intercept)"
-1.7691160506527,1.1565682105171,1.17219752884047,1.50923031923016,0.1312399,"human_impact"
1.49180272658708,0.512288932184663,0.519211871567319,2.8732061192743,0.0040633,"log10(area)"
-12.9145745479989,3.19700101956558,3.24019721995426,3.98573718552268,6.73e-05,"log10(depth)"
-2.84111646798377,1.46319054623152,1.48296304664036,1.91583767000823,0.0553858,"eutro"
0.0913802879806344,0.465766202112264,0.472113703596379,0.193555677974469,0.8465238,"log10(RT)"
