"term","estimate","std.error","statistic","p.value"
"(Intercept)",-3.34141820422206,0.694774228174783,-4.80935830478368,1.5141558316855e-06
"human_impact",-0.360474410482237,0.297582769281242,-1.21134167597438,0.22576448238947
"log10(area)",1.36029808767884,0.116602179131423,11.6661463603149,1.89828838151397e-31
"depth",-5.09722704173963,0.328966650986302,-15.4946619253265,3.76938294688225e-54
"eutro",-0.83882673370564,0.279617777451965,-2.99990487496719,0.0027006393430299
"log10(RT)",-0.289884894605987,0.109203966057289,-2.65452716665905,0.00794196442922331
