"term","estimate","std.error","statistic","p.value"
"(Intercept)",-6.99015977691076,3.56331170847968,-1.96170314269059,0.0497970557466305
"human_impact",-1.18041188854881,1.139797491754,-1.03563299365776,0.300373393439985
"log10(area)",1.43776517220248,0.518329729726809,2.77384276792356,0.00553984459243192
"log10(depth)",-16.4802144542301,3.62359507295535,-4.54802871800714,5.4150747621053e-06
"eutro",-3.36654821808362,1.50473675447718,-2.23730045010653,0.0252667098275101
