"term","estimate","std.error","statistic","p.value"
"(Intercept)",-3.76985723625914,0.690694616256311,-5.45806662963792,4.81347039532792e-08
"human_impact",-0.415651426220455,0.2926207958787,-1.42044390581439,0.155478488252334
"log10(area)",1.42755720244632,0.114844329540125,12.4303673343102,1.78810790501998e-35
"depth",-4.8159876028495,0.312337782353215,-15.4191643629051,1.21668485130847e-53
"eutro",-0.677437508838315,0.278390916922489,-2.43340377741897,0.0149576104409607
"log10(RT)",-0.406575097461605,0.110075837539037,-3.69359076934043,0.000221109533991727
