"term","estimate","std.error","statistic","p.value"
"(Intercept)",-3.67510296605149,0.676090070610989,-5.43581857773812,5.45454328655581e-08
"human_impact",-0.457947711527346,0.289792396098037,-1.58026131014294,0.114047036296637
"log10(area)",1.39786411217056,0.113800152473185,12.2834994663117,1.11087075874716e-34
"depth",-4.8875737570155,0.314302939425794,-15.5505187636638,1.5782226911737e-54
"eutro",-0.803912695339337,0.278775877084533,-2.88372402858791,0.00393002995726931
"log10(RT)",-0.311026851001249,0.109193977987329,-2.84838831530931,0.00439412732268083
