"term","estimate","std.error","statistic","p.value"
"(Intercept)",-3.60760041260302,0.697067556656538,-5.17539566739666,2.27428492492145e-07
"human_impact",-0.548013351188093,0.295170310222145,-1.85660051912287,0.0633680100374753
"log10(area)",1.42172935998577,0.117633915783981,12.0860497630343,1.25161270557266e-33
"depth",-5.09774019379809,0.328870490293439,-15.5007528624704,3.42851059047994e-54
"eutro",-0.692180483642604,0.279950130525725,-2.47251352354343,0.0134166637349833
"log10(RT)",-0.314374518046935,0.108810757614308,-2.88918600457934,0.00386240531914279
