"term","estimate","std.error","statistic","p.value"
"(Intercept)",-3.24330009739441,0.676029527057619,-4.79757165565045,1.60600764253544e-06
"human_impact",-0.500293961040053,0.292154376844238,-1.7124301420505,0.0868174282450139
"log10(area)",1.38202421913894,0.114108924438854,12.1114472503814,9.18589108826189e-34
"depth",-4.9173447225446,0.313626383975279,-15.6789893127493,2.10578220715986e-55
"eutro",-0.708712374787042,0.281362841781468,-2.51885561824647,0.0117736924086346
"log10(RT)",-0.43168996286943,0.110999049610457,-3.88913206360248,0.000100603365068265
