"estimate","std.error","Adjusted.SE","statistic","p.value","term"
-8.18702681266383,3.86178357933536,3.91305132073082,2.09223599222685,0.0364174,"(Intercept)"
-1.79278721036649,1.19644515198095,1.21262392829999,1.47843628063636,0.139291,"human_impact"
1.72959200365541,0.558789772730873,0.566346193312478,3.05394831655753,0.0022585,"log10(area)"
-19.885447216136,4.25834526002494,4.31550414536537,4.60790826431992,4.1e-06,"log10(depth)"
-4.50434663569952,1.72873245208577,1.752110903574,2.57081137187803,0.0101461,"eutro"
0.396976130003081,0.482798443618411,0.489378061940861,0.811184973083353,0.4172595,"log10(RT)"
