"term","estimate","std.error","statistic","p.value"
"(Intercept)",-3.43309466992554,0.690145130104101,-4.97445322755186,6.54320597121823e-07
"human_impact",-0.310672662265353,0.294184639303045,-1.05604651215431,0.290946965439405
"log10(area)",1.41992612906816,0.116640551415048,12.1735203738498,4.30123359702463e-34
"depth",-5.18089451312279,0.327747240448262,-15.80759156366,2.75810921524007e-56
"eutro",-0.886376139138887,0.279555158484729,-3.17066636846662,0.00152089712924815
"log10(RT)",-0.353744949208664,0.111933561528344,-3.16031174545524,0.00157600413346096
