"estimate","std.error","Adjusted.SE","statistic","p.value","term"
-4.79237537128759,3.27977036292272,3.32404869012329,1.44172839150255,0.149379,"(Intercept)"
-1.89023140392571,1.15758403352326,1.17322680816164,1.61113894668634,0.1071494,"human_impact"
1.13952670265582,0.475693858293785,0.482122448774788,2.36356283668535,0.0181002,"log10(area)"
-14.7569222354652,3.56325440965596,3.61138161663733,4.08622621533026,4.38e-05,"log10(depth)"
-3.72713485333105,1.46802513990984,1.48786402153764,2.50502384584798,0.0122443,"eutro"
0.109395702214958,0.465684303246863,0.472030688606263,0.231755487207758,0.8167279,"log10(RT)"
