"estimate","std.error","Adjusted.SE","statistic","p.value","term"
-6.62859018168464,3.27067741592822,3.314554757622,1.99984331724852,0.0455172,"(Intercept)"
-1.79254061698,1.1058353374955,1.12077665601892,1.59937361949279,0.1097376,"human_impact"
1.29241095621975,0.469595443097896,0.475942973366675,2.71547439197943,0.0066181,"log10(area)"
-12.0382206073425,3.03757701161131,3.07857825890608,3.91031820370878,9.22e-05,"log10(depth)"
-2.68507854562552,1.41850436756834,1.43767271143929,1.86765633392138,0.06181,"eutro"
0.241813742225152,0.47713597929236,0.483638429068553,0.499988685123441,0.617083,"log10(RT)"
