"term","estimate","std.error","statistic","p.value"
"(Intercept)",-2.92163278607299,0.495469000972189,-5.89670146939624,3.70839901274927e-09
"human_impact",-2.58910686543722,0.194835039470415,-13.2887127103765,2.69169145213559e-40
"log10(area)",1.74909389835685,0.0919093942285245,19.0306324292366,9.50980689061947e-81
"depth",-6.10116699293719,0.251995553923998,-24.2114072964053,1.68715115486175e-129
"eutro",-1.48919195471485,0.187384256996982,-7.947262905543,1.90677469486672e-15
"log10(RT)",-0.155459035902937,0.0773417085812043,-2.01002846659011,0.0444281760851276
