"term","estimate","std.error","statistic","p.value"
"(Intercept)",-2.84446836808611,0.486499396981037,-5.84680759264535,5.01096539686257e-09
"human_impact",-2.39445116173451,0.193328045377062,-12.3854309759581,3.13396769327239e-35
"log10(area)",1.73978818473002,0.0909945743400305,19.1196914469729,1.73128662622048e-81
"depth",-6.07597520176301,0.24822951356078,-24.4772473450272,2.5811007575807e-132
"eutro",-1.59693267459126,0.186223425726899,-8.57535870343831,9.87784523209365e-18
"log10(RT)",-0.172841596577876,0.0774653120028082,-2.23121281137562,0.025667035750171
