"term","estimate","std.error","statistic","p.value"
"(Intercept)",-3.88966790105132,0.694295848303148,-5.60232055334571,2.1150095127878e-08
"human_impact",-0.440577421007496,0.298236756086697,-1.47727405162434,0.139602190703429
"log10(area)",1.46289710417171,0.117460491583067,12.4543758029241,1.32383168371911e-35
"depth",-5.11415862518811,0.325406040346879,-15.7162375343017,1.17072689060841e-55
"eutro",-0.64324435281569,0.279104489547093,-2.30467218158867,0.0211849400148705
"log10(RT)",-0.340209357796666,0.111353107143949,-3.05523003823206,0.00224887959457682
