"term","estimate","std.error","statistic","p.value"
"(Intercept)",-3.94567926292732,0.709234091832526,-5.56329610824606,2.64726127119815e-08
"human_impact",-0.302620503414323,0.297173939356512,-1.01832786572606,0.308522169978272
"log10(area)",1.5004374754804,0.119682288242439,12.5368381363246,4.69351197310581e-36
"depth",-5.2879476032775,0.332447902885508,-15.9060940297121,5.74901654523409e-57
"eutro",-0.598462844145203,0.282014088451088,-2.12210264895684,0.0338291190118079
"log10(RT)",-0.378808037234594,0.111254025513738,-3.40489286104814,0.000661900168738627
