"term","estimate","std.error","statistic","p.value"
"(Intercept)",-3.46022704325679,0.695947585549774,-4.9719650087202,6.6277669638358e-07
"human_impact",-0.390169180312316,0.296490753254511,-1.3159573309775,0.188188364455738
"log10(area)",1.35884519031283,0.115088476775124,11.8069612909026,3.59313756879239e-32
"depth",-4.95493090646622,0.318309432788205,-15.5663967073294,1.23152193205932e-54
"eutro",-0.75946605885593,0.280020303650861,-2.71218211306155,0.00668418588347151
"log10(RT)",-0.307245317923459,0.109588385063811,-2.80363030940327,0.00505308081522873
