"term","estimate","std.error","statistic","p.value"
"(Intercept)",-3.98250223805072,0.700848221933889,-5.68240328421121,1.32815023591963e-08
"human_impact",-0.232479194469059,0.295924029849877,-0.785604314009228,0.432099336317933
"log10(area)",1.46420874313643,0.117916171045537,12.4173701550315,2.10363391268897e-35
"depth",-5.02139340143914,0.323123099054223,-15.5401870560684,1.85441373953773e-54
"eutro",-0.618411450783071,0.279613168683261,-2.21166783272497,0.0269896246847429
"log10(RT)",-0.392058728308479,0.10992174583209,-3.56670761859408,0.000361494425416668
