"estimate","std.error","Adjusted.SE","statistic","p.value","term"
-4.76978974117406,3.20024129302016,3.24334437791117,1.47063931097134,0.1413887,"(Intercept)"
-1.89881675715993,1.08154591286603,1.09616361654751,1.73223844369188,0.0832311,"human_impact"
1.1256169545259,0.458869574508909,0.465070794720226,2.42031313792353,0.0155071,"log10(area)"
-13.6491252427478,3.29327515012969,3.33774893986818,4.08932052369609,4.33e-05,"log10(depth)"
-3.24589883683761,1.38583402174581,1.40456483643645,2.31096404568467,0.0208348,"eutro"
-0.200119961648849,0.443852427470393,0.449901286166708,0.444808600913171,0.6564581,"log10(RT)"
