"estimate","std.error","Adjusted.SE","statistic","p.value","term"
-6.04723112049091,3.7078454439428,3.75795007053714,1.60918346624721,0.1075762,"(Intercept)"
-1.93038541392232,1.20530506797772,1.22159272527686,1.58022012899989,0.1140565,"human_impact"
1.36210092117363,0.547105262815435,0.554498502172023,2.45645554647695,0.0140315,"log10(area)"
-14.8759450118859,3.52149919948581,3.56908669782734,4.16799766196254,3.07e-05,"log10(depth)"
-3.43762422194486,1.39267203725302,1.41149170472135,2.43545478194894,0.0148731,"eutro"
0.0507012477332016,0.458009539239188,0.464251332260827,0.109210774875529,0.9130353,"log10(RT)"
