"term","estimate","std.error","statistic","p.value"
"(Intercept)",-4.11824355494326,0.703066278299263,-5.85754669517845,4.69754760241361e-09
"human_impact",-0.211991826821191,0.296493248213264,-0.714997147822768,0.4746108056855
"log10(area)",1.42125632850364,0.116167893495827,12.2345020274874,2.03348113682709e-34
"depth",-4.85207554862567,0.315153898439358,-15.395892523155,1.74401393053797e-53
"eutro",-0.78139890269219,0.280527212154162,-2.78546561202332,0.00534509091641336
"log10(RT)",-0.269973640510289,0.111818677800441,-2.41438770177645,0.0157616808266987
