"term","estimate","std.error","statistic","p.value"
"(Intercept)",-2.86109869630269,0.488452847105351,-5.85747163366538,4.69967058155833e-09
"human_impact",-2.4271972931009,0.190266725607446,-12.7568143370935,2.8564575353935e-37
"log10(area)",1.71349563249914,0.0902321965916699,18.9898472742858,2.06929459704984e-80
"depth",-5.83962390316678,0.246350469236794,-23.7045373660469,3.23741774241627e-124
"eutro",-1.47598645012693,0.185714981799199,-7.94758955808322,1.90175517029478e-15
"log10(RT)",-0.212940252668852,0.0759186474969133,-2.80484781657246,0.00503403416103098
