"term","estimate","std.error","statistic","p.value"
"(Intercept)",-3.79134370922445,0.696545754566775,-5.44306484443728,5.23715713560329e-08
"human_impact",-0.385387108787161,0.296865084254767,-1.29818941070357,0.194222256004078
"log10(area)",1.47824545432693,0.11772498086089,12.5567695447214,3.64930470284068e-36
"depth",-5.19142013671971,0.326536004437618,-15.8984616280239,6.49399309428402e-57
"eutro",-0.693769873282264,0.277330406386036,-2.50160046394824,0.0123633359460404
"log10(RT)",-0.372685391024762,0.112844925957211,-3.30263313005388,0.000957816097794537
