"term","estimate","std.error","statistic","p.value"
"(Intercept)",-3.68070827699185,0.683949655175564,-5.38154855279084,7.38477788076177e-08
"human_impact",-0.398412604713696,0.296922227313687,-1.34180794856017,0.1796582743136
"log10(area)",1.42552922400991,0.115799481690922,12.3103247371586,7.97018534774666e-35
"depth",-4.79175583848367,0.309461341328593,-15.4841823470146,4.43667385316983e-54
"eutro",-0.631286070667481,0.278586570252338,-2.26603195586806,0.0234494267603688
"log10(RT)",-0.455083185062332,0.114151130845651,-3.98667259527785,6.70063888500435e-05
