"term","estimate","std.error","statistic","p.value"
"(Intercept)",-3.91227542554411,0.699541772832312,-5.59262588380397,2.23660880592991e-08
"human_impact",-0.276734198421776,0.29647452443728,-0.933416451032442,0.350604989698387
"log10(area)",1.46266716267952,0.117534509564258,12.4445762193772,1.49676678703952e-35
"depth",-5.06728391726171,0.324382502120907,-15.6213232345467,5.21127911639155e-55
"eutro",-0.734848767443041,0.282607063296123,-2.60024911929766,0.00931561067923175
"log10(RT)",-0.358546797963109,0.1114059448902,-3.21838119425751,0.00128916364268406
