"term","estimate","std.error","statistic","p.value"
"(Intercept)",-3.93431167681327,0.70862895247621,-5.55200526744686,2.8241108273069e-08
"human_impact",-0.400443967525248,0.298196256151684,-1.34288730748368,0.179308466932395
"log10(area)",1.4351503009247,0.118069943182553,12.1550858943479,5.3905105118538e-34
"depth",-5.04509684738866,0.322362672006807,-15.6503754481912,3.30265320860142e-55
"eutro",-0.575343494141683,0.277207275886115,-2.07549925341083,0.0379402879850304
"log10(RT)",-0.304137934319602,0.111752919478762,-2.72152115343531,0.00649822260607685
