"term","estimate","std.error","statistic","p.value"
"(Intercept)",-4.01440569027961,0.708828194167853,-5.66343963644452,1.48368379143661e-08
"human_impact",-0.167859258777636,0.299252571515503,-0.560928375410601,0.574846365319229
"log10(area)",1.44601637379106,0.118000046480285,12.2543712220712,1.59179183554323e-34
"depth",-5.19230200858643,0.328262608942151,-15.8175249545447,2.35572794725198e-56
"eutro",-0.771135667301283,0.279795373132647,-2.756070118914,0.00585004544986419
"log10(RT)",-0.252235908003403,0.110491874740426,-2.28284576215194,0.0224394552812536
