"estimate","std.error","Adjusted.SE","statistic","p.value","term"
-7.58632507558201,3.34569667868702,3.39048272380297,2.2375353876078,0.0252514,"(Intercept)"
-1.98347071055846,1.11711712381895,1.13222559000046,1.75183349332146,0.0798024,"human_impact"
1.43581495883353,0.486574905517772,0.493144226034778,2.91155179972091,0.0035964,"log10(area)"
-11.8422973158527,3.02501813721246,3.06577978507911,3.86273579514359,0.0001121,"log10(depth)"
-1.59648362471118,1.36802328906689,1.3865184000076,1.15143342108005,0.249554,"eutro"
-0.401906997883301,0.474629077977207,0.481097363488697,0.835396384151548,0.4034946,"log10(RT)"
