"term","estimate","std.error","statistic","p.value"
"(Intercept)",-2.61436398384421,0.479389543311651,-5.453527346016,4.93803480248823e-08
"human_impact",-2.3850228953423,0.1873115902934,-12.7329168024598,3.88066202498847e-37
"log10(area)",1.62277802468229,0.0882622077802185,18.3858761920297,1.70463244909674e-75
"depth",-5.64180265852075,0.239196918165135,-23.5864354014202,5.31082036406589e-123
"eutro",-1.33716504758955,0.181137783072001,-7.38203275380728,1.55890827416599e-13
"log10(RT)",-0.197596543772872,0.0749179985566223,-2.63750430577147,0.00835185652585574
