"term","estimate","std.error","statistic","p.value"
"(Intercept)",-13.3920376838134,4.45670871863915,-3.00491652680919,0.00265653744260739
"human_impact",-3.14049285220189,1.47902520813974,-2.12335316187874,0.0337242689780592
"log10(area)",2.53540909097648,0.664933702833245,3.81302538910757,0.000137276004442123
"log10(depth)",-29.1096703520291,6.20393846255167,-4.69212751347253,2.70378511594268e-06
"eutro",-4.96956697893184,1.97028985296559,-2.52225172425868,0.0116606231455258
"log10(RT)",0.465847224771271,0.564757583404763,0.824862274469712,0.409449786479846
