"term","estimate","std.error","statistic","p.value"
"(Intercept)",-3.71075532420713,0.699036845307857,-5.30838302603765,1.10602029824379e-07
"human_impact",-0.302464856544591,0.300366341019739,-1.00698652025299,0.313941251977605
"log10(area)",1.4396992062932,0.115850761503477,12.4271881134764,1.86064730244679e-35
"depth",-5.18823781032421,0.326159176300012,-15.9070729487982,5.65984485894245e-57
"eutro",-0.73936666448,0.28165572727636,-2.62507235918741,0.0086630554780167
"log10(RT)",-0.348055560429114,0.11084958243338,-3.13989058676241,0.00169010944897705
