"estimate","std.error","Adjusted.SE","statistic","p.value","term"
-5.09987845804597,3.50999259193919,3.55731519593073,1.43363131382898,0.1516775,"(Intercept)"
-1.8676056990918,1.0885071123903,1.10321680756085,1.69287277558885,0.0904797,"human_impact"
1.22677717996642,0.504865270823525,0.511688144317274,2.39750948617982,0.016507,"log10(area)"
-14.9667824448281,3.41566972106995,3.46178483844522,4.32342942825704,1.54e-05,"log10(depth)"
-3.75832993604424,1.45477129632182,1.47443212863382,2.54900165498064,0.0108032,"eutro"
0.137712935869322,0.433980428935075,0.439894751194289,0.313058829402805,0.754236,"log10(RT)"
