"term","estimate","std.error","statistic","p.value"
"(Intercept)",-8.03057784507934,4.00671681339116,-2.00427886948229,0.0450401960832426
"human_impact",-3.18802435342653,1.35579933557372,-2.35139837421256,0.0187029978344394
"log10(area)",1.79508801023279,0.571850070632381,3.13908855208795,0.00169474225783248
"log10(depth)",-20.0224304706322,4.62468827816999,-4.32946595885056,1.4947137226415e-05
"eutro",-3.89382300105483,1.72352054505851,-2.25922633311148,0.0238693095919995
"log10(RT)",-0.129531399654922,0.536320638258414,-0.241518581264274,0.809153216902624
