"estimate","std.error","Adjusted.SE","statistic","p.value","term"
-8.41409045315744,3.83288381796208,3.88410859977589,2.16628609551312,0.0302893,"(Intercept)"
-3.06733658074177,1.29266923888741,1.31014288430446,2.34122294406858,0.0192207,"human_impact"
1.6903740295198,0.551913634876332,0.559367250526424,3.02193957177325,0.0025116,"log10(area)"
-17.525184827373,3.88479603579815,3.93694112796916,4.45147241417178,8.5e-06,"log10(depth)"
-2.78973130360208,1.59823566834711,1.61982802385089,1.72223918991717,0.0850262,"eutro"
0.28532655779697,0.499491422744789,0.50629853440896,0.563553987234139,0.5730577,"log10(RT)"
