"term","estimate","std.error","statistic","p.value"
"(Intercept)",-2.74500553458279,0.488099881170235,-5.62386028040316,1.86736704573451e-08
"human_impact",-2.49637778141559,0.192600755783867,-12.9614121775149,2.02485147559629e-38
"log10(area)",1.71163192547816,0.0899854222771439,19.0212134606264,1.13818559364588e-80
"depth",-6.02049607347848,0.247094529243848,-24.3651532549192,4.00553785305172e-131
"eutro",-1.52063254251975,0.186711738168807,-8.14427929081212,3.81547623424867e-16
"log10(RT)",-0.156676293990976,0.0767044724584526,-2.04259659142875,0.0410923888154803
