"estimate","std.error","Adjusted.SE","statistic","p.value","term"
-8.05250372513899,3.73846489700059,3.78889940343087,2.12528834042081,0.0335626,"(Intercept)"
-1.7852486501996,1.22689242964942,1.24347252904212,1.43569609179451,0.1510888,"human_impact"
1.62595240074049,0.55210407788248,0.559565141997595,2.90574283261461,0.0036638,"log10(area)"
-17.0715621410177,3.84367263480134,3.89559471316581,4.38227367013348,1.17e-05,"log10(depth)"
-3.38344908600774,1.51609619639697,1.53658529924814,2.20192727840315,0.0276704,"eutro"
0.12944926822658,0.46364713911568,0.469965761828741,0.275444040269795,0.7829751,"log10(RT)"
