"estimate","std.error","Adjusted.SE","statistic","p.value","term"
-5.84889608073405,3.38994763274496,3.43563359005444,1.70242138092537,0.0886764,"(Intercept)"
-2.35451810813016,1.19357249670987,1.20970345531344,1.94635974443844,0.0516115,"human_impact"
1.23466955821316,0.50331823306427,0.510120311234387,2.42034973127321,0.0155056,"log10(area)"
-14.5428813829642,3.5270946241823,3.57470781831156,4.06827134471462,4.74e-05,"log10(depth)"
-2.67799930666378,1.40868474969174,1.4277231446757,1.87571331084086,0.0606947,"eutro"
0.150331020816658,0.435196683946039,0.441127581432163,0.340788078425281,0.7332631,"log10(RT)"
