"term","estimate","std.error","statistic","p.value"
"(Intercept)",-10.4537137677834,4.10343555535153,-2.54755158860729,0.0108481812064631
"human_impact",-1.88654664110905,1.26863379089568,-1.48706951891697,0.136996451002445
"log10(area)",1.72093338892901,0.556897753758648,3.09021427598509,0.00200012142188126
"log10(depth)",-22.5179120993156,4.71590312462851,-4.77488860653587,1.79806754149086e-06
"eutro",-3.65016804870422,1.69147581125205,-2.15797827224164,0.0309295211429533
"log10(RT)",0.806879629952532,0.517834005008666,1.55818200841992,0.119190108676441
