"estimate","std.error","Adjusted.SE","statistic","p.value","term"
-4.36510402280031,3.56122657400222,3.60934275877289,1.20939027256153,0.2265129,"(Intercept)"
-3.27903424960094,1.18487956737945,1.20089129493295,2.73050047363699,0.0063238,"human_impact"
1.08706369519771,0.514543780918285,0.521497051608841,2.08450592739512,0.0371142,"log10(area)"
-13.4201513147071,3.5292497180988,3.57693954567628,3.75185298586582,0.0001755,"log10(depth)"
-2.74768337127572,1.46788177905861,1.48771800235536,1.84691142200711,0.06476,"eutro"
0.0592565804748894,0.447943037461696,0.454047643339479,0.130507406753755,0.896165,"log10(RT)"
