"term","estimate","std.error","statistic","p.value"
"(Intercept)",-2.83807442077983,0.493440666906873,-5.75160219073605,8.84016189117300e-09
"human_impact",-2.44279646452836,0.192962401853588,-12.6594426741322,9.9201094145683e-37
"log10(area)",1.68451024993389,0.0903487779957517,18.6445272122341,1.39885542878531e-77
"depth",-5.81254408340773,0.242290980812215,-23.9899317090663,3.54216966758513e-127
"eutro",-1.39325365192754,0.185053433132208,-7.52892625846157,5.1159263619432e-14
"log10(RT)",-0.196358119568527,0.0760655261706615,-2.5814337907553,0.00983908624218677
