"term","estimate","std.error","statistic","p.value"
"(Intercept)",-5.64118138871965,3.67432588742994,-1.53529696644993,0.124710898963591
"human_impact",-2.74997838291641,1.17841237040892,-2.33362993462309,0.0196151077465618
"log10(area)",1.25285826221533,0.502595771893645,2.49277517296833,0.0126749074914952
"log10(depth)",-14.3171943600553,3.59851099024668,-3.97864405551637,6.93094123736297e-05
"eutro",-3.26928759299921,1.43612383806264,-2.27646635084726,0.0228181123622536
"log10(RT)",0.0960309773681555,0.520271546920917,0.18457856851194,0.853559596940306
