"term","estimate","std.error","statistic","p.value"
"(Intercept)",-3.52728643035617,0.681038258296262,-5.17927794420875,2.22746381854708e-07
"human_impact",-0.36786866384681,0.290810596822729,-1.26497681950377,0.205879637557131
"log10(area)",1.39056223869908,0.114168829184095,12.1798764920049,3.9788393454179e-34
"depth",-4.95306571320702,0.317284863947288,-15.6107847427285,6.14761634156168e-55
"eutro",-0.732132534918475,0.276618084226461,-2.64672693748792,0.00812749514131642
"log10(RT)",-0.357940481760212,0.108019785331624,-3.313656666335,0.00092084503245375
