"term","estimate","std.error","statistic","p.value"
"(Intercept)",-3.5409101723282,0.70446750454296,-5.0263640969862,4.9986643224569e-07
"human_impact",-0.607210682614731,0.298304169871562,-2.03554205385788,0.0417963615738637
"log10(area)",1.4076370077427,0.11836930404349,11.8919091323332,1.30391535038075e-32
"depth",-5.10441968231256,0.331390310960461,-15.4030444267322,1.5614161701522e-53
"eutro",-0.791603830170855,0.280562216581554,-2.82149121794079,0.00478009462790292
"log10(RT)",-0.269430625613705,0.111434814960555,-2.41783167773085,0.0156132973613114
