"estimate","std.error","Adjusted.SE","statistic","p.value","term"
-6.25744908885399,3.53665911376889,3.58438473350549,1.74575263373981,0.0808539,"(Intercept)"
-1.81801238902226,1.148315607338,1.16383226563047,1.56209141360881,0.1182665,"human_impact"
1.45252255318302,0.518634001975159,0.525642744513815,2.76332655276447,0.0057215,"log10(area)"
-16.8004604169094,3.71066277103352,3.76079266368053,4.46726579190554,7.9e-06,"log10(depth)"
-3.98622625311854,1.53851406048854,1.55930561032977,2.55641115295898,0.0105758,"eutro"
-0.136307661844844,0.533544524359795,0.540815714593987,0.252040867464762,0.8010095,"log10(RT)"
