"term","estimate","std.error","statistic","p.value"
"(Intercept)",-12.1397897725343,4.50589117266833,-2.69420394486476,0.00705569772285728
"human_impact",-3.15824032191334,1.38797068468696,-2.2754373393885,0.022879707584261
"log10(area)",2.07654900919999,0.632861704625118,3.28120503108978,0.00103364576387092
"log10(depth)",-23.6988720073682,5.14556325342768,-4.60569054157119,4.11099360589044e-06
"eutro",-3.60681171223615,1.7411319480914,-2.07153266941651,0.0383090447074312
"log10(RT)",0.80480453458678,0.547559825475392,1.46980201457996,0.14161538339036
