"term","estimate","std.error","statistic","p.value"
"(Intercept)",-3.64540930883854,0.689528292691505,-5.2868161429737,1.24463622913499e-07
"human_impact",-0.680036112402795,0.290122216894636,-2.34396427713002,0.0190799987601639
"log10(area)",1.45953577615782,0.116642627913535,12.5128848883596,6.34762707559345e-36
"depth",-5.01110067395418,0.320499058422609,-15.6353054471273,4.1846347853032e-55
"eutro",-0.704542869244025,0.280767283022283,-2.50934817497276,0.0120954198676782
"log10(RT)",-0.377326007650585,0.110861837392488,-3.40356985348101,0.000665114041689073
