"term","estimate","std.error","statistic","p.value"
"(Intercept)",-3.24194654620669,0.498161309880915,-6.50782483886931,7.62467478063333e-11
"human_impact",-2.4947604190626,0.192576661498633,-12.9546353106776,2.21184738782105e-38
"log10(area)",1.75774460272297,0.0925299982356711,18.9964836943588,1.82360197079898e-80
"depth",-5.84589732376579,0.244826801995264,-23.8776852702543,5.22425791331835e-126
"eutro",-1.3615505926733,0.18457214987522,-7.3767932680731,1.62147484720864e-13
"log10(RT)",-0.195602316233045,0.0763551005152963,-2.56174525228815,0.0104147679469442
