"term","estimate","std.error","statistic","p.value"
"(Intercept)",-2.73006796343986,0.490478617016144,-5.56613044631465,2.60458295742769e-08
"human_impact",-2.46133000958334,0.190220388445844,-12.9393596012138,2.69869642280632e-38
"log10(area)",1.69100692260917,0.0902676128185015,18.7332629035979,2.65155477378319e-78
"depth",-5.84059583703696,0.244648822710143,-23.8733862372059,5.79000938658805e-126
"eutro",-1.5231158861856,0.187179104008595,-8.13721111794435,4.04487040036986e-16
"log10(RT)",-0.193536709256408,0.0767254169703808,-2.52245887866756,0.0116537574662956
