"estimate","std.error","Adjusted.SE","statistic","p.value","term"
-4.48834541304715,3.41058783606033,3.45651248548298,1.29851850149472,0.1941092,"(Intercept)"
-1.75854762970574,1.12731788738377,1.14255254551712,1.53913939153653,0.1237703,"human_impact"
1.18201723078908,0.481517071603212,0.488025350228584,2.42204063833045,0.0154336,"log10(area)"
-15.933587751192,3.72989261235812,3.78021141088338,4.2149991149486,2.5e-05,"log10(depth)"
-4.32017225409421,1.618621820666,1.64049169923094,2.63346181886778,0.0084519,"eutro"
0.197092080893883,0.464178259683445,0.470504120552852,0.418895546891907,0.6752925,"log10(RT)"
