"term","estimate","std.error","statistic","p.value"
"(Intercept)",-3.65933270455452,0.686576475434279,-5.32982535156028,9.83072581463689e-08
"human_impact",-0.420801367698665,0.296372983103478,-1.41983713661155,0.155655100670855
"log10(area)",1.40915446708373,0.115673195439122,12.1822040251785,3.8668870140312e-34
"depth",-4.94903673189413,0.322453033164922,-15.3480855283594,3.64793822975221e-53
"eutro",-0.689472117413901,0.2770852471256,-2.48830323723937,0.0128354240104945
"log10(RT)",-0.344029667203485,0.110599625930171,-3.11058617341703,0.00186716406584798
