"term","estimate","std.error","statistic","p.value"
"(Intercept)",-4.14724620272005,0.706646180982849,-5.86891476148896,4.38656867836268e-09
"human_impact",-0.0836295311089879,0.296764903499747,-0.281803980601296,0.778093818509334
"log10(area)",1.48042008527756,0.118611357918624,12.4812674878339,9.44707050946443e-36
"depth",-5.20704996432379,0.327583776006114,-15.8953231072915,6.82755229590204e-57
"eutro",-0.839761171691107,0.278425529417362,-3.01610694051083,0.00256042939637319
"log10(RT)",-0.288029138333366,0.111388108559196,-2.5858158654368,0.00971488140386011
