"term","estimate","std.error","statistic","p.value"
"(Intercept)",-4.21875331327433,0.706160461501867,-5.97421343061584,2.31202954131837e-09
"human_impact",-0.311698264203025,0.299603528708479,-1.04036913565966,0.298168435364654
"log10(area)",1.47581397408494,0.117624057066483,12.5468718805608,4.13525584933058e-36
"depth",-4.8655194184514,0.313660241866571,-15.5120693317617,2.87463085140083e-54
"eutro",-0.395493263928906,0.281126071344848,-1.40681816537666,0.159481314610266
"log10(RT)",-0.432583161691245,0.111440562220354,-3.88173886664256,0.000103712212017287
