"term","estimate","std.error","statistic","p.value"
"(Intercept)",-3.83371125708445,0.70550139750451,-5.43402361872704,5.50972831744984e-08
"human_impact",-0.25810150980843,0.297978123330197,-0.866176036428088,0.386393632605999
"log10(area)",1.4191119742353,0.117696712143528,12.05736293215,1.77371586430249e-33
"depth",-4.97112791310893,0.321249988006865,-15.4743287118899,5.17098536929469e-54
"eutro",-0.629126524352962,0.280265593268892,-2.24475119123654,0.0247841097212298
"log10(RT)",-0.359713030221398,0.110146377418039,-3.2657726804412,0.00109165844853655
