"term","estimate","std.error","statistic","p.value"
"(Intercept)",-4.81636122140539,4.14762938268754,-1.1612323033271,0.245547441260281
"human_impact",-2.80585700471988,1.24390703958418,-2.25568062196821,0.0240906400157122
"log10(area)",1.06690387359192,0.551615504399045,1.93414410052569,0.0530954130129316
"log10(depth)",-16.1126509789175,3.82226712503381,-4.21546962884625,2.49258937049813e-05
"eutro",-3.71111536504951,1.55256113496824,-2.39031834654641,0.016833774298622
"log10(RT)",0.374066909648329,0.53256045066499,0.702393332402442,0.482433902281447
