"term","estimate","std.error","statistic","p.value"
"(Intercept)",-3.82370107003132,0.69449972260237,-5.50569128480495,3.67722435470222e-08
"human_impact",-0.332191009316934,0.294835823903516,-1.12669825843702,0.259870079032112
"log10(area)",1.43158434684676,0.115625631339819,12.3812024224922,3.30355945195969e-35
"depth",-5.0221989982204,0.321697073647296,-15.6115781262178,6.07163759456243e-55
"eutro",-0.762943091746906,0.27723709949293,-2.7519516440705,0.00592412677836133
"log10(RT)",-0.319476539053041,0.109675873328453,-2.91291538747346,0.00358071609971167
