"estimate","std.error","Adjusted.SE","statistic","p.value","term"
-9.18211864288957,3.98962814588555,4.0419398547505,2.27171085489998,0.023104,"(Intercept)"
-3.57294167439151,1.37857995070707,1.39722295641973,2.55717361211047,0.0105527,"human_impact"
1.86879894775541,0.582566285127403,0.590420254025192,3.16520128673579,0.0015498,"log10(area)"
-18.9519805065117,4.44181241013736,4.50118000530872,4.21044714589499,2.55e-05,"log10(depth)"
-3.04890564349591,1.61226386890989,1.63406011015964,1.86584668736455,0.0620628,"eutro"
0.422449983366503,0.505978498349103,0.512874016432287,0.823691530144571,0.4101149,"log10(RT)"
