"estimate","std.error","Adjusted.SE","statistic","p.value","term"
-11.2675891838277,3.96082406156494,4.01296193604262,2.80779866926403,0.0049881,"(Intercept)"
-1.05671479721197,1.17083183373317,1.18661037883275,0.890532238771955,0.3731802,"human_impact"
2.00622727682829,0.589521216216076,0.597342089304674,3.35859018266,0.0007834,"log10(area)"
-14.9736901865178,3.4484207575562,3.49472878552286,4.28465014182139,1.83e-05,"log10(depth)"
-2.66989221393817,1.41569834662026,1.4346627264416,1.86098946095875,0.0627457,"eutro"
0.00654448831044334,0.457730534974234,0.463899074026097,0.0141075692470022,0.9887442,"log10(RT)"
