"estimate","std.error","Adjusted.SE","statistic","p.value","term"
-11.9770820422528,4.28826078166326,4.34599190829208,2.75589147310668,0.0058532,"(Intercept)"
-2.49894050740573,1.35690556201404,1.37524452760103,1.81708813033044,0.0692036,"human_impact"
2.46819600755705,0.660600037690218,0.66952893809283,3.68646650970423,0.0002274,"log10(area)"
-25.1123797413229,5.24171409175847,5.31247916197371,4.72705472824727,2.3e-06,"log10(depth)"
-4.58032239210573,1.76211447183992,1.78592005003055,2.56468501601031,0.010327,"eutro"
-0.257200473875343,0.564382047580607,0.572073494208506,0.449593411474505,0.6530036,"log10(RT)"
