"estimate","std.error","Adjusted.SE","statistic","p.value","term"
-7.05394126103386,3.68760072346234,3.73718425943213,1.88750159782213,0.0590929,"(Intercept)"
-1.66675412302446,1.21976645914307,1.2362492298094,1.34823471095828,0.1775829,"human_impact"
1.54391218605579,0.524078963562596,0.531161147326546,2.90667379161042,0.0036529,"log10(area)"
-18.0168658421177,4.1587582667164,4.21485706875475,4.27460897207616,1.91e-05,"log10(depth)"
-4.16737212351515,1.6500736251318,1.67237201286952,2.49189300672678,0.0127064,"eutro"
0.200864794392766,0.4730372191281,0.479483810651573,0.418918824641462,0.6752755,"log10(RT)"
