"estimate","std.error","Adjusted.SE","statistic","p.value","term"
-5.70108158225596,3.1733560157365,3.21613159686088,1.77265183670361,0.0762864,"(Intercept)"
-1.58201626593478,1.059656046359,1.07397753804196,1.47304409067908,0.1407391,"human_impact"
1.21949204353913,0.460620954761186,0.466846496061351,2.61219063188358,0.0089964,"log10(area)"
-13.2353879028589,3.19089672697145,3.23395994809938,4.09262579477442,4.27e-05,"log10(depth)"
-3.22362056613265,1.42805289038989,1.44734993773528,2.22725719750731,0.0259301,"eutro"
0.165926789802068,0.428619228691793,0.434460488057335,0.381914568443266,0.7025247,"log10(RT)"
