"term","estimate","std.error","statistic","p.value"
"(Intercept)",-3.63591657923084,0.690342546013819,-5.26682963439727,1.38799905141346e-07
"human_impact",-0.461298418260908,0.293371802982177,-1.57240202900118,0.115857344025929
"log10(area)",1.39534093265923,0.115571818687237,12.0733665742108,1.46035293213762e-33
"depth",-4.91196020501354,0.320006195337889,-15.349578466214,3.56495285250412e-53
"eutro",-0.745817356969239,0.275600028258954,-2.70615849236586,0.00680665515687545
"log10(RT)",-0.312575333062255,0.10866158211677,-2.87659471703951,0.00401991531385026
