"term","estimate","std.error","statistic","p.value"
"(Intercept)",-2.82482983709798,0.491600727614667,-5.74618725811199,9.12782176879551e-09
"human_impact",-2.58064807209894,0.194004461340908,-13.3020037491003,2.25347167969939e-40
"log10(area)",1.75491930425716,0.0907501516054345,19.3379214603104,2.57653038386868e-83
"depth",-6.17222868523597,0.252148517645153,-24.478544402637,2.50030794812366e-132
"eutro",-1.47425583408797,0.187920030976105,-7.84512340930501,4.32527927355016e-15
"log10(RT)",-0.184920402642447,0.0783396697442413,-2.36049504990465,0.0182505618876762
