"term","estimate","std.error","statistic","p.value"
"(Intercept)",-2.77460968662056,0.499825792288836,-5.55115348072551,2.83790787189392e-08
"human_impact",-2.57697366555757,0.197239832422574,-13.0651787415666,5.20622001939203e-39
"log10(area)",1.82573042494596,0.0934074643107737,19.5458728958921,4.47274875603785e-85
"depth",-6.49149559077802,0.261321505053029,-24.8410309341389,3.23251854815843e-136
"eutro",-1.63900972700146,0.192117917827407,-8.53126947000277,1.44750424160779e-17
"log10(RT)",-0.200586945517972,0.0790761585167506,-2.53662986771773,0.0111925220488046
