"estimate","std.error","Adjusted.SE","statistic","p.value","term"
-10.5903338129403,3.83205116123905,3.88210296551927,2.72798890369557,0.0063722,"(Intercept)"
-1.50158376815056,1.22729033507077,1.2438297349609,1.20722613871083,0.2273451,"human_impact"
1.94471147699048,0.564348916442481,0.571923294747958,3.40030122019684,0.0006731,"log10(area)"
-18.5344216521048,4.04360654396469,4.09775840620359,4.52306354226388,6.1e-06,"log10(depth)"
-3.09939860841497,1.49851192011328,1.51822549715518,2.04146130744252,0.041205,"eutro"
0.268867850972631,0.46790695679376,0.474212636915763,0.566977406425361,0.5707295,"log10(RT)"
