"estimate","std.error","Adjusted.SE","statistic","p.value","term"
-6.29434250070237,3.40585720045899,3.45140516302976,1.82370431849763,0.0681968,"(Intercept)"
-2.12526397128062,1.16045551423235,1.17613846076542,1.80698450240078,0.0707647,"human_impact"
1.2464009835896,0.489148825240569,0.495736818460669,2.51423928418278,0.0119289,"log10(area)"
-12.7673658009585,3.20496312448267,3.24823358311539,3.93055655459152,8.47e-05,"log10(depth)"
-1.61328469153724,1.38097980454813,1.39959297194831,1.15268133226724,0.2490412,"eutro"
-0.489255570741716,0.536714753104269,0.544029147485883,0.899318672543022,0.3684829,"log10(RT)"
