"term","estimate","std.error","statistic","p.value"
"(Intercept)",-3.22443043590965,0.69620287784536,-4.63145232304808,3.63109619324432e-06
"human_impact",-0.799327633855384,0.29283685256127,-2.72960055014982,0.00634111080846712
"log10(area)",1.42662538046199,0.117576229428095,12.1336207786325,7.00808406100381e-34
"depth",-5.34287044819551,0.335909128990792,-15.9057018314676,5.78513407125257e-57
"eutro",-0.668880752841972,0.280552674464252,-2.38415389951023,0.0171184417470374
"log10(RT)",-0.315520812400077,0.109947346147937,-2.86974468647506,0.00410803351935923
