"estimate","std.error","Adjusted.SE","statistic","p.value","term"
-8.29856850773896,3.89987323035736,3.95131439681892,2.10020455836667,0.0357109,"(Intercept)"
-2.30725456418062,1.21517805257972,1.23158347808543,1.87340493375844,0.0610125,"human_impact"
1.62318306027483,0.566297954421726,0.573940865731014,2.82813641124408,0.004682,"log10(area)"
-12.82110210019,3.30721126171171,3.35153116765932,3.82544617931875,0.0001305,"log10(depth)"
-2.43473046804062,1.41905568534868,1.43824533698037,1.69284780936777,0.0904844,"eutro"
-0.374963010851898,0.457929918656865,0.464170626602425,0.807812880355017,0.4191983,"log10(RT)"
