"term","estimate","std.error","statistic","p.value"
"(Intercept)",-3.50126833496025,0.691937747663548,-5.06009152815107,4.19055271035798e-07
"human_impact",-0.307144085330908,0.295947625474546,-1.03783257202489,0.299348009701414
"log10(area)",1.4153618372527,0.116338494416555,12.1658943959248,4.72244290631489e-34
"depth",-5.02626775997897,0.320781917412099,-15.6688001634515,2.47201975293204e-55
"eutro",-0.716893086180425,0.281823259331642,-2.54376834573758,0.0109663786414751
"log10(RT)",-0.419193159560391,0.112135612850451,-3.73826966210499,0.000185291145158429
