"term","estimate","std.error","statistic","p.value"
"(Intercept)",-2.80339544486592,0.486330805631873,-5.76437974399661,8.19586914261649e-09
"human_impact",-2.41883758905721,0.190305581320153,-12.7102819175228,5.18471883038565e-37
"log10(area)",1.68335529484695,0.089453701874223,18.8181736426497,5.36005414369602e-79
"depth",-5.82089352715278,0.244486784247705,-23.8086223967643,2.71907251515463e-125
"eutro",-1.48957063302185,0.185155786009248,-8.04495860014576,8.62745842160261e-16
"log10(RT)",-0.166872177739638,0.0767008495528114,-2.1756235910365,0.0295834178514568
