"term","estimate","std.error","statistic","p.value"
"(Intercept)",-7.15794674882461,3.5812838682503,-1.99870968405578,0.0456397746030078
"human_impact",-1.40864948065377,1.26386680745607,-1.11455532524754,0.265041023662865
"log10(area)",1.65222017915592,0.530834643693732,3.11249500910339,0.00185513150611196
"log10(depth)",-19.7255048639515,4.11653853736661,-4.79176975628901,1.65316555440152e-06
"eutro",-4.9782265388138,1.69324035724744,-2.94005899251449,0.00328149763321651
