"estimate","std.error","Adjusted.SE","statistic","p.value","term"
-4.39621644456269,3.2069992901189,3.25033700631028,1.35254173214278,0.1762021,"(Intercept)"
-1.76267820060345,1.05475614022862,1.06900933214204,1.64888944147145,0.0991703,"human_impact"
1.00336408748248,0.451441369394023,0.457541879897237,2.19294480257814,0.0283114,"log10(area)"
-10.8425129001498,2.83071179680382,2.86896491247982,3.77924207193526,0.0001573,"log10(depth)"
-2.74958460495437,1.35642074415686,1.37475056142661,2.00006072527154,0.0454937,"eutro"
0.0479742609614865,0.457115269620659,0.463344875459748,0.103538991154018,0.9175352,"log10(RT)"
