"term","estimate","std.error","statistic","p.value"
"(Intercept)",-9.62350082487362,4.34175386037357,-2.21650078156333,0.026657224416039
"human_impact",-2.40368895796525,1.23999015542437,-1.93847422695274,0.0525653922267712
"log10(area)",1.9855454156588,0.621912423082371,3.19264472289826,0.00140976280411092
"log10(depth)",-20.004888666657,4.61488521398668,-4.33486159222914,1.45851860750331e-05
"eutro",-3.9372921979741,1.79978610699818,-2.18764451101415,0.0286955068991289
"log10(RT)",-0.0230970486544826,0.50244318712728,-0.04596947325834,0.963334580988062
