"estimate","std.error","Adjusted.SE","statistic","p.value","term"
-8.13518873244886,3.61658538616401,3.66545986924961,2.21941830565296,0.0264583,"(Intercept)"
-2.64309560567355,1.11395821162208,1.1290114384671,2.34107070630052,0.0192285,"human_impact"
1.63323749343065,0.535538027644964,0.542774945278959,3.00905100288158,0.0026207,"log10(area)"
-14.0337699981115,3.49585594795948,3.54309780023498,3.96087570520373,7.47e-05,"log10(depth)"
-2.57513430659312,1.52294501728911,1.54352509636,1.66834625019438,0.095247,"eutro"
0.0444567765287858,0.452337313813076,0.458501805263353,0.0969609628979559,0.9227574,"log10(RT)"
