"term","estimate","std.error","statistic","p.value"
"(Intercept)",-3.89195737096553,0.707086354657694,-5.50421790114965,3.70810689757314e-08
"human_impact",-0.38903782690672,0.296542995663321,-1.3119103556518,0.189550383022628
"log10(area)",1.53412572840723,0.120926907027189,12.6863885476067,7.03558331124556e-37
"depth",-5.41560412816542,0.340181112721976,-15.9197672229131,4.620928391855e-57
"eutro",-0.781811240546001,0.285012226690636,-2.74307965529708,0.00608659188758553
"log10(RT)",-0.369103859479294,0.111787517169545,-3.30183430874025,0.000960547929736589
