"term","estimate","std.error","statistic","p.value"
"(Intercept)",-3.21364038909841,0.492987041524454,-6.51871168694604,7.09138073333462e-11
"human_impact",-2.38675145951677,0.190022895503498,-12.5603362331295,3.488471587186e-36
"log10(area)",1.77875629922603,0.0912676371405222,19.4894527233934,1.34916206577236e-84
"depth",-5.92753421343653,0.24573362385144,-24.1217873261823,1.47692448207049e-128
"eutro",-1.66978307902835,0.18665124331516,-8.94600565938328,3.68578189673871e-19
"log10(RT)",-0.163213163081621,0.0762915515213794,-2.13933469469267,0.0324085717539688
