"term","estimate","std.error","statistic","p.value"
"(Intercept)",-3.62341659972384,0.699546910181356,-5.17966207410518,2.22288209541262e-07
"human_impact",-0.386191516675715,0.296933941608621,-1.30059741430551,0.19339629257675
"log10(area)",1.48588976302196,0.119374523110161,12.4472938136955,1.44667625095882e-35
"depth",-5.3352872269921,0.334200878257854,-15.9643124063715,2.26524272782151e-57
"eutro",-0.753000934698402,0.281193617827602,-2.67787348986015,0.00740911970375842
"log10(RT)",-0.401987616357713,0.11290172018659,-3.5605092260185,0.000370136305467055
