"estimate","std.error","Adjusted.SE","statistic","p.value","term"
-5.84371239362818,3.15585419522814,3.19821294794884,1.82718051885069,0.0676726,"(Intercept)"
-1.76558187001676,1.09857305174211,1.11341833182349,1.58573091492502,0.1128004,"human_impact"
1.2159202459526,0.472730147014195,0.479119896316443,2.53782039798557,0.0111545,"log10(area)"
-14.8332065706275,3.46813657744026,3.51484728876665,4.22015676699068,2.44e-05,"log10(depth)"
-2.97692899103548,1.42037429320561,1.43957622603234,2.06792036239741,0.0386475,"eutro"
0.263231943285582,0.426389662054194,0.432200536695648,0.609050477581771,0.542491,"log10(RT)"
