"estimate","std.error","Adjusted.SE","statistic","p.value","term"
-5.17655859725221,3.43239826342913,3.47853763670082,1.48814218441571,0.1367134,"(Intercept)"
-2.074841781719,1.20855021273059,1.22488310157212,1.6939100384812,0.0902824,"human_impact"
1.23548986185198,0.487133061843033,0.493714745439932,2.50243662613537,0.0123342,"log10(area)"
-17.629362207085,3.91286512393238,3.96565251157229,4.44551360857772,8.8e-06,"log10(depth)"
-3.73583070702414,1.5468015088939,1.56770644255074,2.38299123204835,0.0171726,"eutro"
0.186489528872684,0.540204018241384,0.547565964625561,0.340579109952918,0.7334205,"log10(RT)"
