"term","estimate","std.error","statistic","p.value"
"(Intercept)",-3.73658546386051,0.714811042561024,-5.22737512626145,1.71933442701355e-07
"human_impact",-0.235447063846689,0.299703017145104,-0.785601246492275,0.432101133987619
"log10(area)",1.47185509947966,0.120584042553354,12.2060520472965,2.88554480505466e-34
"depth",-5.449257750631,0.342426101749075,-15.9136751631864,5.0933768249608e-57
"eutro",-0.858767486173369,0.288006729237025,-2.98176187913519,0.00286594815769294
"log10(RT)",-0.287008410759235,0.110859429850776,-2.58893998594047,0.00962718711449278
