"term","estimate","std.error","statistic","p.value"
"(Intercept)",-2.53754226197468,0.490028110147837,-5.17836060712747,2.23844233568442e-07
"human_impact",-2.57944739497707,0.194243189354525,-13.2794740631506,3.0452549966305e-40
"log10(area)",1.69437275850822,0.089847631684536,18.8582907166361,2.51210639223177e-79
"depth",-5.98585196600828,0.249546459826231,-23.9869239987474,3.80765925481305e-127
"eutro",-1.55910007163463,0.187726965977622,-8.30514712425746,9.96958364500506e-17
"log10(RT)",-0.201014200706424,0.0771069415673874,-2.60695336399445,0.00913518013656995
