"term","estimate","std.error","statistic","p.value"
"(Intercept)",-3.66896983525914,0.687567802489851,-5.33615713530056,9.4937135184879e-08
"human_impact",-0.592607370575191,0.293431863254939,-2.01957402990119,0.0434275912147386
"log10(area)",1.37191049187807,0.113589723970661,12.0777693960451,1.38424075524757e-33
"depth",-4.9300632981148,0.317688985107517,-15.5185213502013,2.59972801852219e-54
"eutro",-0.380599630020662,0.27550975035442,-1.3814379691864,0.167144338198434
"log10(RT)",-0.288696897808057,0.109815706482032,-2.62892173675807,0.00856560714790605
