"term","estimate","std.error","statistic","p.value"
"(Intercept)",-3.05442848072897,0.490921750546385,-6.2218234929079,4.91409696870874e-10
"human_impact",-2.50991012351362,0.193165761110292,-12.9935559443194,1.3309631055561e-38
"log10(area)",1.80487851267464,0.0919163215964901,19.6361046800589,7.60097311674332e-86
"depth",-6.27140291802013,0.25518255718941,-24.5761426137178,2.27324449308625e-133
"eutro",-1.46999562413912,0.189946596066482,-7.73899429934831,1.00206274164507e-14
"log10(RT)",-0.181365269821868,0.0778562833082267,-2.329487898926,0.0198332333343316
