"estimate","std.error","Adjusted.SE","statistic","p.value","term"
-8.56211592274845,3.62825532429704,3.67728996551692,2.3283766042488,0.0198921,"(Intercept)"
-1.97907248755097,1.18504175897325,1.20105550887043,1.64777770297415,0.0993983,"human_impact"
1.60447936233243,0.527621839811714,0.534751753288132,3.00041907757506,0.0026961,"log10(area)"
-15.8209800023071,3.69976265446731,3.74976245513428,4.21919526679472,2.45e-05,"log10(depth)"
-2.48240181365947,1.50921823756157,1.52961296616143,1.6228953784885,0.1046118,"eutro"
0.0336439515122977,0.46869703532695,0.475084478455812,0.0708167768849282,0.9435436,"log10(RT)"
