"estimate","std.error","Adjusted.SE","statistic","p.value","term"
-6.60899308201813,3.40334354928001,3.44933397350071,1.9160200585943,0.0553625,"(Intercept)"
-2.03078717151308,1.13025098426325,1.14552435247608,1.77280139625446,0.0762616,"human_impact"
1.27342374169034,0.475638789151141,0.482066320231041,2.64159450317961,0.0082517,"log10(area)"
-11.6533348051383,2.99533947001412,3.03581696015045,3.83861575256527,0.0001237,"log10(depth)"
-1.94868822291791,1.37021321643185,1.38872943507256,1.40321661923735,0.1605523,"eutro"
0.046762238325037,0.430857597312119,0.436729361355921,0.107073722224339,0.9147305,"log10(RT)"
