"term","estimate","std.error","statistic","p.value"
"(Intercept)",-3.88995304442395,0.687191354752247,-5.66065480527821,1.50796486815053e-08
"human_impact",-0.50137190204964,0.291461400860559,-1.72020000099261,0.0853960928632325
"log10(area)",1.4270803467904,0.115248425299623,12.3826450823972,3.24469892057069e-35
"depth",-4.87481107855251,0.31738326999346,-15.3593826122371,3.06479304296124e-53
"eutro",-0.62533703698126,0.279695354990958,-2.23577912833582,0.0253662427770871
"log10(RT)",-0.331909693665193,0.110741244761131,-2.9971641946153,0.00272503897239867
