"term","estimate","std.error","statistic","p.value"
"(Intercept)",-3.78462038059964,0.687948100500305,-5.50131670957053,3.7696536564923e-08
"human_impact",-0.395023330241622,0.294701365857902,-1.34041906827162,0.180109139847482
"log10(area)",1.42262111261955,0.115549458759801,12.3117938230834,7.82641021086289e-35
"depth",-5.06964139001822,0.326473770391579,-15.5284799263892,2.22593837518702e-54
"eutro",-0.645307444166202,0.275381583660669,-2.34332098605898,0.0191129317745335
"log10(RT)",-0.298344422588947,0.109998100421881,-2.71226886141391,0.00668243672197515
