"term","estimate","std.error","statistic","p.value"
"(Intercept)",-3.80233433894488,0.702275453754065,-5.41430619370109,6.1526802977425e-08
"human_impact",-0.319982826556491,0.295558683784311,-1.08263720239736,0.278969487668044
"log10(area)",1.45772302729235,0.118298342608094,12.3224298426697,6.85958130827166e-35
"depth",-5.03501702957975,0.322849384469859,-15.5955602574482,7.80357970092256e-55
"eutro",-0.723817297250952,0.281843232553791,-2.56815567538174,0.0102241228989169
"log10(RT)",-0.390612135162995,0.11014706413871,-3.54627822554663,0.000390713456043628
