"estimate","std.error","Adjusted.SE","statistic","p.value","term"
-7.72073748591358,3.43689039592507,3.48224290312949,2.21717372988971,0.0266112,"(Intercept)"
-1.39810649576181,1.09735061067145,1.11219030445094,1.25707488202931,0.2087265,"human_impact"
1.54865019501458,0.512248223650606,0.518980134847997,2.98402595981475,0.0028448,"log10(area)"
-12.7156839395796,3.16480337087651,3.20719264149869,3.96473968387433,7.35e-05,"log10(depth)"
-2.38998313311759,1.32785699450604,1.34548428178795,1.77629955657427,0.0756836,"eutro"
-0.385148311085387,0.455952325418108,0.462123704375999,0.833431194804104,0.4046016,"log10(RT)"
