"estimate","std.error","Adjusted.SE","statistic","p.value","term"
-4.69830487896766,3.30404421083905,3.34805214554048,1.4032950129602,0.1605289,"(Intercept)"
-1.66796964058105,1.04553714055271,1.05967059498642,1.57404541418122,0.115477,"human_impact"
1.08983958939387,0.46892879597001,0.47526982587302,2.2930965318321,0.0218424,"log10(area)"
-13.109644435422,3.25946633216324,3.30331383968943,3.96863424779965,7.23e-05,"log10(depth)"
-2.52880590223782,1.40659647856774,1.42560206348549,1.77385117979914,0.0760878,"eutro"
-0.351680043973654,0.439787963402267,0.445781431235983,0.788906893224732,0.4301664,"log10(RT)"
