"term","estimate","std.error","statistic","p.value"
"(Intercept)",-6.70828985250808,3.87728728140166,-1.73015032563772,0.0836034207521845
"human_impact",-3.10971901386741,1.33345470615406,-2.33207697233034,0.019696642228222
"log10(area)",1.79661310774015,0.573382526687183,3.13335866392789,0.00172818125391015
"log10(depth)",-23.0226486175932,5.10015791666348,-4.51410505199703,6.35846950918761e-06
"eutro",-4.59913287323352,1.83704400606568,-2.50355073588209,0.0122954050292056
"log10(RT)",-0.410595432638651,0.547945503358918,-0.749336257203849,0.453654559843962
