"estimate","std.error","Adjusted.SE","statistic","p.value","term"
-6.7452000808331,3.28420698556782,3.32782679540075,2.02690839864483,0.04267178,"(Intercept)"
-1.41761914786729,1.09085832441968,1.10557609790589,1.2822447505445,0.1997568,"human_impact"
1.42664591392934,0.483768355157369,0.49029525748312,2.9097689446414,0.00361696,"log10(area)"
-11.9273483831617,3.03187403088425,3.07263040846483,3.88180379596027,0.00010368,"log10(depth)"
-2.62048278002009,1.31942372284889,1.33727433551539,1.95957008253669,0.05004606,"eutro"
-0.492738726569446,0.453378107482933,0.459556782958015,1.07220422990571,0.28362831,"log10(RT)"
