"term","estimate","std.error","statistic","p.value"
"(Intercept)",-7.10873548560623,3.32804518940508,-2.13600930306989,0.0326786555407158
"human_impact",-1.42858836726225,1.10986394387315,-1.28717432001334,0.198033535851706
"log10(area)",1.4495717580622,0.503152932681243,2.8809764664147,0.00396445240102631
"log10(depth)",-16.0504318130722,3.60327286111855,-4.45440365792606,8.41266941668297e-06
"eutro",-3.2040400037886,1.4869165986849,-2.15482159969323,0.031175797321124
