"term","estimate","std.error","statistic","p.value"
"(Intercept)",-3.62383168696503,0.693942028600241,-5.2220957048454,1.76909491569416e-07
"human_impact",-0.327534821985261,0.296864424418842,-1.10331449322855,0.26989061482613
"log10(area)",1.42826235265442,0.115380332183183,12.3787332349403,3.40677433235943e-35
"depth",-5.02929286448171,0.320276501548607,-15.7029717764618,1.44319927584403e-55
"eutro",-0.795641438235559,0.281952853391817,-2.82189532279672,0.00477407571520902
"log10(RT)",-0.376006974780987,0.111638897386118,-3.3680642104563,0.000756979639531263
