"estimate","std.error","Adjusted.SE","statistic","p.value","term"
-8.81481560125499,3.59353368495515,3.64211194466618,2.4202483985052,0.0155099,"(Intercept)"
-1.91884737331857,1.17094906320648,1.18677233842062,1.61686223313243,0.105908,"human_impact"
1.7771218078074,0.547164708123829,0.554558837713925,3.20456854521205,0.0013527,"log10(area)"
-16.9057622130725,3.82855500973807,3.88030085734277,4.35681737952906,1.32e-05,"log10(depth)"
-3.43092198127476,1.45106031721065,1.47066903709884,2.3328987656141,0.0196535,"eutro"
0.0095600868653753,0.472169793895332,0.478604564073832,0.0199749178821047,0.9840634,"log10(RT)"
