"term","estimate","std.error","statistic","p.value"
"(Intercept)",-2.46644235505468,0.481098255952791,-5.1266915324189,2.94878056085052e-07
"human_impact",-2.41257761672121,0.188639855103661,-12.7893313711222,1.88085099298812e-37
"log10(area)",1.59398763337457,0.0879891381996116,18.1157318504298,2.39466951978428e-73
"depth",-5.6045919999541,0.238406520969821,-23.5085515998263,3.33484177748586e-122
"eutro",-1.51755265192047,0.184287903299299,-8.23468401751708,1.80032183541242e-16
"log10(RT)",-0.170235058681695,0.075052221757419,-2.26822144229018,0.0233157131837573
