"term","estimate","std.error","statistic","p.value"
"(Intercept)",-6.85586580193608,3.79143189375129,-1.80825239488947,0.0705672273413569
"human_impact",-2.64496217992024,1.14727283153009,-2.30543433717742,0.0211422602803143
"log10(area)",1.4298302708846,0.517550262697719,2.76268871632224,0.00573274107055797
"log10(depth)",-16.0139205256496,3.84454535332404,-4.1653613246632,3.10859834878706e-05
"eutro",-3.06989561921233,1.46215264573464,-2.09957259125287,0.0357664559500174
"log10(RT)",0.144457734346461,0.468223402768821,0.308523097077625,0.757684327919152
