"estimate","std.error","Adjusted.SE","statistic","p.value","term"
-5.86555287487432,3.25654421203752,3.29993987125194,1.77747265214533,0.0754905,"(Intercept)"
-1.41543240459036,1.12468122055724,1.13983782362348,1.24178402861802,0.2143163,"human_impact"
1.22192839935384,0.472742465636067,0.479071134153184,2.55061996484875,0.0107532,"log10(area)"
-13.2803106133868,3.07650067361108,3.11779344103945,4.2595222757795,2.05e-05,"log10(depth)"
-3.24598405341828,1.37264158255624,1.39086800508142,2.33378296255242,0.0196071,"eutro"
-0.0194895953225327,0.457483281312712,0.463648488286529,0.042035282794858,0.9664706,"log10(RT)"
