"term","estimate","std.error","statistic","p.value"
"(Intercept)",-3.99980913487534,0.692053037343277,-5.77962803288923,7.48659622522257e-09
"human_impact",-0.343108539132219,0.293740310438646,-1.16806759896131,0.242779498636702
"log10(area)",1.42418258819222,0.115216530808847,12.360922327674,4.25249295891928e-35
"depth",-4.92427884750365,0.316938264283178,-15.5370285081889,1.94809049686488e-54
"eutro",-0.618515228594407,0.275697924166866,-2.24345261381094,0.0248676423160453
"log10(RT)",-0.289159750690073,0.109233245575143,-2.64717714069161,0.00811668234589536
