"term","estimate","std.error","statistic","p.value"
"(Intercept)",-3.60311548899868,0.693678920598584,-5.19421216647251,2.05588577384742e-07
"human_impact",-0.365850910531305,0.289537489004496,-1.26357008824382,0.206384375338858
"log10(area)",1.4206915158286,0.115315462067287,12.3200435601569,7.06561145044429e-35
"depth",-4.98518476147004,0.317937393489368,-15.6797686071385,2.08010596140183e-55
"eutro",-0.763214042093297,0.277000771589074,-2.75527767563591,0.0058642343564882
"log10(RT)",-0.3708141029418,0.111405763047753,-3.32850018524496,0.000873149469345221
