"term","estimate","std.error","statistic","p.value"
"(Intercept)",-3.60054249203061,0.692970537317318,-5.19580890981211,2.03831554449715e-07
"human_impact",-0.582905547781228,0.294359678020931,-1.98024930486498,0.0476755221350096
"log10(area)",1.38575889977405,0.115326590020356,12.0159531252026,2.92971974816981e-33
"depth",-4.9432572882826,0.319292270873082,-15.4819196680384,4.59552535924815e-54
"eutro",-0.610195327570779,0.277745319228434,-2.19695989572706,0.0280233105283078
"log10(RT)",-0.3060309825717,0.110009466608214,-2.7818604344442,0.00540482774332142
