"term","estimate","std.error","statistic","p.value"
"(Intercept)",-3.14279796033999,0.495768890730398,-6.33923995454782,2.30901383100562e-10
"human_impact",-2.47090129787089,0.194486703101378,-12.7047312668101,5.56603023111398e-37
"log10(area)",1.77483300862506,0.0909066900184574,19.5236787112665,6.90808064254811e-85
"depth",-6.00111334476494,0.246950141949502,-24.3009106914873,1.91734308909266e-130
"eutro",-1.53643312194747,0.188616777283546,-8.1457924585243,3.76805941769763e-16
"log10(RT)",-0.173394623808311,0.0772913019387795,-2.2433911638033,0.0248716011982852
