"term","estimate","std.error","statistic","p.value"
"(Intercept)",-3.57870900957762,0.70147543668222,-5.10168827365345,3.36636902988742e-07
"human_impact",-0.365875251492451,0.296235582923302,-1.23508205152782,0.216799968548716
"log10(area)",1.38763016477228,0.11627383032531,11.9341571606438,7.85504818364448e-33
"depth",-5.01736444878804,0.321023580725533,-15.629270714159,4.60038070915151e-55
"eutro",-0.739539241365223,0.280613649683442,-2.63543573949268,0.00840293349253029
"log10(RT)",-0.30423280559379,0.110945052687239,-2.74219352936306,0.00610303719544748
