"estimate","std.error","Adjusted.SE","statistic","p.value","term"
-9.05816164958434,3.82151011085499,3.87144058977698,2.33973928813567,0.01929721,"(Intercept)"
-1.97355853435986,1.19337256554869,1.20952327592379,1.63168297265923,0.10274629,"human_impact"
1.80066499986589,0.560000769864478,0.567573831800138,3.17256522231625,0.00151099,"log10(area)"
-17.8703594593892,4.07754646484122,4.13181374953294,4.3250641347058,1.525e-05,"log10(depth)"
-3.88111603249149,1.48722067058351,1.50733622704887,2.57481772337556,0.01002929,"eutro"
0.511178589096605,0.465038231375618,0.471375812012513,1.08443958317283,0.27816994,"log10(RT)"
