"term","estimate","std.error","statistic","p.value"
"(Intercept)",-3.7088143874026,0.703460382716635,-5.27224343904036,1.34766155620203e-07
"human_impact",-0.590779162665544,0.293224309307166,-2.01476870748351,0.0439288892747656
"log10(area)",1.4887734667319,0.12051639069662,12.3532862055224,4.67615345340982e-35
"depth",-5.13338313359356,0.327247759164676,-15.6865341009421,1.86990312456929e-55
"eutro",-0.825455540994502,0.279249390437912,-2.95597974162107,0.00311677561944033
"log10(RT)",-0.385793707414506,0.112862484831027,-3.41826345567441,0.000630220716659425
