"term","estimate","std.error","statistic","p.value"
"(Intercept)",-4.26046981538776,0.701410173314681,-6.0741488753348,1.24647049649039e-09
"human_impact",-0.442584403096519,0.295050023733134,-1.50003174884279,0.133606178665977
"log10(area)",1.520123809051,0.118606642757942,12.8165149413541,1.32524465437905e-37
"depth",-5.20343680753524,0.331147356005865,-15.7133575526512,1.22515206263958e-55
"eutro",-0.592563556582401,0.282379824187277,-2.09846280019428,0.0358642827159359
"log10(RT)",-0.294903295453387,0.109927712017759,-2.68270202336008,0.00730300278398794
