"term","estimate","std.error","statistic","p.value"
"(Intercept)",-3.95094220937174,0.693714090337416,-5.69534663401466,1.23121517429821e-08
"human_impact",-0.374941248198359,0.297905058592427,-1.25859308992577,0.20817734420687
"log10(area)",1.46139174579744,0.115318350710276,12.6726729683207,8.38090887539742e-37
"depth",-4.98462683332129,0.319182742379538,-15.6168431794289,5.59058659690977e-55
"eutro",-0.56951694446924,0.279871727711635,-2.03492131601103,0.0418587908003035
"log10(RT)",-0.390953525739123,0.111472598860973,-3.50717153573062,0.000452897097045062
