"estimate","std.error","Adjusted.SE","statistic","p.value","term"
-7.26588997935039,3.65934620637592,3.70847671846505,1.95926536175149,0.0500817,"(Intercept)"
-1.85886462624818,1.22193248274054,1.23845065148038,1.50095978715518,0.133366,"human_impact"
1.54993132602007,0.53549346051461,0.542732432600479,2.8557927127989,0.004293,"log10(area)"
-16.4282539302295,3.69457146895223,3.74441167634617,4.38740591319283,1.15e-05,"log10(depth)"
-3.72141943324478,1.54378692816249,1.56465528544384,2.37842767532603,0.0173866,"eutro"
0.269195123674338,0.458784892975513,0.465037252583928,0.578867869570847,0.5626783,"log10(RT)"
