"term","estimate","std.error","statistic","p.value"
"(Intercept)",-3.54300416507222,0.677600335598569,-5.22875208133191,1.70658028035857e-07
"human_impact",-0.477808617466966,0.290107525114757,-1.64700525185605,0.0995569663517737
"log10(area)",1.39803178952086,0.114486549116089,12.2113191489706,2.70467975591235e-34
"depth",-4.82896386667807,0.314916042809492,-15.3341310388539,4.52284634308071e-53
"eutro",-0.630316518941371,0.278816646046922,-2.26068467531632,0.023778790104026
"log10(RT)",-0.410889717227132,0.111331607877685,-3.69068340123639,0.000223652366161522
