"term","estimate","std.error","statistic","p.value"
"(Intercept)",-7.29451213323711,3.93275768914758,-1.85480843464276,0.0636235871455405
"human_impact",-3.21415903018027,1.32005405298577,-2.43486925623258,0.0148971713498102
"log10(area)",1.44271528189191,0.532179695536843,2.7109551416398,0.00670897019835489
"log10(depth)",-19.7874926836788,4.52447312376694,-4.37343578851991,1.22306230507686e-05
"eutro",-3.43417848043281,1.60064428894549,-2.14549760002908,0.0319130831050058
"log10(RT)",0.416903275696973,0.497849705575259,0.837407898464551,0.402363327531774
