"term","estimate","std.error","statistic","p.value"
"(Intercept)",-3.41131098266616,0.682512974611576,-4.99816283288616,5.78791011816532e-07
"human_impact",-0.374090998922375,0.293166568072479,-1.27603567276433,0.201942909155118
"log10(area)",1.38932676840896,0.114671067506177,12.115756821869,8.71558867584343e-34
"depth",-4.88273214652293,0.314186312921492,-15.5408811450772,1.83443730392876e-54
"eutro",-0.672932675010503,0.27791624164066,-2.42135065960122,0.0154629531472271
"log10(RT)",-0.43935981014707,0.1115825139495,-3.93753281402061,8.23236770601746e-05
