"term","estimate","std.error","statistic","p.value"
"(Intercept)",-3.80868956274027,0.672400485587834,-5.66431709133968,1.47611221267018e-08
"human_impact",-0.256104640613457,0.294466431986991,-0.869724399094737,0.38445103508837
"log10(area)",1.37406115558776,0.112067234910951,12.2610427274269,1.46601188302885e-34
"depth",-4.61216860854918,0.305081890220081,-15.1178052726173,1.23593586054839e-51
"eutro",-0.691945092836182,0.276163418578892,-2.50556390269522,0.01222563042234
"log10(RT)",-0.368651063154454,0.109672336618028,-3.36138605707298,0.000775523467369894
