"term","estimate","std.error","statistic","p.value"
"(Intercept)",-3.55547565098262,0.692092860191683,-5.13728121685563,2.78741683704648e-07
"human_impact",-0.328528541489478,0.294409306480327,-1.11589047716272,0.264469018530343
"log10(area)",1.37932946472391,0.115322359676838,11.9606420523231,5.71185622841191e-33
"depth",-4.87332502680154,0.317576852629335,-15.3453407779991,3.80555711747885e-53
"eutro",-0.723852607852625,0.279081919159769,-2.59369223929635,0.00949514398569249
"log10(RT)",-0.372325524782392,0.111303256613439,-3.34514493206157,0.0008223958376502
