"estimate","std.error","Adjusted.SE","statistic","p.value","term"
-7.37435256210022,3.38320036649811,3.42752162404456,2.15151160837851,0.0314358,"(Intercept)"
-1.39774911869374,1.08211848720429,1.09670149977836,1.27450278765573,0.2024853,"human_impact"
1.39105599917271,0.487220452349379,0.493721845022624,2.81748926687448,0.0048401,"log10(area)"
-12.4609482852127,2.96270806500586,3.00239998530439,4.15032918538646,3.32e-05,"log10(depth)"
-2.3451871009909,1.37198948736377,1.39016482275926,1.68698492624498,0.0916063,"eutro"
0.116273711317253,0.415404668165759,0.421002808823015,0.276182744819009,0.7824077,"log10(RT)"
