"term","estimate","std.error","statistic","p.value"
"(Intercept)",-2.8895365292564,0.491352943846257,-5.88077585663257,4.08347832541462e-09
"human_impact",-2.39082394004834,0.190273776874055,-12.5651783410536,3.28134295466144e-36
"log10(area)",1.71952077029917,0.0903926257843011,19.0227992093334,1.10427430167496e-80
"depth",-5.92194814151721,0.245734504870913,-24.0989687005009,2.56272400912809e-128
"eutro",-1.45525500049673,0.187071950588276,-7.77911918874245,7.30312321345023e-15
"log10(RT)",-0.204893542283263,0.0774684764769296,-2.64486345415971,0.00817238878321025
