"term","estimate","std.error","statistic","p.value"
"(Intercept)",-9.95030212643778,4.65366045480513,-2.13816676637068,0.0325032106259146
"human_impact",-4.10636976991971,1.44719027735573,-2.83747744451598,0.0045471559466859
"log10(area)",2.19213326574127,0.687164772136347,3.19011298982351,0.00142217179094682
"log10(depth)",-25.6097830191697,6.14482843310494,-4.1676969988614,3.07692562733375e-05
"eutro",-5.80795455775845,1.97707581869583,-2.93764887660689,0.00330711343430546
"log10(RT)",0.279795088199269,0.529739672654588,0.528174691537038,0.5973780934907
