"term","estimate","std.error","statistic","p.value"
"(Intercept)",-7.78239647872758,3.39138789392493,-2.29475268596328,0.0217473015510471
"human_impact",-1.47171720267912,1.16049807410094,-1.26817720384352,0.204734675898273
"log10(area)",1.626524239926,0.526789945692423,3.08761443384814,0.00201770070498759
"log10(depth)",-14.5640667969792,3.42233171225731,-4.25559765139568,2.08491342181308e-05
"eutro",-3.82651409859366,1.46388543403358,-2.61394369370156,0.00895037855317898
