"term","estimate","std.error","statistic","p.value"
"(Intercept)",-3.64089727190008,0.699963508845311,-5.20155297510617,1.97630121332773e-07
"human_impact",-0.402646042979741,0.297217824184059,-1.35471701296889,0.175507735339103
"log10(area)",1.46833974953014,0.119057680863221,12.3330115191563,6.01556953826908e-35
"depth",-5.35270007959748,0.331824257783669,-16.1311295182257,1.54174763084331e-58
"eutro",-0.64305785532922,0.277988748521539,-2.31325137707649,0.0207088223097684
"log10(RT)",-0.352524592352472,0.112391409890502,-3.13657950101277,0.00170931087464219
