"term","estimate","std.error","statistic","p.value"
"(Intercept)",-3.26394928753461,0.500820044873848,-6.51720976614819,7.16272288739665e-11
"human_impact",-2.5967383409893,0.19521152420927,-13.3021774790588,2.24824094321068e-40
"log10(area)",1.83153667539635,0.0936132168141657,19.5649368510879,3.07784585846094e-85
"depth",-6.15085565212634,0.254133594589509,-24.2032371283362,2.05680880164906e-129
"eutro",-1.51298977238576,0.188670543895285,-8.01921561865796,1.0642255203792e-15
"log10(RT)",-0.188266272648044,0.0781930907480759,-2.407709822529,0.0160529346878708
