"term","estimate","std.error","statistic","p.value"
"(Intercept)",-3.20200909823476,0.698909838921507,-4.58143371278877,4.61798985759766e-06
"human_impact",-0.496338672159313,0.295871132678468,-1.67755018093874,0.0934349453806559
"log10(area)",1.42161168619229,0.117355408679587,12.1137295859425,8.93376391169573e-34
"depth",-5.33976881260792,0.329598964467353,-16.200805792085,4.97706125290693e-59
"eutro",-0.739219841643881,0.282185106601648,-2.61962741601177,0.00880258818600538
"log10(RT)",-0.37853785293484,0.109704040330354,-3.45053702484377,0.00055947242040066
