"estimate","std.error","Adjusted.SE","statistic","p.value","term"
-5.73619817133642,3.34272412594069,3.38785629603223,1.69316454716645,0.0904242,"(Intercept)"
-2.27903419456743,1.12090693379583,1.13605391401087,2.00609686429515,0.0448459,"human_impact"
1.21172263867264,0.481309088695551,0.487813488014665,2.48398756583011,0.012992,"log10(area)"
-14.985976554841,3.6628179040341,3.71229950894587,4.03684468850854,5.42e-05,"log10(depth)"
-2.61170439338803,1.39246175021213,1.41127914728858,1.8505937669424,0.064228,"eutro"
0.097378717121082,0.449920329598841,0.456051882182327,0.213525524015161,0.8309171,"log10(RT)"
