"estimate","std.error","Adjusted.SE","statistic","p.value","term"
-9.21226547829721,4.09445223134973,4.14822927255085,2.22077056812059,0.0263665,"(Intercept)"
-1.43481752485579,1.16185268396081,1.17753093387436,1.21849667263932,0.2230353,"human_impact"
1.7643752472817,0.583513149945532,0.591389240101319,2.98344157729252,0.0028503,"log10(area)"
-18.8082103819617,4.01053890174172,4.06406273752487,4.62793307994464,3.7e-06,"log10(depth)"
-3.72533542949901,1.5579181017825,1.57897507055146,2.3593377115181,0.0183076,"eutro"
0.437711944873611,0.534605441757187,0.541891090264057,0.807748923608098,0.4192351,"log10(RT)"
