"term","estimate","std.error","statistic","p.value"
"(Intercept)",-3.43938329286488,0.683608177164625,-5.03122023368749,4.87367903284803e-07
"human_impact",-0.48506123704413,0.295153252621184,-1.64342162160308,0.100295729626089
"log10(area)",1.40554331581217,0.114904076874113,12.232318939841,2.08888811381243e-34
"depth",-5.05661538954971,0.321615531571607,-15.722547244034,1.05975930889102e-55
"eutro",-0.661657324597337,0.276135279978501,-2.39613469401248,0.0165690003380432
"log10(RT)",-0.368712828148748,0.110510432563324,-3.33645267325753,0.000848548746752172
