"estimate","std.error","Adjusted.SE","statistic","p.value","term"
-4.23278287306185,3.44060310792186,3.48691710744342,1.21390407131453,0.2247844,"(Intercept)"
-2.67957211905958,1.14751136921592,1.1630164231496,2.30398476386339,0.0212235,"human_impact"
1.0341255467129,0.479991839323915,0.486477547976611,2.12574157022067,0.0335248,"log10(area)"
-12.2403256387614,3.11292490921551,3.15496287457835,3.87970512660859,0.0001046,"log10(depth)"
-2.43821961077839,1.41254032290923,1.43162416516366,1.70311431596969,0.0885467,"eutro"
-0.155567221218291,0.462533688970177,0.468837137489793,0.331815056399361,0.7400289,"log10(RT)"
