"estimate","std.error","Adjusted.SE","statistic","p.value","term"
-7.03669580690807,3.84139368302864,3.89313763897962,1.80746134851589,0.0706904,"(Intercept)"
-3.29123643389461,1.31697946484736,1.3347778515564,2.46575595336476,0.0136724,"human_impact"
1.53956146523071,0.566761533521999,0.574421037682433,2.68019686646966,0.0073579,"log10(area)"
-17.163963594234,4.08246342256297,4.13758952043135,4.14830023845493,3.35e-05,"log10(depth)"
-2.77334333107099,1.5083825815373,1.52876811905107,1.81410332705816,0.0696618,"eutro"
-0.176917828794128,0.487310829463616,0.493951942964806,0.358168099779563,0.7202175,"log10(RT)"
