"term","estimate","std.error","statistic","p.value"
"(Intercept)",-3.72344273874377,0.71914367102029,-5.17760621248478,2.24750994969062e-07
"human_impact",-0.301621503902747,0.301292471664807,-1.00109206923134,0.316782298874558
"log10(area)",1.52826212098584,0.123111352407543,12.4136571575198,2.20352941894682e-35
"depth",-5.50953107239426,0.344769850624169,-15.9803157451843,1.75255956286966e-57
"eutro",-1.04188201065568,0.284593354226924,-3.6609498963385,0.000251281899615213
"log10(RT)",-0.35686042746874,0.113271680463292,-3.15048232717257,0.0016300111788764
