"term","estimate","std.error","statistic","p.value"
"(Intercept)",-2.6506980296472,0.490612745861823,-5.40283156523159,6.55970509033281e-08
"human_impact",-2.35575523011443,0.188943078284467,-12.4680684336458,1.1149597521153e-35
"log10(area)",1.6765739187235,0.0900796508703388,18.6121271843823,2.56239425457079e-77
"depth",-5.93546064771514,0.247787223471872,-23.9538607542003,8.42268072627692e-127
"eutro",-1.53445731850113,0.186357634271586,-8.23393860143615,1.81156564358627e-16
"log10(RT)",-0.180682431208546,0.0769379549828202,-2.34841738708666,0.0188533810148497
