"term","estimate","std.error","statistic","p.value"
"(Intercept)",-3.70812767401738,0.690003130362625,-5.3740736974173,7.6977371069065e-08
"human_impact",-0.333971604223533,0.292077336386238,-1.14343553099887,0.252857807376049
"log10(area)",1.43953778888695,0.117137919034521,12.2892552706414,1.03454708437798e-34
"depth",-5.07382982941983,0.320445561315064,-15.8336717431739,1.82267442966927e-56
"eutro",-0.775044023885238,0.274732264422658,-2.82108847140313,0.00478610014117405
"log10(RT)",-0.350831822773575,0.111377937395079,-3.14992206696294,0.00163314020920917
