"term","estimate","std.error","statistic","p.value"
"(Intercept)",-3.46917663048475,0.488790297188119,-7.09747441887044,1.2705731452228e-12
"human_impact",-2.31620834656669,0.189153088239171,-12.24515215759,1.78342298783836e-34
"log10(area)",1.77892574327227,0.0911636599524931,19.5135402001115,8.42411317811669e-85
"depth",-5.78089167133043,0.243852182338112,-23.7065406423756,3.08701024802739e-124
"eutro",-1.33604066055619,0.182925712804612,-7.30373352150473,2.79890445443105e-13
"log10(RT)",-0.205812038206284,0.076383054129824,-2.6944724919807,0.00705001457189684
