"estimate","std.error","Adjusted.SE","statistic","p.value","term"
-7.54247209753279,3.49151047170084,3.53840026106073,2.13160511560434,0.0330393,"(Intercept)"
-1.48037242999907,1.08160951818474,1.09622606332583,1.35042623006772,0.1768793,"human_impact"
1.53505813238699,0.515523543258117,0.522490599105913,2.9379631614689,0.0033038,"log10(area)"
-13.6190338980167,3.2508406683994,3.29469929386797,4.13361969736182,3.57e-05,"log10(depth)"
-3.05483345569372,1.39546711691707,1.41432868749752,2.15991762218927,0.030779,"eutro"
-0.208273298209391,0.439136740043721,0.445121332950025,0.467902306162384,0.6398545,"log10(RT)"
