"term","estimate","std.error","statistic","p.value"
"(Intercept)",-3.61812673591646,0.69023424007411,-5.24188243041664,1.58946638950117e-07
"human_impact",-0.322583850757063,0.295773562756457,-1.09064463960453,0.27542927909103
"log10(area)",1.48696283895885,0.116771119171385,12.7339949253756,3.82743122046118e-37
"depth",-5.14982832297376,0.32570888199114,-15.8111387429522,2.60711465548809e-56
"eutro",-0.999675484052278,0.278845526249244,-3.58505118406929,0.000337012103934976
"log10(RT)",-0.436098965346448,0.113047592313703,-3.85765814575057,0.000114478608382078
