"term","estimate","std.error","statistic","p.value"
"(Intercept)",-4.04400342951764,0.695164098858443,-5.81733641906776,5.97927275290042e-09
"human_impact",-0.28849322194661,0.293541797721873,-0.98280116898362,0.325705306415168
"log10(area)",1.47069249266962,0.117439030973219,12.5230298690476,5.58612705518549e-36
"depth",-4.91487000138615,0.319363294526916,-15.389589491387,1.92248062399615e-53
"eutro",-0.739474270766957,0.278732036242071,-2.65299346546855,0.00797814153580494
"log10(RT)",-0.394820506947926,0.110553341536827,-3.57131228653459,0.00035519707589478
