"term","estimate","std.error","statistic","p.value"
"(Intercept)",-14.9387592882077,5.724221816758,-2.60974500402371,0.009060973593693
"human_impact",-4.31410258092151,1.7538322531384,-2.45981482733119,0.0139008717170129
"log10(area)",3.25478315612121,0.88679871942961,3.67026145258159,0.000242302503690894
"log10(depth)",-42.8252043041626,9.82700157115222,-4.35791161669076,1.31309386639937e-05
"eutro",-10.0172331191968,2.94834622999682,-3.39757692542358,0.000679854709079173
"log10(RT)",0.876740644000952,0.720579104720554,1.21671671889647,0.223712015703693
