"estimate","std.error","Adjusted.SE","statistic","p.value","term"
-6.54779300404767,3.66307996946096,3.71226846944178,1.7638252884852,0.0777614,"(Intercept)"
-2.96379246564118,1.19869253628441,1.21489175836184,2.4395526969724,0.0147055,"human_impact"
1.46384284938492,0.524608556080221,0.531698697691675,2.75314356747547,0.0059026,"log10(area)"
-13.0307108423064,3.30736472851776,3.35195041881092,3.88750107077326,0.0001013,"log10(depth)"
-2.76530858082063,1.5165661449651,1.53706369467158,1.79908522360323,0.0720052,"eutro"
-0.235672280449897,0.499137793734388,0.505940086112277,0.465810650151958,0.641351,"log10(RT)"
