"term","estimate","std.error","statistic","p.value"
"(Intercept)",-3.59429030900656,0.695008907023907,-5.17157445420037,2.3212974519829e-07
"human_impact",-0.341474290519702,0.296127687753929,-1.15313192464277,0.248856239863139
"log10(area)",1.42464003156968,0.116074101360371,12.2735391863741,1.2563898871043e-34
"depth",-5.19784983125302,0.327464581048946,-15.8730138526832,9.74470217229608e-57
"eutro",-0.745414860807866,0.28429514695665,-2.62197532665419,0.00874217597794707
"log10(RT)",-0.326154190722882,0.113109705666505,-2.88352081548618,0.00393256655755457
