"estimate","std.error","Adjusted.SE","statistic","p.value","term"
-6.37003875141184,3.36456986198203,3.40988680118032,1.8681085686501,0.0617469,"(Intercept)"
-1.65776216411342,1.12887717632756,1.1441337106202,1.44892345075192,0.147359,"human_impact"
1.41558350444115,0.491945175339865,0.498593280545067,2.83915479746061,0.0045233,"log10(area)"
-13.058806114303,3.22217321045561,3.26566403017505,3.99882106476307,6.37e-05,"log10(depth)"
-3.8045795415952,1.49192662906058,1.51208913678839,2.5161079787108,0.0118659,"eutro"
-0.155182131178327,0.445671040251814,0.451744683158054,0.343517338363522,0.7312093,"log10(RT)"
