"term","estimate","std.error","statistic","p.value"
"(Intercept)",-11.0724150423162,4.56573999741517,-2.42510853631277,0.0153038106445055
"human_impact",-4.55807632912016,1.6198788664318,-2.81383776501788,0.00489539275433017
"log10(area)",2.46650888771462,0.693569706768679,3.5562523328852,0.000376182780292359
"log10(depth)",-27.5453377595367,6.22131916999344,-4.42757187131515,9.52998226519574e-06
"eutro",-4.96699486014673,1.89620937318507,-2.61943376632701,0.00880758744237635
"log10(RT)",-0.0614250736666098,0.624386817731567,-0.098376634359083,0.921633227748306
