"term","estimate","std.error","statistic","p.value"
"(Intercept)",-3.46926446770559,0.703652741486887,-4.93036445843258,8.20763471875115e-07
"human_impact",-0.530592270177925,0.293786476321985,-1.80604729264803,0.0709109527068179
"log10(area)",1.4194591682722,0.1180874150614,12.0204101981075,2.77589984395867e-33
"depth",-5.2292340381529,0.331187896283805,-15.7893271367376,3.68489558453939e-56
"eutro",-0.789049617040481,0.279120839228037,-2.82691044933353,0.00469994691973639
"log10(RT)",-0.291215736727912,0.110748147351909,-2.62953145213849,0.00855026222359962
