"term","estimate","std.error","statistic","p.value"
"(Intercept)",-6.89685094157854,3.61019668733392,-1.91038094012317,0.0560841830892259
"human_impact",-2.83977076584313,1.21815431494343,-2.33120773863123,0.0197424082882046
"log10(area)",1.52305173667452,0.519318529400011,2.93278912738616,0.00335931972303692
"log10(depth)",-16.2163312489347,3.78540649146593,-4.28390749725131,1.83639286831308e-05
"eutro",-3.29701175071714,1.45915021049613,-2.25954238775467,0.0238496667118269
"log10(RT)",2.90282797775426e-07,0.538255761553315,5.39302722812884e-07,0.999999569698684
