"term","estimate","std.error","statistic","p.value"
"(Intercept)",-3.94300976745367,0.699003546962401,-5.6409009433335,1.69162665711557e-08
"human_impact",-0.443030287603225,0.296554732668755,-1.49392418598856,0.135195436083372
"log10(area)",1.49428518399901,0.117897032451306,12.6744936062422,8.18857949793609e-37
"depth",-5.21636435290712,0.328471985423644,-15.880697850623,8.62138576934298e-57
"eutro",-0.531068068472209,0.282043581210308,-1.88292910688939,0.0597099760385732
"log10(RT)",-0.365821087080195,0.111984301537881,-3.26671758502193,0.00108802161162646
