"term","estimate","std.error","statistic","p.value"
"(Intercept)",-3.6978573125135,0.693265354379175,-5.33397102444988,9.60878627453454e-08
"human_impact",-0.391616063911769,0.293717165147346,-1.33331010366831,0.182430059367931
"log10(area)",1.41142465976775,0.115837980807829,12.1844722251267,3.76080038450167e-34
"depth",-4.89552561462971,0.31949507834286,-15.3226949223179,5.3934156649008e-53
"eutro",-0.791472037391593,0.280618193411186,-2.82045874421214,0.00479550393855572
"log10(RT)",-0.351994381560008,0.109797059753317,-3.20586345709839,0.00134657869206884
