"estimate","std.error","Adjusted.SE","statistic","p.value","term"
-10.7128684289071,3.64617107389484,3.69343506094097,2.90051625442085,0.0037255,"(Intercept)"
-2.20348813623311,1.17388865159449,1.18953304358835,1.85239758416971,0.0639688,"human_impact"
1.89346144517311,0.53194060534555,0.539073866688413,3.5124341248535,0.000444,"log10(area)"
-14.2198856365783,3.32986975225412,3.37287577458589,4.21595296919117,2.49e-05,"log10(depth)"
-1.82183080633391,1.49369553956325,1.51382511048625,1.20346187529465,0.2287976,"eutro"
-0.00700578204242129,0.472039710368946,0.478401084944066,0.0146441600215861,0.9883161,"log10(RT)"
