"term","estimate","std.error","statistic","p.value"
"(Intercept)",-3.75099081151424,0.684535947330576,-5.47961115284251,4.2626159336266e-08
"human_impact",-0.331428213167657,0.292310583594242,-1.13382214592584,0.256869159525692
"log10(area)",1.405189967524,0.113530054649418,12.3772508686201,3.47027160139641e-35
"depth",-4.87245945178556,0.313119053573448,-15.5610442615324,1.33896354475875e-54
"eutro",-0.69754660227313,0.278917447111921,-2.50090702283399,0.012387569542006
"log10(RT)",-0.351395686004729,0.110197845555797,-3.18877092589622,0.00142879051947772
