"term","estimate","std.error","statistic","p.value"
"(Intercept)",-3.5239472168098,0.685163470727427,-5.14322109593566,2.70067472634893e-07
"human_impact",-0.608721307147887,0.292123072738552,-2.08378373348375,0.0371798436167316
"log10(area)",1.3737690573308,0.114318769438801,12.0170035425918,2.89272281089571e-33
"depth",-4.85432276641696,0.312660123203214,-15.5258774821818,2.31811285008969e-54
"eutro",-0.673715976210265,0.277048384336305,-2.43176287717474,0.0150255405030041
"log10(RT)",-0.3206097332376,0.108032966044779,-2.96770277606475,0.00300034305333712
