"estimate","std.error","Adjusted.SE","statistic","p.value","term"
-3.75067293261449,3.13205408001308,3.17432753139394,1.18156456620198,0.2373785,"(Intercept)"
-2.28705825262732,1.09730696878967,1.11213622948714,2.05645512841714,0.0397387,"human_impact"
0.880133414848618,0.452881540883034,0.459001219168569,1.91749689999274,0.0551748,"log10(area)"
-12.5413286841588,3.08220715050158,3.12383248606392,4.01472509813133,5.95e-05,"log10(depth)"
-2.52741534196394,1.36236256922799,1.38077472827752,1.83043279269518,0.0671852,"eutro"
0.144976603870784,0.43656551011162,0.442515062077348,0.327619591500918,0.7431993,"log10(RT)"
