"term","estimate","std.error","statistic","p.value"
"(Intercept)",-12.4121756721299,5.89073467649212,-2.1070675142886,0.035111727754463
"human_impact",-4.41935978175421,1.72160893192669,-2.5669939902138,0.0102584390342589
"log10(area)",2.61691797892066,0.836956549596199,3.12670709152491,0.00176775953513814
"log10(depth)",-38.0727009547929,9.22068121410693,-4.12905511759202,3.64257083185132e-05
"eutro",-8.49974031291857,2.5786206295434,-3.29623528778781,0.000979899107594513
"log10(RT)",1.03119124363713,0.741749652616344,1.39021466339735,0.16446370204901
