"estimate","std.error","Adjusted.SE","statistic","p.value","term"
-10.9923908229045,4.52854204487716,4.58763903188523,2.39608886978784,0.0165711,"(Intercept)"
-2.09234838000701,1.30965536604691,1.32736202479207,1.57632080843564,0.1149519,"human_impact"
2.15014827157628,0.669105914860537,0.67810845928802,3.17080290346743,0.0015202,"log10(area)"
-23.1882225082509,4.84427367707692,4.90849350444124,4.72410169989428,2.3e-06,"log10(depth)"
-4.09903397532171,1.72542457795153,1.74875668108701,2.34397044463257,0.0190797,"eutro"
0.463270117317789,0.53578573055204,0.543087464135163,0.853030401015647,0.3936424,"log10(RT)"
