"estimate","std.error","Adjusted.SE","statistic","p.value","term"
-10.0145479189457,3.72448967786219,3.77448487909584,2.65322242365019,0.0079727,"(Intercept)"
-1.91372865915213,1.0946309315657,1.10943137325302,1.72496353112928,0.084534,"human_impact"
1.91322839571331,0.562468025230485,0.570065368949864,3.35615615317542,0.0007903,"log10(area)"
-13.4017178013122,3.26747774761123,3.31144685019911,4.0470882993355,5.19e-05,"log10(depth)"
-2.23381917934365,1.38606178791559,1.40480333990149,1.59012946217817,0.1118056,"eutro"
-0.366957515319019,0.475614259921742,0.482095971576706,0.761171088235556,0.4465549,"log10(RT)"
