"estimate","std.error","Adjusted.SE","statistic","p.value","term"
-5.11946114900639,3.34469410026287,3.38966645949611,1.51031412977648,0.1309633,"(Intercept)"
-3.36678882907458,1.20793451926954,1.22425974682443,2.75006087377095,0.0059584,"human_impact"
1.11963285090835,0.485533420796787,0.492096599820111,2.27522980511882,0.0228921,"log10(area)"
-11.439075259057,3.07944372183579,3.12098716794401,3.66521060276985,0.0002471,"log10(depth)"
-2.01538725139034,1.39139282953456,1.41020040734695,1.42914953143571,0.1529613,"eutro"
0.218103680919533,0.434521164905839,0.440442856360931,0.495191777479534,0.6204648,"log10(RT)"
