"term","estimate","std.error","statistic","p.value"
"(Intercept)",-3.79065348395686,0.701276194807205,-5.40536455112238,6.46767111362512e-08
"human_impact",-0.470766148318025,0.293066077398658,-1.60634813997132,0.108197438641372
"log10(area)",1.44191886204824,0.117556793253044,12.2657212922139,1.38374568641743e-34
"depth",-5.11966535822438,0.328939817104976,-15.5641399794131,1.27573328043829e-54
"eutro",-0.762822232233919,0.276729720551775,-2.75656055559525,0.00584127956230728
"log10(RT)",-0.277358077049056,0.109185892719511,-2.54023729751942,0.0110777279700399
