"term","estimate","std.error","statistic","p.value"
"(Intercept)",-3.82132561162494,0.704143321753901,-5.42691451238459,5.73365726309595e-08
"human_impact",-0.299526487369466,0.292800641359831,-1.02297073523609,0.306321682775788
"log10(area)",1.46810783332709,0.119123839999897,12.324215147265,6.70935283020517e-35
"depth",-5.15550848776935,0.329158681935118,-15.6626842028295,2.72163792508638e-55
"eutro",-0.83200939477913,0.282033483218931,-2.95003765256226,0.00317735204902187
"log10(RT)",-0.352360155875889,0.111438464306646,-3.16192580423845,0.00156729492475216
