"term","estimate","std.error","statistic","p.value"
"(Intercept)",-5.88157724075751,3.13263654049791,-1.87751664284127,0.0604473184914852
"human_impact",-1.22410671930211,1.08062380022621,-1.13277786316187,0.257307549904222
"log10(area)",1.22318486121806,0.454209028094738,2.69299988674582,0.00708122930703786
"log10(depth)",-13.6110916572573,3.21019541269809,-4.23995735693158,2.23562252659662e-05
"eutro",-2.9176129215942,1.37808375504171,-2.11715210408666,0.0342469408138497
