"estimate","std.error","Adjusted.SE","statistic","p.value","term"
-7.73569183630285,3.38762026074353,3.43203627796303,2.25396563724382,0.0241983,"(Intercept)"
-1.1945957404392,1.15460828591331,1.17016819672779,1.02087524150778,0.3073136,"human_impact"
1.58985330320638,0.502530997928115,0.509270134123096,3.12182709465953,0.0017973,"log10(area)"
-16.0426972268488,3.66845344381533,3.71782309047306,4.31507816172273,1.6e-05,"log10(depth)"
-4.23542187192364,1.43463502313478,1.45368693058773,2.91357222989634,0.0035732,"eutro"
0.170906485327181,0.463462281330804,0.469708063429688,0.363856826470608,0.7159649,"log10(RT)"
