"term","estimate","std.error","statistic","p.value"
"(Intercept)",-4.31898527115896,0.712993500158153,-6.05753807040448,1.38220636095977e-09
"human_impact",-0.0866093075487812,0.302441520188993,-0.286367121467515,0.774596953965036
"log10(area)",1.53446016586035,0.119687154593968,12.8205919095155,1.25736964972522e-37
"depth",-5.12665858344002,0.32623539316277,-15.7145996139118,1.2013775188697e-55
"eutro",-0.883256317810252,0.283709865357767,-3.11323794361693,0.0018504676252697
"log10(RT)",-0.375281491107841,0.111058636540176,-3.37912928520494,0.000727158035293894
