"estimate","std.error","Adjusted.SE","statistic","p.value","term"
-7.52147153098327,3.33183760937341,3.37595124673351,2.22795620590223,0.0258834,"(Intercept)"
-1.19923904958369,1.15539462829535,1.17096513613869,1.02414582003545,0.3057664,"human_impact"
1.49530718416236,0.497433270188668,0.504038976786034,2.96664990810249,0.0030106,"log10(area)"
-13.6856930251634,3.2141450325716,3.25736364625319,4.20146305768026,2.65e-05,"log10(depth)"
-3.16536047014352,1.39200164751989,1.41043186942583,2.2442491117505,0.0248164,"eutro"
-0.0321399455084908,0.445583458546399,0.451588299287606,0.0711708995985781,0.9432617,"log10(RT)"
