"estimate","std.error","Adjusted.SE","statistic","p.value","term"
-7.91355490282177,3.50219002373931,3.54951174770118,2.22947702819886,0.0257822,"(Intercept)"
-1.85747926122711,1.13143566385527,1.1467251824706,1.6198120435667,0.1052727,"human_impact"
1.62929074425292,0.536892929383194,0.544148212408613,2.99420398174431,0.0027516,"log10(area)"
-15.794625966312,3.65019659144961,3.69951992671009,4.2693717777479,1.96e-05,"log10(depth)"
-3.3237607477478,1.4536717980546,1.47331584843669,2.25597298181145,0.0240723,"eutro"
0.0605321191184869,0.480066038011789,0.486608418877841,0.124395955290044,0.9010018,"log10(RT)"
