"estimate","std.error","Adjusted.SE","statistic","p.value","term"
-11.1042828332119,4.10061602395003,4.1558723854267,2.67194990687179,0.0075412,"(Intercept)"
-1.80058263566616,1.12778576118956,1.14302843142983,1.57527370812097,0.1151933,"human_impact"
2.04374985543773,0.622119212212382,0.630527439343792,3.24133372778308,0.0011897,"log10(area)"
-15.7223340940528,3.6435626257618,3.69274323609774,4.25762992139881,2.07e-05,"log10(depth)"
-2.61873944876898,1.39788833255518,1.41678212374486,1.84837132321171,0.0645486,"eutro"
0.185004655170578,0.445780315588947,0.451855447708791,0.409433273646861,0.6822217,"log10(RT)"
