"term","estimate","std.error","statistic","p.value"
"(Intercept)",-3.57136093682585,0.704550911793684,-5.06898916322979,3.99933996262189e-07
"human_impact",-0.535530094631586,0.297587952136153,-1.7995691384259,0.0719286977911227
"log10(area)",1.43259341797415,0.1182235328823,12.1176671263952,8.51484434436917e-34
"depth",-5.18697677726746,0.332141375680777,-15.6167739313897,5.59666033127694e-55
"eutro",-0.559284632385648,0.282187334533813,-1.98196220716147,0.0474834706558209
"log10(RT)",-0.348081433859687,0.111971527648569,-3.10866022076762,0.00187937714916882
