"estimate","std.error","Adjusted.SE","statistic","p.value","term"
-5.25928829325048,3.49956972427354,3.54605616012507,1.48313733786579,0.1380379,"(Intercept)"
-1.8928998431599,1.18422333044146,1.2002369234508,1.57710515830293,0.1147713,"human_impact"
1.25836302230065,0.500845181810125,0.507616593676202,2.47896352872841,0.0131765,"log10(area)"
-16.9535331560286,3.98194326185814,4.0354656780394,4.20113427015079,2.66e-05,"log10(depth)"
-4.37120172260582,1.61065120386675,1.63243267790899,2.67772250688155,0.0074125,"eutro"
0.353140523833438,0.448757897046418,0.454873607900045,0.776348677303429,0.4375431,"log10(RT)"
