"term","estimate","std.error","statistic","p.value"
"(Intercept)",-3.65584983619016,0.708193622386951,-5.16221795936004,2.44040901535054e-07
"human_impact",-0.552204816111658,0.291381005355011,-1.89512976468341,0.0580752122196835
"log10(area)",1.52579700348568,0.121888230395498,12.5180011108114,5.95151334789254e-36
"depth",-5.61535835918547,0.344876680726492,-16.2822210749551,1.31990095913504e-59
"eutro",-0.649272486719013,0.279975940781912,-2.31902957413318,0.0203934328192842
"log10(RT)",-0.32389008947645,0.111490488238516,-2.90509167726971,0.00367145544648181
