"term","estimate","std.error","statistic","p.value"
"(Intercept)",-3.2227171601233,0.4870435341395,-6.61689753425665,3.66815559003852e-11
"human_impact",-2.21477698220302,0.190032331433143,-11.6547377254182,2.17047680625237e-31
"log10(area)",1.7588899394735,0.0911108959041781,19.3049351783714,4.88165340957181e-83
"depth",-5.8902143911734,0.244459483149441,-24.0948492375428,2.83065307313294e-128
"eutro",-1.447045623165,0.182777464901656,-7.91698048741181,2.43347919160473e-15
"log10(RT)",-0.219329889337206,0.0760598518265521,-2.88364865392281,0.00393097064541989
