"term","estimate","std.error","statistic","p.value"
"(Intercept)",-2.82098524629435,0.489227326042997,-5.76620539394486,8.10762425017021e-09
"human_impact",-2.53126096718141,0.190832597099179,-13.2643007832979,3.7288256312215e-40
"log10(area)",1.6943643588645,0.0902265692048306,18.7789957414649,1.12181794439043e-78
"depth",-5.90219496903817,0.247291792570559,-23.8673306044078,6.69216101571471e-126
"eutro",-1.37534823880221,0.187210225506605,-7.3465444266221,2.03396639990101e-13
"log10(RT)",-0.169729920682174,0.0759994133405463,-2.23330566936919,0.0255287939139227
