"estimate","std.error","Adjusted.SE","statistic","p.value","term"
-5.97669005979286,3.30399937668451,3.34857364929799,1.78484653041627,0.0742862,"(Intercept)"
-2.40332718417667,1.10778408037352,1.12275440226068,2.14056358125832,0.0323092,"human_impact"
1.27769332346151,0.485337067967932,0.491895842889799,2.59748754117396,0.0093909,"log10(area)"
-13.5628726888655,3.52448415182854,3.57206909620745,3.79692338629887,0.0001465,"log10(depth)"
-2.48339060242071,1.42253421323675,1.44175536535588,1.72247710124368,0.0849831,"eutro"
-0.138451774887881,0.539418225370477,0.546769462902462,0.253217826308233,0.8000999,"log10(RT)"
