"term","estimate","std.error","statistic","p.value"
"(Intercept)",-3.54393127728743,0.71381440555322,-4.96477970984742,6.87790937820554e-07
"human_impact",-0.617115012383615,0.299820089667363,-2.05828439671363,0.0395628411130744
"log10(area)",1.50076480688197,0.120899570311315,12.4133179548737,2.21288706162513e-35
"depth",-5.59276962520303,0.348861686288121,-16.0314813722021,7.70244946253143e-58
"eutro",-0.84029691263806,0.28341464301571,-2.9649029552488,0.00302778425376012
"log10(RT)",-0.282751307700543,0.111565707342994,-2.53439264120168,0.011264243747532
