"term","estimate","std.error","statistic","p.value"
"(Intercept)",-7.49411049828139,4.02251551204273,-1.86304079520521,0.0624565268522277
"human_impact",-2.73236022129351,1.40362234615022,-1.9466491316469,0.0515768140073153
"log10(area)",1.65250030658362,0.557575131303701,2.96372670481161,0.00303938088856599
"log10(depth)",-24.7599160813826,5.2186897736157,-4.74446981051875,2.09053152495409e-06
"eutro",-4.93006975057835,1.78817491230206,-2.75703999461187,0.0058327216905119
"log10(RT)",0.236186432395368,0.502705339889929,0.469830760992279,0.638475935292658
