"term","estimate","std.error","statistic","p.value"
"(Intercept)",-3.72620683924527,0.702508687626225,-5.30414342893909,1.1320328233643e-07
"human_impact",-0.534286383186942,0.2928227836855,-1.82460659810126,0.0680604170230444
"log10(area)",1.46585242720373,0.118322776310811,12.3885905394344,3.01292220269016e-35
"depth",-5.12388249987829,0.32491582894179,-15.7698765140687,5.01477325353921e-56
"eutro",-0.748590869699242,0.278460941867962,-2.68831551268042,0.00718135061250976
"log10(RT)",-0.34811769237119,0.111175759916265,-3.13123735455807,0.00174071411014188
