"term","estimate","std.error","statistic","p.value"
"(Intercept)",-3.53579573482594,0.685249998796595,-5.15986244587427,2.47131348996339e-07
"human_impact",-0.432231222880181,0.293597837957289,-1.47218803070021,0.140970108699181
"log10(area)",1.35915442570698,0.11276781609923,12.0526802125085,1.87744210025223e-33
"depth",-4.83138818475665,0.314881360925784,-15.3435191290836,3.91389206368176e-53
"eutro",-0.700551804616428,0.276259675272296,-2.5358453199003,0.011217627016523
"log10(RT)",-0.316988808616965,0.108211848908406,-2.92933548233959,0.00339687578454112
