"term","estimate","std.error","statistic","p.value"
"(Intercept)",-3.72471564134559,0.704011457987247,-5.29070315417092,1.21846992451618e-07
"human_impact",-0.379064534315458,0.29660054227865,-1.27803048303039,0.201238678293388
"log10(area)",1.43163329165218,0.117211987124194,12.2140518796534,2.61532579861389e-34
"depth",-5.0401083175955,0.320613587148431,-15.7201956486708,1.099835378159e-55
"eutro",-0.620260080507037,0.28257457404508,-2.19503146241348,0.0281613409248943
"log10(RT)",-0.374518113934757,0.110228702356713,-3.3976460388944,0.000679682994840001
