"estimate","std.error","Adjusted.SE","statistic","p.value","term"
-7.66792058557014,3.87081131115392,3.92055016609326,1.95582769272688,0.05048546,"(Intercept)"
-1.68949979866477,1.20422915944832,1.22045957229011,1.38431443123883,0.1662622,"human_impact"
1.5203492291564,0.553437673628582,0.560932277428037,2.71039711982244,0.00672027,"log10(area)"
-18.9180502839759,4.09980875450115,4.15395734939909,4.55422352536012,5.26e-06,"log10(depth)"
-3.82165669097015,1.50223593883177,1.52253919819657,2.51005471353176,0.01207125,"eutro"
0.648647564588704,0.50588221840944,0.512776424381403,1.26497150365525,0.20588154,"log10(RT)"
