"term","estimate","std.error","statistic","p.value"
"(Intercept)",-6.9352568343705,4.03057614479215,-1.7206614104863,0.0853122827503093
"human_impact",-2.49597114258885,1.24336447917219,-2.00743320594989,0.0447035560798237
"log10(area)",1.47685792931276,0.54611494013021,2.70429871220999,0.0068448726072178
"log10(depth)",-17.6371098741104,4.02675203104877,-4.37998410086274,1.18687968340633e-05
"eutro",-3.56476738147742,1.52561331059582,-2.33661266371963,0.0194593333909635
"log10(RT)",0.157803481595032,0.504743872789072,0.312640707698054,0.754553647088628
