"term","estimate","std.error","statistic","p.value"
"(Intercept)",-4.01646039674105,0.701289797145034,-5.72724772710533,1.02073062659796e-08
"human_impact",-0.235071622152851,0.294276559081126,-0.798811916541565,0.424399479721678
"log10(area)",1.42910302149058,0.116781029224695,12.2374586949469,1.9607615291746e-34
"depth",-4.87473303763474,0.317178544027202,-15.3690504273727,2.64010217425461e-53
"eutro",-0.750176684850366,0.275443740231342,-2.72352054259901,0.0064590198588684
"log10(RT)",-0.319049478602972,0.111503386628993,-2.8613433927756,0.00421849860658876
