"term","estimate","std.error","statistic","p.value"
"(Intercept)",-6.86365474792672,3.66691484697737,-1.8717791479626,0.0612371642562357
"human_impact",-1.20374044461451,1.16968226307149,-1.02911746430487,0.303424480425167
"log10(area)",1.41858572037043,0.531169035190298,2.67068602721204,0.00756964142427344
"log10(depth)",-16.9091787450318,3.75797856117142,-4.49954103510397,6.81003336283087e-06
"eutro",-3.5071830645498,1.56752478209019,-2.23740198854987,0.0252600786931231
