"term","estimate","std.error","statistic","p.value"
"(Intercept)",-4.07453272978217,0.704245289938758,-5.78567267398622,7.22227280646546e-09
"human_impact",-0.331357662338317,0.296990875109819,-1.1157166435359,0.264543444023204
"log10(area)",1.48819566941167,0.118821890057569,12.5245917960962,5.47724237977634e-36
"depth",-5.14411051361972,0.328016780525283,-15.6824614441432,1.99375898252313e-55
"eutro",-0.759016455921963,0.282397599496394,-2.68775817243324,0.00719334709648248
"log10(RT)",-0.316497377666933,0.112268352516928,-2.81911483130753,0.0048156287030707
