"term","estimate","std.error","statistic","p.value"
"(Intercept)",-3.73789517809563,0.698169031553731,-5.35385416591335,8.61002620710547e-08
"human_impact",-0.524163055746725,0.294399839946477,-1.78044613014063,0.0750029780070707
"log10(area)",1.47239669995094,0.118659423534589,12.4085947503506,2.34736468895307e-35
"depth",-5.25932578795666,0.3330441369138,-15.791678054125,3.55008771657017e-56
"eutro",-0.787906527486985,0.279304823180932,-2.82095568029838,0.00478808173826019
"log10(RT)",-0.31209242617384,0.11045938374447,-2.82540437574608,0.00472209803215983
