"estimate","std.error","Adjusted.SE","statistic","p.value","term"
-12.9016725698177,4.46522516649252,4.52363273822115,2.8520601287564,0.0043437,"(Intercept)"
-2.16570043105091,1.28570982958653,1.30307293664095,1.66199478951166,0.0965138,"human_impact"
2.27718430278294,0.637876811770279,0.646484455501608,3.52241153426661,0.0004276,"log10(area)"
-23.028746656465,4.87578669203477,4.94040355420628,4.66130881896445,3.1e-06,"log10(depth)"
-2.75199799591698,1.62403433210475,1.64591060765278,1.67202154425724,0.0945201,"eutro"
0.572350242641174,0.643167447991774,0.65193258876873,0.877928565777239,0.3799825,"log10(RT)"
