"estimate","std.error","Adjusted.SE","statistic","p.value","term"
-8.14369014366419,3.780008920084,3.8310369561921,2.12571432663983,0.0335271,"(Intercept)"
-2.00240199664962,1.11585787405249,1.13093756883937,1.77056811253038,0.0766325,"human_impact"
1.65363852068804,0.547701815674206,0.555103355863143,2.97897410134868,0.0028922,"log10(area)"
-16.2475248266662,3.65332858694314,3.70267636049935,4.38804887189088,1.14e-05,"log10(depth)"
-3.10688590061578,1.56265850747701,1.58377574494312,1.9616955939222,0.0497979,"eutro"
-0.116046030787037,0.489457722846807,0.496128094393931,0.2339033650751,0.81506,"log10(RT)"
