"term","estimate","std.error","statistic","p.value"
"(Intercept)",-3.34947248409563,0.69349716624399,-4.82982865270599,1.36650591886914e-06
"human_impact",-0.351620935378743,0.295452517869848,-1.19010979467651,0.234003241056125
"log10(area)",1.43231825756446,0.117388104072939,12.2015622355949,3.04917066021597e-34
"depth",-5.14787628094009,0.323893217662139,-15.8937452228776,7.00164045996556e-57
"eutro",-0.820950467081729,0.279282635889375,-2.93949698830152,0.00328745465572862
"log10(RT)",-0.431649209632279,0.11110804793635,-3.8849499892173,0.000102350954945143
