"term","estimate","std.error","statistic","p.value"
"(Intercept)",-3.59560717617711,0.701595353388299,-5.12490163854765,2.97693116123722e-07
"human_impact",-0.329188426125553,0.300118976249427,-1.09685975288669,0.272702704802381
"log10(area)",1.39926348777991,0.116638369931162,11.9965967340398,3.70208244223088e-33
"depth",-5.03229868072109,0.324908500666567,-15.4883564769683,4.15784090929908e-54
"eutro",-0.897422310444625,0.285455334565677,-3.14382742858901,0.00166753746527208
"log10(RT)",-0.307103986109313,0.110591569267971,-2.77692041212634,0.00548766144891403
