"term","estimate","std.error","statistic","p.value"
"(Intercept)",-7.61972249305307,4.24257662233728,-1.79601293537871,0.0724924598111917
"human_impact",-3.45399647774115,1.36860001082507,-2.52374430105322,0.0116112350725627
"log10(area)",1.76980696864163,0.594826222484236,2.97533447878306,0.00292669244280013
"log10(depth)",-25.8228735019489,6.08902516040791,-4.24088796181276,2.22637254034113e-05
"eutro",-6.26715040708696,2.10548161156378,-2.97658757628961,0.00291475821075429
"log10(RT)",0.480753469975642,0.535712105550117,0.897410129423829,0.369500109391014
