"term","estimate","std.error","statistic","p.value"
"(Intercept)",-2.6522853274639,0.488659092473038,-5.4276802955636,5.70911846831672e-08
"human_impact",-2.5423148797816,0.190999205089263,-13.3106045053614,2.00850055960213e-40
"log10(area)",1.72969758091718,0.0913047700749128,18.9442192286122,4.92847147152761e-80
"depth",-6.19040097137952,0.25236027098295,-24.5300139648279,7.068731058868e-133
"eutro",-1.498291288224,0.18824519254408,-7.95925392821471,1.73079712987219e-15
"log10(RT)",-0.161575886157414,0.0778570003579179,-2.07529040952812,0.0379596277589522
