"term","estimate","std.error","statistic","p.value"
"(Intercept)",-4.16453853104057,0.695284949767121,-5.98968600202757,2.10246556058375e-09
"human_impact",-0.189177566088495,0.294400856506475,-0.642584971842073,0.520493437028348
"log10(area)",1.51965440182146,0.118044249690544,12.8735995680033,6.3378214464736e-38
"depth",-4.98356507469159,0.315957836623201,-15.7728801030967,4.78185489097853e-56
"eutro",-0.646281376621569,0.278013550468715,-2.32463984410823,0.0200912263917112
"log10(RT)",-0.467473461811436,0.112682875080137,-4.1485759169615,3.3454990544107e-05
