"term","estimate","std.error","statistic","p.value"
"(Intercept)",-4.08211391382537,0.712532822070776,-5.72901877272384,1.01013216984153e-08
"human_impact",-0.258625211185357,0.300602173650857,-0.860357089386001,0.389592232027994
"log10(area)",1.46598288895411,0.119068785798335,12.3120671729787,7.79994401104979e-35
"depth",-4.9993396307775,0.322788843084174,-15.4879567181131,4.18377125908209e-54
"eutro",-0.68258753170424,0.284141434146625,-2.40228087027957,0.0162931930018267
"log10(RT)",-0.368249544676124,0.112101915976476,-3.28495317380123,0.00101999321964834
