"estimate","std.error","Adjusted.SE","statistic","p.value","term"
-8.70179758841569,3.52854270525937,3.57610090475937,2.43331992585405,0.0149611,"(Intercept)"
-2.32709697987246,1.26833089178193,1.28547303275738,1.81030400527405,0.0702487,"human_impact"
1.72391148046409,0.544915005666463,0.552278699424147,3.12145205357656,0.0017996,"log10(area)"
-13.2686164472863,3.31423058501306,3.35899561792876,3.95017378899351,7.81e-05,"log10(depth)"
-2.77948486837152,1.41962772853598,1.43881518840239,1.93178727245559,0.0533858,"eutro"
-0.218312963304436,0.456316608288695,0.462535329903109,0.471991973781046,0.6369325,"log10(RT)"
