"term","estimate","std.error","statistic","p.value"
"(Intercept)",-4.09746363391048,0.700994774194795,-5.84521281006278,5.05921066618874e-09
"human_impact",-0.180213697865347,0.295040116035706,-0.610810829004478,0.541324823494679
"log10(area)",1.46143673491761,0.118593954027161,12.3230290018234,6.80879478982976e-35
"depth",-5.03557495104577,0.323113274248018,-15.5845499160165,9.27140506975054e-55
"eutro",-0.762601215670792,0.283526408765395,-2.68970082537112,0.00715161016936251
"log10(RT)",-0.316901458122045,0.110899237567786,-2.85756209936377,0.00426909090309834
