"term","estimate","std.error","statistic","p.value"
"(Intercept)",-3.60736671163447,0.689275418275012,-5.23356355963237,1.66272794241513e-07
"human_impact",-0.442771148857034,0.293475731866416,-1.50871469351535,0.131371708941477
"log10(area)",1.45248940934805,0.117601969684939,12.3508935542435,4.81733730170292e-35
"depth",-5.06982452816103,0.324841801490256,-15.6070570502396,6.51747202052736e-55
"eutro",-0.84017192403205,0.279857309859103,-3.00214392990143,0.00268085391439543
"log10(RT)",-0.402002537141142,0.111571830090201,-3.60308275678673,0.000314465353868881
