"estimate","std.error","Adjusted.SE","statistic","p.value","term"
-8.12885066372586,3.33486025276173,3.37993557502333,2.40503124491352,0.0161711,"(Intercept)"
-1.98850860673803,1.11059142756711,1.12559937191407,1.7666219938952,0.0772916,"human_impact"
1.53619841064378,0.49698886324152,0.50370476481216,3.04979924344503,0.0022899,"log10(area)"
-11.9573809382838,3.15038787860211,3.1929650745251,3.74491441628506,0.0001805,"log10(depth)"
-2.16465620527276,1.39994390027234,1.41886184735612,1.52562859400747,0.1271024,"eutro"
-0.0230338495641682,0.466306774577783,0.472661643029513,0.0487322165947998,0.9611327,"log10(RT)"
