"term","estimate","std.error","statistic","p.value"
"(Intercept)",-4.96407140356404,3.73337178634354,-1.32964828783523,0.183634180329693
"human_impact",-2.75198262283709,1.2114215111221,-2.27169700849047,0.0231048170036303
"log10(area)",1.26234770869737,0.527795087609916,2.39173826799681,0.0167687957175918
"log10(depth)",-16.3743079279755,3.90688329600624,-4.19114334557009,2.77552225522485e-05
"eutro",-3.50034521727291,1.45627743935538,-2.40362524521587,0.0162334051938222
"log10(RT)",-0.00267651435159623,0.499612405872179,-0.00535718152739584,0.995725608015292
