"estimate","std.error","Adjusted.SE","statistic","p.value","term"
-4.31876584122216,3.37222059973513,3.41767847748898,1.26365480827653,0.206354,"(Intercept)"
-1.82799228841511,1.08184054003463,1.09645962807882,1.66717701372924,0.0954792,"human_impact"
1.11360019477327,0.482635716126166,0.489156888252029,2.27657060856824,0.0228119,"log10(area)"
-14.931369803389,3.51212835060909,3.55955246371497,4.19473233098684,2.73e-05,"log10(depth)"
-3.77216944420095,1.56677329329734,1.58794657407592,2.37550148461141,0.0175251,"eutro"
-0.12401146121178,0.47257946243841,0.479019815614717,0.258885868954374,0.7957233,"log10(RT)"
