"estimate","std.error","Adjusted.SE","statistic","p.value","term"
-9.0336627063396,3.60678324280305,3.65511891317899,2.47150993467479,0.0134544,"(Intercept)"
-1.60336405641636,1.09951003907694,1.11437152728606,1.43880565606444,0.1502056,"human_impact"
1.70971653362735,0.521186171524226,0.528162230522594,3.23710487956638,0.0012075,"log10(area)"
-13.0007451232563,3.22442089307009,3.26781779101471,3.97841800084556,6.94e-05,"log10(depth)"
-2.37282208666869,1.41803132803207,1.43675451713298,1.65151531341876,0.0986334,"eutro"
-0.200324993836852,0.427975433503751,0.433775558704193,0.461817153634193,0.6442124,"log10(RT)"
