"estimate","std.error","Adjusted.SE","statistic","p.value","term"
-10.0425638483611,3.94375655134323,3.99696042656894,2.51255023232286,0.0119862,"(Intercept)"
-1.78780010305637,1.12553215839598,1.14074349436019,1.56722357996798,0.1170624,"human_impact"
1.95246540418432,0.588279590385636,0.596230014184969,3.27468486613055,0.0010578,"log10(area)"
-19.1706346285458,4.15682023898007,4.21297103053891,4.55038368163039,5.4e-06,"log10(depth)"
-3.16890814844468,1.60486504381716,1.6265535094916,1.94823479827305,0.0513869,"eutro"
-0.163820130634262,0.49132824040463,0.498024103524393,0.328940164692727,0.7422009,"log10(RT)"
