"estimate","std.error","Adjusted.SE","statistic","p.value","term"
-7.49543873956339,3.56210028712507,3.60998038274016,2.07631010279174,0.0378653,"(Intercept)"
-2.10799185070581,1.13710934544539,1.15247655889843,1.82909737680103,0.067385,"human_impact"
1.52169321233886,0.522024367198148,0.5290791269852,2.87611651022746,0.004026,"log10(area)"
-15.5599480176661,3.77654079411678,3.82745011850143,4.06535618647286,4.8e-05,"log10(depth)"
-3.31523179419993,1.47729130274212,1.49725497731732,2.21420656095593,0.0268146,"eutro"
0.207671365275572,0.467872261220002,0.474248464257066,0.437895704313771,0.6614619,"log10(RT)"
