"term","estimate","std.error","statistic","p.value"
"(Intercept)",-3.44330413729925,0.689095954775295,-4.99684276687137,5.82765458642877e-07
"human_impact",-0.398859189896169,0.293456850960476,-1.35917491307739,0.174091168821706
"log10(area)",1.40801495789723,0.115228283493812,12.2193520132827,2.45029961791187e-34
"depth",-4.88093526530917,0.311997893919535,-15.644128888152,3.64320454220669e-55
"eutro",-0.883011571232844,0.28230335925314,-3.1278819124538,0.00176070906207863
"log10(RT)",-0.433575717954438,0.111407080814177,-3.89181472834412,9.94972132629532e-05
