"term","estimate","std.error","statistic","p.value"
"(Intercept)",-8.90309620404344,4.13517183795862,-2.15301722707576,0.0313173246664186
"human_impact",-2.84710762671765,1.23306221797103,-2.30897320931826,0.0209450679341815
"log10(area)",1.69101829199851,0.548917177215671,3.08064378778604,0.00206553595833409
"log10(depth)",-23.650958127798,5.29425456443172,-4.46728766816235,7.92175739526689e-06
"eutro",-4.33535879579021,1.83580687475447,-2.36155494099566,0.018198475127957
"log10(RT)",0.664632855423526,0.543444425068375,1.22300059539649,0.22132947141449
