"estimate","std.error","Adjusted.SE","statistic","p.value","term"
-7.35462330328796,3.47608823931351,3.52245644760805,2.08792455284498,0.0368046,"(Intercept)"
-1.60940644472714,1.17200794909926,1.1878023439467,1.35494466139844,0.1754352,"human_impact"
1.55523327037212,0.520759531678496,0.527719289488235,2.9470843710874,0.0032079,"log10(area)"
-17.1480897374511,3.75592925805317,3.80654092770533,4.50490092268321,6.6e-06,"log10(depth)"
-3.91989040167655,1.45278364869654,1.47211092433559,2.66276836675587,0.0077501,"eutro"
-0.0977806538174086,0.472366863596214,0.47873264700427,0.204248977857022,0.8381589,"log10(RT)"
