"term","estimate","std.error","statistic","p.value"
"(Intercept)",-3.62826855194004,0.695096461004832,-5.2198058190298,1.79110825408524e-07
"human_impact",-0.280018070096288,0.297286422790919,-0.941913416251857,0.346236970704533
"log10(area)",1.4001376356837,0.114977369289288,12.1775062722204,4.09615369615709e-34
"depth",-5.05482176407473,0.322896400043912,-15.6546240942522,3.08933220543256e-55
"eutro",-0.725988142192565,0.27932921061495,-2.59904125527826,0.00934845373245394
"log10(RT)",-0.31665497213185,0.110426865511364,-2.86755374849666,0.00413658534725748
