"term","estimate","std.error","statistic","p.value"
"(Intercept)",-3.4571453044184,0.669911924580926,-5.1605967554333,2.46163897106279e-07
"human_impact",-0.51110509461672,0.286135600175966,-1.78623384962376,0.0740614024920257
"log10(area)",1.40804989148029,0.113798534157928,12.3731812707378,3.65070282986086e-35
"depth",-4.8263392714712,0.311889632949889,-15.474510088146,5.15643240842211e-54
"eutro",-0.837603918887955,0.273534953009325,-3.06214584159342,0.00219756353498135
"log10(RT)",-0.415341097950945,0.109665348328388,-3.7873503734947,0.000152262319850636
