"term","estimate","std.error","statistic","p.value"
"(Intercept)",-3.92176598664061,0.687319699260309,-5.70588328962665,1.15741288107919e-08
"human_impact",-0.350430433123044,0.292106630424152,-1.19966613771897,0.230269029216709
"log10(area)",1.47476370941504,0.116513858772727,12.6574102424307,1.01802539166305e-36
"depth",-5.02310806770017,0.322232047601188,-15.5884807395602,8.71823613383527e-55
"eutro",-0.73646439297366,0.278031260110194,-2.64885463843803,0.00807650618520786
"log10(RT)",-0.374830706743731,0.110586702246587,-3.38947359066671,0.000700269537797386
