"term","estimate","std.error","statistic","p.value"
"(Intercept)",-3.5773024755503,0.678034611681022,-5.27598800108633,1.32042728046064e-07
"human_impact",-0.563216784211665,0.29291220151337,-1.92281776348588,0.0545029404212469
"log10(area)",1.36074953793371,0.11194557951888,12.1554557471759,5.36616985270521e-34
"depth",-4.72377844377267,0.308675833151826,-15.3033633878595,7.26054662222844e-53
"eutro",-0.550804032046166,0.275056500765037,-2.00251232206536,0.0452296592038499
"log10(RT)",-0.351050584839701,0.108850892111546,-3.22505932684465,0.00125946566261171
