"estimate","std.error","Adjusted.SE","statistic","p.value","term"
-11.1571451138642,3.56565383383114,3.61308923991399,3.08797939187625,0.0020152,"(Intercept)"
-1.62242693617488,1.14869724575769,1.16402101634941,1.39381240835592,0.1633743,"human_impact"
1.81436466043435,0.543439418132686,0.55070781992517,3.29460486085141,0.0009856,"log10(area)"
-13.8533604160826,3.22062228940162,3.26339244484481,4.24507951471385,2.19e-05,"log10(depth)"
-0.857511507223301,1.34698779501542,1.36514028033389,0.628149003861761,0.5299063,"eutro"
-0.0941813586626246,0.439509620401409,0.44543260794531,0.21143795263904,0.8325455,"log10(RT)"
