"estimate","std.error","Adjusted.SE","statistic","p.value","term"
-8.40032995243429,3.65825136235521,3.70763286382389,2.26568548207617,0.0234706,"(Intercept)"
-2.17411351312608,1.22648065858287,1.24305502436729,1.74900826633374,0.0802896,"human_impact"
1.81657071765207,0.557152902253941,0.564682276354373,3.2169784562391,0.0012955,"log10(area)"
-18.7312512695314,4.12392187893433,4.17962448824597,4.4815631935854,7.4e-06,"log10(depth)"
-4.65524423024429,1.65729173400436,1.6796881767165,2.7714931228155,0.00558,"eutro"
0.118939654556486,0.496763621396208,0.503533558351201,0.236209985578615,0.8132697,"log10(RT)"
