"term","estimate","std.error","statistic","p.value"
"(Intercept)",-3.79174161909832,0.708283590974885,-5.35342293314934,8.63058028722441e-08
"human_impact",-0.266138762900918,0.294818556172324,-0.902720528708366,0.366674238341449
"log10(area)",1.50217573207711,0.120244720819508,12.4926543289325,8.1875695420152e-36
"depth",-5.31991609981814,0.337833088500788,-15.7471730298133,7.18209383532234e-56
"eutro",-0.722066003405518,0.280974830885839,-2.56986008721506,0.0101739595859317
"log10(RT)",-0.408885727898914,0.11175308672688,-3.65883162492158,0.000253367728745316
