"term","estimate","std.error","statistic","p.value"
"(Intercept)",-4.56805242407145,3.87533482356473,-1.17875038726835,0.238497585159486
"human_impact",-3.14660567510291,1.31502260127151,-2.39281490071763,0.0167196736269024
"log10(area)",1.33841299114033,0.540929071321083,2.47428556182346,0.0133502939171969
"log10(depth)",-20.6764680582375,4.69765514808189,-4.40144442417829,1.07532613104645e-05
"eutro",-5.61217828693377,1.83351565886188,-3.06088375073786,0.00220684758441784
"log10(RT)",0.108884305799919,0.531062087959457,0.205031216252499,0.837547736034635
