"term","estimate","std.error","statistic","p.value"
"(Intercept)",-3.59880597441874,0.698458172691886,-5.15250034307537,2.57036147125202e-07
"human_impact",-0.421608670342715,0.292352986442267,-1.44212198915222,0.149267962799939
"log10(area)",1.41295599521647,0.117274727051381,12.0482565233124,1.98095687631977e-33
"depth",-5.23947622974437,0.329174702848407,-15.9170075476829,4.82927926870527e-57
"eutro",-0.900889237798059,0.280090269876395,-3.21642461266371,0.00129798630401028
"log10(RT)",-0.225898932580385,0.109015966817599,-2.07216373137661,0.0382501744927068
