"estimate","std.error","Adjusted.SE","statistic","p.value","term"
-14.4012174162792,4.42259913351343,4.4823723489433,3.21285611617567,0.0013142,"(Intercept)"
-2.05776000352349,1.3261665859288,1.34408739304547,1.53097188037823,0.1257763,"human_impact"
2.83865937028952,0.711670684325876,0.72128764694766,3.93554413735232,8.3e-05,"log10(area)"
-29.1021546691662,6.29551147716056,6.38058889748377,4.56104524782076,5.1e-06,"log10(depth)"
-5.1630929964062,1.98551199603454,2.01234396578193,2.5657109739686,0.0102965,"eutro"
0.037383721392701,0.619069570488777,0.627506303338063,0.0595750531808776,0.9524941,"log10(RT)"
