"estimate","std.error","Adjusted.SE","statistic","p.value","term"
-7.05315237561071,3.3356670178318,3.38068188008058,2.08631058046863,0.0369505,"(Intercept)"
-2.68979749061428,1.18773266002937,1.20378401188657,2.2344519150066,0.0254534,"human_impact"
1.483084626733,0.488651993043797,0.495255522636736,2.99458473241665,0.0027482,"log10(area)"
-14.5204046291761,3.44031975100361,3.48679908511713,4.16439383936809,3.12e-05,"log10(depth)"
-2.67483010902894,1.39881699929633,1.41772079049479,1.88671149281475,0.0591991,"eutro"
-0.131848518721283,0.470203549378463,0.476611523409169,0.276637286858235,0.7820586,"log10(RT)"
