"estimate","std.error","Adjusted.SE","statistic","p.value","term"
-6.75125769996259,3.48914914221886,3.53627106228966,1.90914598486443,0.0562433,"(Intercept)"
-1.58817044303205,1.07405573431984,1.08856991209213,1.45895125833464,0.1445785,"human_impact"
1.38757159465712,0.509927397314972,0.516818308718825,2.68483444036041,0.0072566,"log10(area)"
-13.1789467464617,3.22844715075096,3.27206683171037,4.02771319300125,5.63e-05,"log10(depth)"
-2.97682927520617,1.37580208716311,1.39439398637266,2.13485521617173,0.0327728,"eutro"
-0.0868039116243292,0.474430789154522,0.480896372369043,0.180504400972514,0.8567566,"log10(RT)"
