"estimate","std.error","Adjusted.SE","statistic","p.value","term"
-14.4292564724484,4.59976209202261,4.66127227133178,3.09556181928968,0.0019644,"(Intercept)"
-2.60710650884665,1.40483854303345,1.42382877113723,1.8310533974983,0.0670926,"human_impact"
2.72531208295452,0.716291419905322,0.72596606395999,3.75404887122205,0.000174,"log10(area)"
-24.5883714021489,5.17797410637939,5.24751145615743,4.68572038528794,2.8e-06,"log10(depth)"
-3.97285022093046,1.75226984318931,1.77593592331282,2.23704592535046,0.0252833,"eutro"
0.325045307878002,0.542360651445507,0.549751988610727,0.591258084758222,0.5543475,"log10(RT)"
