"estimate","std.error","Adjusted.SE","statistic","p.value","term"
-5.67141321756723,3.69469938444732,3.74316996954027,1.51513643882535,0.1297379,"(Intercept)"
-1.68082481081744,1.13429182575006,1.14963759132881,1.4620475387158,0.1437282,"human_impact"
1.42146247584054,0.517426184257531,0.524424416827938,2.71051924782312,0.0067178,"log10(area)"
-15.570399155209,3.54197336416754,3.58948626623691,4.33777928102576,1.44e-05,"log10(depth)"
-4.46784205039372,1.5797242832444,1.60108860632339,2.79050268220526,0.0052626,"eutro"
-0.468072613806023,0.476055868996654,0.482543598937715,0.97001103078862,0.332041,"log10(RT)"
