"estimate","std.error","Adjusted.SE","statistic","p.value","term"
-10.2465001757302,3.70451085371421,3.75455427009197,2.72908564868853,0.006351,"(Intercept)"
-1.9804553105212,1.12608703954333,1.1413038774144,1.73525679682073,0.0826953,"human_impact"
1.98516289518026,0.565090950365985,0.572727291581248,3.46615732192437,0.000528,"log10(area)"
-15.1264374594602,3.61837684786955,3.66725951904482,4.12472511991735,3.71e-05,"log10(depth)"
-3.02413836500035,1.42310104099372,1.44233200287507,2.0967005924934,0.0360201,"eutro"
0.0786525827202852,0.514726053820576,0.521740784334988,0.150750305672454,0.8801727,"log10(RT)"
