"term","estimate","std.error","statistic","p.value"
"(Intercept)",-3.7460482186935,0.709865552371951,-5.27712354286867,1.31227420501491e-07
"human_impact",-0.382813433648332,0.302262609669696,-1.26649284893907,0.205336688036279
"log10(area)",1.43769145209333,0.118524719383596,12.1298869937869,7.33505881592873e-34
"depth",-5.29424805219566,0.331184257053082,-15.9858083210372,1.6047181531101e-57
"eutro",-0.545533284063149,0.280782742023066,-1.94290176145632,0.0520280290761746
"log10(RT)",-0.291808219846492,0.112228312794718,-2.60013015058198,0.00931884098289763
