"term","estimate","std.error","statistic","p.value"
"(Intercept)",-3.59977821866654,0.677260711450995,-5.31520307881763,1.06538441350597e-07
"human_impact",-0.399941319247384,0.291270737586105,-1.37309131209638,0.169723961589285
"log10(area)",1.35112674586741,0.112823268901889,11.9756036056919,4.769536377322e-33
"depth",-4.79862729268401,0.31180096018978,-15.390033724602,1.90932743477898e-53
"eutro",-0.769588228577922,0.276411479904059,-2.78421225068163,0.00536579082837693
"log10(RT)",-0.281003686788754,0.110743924762955,-2.53741853009306,0.0111673357232646
