"estimate","std.error","Adjusted.SE","statistic","p.value","term"
-5.33210001445219,3.21240487967412,3.25577609923151,1.63773547441139,0.1014769,"(Intercept)"
-2.15377248904615,1.0982789194703,1.11312095542215,1.93489528568737,0.0530031,"human_impact"
1.14606015208112,0.477459817817276,0.483911968136844,2.36832363641197,0.0178689,"log10(area)"
-13.2789730486816,3.3991515576477,3.44505170458177,3.85450616924593,0.000116,"log10(depth)"
-2.44625354226334,1.39027883415149,1.40906460426517,1.73608331006162,0.0825491,"eutro"
-0.119663616946911,0.457065100074201,0.463294022198436,0.258288713459067,0.7961841,"log10(RT)"
