"estimate","std.error","Adjusted.SE","statistic","p.value","term"
-10.1352900018202,3.72338496477247,3.77236318084908,2.68672169563986,0.0072157,"(Intercept)"
-2.7703684036002,1.19270820863581,1.20882760522992,2.29178121976565,0.0219183,"human_impact"
1.85214458121029,0.544155352370013,0.551510999060383,3.35830941606934,0.0007842,"log10(area)"
-15.2048636898328,3.75732524533953,3.80758541755584,3.99330862538943,6.52e-05,"log10(depth)"
-2.08683734489905,1.50032328223618,1.52061710527516,1.37236214012036,0.1699507,"eutro"
0.445998713213173,0.505748083215393,0.512640461181504,0.870002949406805,0.3842988,"log10(RT)"
