"estimate","std.error","Adjusted.SE","statistic","p.value","term"
-8.21707075534564,3.86247784435834,3.91454959296868,2.09911014286424,0.0358072,"(Intercept)"
-2.13913989255828,1.14387444297476,1.15933530735793,1.84514340155246,0.0650167,"human_impact"
1.57225788564768,0.573466419807369,0.581215361913758,2.70512100793539,0.006828,"log10(area)"
-13.513298951734,3.41637754424859,3.46250918145356,3.90274747114494,9.51e-05,"log10(depth)"
-1.95235183308663,1.39420477515495,1.41303939381628,1.38166836793828,0.1670736,"eutro"
-0.248560945266501,0.467037157932276,0.473401980110587,0.52505261006394,0.5995466,"log10(RT)"
