"estimate","std.error","Adjusted.SE","statistic","p.value","term"
-6.81545062814957,3.46345317032482,3.5098957177356,1.94178151610343,0.0521636,"(Intercept)"
-2.08261673536215,1.2098318623899,1.22618387226542,1.6984538636236,0.0894221,"human_impact"
1.42651253819081,0.52119780006884,0.528243522640789,2.70048278312889,0.0069239,"log10(area)"
-15.1442615469368,3.59433515273081,3.64276531113401,4.15735306928745,3.22e-05,"log10(depth)"
-3.12334628974569,1.5267081432226,1.54734636774543,2.01851786700903,0.0435374,"eutro"
-0.278746494570336,0.469494495662533,0.475892806648789,0.585733784322678,0.5580544,"log10(RT)"
