"term","estimate","std.error","statistic","p.value"
"(Intercept)",-4.20146710143037,0.720603694272732,-5.83048232311755,5.52673936313522e-09
"human_impact",-0.516249388405566,0.302058489755535,-1.70910405075316,0.0874316773875117
"log10(area)",1.54674277867522,0.122671790324555,12.6087894746052,1.88871702370614e-36
"depth",-5.37034096324046,0.341414875619785,-15.7296630777773,9.47137091245071e-56
"eutro",-0.490458351055254,0.284616341123564,-1.72322625299411,0.0848476179614693
"log10(RT)",-0.337424057843631,0.114924936839992,-2.93603866246557,0.00332432886756344
