"estimate","std.error","Adjusted.SE","statistic","p.value","term"
-7.07351551728347,3.6504143748582,3.69974364374586,1.91189341705897,0.0558899,"(Intercept)"
-1.91254899616782,1.20101791987776,1.21724762215326,1.57120783097904,0.1161344,"human_impact"
1.52585809152915,0.535746161188706,0.542985890605414,2.81012475264847,0.0049522,"log10(area)"
-15.2060057551816,3.53498893633759,3.58275905112049,4.24421668837206,2.19e-05,"log10(depth)"
-3.63990530969074,1.51708739827213,1.5375883977774,2.36728198193499,0.0179193,"eutro"
0.0468795767652329,0.439352461520494,0.445339994297461,0.105266936195989,0.916164,"log10(RT)"
