"term","estimate","std.error","statistic","p.value"
"(Intercept)",-3.5031621924503,0.691640531775153,-5.06500419149691,4.08391364871514e-07
"human_impact",-0.475681464817122,0.296322603092333,-1.6052824180574,0.108431666657512
"log10(area)",1.47772518799135,0.118317728635789,12.4894654844173,8.52242786058123e-36
"depth",-5.32973808327411,0.331772215195538,-16.0644497615115,4.52865098929993e-58
"eutro",-0.768529810573705,0.280210238604004,-2.74268996879803,0.00609381902271374
"log10(RT)",-0.407700301162971,0.111486850395695,-3.65693621907819,0.000255247859579529
