"estimate","std.error","Adjusted.SE","statistic","p.value","term"
-11.691307159666,4.05660325040957,4.11107812267226,2.84385429096794,0.0044571,"(Intercept)"
-2.18772958147571,1.29943191584676,1.31698233593491,1.66116850756595,0.0966796,"human_impact"
2.25688327962298,0.624756009461533,0.633200084335944,3.56424980895233,0.0003649,"log10(area)"
-21.9813426288268,4.69903783870637,4.76235250667637,4.61564795928295,3.9e-06,"log10(depth)"
-3.68330496308013,1.65831564143633,1.68072995619418,2.19149123242888,0.0284163,"eutro"
0.27008948829562,0.508101467680942,0.515025917771051,0.524419216540642,0.599987,"log10(RT)"
