"estimate","std.error","Adjusted.SE","statistic","p.value","term"
-8.3666482597718,4.01924099890214,4.07258198413582,2.05438424379495,0.0399385,"(Intercept)"
-1.78950681707163,1.28295809709691,1.30030439167534,1.37622146670288,0.1687531,"human_impact"
1.8073263326182,0.578578693127445,0.586393204019371,3.08210654596621,0.0020554,"log10(area)"
-22.9720427950995,4.85298845466585,4.91778212319944,4.67122011907153,3e-06,"log10(depth)"
-5.22017381703003,1.92866524385542,1.95468238534533,2.67059950822025,0.0075716,"eutro"
0.398728611565721,0.493538736144733,0.500264724088769,0.797035234279219,0.4254306,"log10(RT)"
