"estimate","std.error","Adjusted.SE","statistic","p.value","term"
-7.42948495927176,3.38185218708511,3.4269199823941,2.16797736668523,0.0301604,"(Intercept)"
-2.3055318984163,1.04741593964591,1.06145282416849,2.17205310110922,0.0298517,"human_impact"
1.3189026739374,0.489088024246156,0.495659475316599,2.6609047937497,0.0077931,"log10(area)"
-11.5050317548918,2.93857042151381,2.97729164077495,3.86426092671834,0.0001114,"log10(depth)"
-1.01767091587511,1.28716561696098,1.30451191738834,0.780116227617539,0.4353225,"eutro"
-0.0627938546370652,0.447067220750329,0.453092057197304,0.138589616921315,0.8897744,"log10(RT)"
