"term","estimate","std.error","statistic","p.value"
"(Intercept)",-3.87535992818626,0.69591123101328,-5.56875612216166,2.5656428805264e-08
"human_impact",-0.446053454801123,0.292373335381814,-1.52562973712571,0.127102101958029
"log10(area)",1.46052498526173,0.117866766421387,12.3913214013202,2.91205073730011e-35
"depth",-4.99589382208462,0.322324556086973,-15.4995755915555,3.49191103858715e-54
"eutro",-0.600391848076425,0.275609898175768,-2.17841177711814,0.0293753938689346
"log10(RT)",-0.386610950027898,0.110496448042039,-3.49885409783318,0.000467262191675296
