"estimate","std.error","Adjusted.SE","statistic","p.value","term"
-8.52240399958804,4.36702170343616,4.42406434740451,1.92637433146467,0.0540577,"(Intercept)"
-2.45265881968433,1.36893805761323,1.38744789930134,1.76774841125161,0.077103,"human_impact"
1.727260393436,0.604387052673743,0.612531254691862,2.81987307619904,0.0048043,"log10(area)"
-23.6206637352796,5.15478554210599,5.22286466178756,4.52254945606713,6.1e-06,"log10(depth)"
-4.04122427020937,1.86018357793309,1.88529801354175,2.14354666539826,0.0320692,"eutro"
0.512239504818226,0.552421605019689,0.559950053717378,0.914794991834696,0.3602993,"log10(RT)"
