"estimate","std.error","Adjusted.SE","statistic","p.value","term"
-4.57317397085128,3.81055269532066,3.86194883411915,1.18416223706763,0.2363488,"(Intercept)"
-1.76052046460824,1.19340481885814,1.20953351128553,1.45553674055472,0.1455207,"human_impact"
1.14589882009556,0.544316832030241,0.551673094291059,2.07713378077305,0.0377892,"log10(area)"
-13.3058282633375,3.263664084339,3.30775181355247,4.02261989814988,5.76e-05,"log10(depth)"
-3.58213192959701,1.49357985978498,1.51376364771005,2.36637465499709,0.0179633,"eutro"
-0.160092170225376,0.460424257790001,0.466698958801776,0.3430309136245,0.7315752,"log10(RT)"
