"estimate","std.error","Adjusted.SE","statistic","p.value","term"
-10.0503724365722,3.29308310776923,3.33518728572941,3.01343570107013,0.00258308,"(Intercept)"
-1.76637833126423,1.09308325942775,1.10741292093844,1.5950494146008,0.11070119,"human_impact"
1.6911883153252,0.487433284173489,0.493929598706875,3.42394608412371,0.00061719,"log10(area)"
-10.9247749301542,2.99634545620879,3.03424057846657,3.60049727357984,0.00031761,"log10(depth)"
-1.75752161226882,1.32390022138913,1.34174157037597,1.30988086757746,0.19023614,"eutro"
