"term","estimate","std.error","statistic","p.value"
"(Intercept)",-3.00306544818174,0.494397720444974,-6.07418951179403,1.24615492840352e-09
"human_impact",-2.5839972542122,0.195420236521297,-13.2227721151622,6.48298311944298e-40
"log10(area)",1.79187233818077,0.0926878818580103,19.3323258905167,2.87175283347113e-83
"depth",-6.05793271435456,0.251594124435765,-24.0781962930984,4.23044841398406e-128
"eutro",-1.52199003484126,0.187554713381585,-8.11491221628074,4.86136102493354e-16
"log10(RT)",-0.230264250594793,0.0780310086425639,-2.95093264332341,0.00316815998049203
