"term","estimate","std.error","statistic","p.value"
"(Intercept)",-3.78584667658408,0.70973481566819,-5.33417072546996,9.59821860330367e-08
"human_impact",-0.393547583588513,0.29850641424944,-1.31838903555236,0.187373449309617
"log10(area)",1.48147948229075,0.120056965300583,12.3398045134792,5.52899600704233e-35
"depth",-5.45590871600141,0.336912129742654,-16.193862536706,5.57185088372998e-59
"eutro",-0.762689718913054,0.281486812635622,-2.70950426335012,0.00673838391308021
"log10(RT)",-0.260471890087032,0.112523872847315,-2.3148144788837,0.02062308720558
