"term","estimate","std.error","statistic","p.value"
"(Intercept)",-3.0055027899844,0.488390027346028,-6.15389877290631,7.56009489580541e-10
"human_impact",-2.47940137764835,0.190843486222605,-12.9918051002082,1.36176844578548e-38
"log10(area)",1.69728563144121,0.0900709217397924,18.8438798966056,3.29874275225345e-79
"depth",-5.79492583243058,0.243798627345662,-23.7693127952457,6.93840772096748e-125
"eutro",-1.37509595099268,0.183438714187887,-7.49621451000927,6.56872602687913e-14
"log10(RT)",-0.157703878173156,0.0758691667237776,-2.07862936925774,0.0376514294072057
