"term","estimate","std.error","statistic","p.value"
"(Intercept)",-3.66265494325256,0.69122189164078,-5.29881212899431,1.16558488056131e-07
"human_impact",-0.532152399336284,0.293145931622612,-1.81531565657668,0.0694754143007799
"log10(area)",1.38252318653805,0.115217731197166,11.9992224475607,3.58649894570118e-33
"depth",-4.83455769036468,0.318491034802803,-15.1795723021153,4.82920301104546e-52
"eutro",-0.747368424033346,0.281591268011007,-2.65408948690885,0.00795227345528145
"log10(RT)",-0.299308209772866,0.110088598103005,-2.71879390718388,0.00655204178104381
