"term","estimate","std.error","statistic","p.value"
"(Intercept)",-3.16275809690798,0.487669532919622,-6.48545353648178,8.84652603402829e-11
"human_impact",-2.40420184379986,0.191347808276576,-12.5645643159121,3.306916522307e-36
"log10(area)",1.75674940892881,0.0912265312819678,19.2570010526757,1.23317003716438e-82
"depth",-5.95052979625862,0.24765409966812,-24.027584458456,1.43215569884742e-127
"eutro",-1.45583319253517,0.186084147872666,-7.8235207521888,5.13660843137722e-15
"log10(RT)",-0.16403272374766,0.0771583745878174,-2.12592248895766,0.0335097140080557
