"estimate","std.error","Adjusted.SE","statistic","p.value","term"
-6.76884715881508,3.33876121702974,3.38286639278053,2.00092063146823,0.0454009,"(Intercept)"
-1.22222444899323,1.05386586779752,1.06806813805091,1.14433190678605,0.252486,"human_impact"
1.30473799853088,0.482918106791452,0.489311949264962,2.66647483367378,0.0076651,"log10(area)"
-11.8509712142061,3.06530644579475,3.10644269534635,3.81496534024581,0.0001362,"log10(depth)"
-2.8208940988307,1.41210776008937,1.43078640920499,1.97156897820836,0.0486588,"eutro"
-0.0334358240098201,0.423452532195574,0.42915912872317,0.0779100845630338,0.9378996,"log10(RT)"
