"term","estimate","std.error","statistic","p.value"
"(Intercept)",-3.59271424671925,0.708240291211393,-5.07273349356357,3.92141516612397e-07
"human_impact",-0.524719326239707,0.298485884793912,-1.75793681701899,0.0787582605177029
"log10(area)",1.45589691984629,0.118953285103672,12.2392325573642,1.91837931453767e-34
"depth",-5.26229704292091,0.334483490556547,-15.7326062167223,9.04117494466059e-56
"eutro",-0.740642841155164,0.28441089726979,-2.6041296176236,0.00921079154091852
"log10(RT)",-0.341778039162912,0.11218834436804,-3.04646655664772,0.0023154823607154
