"estimate","std.error","Adjusted.SE","statistic","p.value","term"
-5.30451040440718,3.49601911775079,3.54326808204203,1.49706719378403,0.1343758,"(Intercept)"
-2.0059008099276,1.09304577548412,1.10781633201572,1.81067994030904,0.0701904,"human_impact"
1.26447881095224,0.509842213939423,0.516731841597896,2.44706965810754,0.0144023,"log10(area)"
-13.3056486803676,3.25866221459691,3.30269982879843,4.02871873621297,5.61e-05,"log10(depth)"
-3.59750612284225,1.48157846793482,1.5015994569902,2.39578278088423,0.0165849,"eutro"
0.031040600822325,0.436385162140912,0.442332256309131,0.0701748524544223,0.9440545,"log10(RT)"
