"term","estimate","std.error","statistic","p.value"
"(Intercept)",-7.25560516472771,4.17623426292612,-1.73735588281966,0.0823243732874835
"human_impact",-3.7905332669703,1.33154969011845,-2.84670808389667,0.00441738489842794
"log10(area)",1.514067049581,0.565332370554538,2.67818920062165,0.00740213928288037
"log10(depth)",-20.0473603969927,4.68323676236688,-4.28066344159395,1.86336978565895e-05
"eutro",-4.24466000970954,1.73630786376311,-2.44464711489013,0.0144993933097063
"log10(RT)",0.539636509647567,0.517051866130376,1.04367964801329,0.296633628983575
