"term","estimate","std.error","statistic","p.value"
"(Intercept)",-3.69679420691447,0.686256130741012,-5.38690153911296,7.16826766492146e-08
"human_impact",-0.480447095114088,0.294804565447597,-1.62971388989391,0.103161980355885
"log10(area)",1.44376052620878,0.114773053332684,12.5792638976316,2.74576416474053e-36
"depth",-4.91057938470208,0.31526373672507,-15.5760996672587,1.05817471246476e-54
"eutro",-0.639792017007687,0.284574388128593,-2.24824173817982,0.0245607795558046
"log10(RT)",-0.451316628816057,0.110889949498045,-4.06995071112385,4.70230851515127e-05
