"term","estimate","std.error","statistic","p.value"
"(Intercept)",-3.22230792206326,0.706643355127402,-4.56002012710117,5.11487181660998e-06
"human_impact",-0.509293954683655,0.293848364796293,-1.73318628142347,0.0830625645555145
"log10(area)",1.37775872167238,0.117027073152068,11.772991364845,5.37829622444803e-32
"depth",-5.20845655498684,0.331216337838871,-15.7252404545353,1.01564526153296e-55
"eutro",-0.829915848638073,0.281256435111487,-2.95074439206735,0.00317009141350071
"log10(RT)",-0.278591807838545,0.111052672577654,-2.50864568471992,0.0121194980825726
