"term","estimate","std.error","statistic","p.value"
"(Intercept)",-3.85053288752364,0.685561282655587,-5.6166136929557,1.94736132188324e-08
"human_impact",-0.250429027664451,0.294162941684082,-0.851327588141271,0.394587403882661
"log10(area)",1.40590857799992,0.114011501421555,12.3312872865485,6.14569944792373e-35
"depth",-4.83783307056906,0.313065230477927,-15.4531151964196,7.18836504499633e-54
"eutro",-0.67844538904781,0.27398590237233,-2.47620546595074,0.0132787136249726
"log10(RT)",-0.34070213159626,0.108256848069053,-3.14716470757524,0.00164862065239655
