"term","estimate","std.error","statistic","p.value"
"(Intercept)",-3.06581214164076,0.497080312792745,-6.16763943922084,6.93169793435809e-10
"human_impact",-2.4889829482264,0.192310544570858,-12.9425193703267,2.58994627773299e-38
"log10(area)",1.74411558057469,0.0914566836000009,19.0704004553985,4.44885152278716e-81
"depth",-6.01426335808662,0.248783570104171,-24.1746806494028,4.10860563101824e-129
"eutro",-1.3996373281836,0.186797855290784,-7.49279121007473,6.74241137296776e-14
"log10(RT)",-0.157194089384962,0.0767015865836511,-2.04942422166882,0.0404206507553225
