"estimate","std.error","Adjusted.SE","statistic","p.value","term"
-8.09773823138862,4.04980910547083,4.10455067129874,1.97286837948242,0.0485106,"(Intercept)"
-1.61667395598759,1.12353593566538,1.13871846978945,1.419731038776,0.155686,"human_impact"
1.60062044110089,0.593508801344039,0.601529028177321,2.66091969983709,0.0077928,"log10(area)"
-16.5398055852513,3.64022702515281,3.68942337592385,4.48303268559131,7.4e-06,"log10(depth)"
-2.79809348130939,1.49090999049777,1.51105693578639,1.85174589722075,0.0640623,"eutro"
0.00772546138946826,0.488992460936315,0.495656491854484,0.0155863214069157,0.9875644,"log10(RT)"
