"term","estimate","std.error","statistic","p.value"
"(Intercept)",-3.82119253773718,0.694588436787018,-5.50137654956222,3.76837424405125e-08
"human_impact",-0.429670820527271,0.296311760233158,-1.4500633393328,0.147040857152281
"log10(area)",1.44221480525027,0.116834659082665,12.3440665344849,5.24389068747003e-35
"depth",-5.00982316421454,0.321950840229771,-15.5608327055121,1.34339680575841e-54
"eutro",-0.695849188500908,0.282670032142896,-2.4617013102724,0.0138279771756932
"log10(RT)",-0.344066136160766,0.112492068914582,-3.05858128026806,0.0022238774210893
