"estimate","std.error","Adjusted.SE","statistic","p.value","term"
-8.73754250761507,4.25951793999905,4.31461842934458,2.02510202250779,0.04285689,"(Intercept)"
-2.83935908953633,1.28100081763582,1.2983234691299,2.18694274350535,0.0287467,"human_impact"
1.74080417985827,0.593861727254015,0.601858393779688,2.89238165962257,0.00382333,"log10(area)"
-20.7129908753157,4.61164953178957,4.6724900163442,4.43296632049771,9.29e-06,"log10(depth)"
-3.12155231389226,1.82107505145322,1.84570291422846,1.69125393357096,0.09078831,"eutro"
0.531735369533939,0.513285792036069,0.520280894540177,1.02201594391408,0.30677335,"log10(RT)"
