"term","estimate","std.error","statistic","p.value"
"(Intercept)",-3.40949260715385,0.682394637805518,-4.99636488662672,5.84210733361993e-07
"human_impact",-0.464781989408913,0.292564329509242,-1.58864886293061,0.112139689985102
"log10(area)",1.3932755385352,0.114461211996642,12.1724688584992,4.35701507854742e-34
"depth",-4.96614486769755,0.318346155481793,-15.5998267363451,7.29919454217401e-55
"eutro",-0.737043856508259,0.275116143235064,-2.67902802009883,0.00738362148525025
"log10(RT)",-0.376654113092731,0.112084899159844,-3.3604358474337,0.00077819601036933
