"estimate","std.error","Adjusted.SE","statistic","p.value","term"
-7.97030482143364,3.68996935022933,3.7381558977275,2.13214885614561,0.0329946,"(Intercept)"
-2.92349015017764,1.2623681724435,1.2794135587976,2.28502357980727,0.0223114,"human_impact"
1.65686326549298,0.537791059173773,0.545046044257786,3.03985926133856,0.0023669,"log10(area)"
-12.5714204882418,3.33197974050288,3.37629670211865,3.72343475629769,0.0001965,"log10(depth)"
-2.60813613982881,1.39136653756551,1.41018284155842,1.84950210920629,0.0643853,"eutro"
-0.40271281147296,0.454266773642577,0.460457559935794,0.874592680222504,0.3817956,"log10(RT)"
