"term","estimate","std.error","statistic","p.value"
"(Intercept)",-3.23718347285172,0.69430874043111,-4.66245530891875,3.12458954614996e-06
"human_impact",-0.411376752604801,0.297322197893363,-1.38360591815733,0.16647915520004
"log10(area)",1.45352250811486,0.1170739546149,12.4154216272615,2.15548322998089e-35
"depth",-5.40220971777189,0.330243137920111,-16.358279998777,3.79701430569451e-60
"eutro",-0.878642210059208,0.284705268552754,-3.08614664746325,0.00202768790586577
"log10(RT)",-0.414122764045707,0.113244083599879,-3.65690419208928,0.000255279740578312
