"term","estimate","std.error","statistic","p.value"
"(Intercept)",-2.97810216395384,0.49650793776804,-5.99809577534923,1.99644766215921e-09
"human_impact",-2.45672545947945,0.194167738638019,-12.6525934571419,1.08241786082028e-36
"log10(area)",1.794725433996,0.0924508001535742,19.4127625830679,6.02016115968454e-84
"depth",-6.20898936612367,0.254097504116468,-24.4354598747957,7.18422820119629e-132
"eutro",-1.54333561077466,0.187872298437218,-8.21481199523621,2.1249691543247e-16
"log10(RT)",-0.209769193877302,0.0787399724743155,-2.66407502168898,0.00772003435309327
