"estimate","std.error","Adjusted.SE","statistic","p.value","term"
-4.25594101302611,3.24838848224063,3.29191431094261,1.29284683956657,0.196064,"(Intercept)"
-2.1683552989164,1.14733358641366,1.16284267110394,1.86470221019485,0.0622232,"human_impact"
0.973567715517499,0.467638902878633,0.47396058063571,2.05411115458522,0.0399649,"log10(area)"
-14.7739636222785,3.44761534836087,3.49402328063499,4.22835294319891,2.35e-05,"log10(depth)"
-2.76647545158698,1.40506493397361,1.42405841092029,1.94266992868584,0.0520561,"eutro"
0.259851616152157,0.474829378197845,0.481300393417807,0.539894875852689,0.5892695,"log10(RT)"
