"term","estimate","std.error","statistic","p.value"
"(Intercept)",-2.93673803341607,0.692129945418367,-4.2430443197208,2.20507866092581e-05
"human_impact",-0.64486612917365,0.297623328077428,-2.16671903153333,0.0302562845330508
"log10(area)",1.40940962057139,0.117200858134447,12.0255913054373,2.60714913370547e-33
"depth",-5.2313408954808,0.327563770483752,-15.9704502355528,2.05298620523949e-57
"eutro",-0.877234361628478,0.282689243092082,-3.10317560029241,0.00191456003015026
"log10(RT)",-0.441496336281829,0.113658762732974,-3.88440209681912,0.000102582017630057
