"estimate","std.error","Adjusted.SE","statistic","p.value","term"
-9.12402690909893,3.79177326402289,3.8428658371294,2.37427672362211,0.0175834,"(Intercept)"
-2.43876990651925,1.31375842890374,1.33151371913609,1.83157700252729,0.0670145,"human_impact"
1.94070922482664,0.578099543874918,0.585912885714182,3.31228288734607,0.0009254,"log10(area)"
-21.8404089502892,4.67416721847547,4.73725982699278,4.61034643399611,4e-06,"log10(depth)"
-4.40803253899655,1.76765050357979,1.79153599984144,2.46047667442166,0.0138753,"eutro"
0.209438035861188,0.523408993749099,0.530542056108614,0.394762363227829,0.6930183,"log10(RT)"
