"term","estimate","std.error","statistic","p.value"
"(Intercept)",-3.20652630984076,0.49638973153472,-6.45969508661458,1.04914156232414e-10
"human_impact",-2.29731053071555,0.192576410544024,-11.9293454698096,8.32252834353514e-33
"log10(area)",1.80527147888157,0.0924887436383697,19.5188236737237,7.59671303396359e-85
"depth",-6.1251150931151,0.250986207010761,-24.4041900392259,1.54370159442414e-131
"eutro",-1.58062768315059,0.18804412334215,-8.40562127152786,4.25602509943577e-17
"log10(RT)",-0.199183253671306,0.0775422791771075,-2.5687051732948,0.0102079263810702
