"term","estimate","std.error","statistic","p.value"
"(Intercept)",-3.96144169735873,0.690339324760897,-5.73839785055096,9.55763820829352e-09
"human_impact",-0.332933861375199,0.297180895753677,-1.12030707939973,0.262582926296526
"log10(area)",1.3941345637147,0.113156597133503,12.3204002155517,7.03443170266558e-35
"depth",-4.81161923053774,0.315073538022095,-15.2714165103904,1.18569208296234e-52
"eutro",-0.610954804799178,0.280374414098699,-2.17906761129818,0.0293266459079994
"log10(RT)",-0.301084308756942,0.110064117052994,-2.73553558433557,0.00622788523154609
