"estimate","std.error","Adjusted.SE","statistic","p.value","term"
-7.14590336774871,3.31881584731807,3.36357239545526,2.12449816076622,0.0336285,"(Intercept)"
-1.93048478021993,1.04533120318313,1.0594578540228,1.82214400779589,0.0684331,"human_impact"
1.37944160474129,0.470987573891564,0.477352037856567,2.88977839276719,0.0038551,"log10(area)"
-10.8743923939329,2.91233003803252,2.95165272402124,3.68417067002313,0.0002294,"log10(depth)"
-1.92461483600138,1.30824843831818,1.3259273734436,1.45152357101046,0.1466341,"eutro"
-0.117633416897143,0.435018936825321,0.440947411958541,0.266774254042346,0.789643,"log10(RT)"
