"term","estimate","std.error","statistic","p.value"
"(Intercept)",-4.09475822679222,0.695435816561668,-5.88804621400905,3.90787855496158e-09
"human_impact",-0.301648608869465,0.297281283628379,-1.01469088530493,0.310253200300461
"log10(area)",1.42118223777518,0.115768054306588,12.2761175031194,1.21699742104672e-34
"depth",-4.735749700451,0.312304272037393,-15.1638966369438,6.1320732249255e-52
"eutro",-0.681263184899909,0.281022220736209,-2.42423244366644,0.015340782876967
"log10(RT)",-0.331042535803245,0.109387642417972,-3.02632480676679,0.00247546227388549
