"term","estimate","std.error","statistic","p.value"
"(Intercept)",-3.41283118810145,0.714889930360024,-4.77392538790234,1.8066933966005e-06
"human_impact",-0.558870697663605,0.300377663111097,-1.86056010914801,0.062806322546972
"log10(area)",1.51412382643511,0.123214786472257,12.2884912581172,1.04437013086136e-34
"depth",-5.52171600786426,0.347192990703417,-15.903880999087,5.95579735619378e-57
"eutro",-0.991879104861467,0.286279472342038,-3.46472311391018,0.000530777653209035
"log10(RT)",-0.389893086485119,0.113150655524431,-3.44578725309228,0.000569398441066514
