"term","estimate","std.error","statistic","p.value"
"(Intercept)",-3.54830530530409,0.680023927206044,-5.21791243417376,1.80950969702199e-07
"human_impact",-0.537795267995572,0.290492876901522,-1.85131998323624,0.0641235328962135
"log10(area)",1.41966570094085,0.116060944693301,12.2320708718373,2.09527823811659e-34
"depth",-5.0778001069969,0.325629841322781,-15.5937799999218,8.02417075757806e-55
"eutro",-0.834663425621287,0.277028613800462,-3.01291413248192,0.00258752120082854
"log10(RT)",-0.310240229587034,0.109340165742903,-2.83738576285422,0.0045484620158334
