"estimate","std.error","Adjusted.SE","statistic","p.value","term"
-5.16377147217544,3.07977562580827,3.12140007278429,1.65431260068158,0.098064,"(Intercept)"
-1.63802763567917,1.06659233151978,1.0810054069946,1.51528163048989,0.1297011,"human_impact"
1.11731313045016,0.451658203933145,0.457761602951413,2.4408188088435,0.014654,"log10(area)"
-12.2604089715886,3.06239044855478,3.10377611065377,3.95015894655046,7.81e-05,"log10(depth)"
-2.92330292019138,1.41476204379629,1.43388002521408,2.03873606493328,0.0414764,"eutro"
0.0195283708806653,0.44002599473074,0.446022706475679,0.0437833558631396,0.9650771,"log10(RT)"
