"term","estimate","std.error","statistic","p.value"
"(Intercept)",-3.55483874196524,0.494142943076821,-7.1939482122941,6.29440783343754e-13
"human_impact",-2.59318189402626,0.193753129791091,-13.3839484132323,7.50520739431216e-41
"log10(area)",1.84804303528422,0.09290733267478,19.89125058356,4.84516034219524e-88
"depth",-6.04718174802267,0.253073386272723,-23.8949730632915,3.45440286090018e-126
"eutro",-1.36099809906859,0.188090312832245,-7.23587556729968,4.62535264373225e-13
"log10(RT)",-0.199742224616747,0.0779677153790348,-2.56185811839829,0.0104113841549819
