"term","estimate","std.error","statistic","p.value"
"(Intercept)",-3.32618997133373,0.502406664473654,-6.62051323466898,3.57953864491685e-11
"human_impact",-2.29236458838394,0.191499403537329,-11.9706095478103,5.06551075213257e-33
"log10(area)",1.78305977858236,0.0919328502198134,19.3952409211618,8.46553018428162e-84
"depth",-6.03838709452429,0.247417274808319,-24.4056810471395,1.48844852929319e-131
"eutro",-1.44503537515152,0.185349121410846,-7.79628931689644,6.37541244569575e-15
"log10(RT)",-0.165716987515115,0.0774283698478162,-2.14026186836722,0.0323336097529603
