"term","estimate","std.error","statistic","p.value"
"(Intercept)",-3.61002912393807,0.708373100244958,-5.09622559452032,3.46492196605219e-07
"human_impact",-0.536002532218881,0.295689510583081,-1.81272082043735,0.0698748915654068
"log10(area)",1.40695978192241,0.117641737508108,11.9596990976561,5.77708788076305e-33
"depth",-5.22207584171678,0.329879743783133,-15.8302409897282,1.92482572394617e-56
"eutro",-0.741763727379471,0.280519113351089,-2.64425378548485,0.00818712457348117
"log10(RT)",-0.206056086110376,0.109535067060684,-1.88118829558225,0.0599463093258308
