"term","estimate","std.error","statistic","p.value"
"(Intercept)",-3.50417887375358,0.689270833567043,-5.0838925761868,3.6977712726189e-07
"human_impact",-0.446168867638906,0.295989911188765,-1.50737863276146,0.131713632500537
"log10(area)",1.37805900783201,0.115228676027022,11.9593408112131,5.80206689927715e-33
"depth",-5.03640223535579,0.322871595749101,-15.5987776616606,7.42012236350391e-55
"eutro",-0.575804983602164,0.281926074969645,-2.04239704917029,0.041112162224532
"log10(RT)",-0.31567164442939,0.108712324027751,-2.90373375100333,0.0036874159417364
