"term","estimate","std.error","statistic","p.value"
"(Intercept)",-2.94482345376521,0.496308201292289,-5.93345716652972,2.96621410466769e-09
"human_impact",-2.41465581275826,0.193771030855534,-12.4613870406589,1.21243336797378e-35
"log10(area)",1.77555566038214,0.0923225449546887,19.2320918065416,1.99419950668249e-82
"depth",-6.18669291777175,0.253197238758786,-24.4342827279631,7.3942268615535e-132
"eutro",-1.52145973543438,0.189464534912012,-8.03031414898283,9.72233910808548e-16
"log10(RT)",-0.194494273223366,0.0784523870082512,-2.47913773742678,0.0131700437240936
