"term","estimate","std.error","statistic","p.value"
"(Intercept)",-3.64523058154082,0.692100704124097,-5.26690777775485,1.38740859466988e-07
"human_impact",-0.551515875437256,0.293582193912363,-1.87857399690217,0.0603026844716174
"log10(area)",1.43352532773447,0.11726833792634,12.2243169220571,2.30511150326534e-34
"depth",-4.98917829018147,0.323386159175992,-15.4279277223682,1.06226587632809e-53
"eutro",-0.594607708778839,0.277618582821456,-2.1418152298589,0.0322083533901852
"log10(RT)",-0.396155174353939,0.109519934457878,-3.61719696341037,0.000297810682314585
