"term","estimate","std.error","statistic","p.value"
"(Intercept)",-4.04710491984007,0.707398123499447,-5.72111345138906,1.05828198303474e-08
"human_impact",-0.379460248122365,0.297454133933161,-1.27569330809042,0.20206395508004
"log10(area)",1.50436876105549,0.120222697786199,12.5131841886532,6.32374930293884e-36
"depth",-5.11894174999626,0.324389045949923,-15.7802546476446,4.25468092499388e-56
"eutro",-0.687587189786147,0.283540754124672,-2.42500303671979,0.015308258704126
"log10(RT)",-0.381730810968685,0.112686859441254,-3.38753615870969,0.000705234205094024
