"estimate","std.error","Adjusted.SE","statistic","p.value","term"
-8.39837667967676,3.39726269045026,3.44176030767027,2.44013990775599,0.0146816,"(Intercept)"
1.48702136895574,0.49961229263144,0.50623479409459,2.93741439012564,0.0033096,"log10(area)"
-14.1698596142014,3.28135087599013,3.3251948564115,4.26136218359647,2.03e-05,"log10(depth)"
-2.25335741004505,1.34952494393479,1.3674846712957,1.64781182366745,0.0993913,"eutro"
-1.34226228868927,1.09483818375943,1.1095926114761,1.20968928127923,0.2263981,"human_impact"
0.0444966182725692,0.418725839195003,0.424368737131108,0.104853667057058,0.9164919,"log10(RT)"
