"estimate","std.error","Adjusted.SE","statistic","p.value","term"
-11.1690106566323,4.02340620250744,4.07761079166441,2.73910660611953,0.0061606,"(Intercept)"
-2.63356420811738,1.30389076623478,1.32151022435116,1.99284436820033,0.0462785,"human_impact"
2.11849062674586,0.607374409470674,0.615581645191786,3.44144540905835,0.0005786,"log10(area)"
-21.1269302605045,4.645375565029,4.70806196423444,4.48739426562323,7.2e-06,"log10(depth)"
-3.12177859528193,1.62667991837871,1.6486622628331,1.89352220018513,0.0582885,"eutro"
0.17776020047525,0.495321578619875,0.502071863293056,0.354053300874765,0.7232989,"log10(RT)"
