"estimate","std.error","Adjusted.SE","statistic","p.value","term"
-5.61830499270042,3.47961757822454,3.52650555173371,1.59316493630312,0.1111232,"(Intercept)"
-2.05372533708434,1.14918027975184,1.16470800709059,1.76329631511205,0.0778505,"human_impact"
1.29044237360034,0.492013608946381,0.498663101759735,2.58780400845079,0.009659,"log10(area)"
-17.1105733977813,3.93546200209927,3.98861958149977,4.28984841701739,1.79e-05,"log10(depth)"
-3.2211784754344,1.60052233287834,1.62215125416953,1.98574483554155,0.0470617,"eutro"
-0.186649589983545,0.483015332498995,0.489597906601588,0.381230367750392,0.7030323,"log10(RT)"
