"term","estimate","std.error","statistic","p.value"
"(Intercept)",-3.71250284367863,0.694455280922979,-5.34592067432255,8.99586026047192e-08
"human_impact",-0.44165007485422,0.295597671789397,-1.49409185864251,0.135151611617031
"log10(area)",1.42855426758015,0.115847879927392,12.3312940079309,6.14518678618871e-35
"depth",-4.95627155782348,0.322062821695248,-15.3891452969799,1.93572288305556e-53
"eutro",-0.599082354607162,0.278301870834218,-2.15263502473553,0.0313473736447103
"log10(RT)",-0.388498058755697,0.111096981736543,-3.49692721335119,0.000470650228296391
