"term","estimate","std.error","statistic","p.value"
"(Intercept)",-3.46312193995677,0.491471766605128,-7.04643109792146,1.83564955908865e-12
"human_impact",-2.45873781339549,0.191186166764726,-12.8604378392146,7.51497881643423e-38
"log10(area)",1.81047247267618,0.0919511323460871,19.6895070945064,2.65258047616266e-86
"depth",-5.93876750761976,0.247965356952184,-23.9499887428426,9.24267528914718e-127
"eutro",-1.39013372033713,0.18618481576033,-7.46641832557715,8.24070826558973e-14
"log10(RT)",-0.185695440207729,0.0774552547766218,-2.39745438502873,0.0165094364271409
