"term","estimate","std.error","statistic","p.value"
"(Intercept)",-3.99598993270717,0.694032102069328,-5.75764423690593,8.52958798607073e-09
"human_impact",-0.287395586295034,0.295006246830631,-0.974201697023837,0.329956402238316
"log10(area)",1.41662553153876,0.115642649981531,12.2500265409432,1.67940950990025e-34
"depth",-4.87578319022571,0.318002153882406,-15.3325476909465,4.63447039269769e-53
"eutro",-0.652712484826091,0.285495274484585,-2.28624619445789,0.0222398596715965
"log10(RT)",-0.314414527042657,0.110435924770573,-2.84703123277902,0.00441290326131997
