"estimate","std.error","Adjusted.SE","statistic","p.value","term"
-4.10691962825845,3.35426015053349,3.39958977261837,1.20806329673574,0.2270229,"(Intercept)"
-1.66072345305692,1.04043368808335,1.05449338186699,1.57490173159418,0.1152791,"human_impact"
0.995033006100841,0.486484630687466,0.493058629044957,2.01808253113468,0.0435827,"log10(area)"
-11.5147790236796,3.13767527518787,3.18007575002473,3.62091344006195,0.0002936,"log10(depth)"
-3.24492385448739,1.35800712710142,1.37635822804251,2.35761576337754,0.0183927,"eutro"
-0.0370376082660629,0.433748778995862,0.439659944309969,0.0842414887810445,0.9328644,"log10(RT)"
