"estimate","std.error","Adjusted.SE","statistic","p.value","term"
-7.89820705232333,3.42361299827784,3.46988953218093,2.27621282437746,0.0228333,"(Intercept)"
-1.79727206030033,1.15167348316924,1.1672362877643,1.53976712268155,0.1236171,"human_impact"
1.48994838260597,0.50691272467552,0.513762725707719,2.9000710017519,0.0037308,"log10(area)"
-16.3764644704939,3.66329552305727,3.71280272176825,4.41080921818935,1.03e-05,"log10(depth)"
-2.15596799575661,1.41295690701119,1.43205044082467,1.50551121266026,0.1321927,"eutro"
-0.00940432953654812,0.469098857733741,0.475491776932596,0.0197781118260669,0.9842204,"log10(RT)"
