"term","estimate","std.error","statistic","p.value"
"(Intercept)",-3.8990769811596,0.697457637119265,-5.5904140605071,2.2652878004812e-08
"human_impact",-0.575710733301086,0.291687609829394,-1.97372364783617,0.0484131747226594
"log10(area)",1.47587374886483,0.119532190580691,12.3470819173896,5.05104899555428e-35
"depth",-5.16071771941529,0.329977651528702,-15.639597698532,3.91191597901985e-55
"eutro",-0.611986842639503,0.279634147476914,-2.18852685968915,0.0286312469483307
"log10(RT)",-0.313606487935415,0.109964998503848,-2.85187552586964,0.00434621159936445
