"term","estimate","std.error","statistic","p.value"
"(Intercept)",-3.86528416372999,0.705651708743386,-5.47760901849615,4.31111399312534e-08
"human_impact",-0.296334623832507,0.296204159624234,-1.00044045366695,0.317097401019276
"log10(area)",1.46726096140255,0.119118100166473,12.3176994877519,7.27398103780504e-35
"depth",-5.16964517691772,0.325101795410437,-15.9016198922898,6.17472278534738e-57
"eutro",-0.7272946044121,0.279874206460631,-2.59864820559806,0.00935916340955325
"log10(RT)",-0.351948103812505,0.11163053648969,-3.15279416259915,0.00161715793953648
