"term","estimate","std.error","statistic","p.value"
"(Intercept)",-3.82234362431753,0.715106830583006,-5.34513650387213,9.03489387861098e-08
"human_impact",-0.488026327935146,0.297988452460589,-1.63773570386823,0.101476839180134
"log10(area)",1.54266300500858,0.12365075360475,12.4759692928335,1.00969979182815e-35
"depth",-5.35595397674819,0.344679476573597,-15.5389407863528,1.8908276429367e-54
"eutro",-0.828678059326451,0.282713582401964,-2.93115757752393,0.00337701435470399
"log10(RT)",-0.410141973058388,0.112733836867049,-3.63814436247818,0.000274609493877703
