"estimate","std.error","Adjusted.SE","statistic","p.value","term"
-7.46688379453445,3.33374302701038,3.37831267933712,2.21024058554567,0.0270885,"(Intercept)"
-1.81988820384852,1.11470581367561,1.12978378094338,1.61082875727681,0.1072171,"human_impact"
1.48023339158844,0.49634751080718,0.503046723605011,2.94253659179123,0.0032554,"log10(area)"
-11.7835782388516,3.13329256927131,3.17530929622649,3.71100171339373,0.0002064,"log10(depth)"
-1.94583253052977,1.30717965867521,1.3247581716264,1.46882093064645,0.1418814,"eutro"
-0.449916344115816,0.499083546152009,0.505885099239224,0.889364689318629,0.3738071,"log10(RT)"
