"term","estimate","std.error","statistic","p.value"
"(Intercept)",-3.9376749185808,0.695803494385442,-5.65917669335463,1.52100895110979e-08
"human_impact",-0.324346802200638,0.294039856312256,-1.10307087708613,0.269996386779934
"log10(area)",1.47999231402552,0.118484368636565,12.4910343115824,8.3560194709698e-36
"depth",-5.0291223797734,0.325926709322716,-15.4302247588854,1.02512590834367e-53
"eutro",-0.757768150613961,0.27988150445373,-2.70746061656687,0.00678001146758517
"log10(RT)",-0.390893825326858,0.111895649619108,-3.49337822031025,0.000476950466661603
