"estimate","std.error","Adjusted.SE","statistic","p.value","term"
-5.94422824063806,3.48015757678495,3.52716963207449,1.6852686036373,0.0919368,"(Intercept)"
-1.73538496954701,1.11579046385547,1.13086875617944,1.53455912550798,0.1248922,"human_impact"
1.30108901924739,0.501309670034685,0.508084084320754,2.56077499649843,0.0104439,"log10(area)"
-13.8597687958632,3.31034458589882,3.35506577868414,4.13099763465711,3.61e-05,"log10(depth)"
-3.13884836983972,1.51372304660566,1.53417859373596,2.04594718154433,0.0407616,"eutro"
-0.0728098843901508,0.444490321507597,0.450547873478197,0.161602991992979,0.8716185,"log10(RT)"
