"term","estimate","std.error","statistic","p.value"
"(Intercept)",-2.7321116454726,0.485606626143881,-5.62618279566701,1.84241106779939e-08
"human_impact",-2.53525523509954,0.189285736117958,-13.3937996971923,6.57300891943466e-41
"log10(area)",1.64063927051686,0.0891802068627353,18.3968991352768,1.39100489468698e-75
"depth",-5.66215859567475,0.241452415415005,-23.4504118997639,1.30917538102645e-121
"eutro",-1.35309436302731,0.183017143374659,-7.39326566942068,1.43265822680107e-13
"log10(RT)",-0.160998789535358,0.0761099405420484,-2.11534509669485,0.0344005455158961
