"estimate","std.error","Adjusted.SE","statistic","p.value","term"
-8.88740534576655,4.10563015687762,4.16078692786303,2.13599146023349,0.0326801,"(Intercept)"
-2.12303839283944,1.27198168733848,1.28916483033066,1.64683238550256,0.0995925,"human_impact"
1.8460410885304,0.599219398438507,0.607313057704808,3.0396861472188,0.0023682,"log10(area)"
-16.6408284426321,4.1083072332041,4.163713918969,3.99663107660208,6.43e-05,"log10(depth)"
-4.20357770675487,1.72530910158475,1.74862536261641,2.40393271001468,0.0162198,"eutro"
0.196124004283916,0.479386008412156,0.485919121776888,0.403614501867592,0.6864962,"log10(RT)"
