"term","estimate","std.error","statistic","p.value"
"(Intercept)",-3.12436458095122,0.487298558288603,-6.41160234892549,1.43998034712505e-10
"human_impact",-2.31092811617088,0.189203574308468,-12.2139770594569,2.61773274693702e-34
"log10(area)",1.76386898289063,0.0910013841320961,19.3828808178371,1.07648648146913e-83
"depth",-5.95786983488219,0.246015667730199,-24.2174406607959,1.45746501372622e-129
"eutro",-1.48693287580448,0.184785529577112,-8.04680366047809,8.49843556499478e-16
"log10(RT)",-0.203191162029162,0.0759115531765371,-2.67668297547052,0.00743549533162675
