"term","estimate","std.error","statistic","p.value"
"(Intercept)",-3.54243178397584,0.694275873529626,-5.10234032181831,3.35478771577082e-07
"human_impact",-0.429854014559112,0.294303984186754,-1.46057830561459,0.144131203506905
"log10(area)",1.39555379212739,0.115412485169143,12.0918788819263,1.16589504679101e-33
"depth",-5.03110751670372,0.323138132164615,-15.5695258959433,1.17273225153433e-54
"eutro",-0.773480756275428,0.284083013944998,-2.72272792918617,0.00647453539132967
"log10(RT)",-0.321009021015232,0.110445771687113,-2.90648538293195,0.00365513975712957
