"estimate","std.error","Adjusted.SE","statistic","p.value","term"
-5.29976684834619,3.32527279380285,3.37015751454571,1.57255761057821,0.1158213,"(Intercept)"
-1.5878967143009,1.0706453278922,1.08511383258714,1.46334574918745,0.1433728,"human_impact"
1.26711840718115,0.486544757933677,0.493119941642325,2.56959473786649,0.0101818,"log10(area)"
-14.0483239759706,3.39611226260249,3.44199140674436,4.08145236749975,4.48e-05,"log10(depth)"
-4.04867838143498,1.46053238625417,1.48026987532705,2.73509476137955,0.0062362,"eutro"
0.108647586422108,0.44762447747287,0.453724741987984,0.239457046018851,0.8107512,"log10(RT)"
