"term","estimate","std.error","statistic","p.value"
"(Intercept)",-3.97599686300369,0.714401453628629,-5.56549380297111,2.61411073906418e-08
"human_impact",-0.284418538266965,0.297936710098607,-0.954627370936706,0.33976617048002
"log10(area)",1.44810317677126,0.119877061036241,12.079902228613,1.34880016324878e-33
"depth",-5.04665097522292,0.324505217085552,-15.5518330970082,1.54616253012326e-54
"eutro",-0.754923177883342,0.27720742606995,-2.72331513114964,0.00646303760603526
"log10(RT)",-0.302016382050404,0.110548665511635,-2.73197673307614,0.00629555867180766
