"term","estimate","std.error","statistic","p.value"
"(Intercept)",-2.86538072156631,0.490320749265226,-5.84389040410843,5.09955850881047e-09
"human_impact",-2.40508019098387,0.191005654043749,-12.591670142042,2.34655278758821e-36
"log10(area)",1.80288588390379,0.0915741145380069,19.6877239053785,2.7476103329612e-86
"depth",-6.26697844314067,0.25496507003118,-24.5797529927307,2.07991282862769e-133
"eutro",-1.67856535957657,0.187596213482581,-8.94775714506855,3.62778111457277e-19
"log10(RT)",-0.211124323261408,0.077470292266329,-2.72522946648504,0.00642568115530859
