"term","estimate","std.error","statistic","p.value"
"(Intercept)",-18.6485628985249,5.49073677277059,-3.39636804135394,0.000682864742612146
"human_impact",-3.13828114701847,1.49195463044145,-2.10346955797837,0.0354247436474731
"log10(area)",2.97272715009031,0.753898636539082,3.9431390455051,8.04219963605044e-05
"log10(depth)",-29.2184659163905,6.15091064793824,-4.75026668224881,2.03148562287804e-06
"eutro",-2.40645096152831,1.88243687134607,-1.27837007347159,0.201118970827586
"log10(RT)",0.747700013325697,0.577420445270604,1.29489701906086,0.195355756971758
