"term","estimate","std.error","statistic","p.value"
"(Intercept)",-3.97239740726599,0.706577039919101,-5.62203012953946,1.88726338339999e-08
"human_impact",-0.258612088914566,0.295660073227434,-0.874693989254448,0.381740431501621
"log10(area)",1.47694300314496,0.119319909862415,12.3780097122768,3.43762093578339e-35
"depth",-5.20183320743027,0.330153350346487,-15.7558092382558,6.26522094757603e-56
"eutro",-0.679935213335025,0.278939488583788,-2.43757245267475,0.0147862507816071
"log10(RT)",-0.322702204282203,0.111725733943904,-2.88834266637466,0.00387277718818381
