"estimate","std.error","Adjusted.SE","statistic","p.value","term"
-9.88515979836471,4.04095504157394,4.09557415047067,2.41362002864206,0.0157949,"(Intercept)"
-2.30005155144499,1.25883259099376,1.27584348121009,1.80276937204199,0.0714244,"human_impact"
1.93539004191059,0.606464790342018,0.614660075085699,3.14871604706187,0.0016399,"log10(area)"
-18.6759599182034,4.12415176245825,4.17988695261993,4.46805383253187,7.9e-06,"log10(depth)"
-3.05040047882284,1.55811223783737,1.57916739473672,1.93165112766998,0.0534026,"eutro"
0.0245161746056092,0.521183281077147,0.528286011234746,0.0464070107559887,0.9629858,"log10(RT)"
