"estimate","std.error","Adjusted.SE","statistic","p.value","term"
-5.15419605635238,3.29319278856971,3.3376397814058,1.54426372943741,0.1225245,"(Intercept)"
-1.72390903296209,1.09358782300537,1.10836616440897,1.5553605733547,0.1198602,"human_impact"
1.18740077759322,0.466317974636862,0.472619696705228,2.51238106636465,0.011992,"log10(area)"
-13.7751470487328,3.2879295244515,3.33234536968205,4.13376931876877,3.57e-05,"log10(depth)"
-3.25238956679478,1.45213303315814,1.47175706086092,2.20986849887594,0.0271143,"eutro"
-0.103571846215444,0.437691276006514,0.443656170005769,0.233450706239692,0.8154114,"log10(RT)"
