"term","estimate","std.error","statistic","p.value"
"(Intercept)",-3.9977083880905,0.707480946563133,-5.65062339489273,1.59866997882804e-08
"human_impact",-0.20392336129832,0.294585308185859,-0.692238735713395,0.48878741658274
"log10(area)",1.49114665657429,0.120459758018065,12.3787950524578,3.40415159762849e-35
"depth",-5.20332586046814,0.329482902947341,-15.7924001941301,3.5096730336678e-56
"eutro",-0.756480435588234,0.27955182784489,-2.70604718066079,0.00680893714441096
"log10(RT)",-0.358533731469318,0.112126443000234,-3.19758410126835,0.00138583993850027
