"term","estimate","std.error","statistic","p.value"
"(Intercept)",-3.77025995992554,0.688353808268241,-5.47721232110381,4.32078656495551e-08
"human_impact",-0.463071303553283,0.295299247781897,-1.56814250978147,0.11684787766681
"log10(area)",1.4701434327278,0.117327915860453,12.530210069327,5.10273392744925e-36
"depth",-5.11006789211668,0.324007341755681,-15.771457104728,4.89082893183905e-56
"eutro",-0.598102802149085,0.27988935884643,-2.13692583603098,0.0326040242426024
"log10(RT)",-0.414690054008532,0.114772429986823,-3.61315042346096,0.00030249909428751
