"term","estimate","std.error","statistic","p.value"
"(Intercept)",-11.9464295616571,5.08076761988404,-2.3513040657289,0.0187077393343356
"human_impact",-4.44236118700691,1.76776165188391,-2.51298651165594,0.0119713911960257
"log10(area)",2.33877406917496,0.713507023155755,3.27785711040494,0.00104598329493155
"log10(depth)",-29.5483694747999,6.2588016717581,-4.72109055765939,2.3458345990923e-06
"eutro",-4.57860213046867,1.98345723155282,-2.30839468461044,0.0209771943681738
"log10(RT)",0.452883764755356,0.597915644222424,0.757437556838509,0.448787762717107
