"estimate","std.error","Adjusted.SE","statistic","p.value","term"
-4.96628844077719,3.41879767357995,3.46501343551827,1.43326671979682,0.1517816,"(Intercept)"
-1.70262675667091,1.08222457332241,1.09684912712736,1.55228892886123,0.1205931,"human_impact"
1.21873866729072,0.480465405124381,0.486958047698746,2.50275906322979,0.0123229,"log10(area)"
-13.2899100284934,3.33896170063885,3.38408371202958,3.92718122818623,8.59e-05,"log10(depth)"
-4.21526277315998,1.54365396555872,1.56451421759311,2.69429496118281,0.0070538,"eutro"
0.00855171988967168,0.44405233783761,0.450103920929441,0.0189994343351038,0.9848416,"log10(RT)"
