"term","estimate","std.error","statistic","p.value"
"(Intercept)",-7.76997424708262,3.85229339400344,-2.01697364462881,0.0436982637591094
"human_impact",-2.61603631086999,1.25459023590337,-2.08517190394543,0.0370536992558857
"log10(area)",1.65570594762365,0.55491720593712,2.98369906340815,0.00284786718519668
"log10(depth)",-18.8297814848343,4.27189118638287,-4.40783265848538,1.04410163333282e-05
"eutro",-4.15261360714129,1.61532326131048,-2.57076320672332,0.0101474683820983
"log10(RT)",0.126630978579707,0.474316583766854,0.266975650680498,0.789487908794513
