"term","estimate","std.error","statistic","p.value"
"(Intercept)",-3.75211199240997,0.696972150856892,-5.38344607857996,7.30731446793629e-08
"human_impact",-0.536677711328952,0.297281724506539,-1.80528322829057,0.0710303727686677
"log10(area)",1.48848700207547,0.11871733106666,12.5380766961454,4.62074137392722e-36
"depth",-5.34784525703641,0.335876708552052,-15.9220485400453,4.45547115444316e-57
"eutro",-0.523881017823371,0.280929192404533,-1.86481516334903,0.0622073171102421
"log10(RT)",-0.365372720701968,0.113220078908351,-3.22710180230248,0.00125050960448521
