"estimate","std.error","Adjusted.SE","statistic","p.value","term"
-5.8806879919762,3.67174455119918,3.72115608162875,1.58033897610718,0.1140293,"(Intercept)"
-2.0705564959187,1.26959088047844,1.28674682418908,1.60914055274517,0.1075856,"human_impact"
1.41596694960803,0.528664299905339,0.535805975555667,2.64268599867624,0.0082251,"log10(area)"
-19.8045831958589,4.36123421592301,4.42002923689579,4.48064529314466,7.4e-06,"log10(depth)"
-4.85421388316682,1.73723317620676,1.76070346266427,2.75697412204863,0.0058339,"eutro"
0.168735875645566,0.52175323422089,0.52886373174849,0.319053596448567,0.7496859,"log10(RT)"
