"estimate","std.error","Adjusted.SE","statistic","p.value","term"
-5.04589175986936,3.13042456682355,3.17150284559108,1.59100969021169,0.1116074,"(Intercept)"
-1.42233003177679,1.08210598659497,1.09668883070639,1.29693126432285,0.1946548,"human_impact"
1.10905566425865,0.455053108111905,0.461119525350022,2.40513707030037,0.0161664,"log10(area)"
-13.0254270008452,3.19058413468914,3.2332648547996,4.02856789833028,5.61e-05,"log10(depth)"
-3.20587103300679,1.41015184800857,1.42860608835021,2.24405527818309,0.0248288,"eutro"
0.103376906380942,0.443043396314177,0.449014006275752,0.230230916933704,0.8179123,"log10(RT)"
