"term","estimate","std.error","statistic","p.value"
"(Intercept)",-3.85694245410986,0.688944809844022,-5.59833298545798,2.16422759295568e-08
"human_impact",-0.198391443082538,0.292213855878134,-0.678925516678016,0.49718505698262
"log10(area)",1.45968944860127,0.116200580030087,12.5618086262851,3.42414938006066e-36
"depth",-5.00824252783096,0.319368765096978,-15.681691746875,2.0180686384477e-55
"eutro",-0.798317940892132,0.273784667087144,-2.91586066300065,0.00354708873288324
"log10(RT)",-0.391008254649479,0.111766692536985,-3.4984327242223,0.000468001142242791
