"term","estimate","std.error","statistic","p.value"
"(Intercept)",-3.29831206320745,0.69096787211333,-4.773466605791,1.81081586774806e-06
"human_impact",-0.451321470693092,0.295555994413438,-1.52702526500532,0.126754729015198
"log10(area)",1.39876917526252,0.115611512541043,12.0988744504657,1.07069108970449e-33
"depth",-5.00505227427195,0.31693793900149,-15.7919001115497,3.5376111290977e-56
"eutro",-0.753505601213908,0.279524019013623,-2.69567389547725,0.00702464006518962
"log10(RT)",-0.432858881470969,0.110775204876903,-3.90754304586462,9.32394337982607e-05
