"term","estimate","std.error","statistic","p.value"
"(Intercept)",-11.964969158346,4.54820223193944,-2.63070297849178,0.00852084696747258
"human_impact",-3.26297055520139,1.35799034365884,-2.40279363578533,0.0162703662149261
"log10(area)",2.09861703337033,0.614065771423537,3.4175769616751,0.000631812280475275
"log10(depth)",-23.9773000746552,5.25143047412372,-4.5658607102965,4.97449008047065e-06
"eutro",-4.07456899631961,1.67908150815799,-2.42666539803036,0.0152383026160828
"log10(RT)",0.82797201723329,0.583035301902395,1.42010614885872,0.155576780449507
