"term","estimate","std.error","statistic","p.value"
"(Intercept)",-3.91190624875691,0.709480410060568,-5.51376217480473,3.51243162320266e-08
"human_impact",-0.360143152126073,0.297057810750531,-1.21236721975482,0.225371843106683
"log10(area)",1.46543959709931,0.119547204414661,12.2582506573411,1.51740298683086e-34
"depth",-5.13056673399358,0.326759574278009,-15.7013508948584,1.48055366945484e-55
"eutro",-0.709416472672554,0.279996928735077,-2.53365805074162,0.0112878823172706
"log10(RT)",-0.315780423445547,0.110952673667644,-2.84608214482023,0.0044260775605382
