"term","estimate","std.error","statistic","p.value"
"(Intercept)",-8.86052833333829,4.28311442874485,-2.06871156041816,0.0385731617373183
"human_impact",-2.55527029712646,1.21902225678089,-2.09616377626627,0.0360676650881163
"log10(area)",1.72464586988812,0.601460791136822,2.86742859269074,0.00413822177433489
"log10(depth)",-20.9104699063853,4.7185531370748,-4.43154274179657,9.3561261890082e-06
"eutro",-4.10201314767664,1.59131641823868,-2.57774827222412,0.0099446413759508
"log10(RT)",0.407695887723565,0.507666560849366,0.803078081490059,0.421929605529697
