"term","estimate","std.error","statistic","p.value"
"(Intercept)",-2.88823721956067,0.495460125593278,-5.82940396283599,5.56256985242519e-09
"human_impact",-2.60160918084027,0.195121528214954,-13.3332759569935,1.48242250250166e-40
"log10(area)",1.80418049361092,0.092903048344906,19.4200354644213,5.22538380366255e-84
"depth",-6.30756167324779,0.257289067598507,-24.515467105235,1.01047042917334e-132
"eutro",-1.62058552803214,0.190672994720466,-8.49929236391329,1.90749923779749e-17
"log10(RT)",-0.201994881328378,0.0776210894614583,-2.60231958517764,0.00925955202943287
