"term","estimate","std.error","statistic","p.value"
"(Intercept)",-3.6575398434759,0.693531923274698,-5.27378729187524,1.33636788417759e-07
"human_impact",-0.245692516481929,0.292172304740686,-0.840916515684093,0.40039470535373
"log10(area)",1.42687647400679,0.116217899411524,12.2775964910041,1.19495729762918e-34
"depth",-5.16794970764233,0.325337822342458,-15.8848721320893,8.06622704460552e-57
"eutro",-0.811222378519721,0.274936096569713,-2.95058520376581,0.00317172550185699
"log10(RT)",-0.323265638192748,0.110966060643518,-2.91319378482083,0.00357752516284944
