"term","estimate","std.error","statistic","p.value"
"(Intercept)",-3.63580060265649,0.691332032212571,-5.25912359509845,1.44743583461175e-07
"human_impact",-0.439556970427973,0.292701055909396,-1.50172663047732,0.133167723390809
"log10(area)",1.42114806786847,0.116447474981428,12.2041982283869,2.95202013950794e-34
"depth",-4.9858760701079,0.322934776074619,-15.4392665005389,8.9107870096631e-54
"eutro",-0.763851450078938,0.280163649723425,-2.72644738470892,0.00640201585649993
"log10(RT)",-0.349323524031677,0.110912938434139,-3.14952907175124,0.00163533836899966
