"term","estimate","std.error","statistic","p.value"
"(Intercept)",-3.20544901185936,3.31784428079106,-0.966124007210821,0.333982132899566
"human_impact",-2.4976853799078,1.09632274461959,-2.27823913365444,0.0227123338672829
"log10(area)",0.881797196315545,0.452338654150998,1.94941818087734,0.0512455050719861
"log10(depth)",-13.1386234340272,3.42073972219216,-3.84087200461058,0.000122598030152628
"eutro",-3.02717385733199,1.39993491972318,-2.16236756057958,0.0305898559318719
"log10(RT)",0.0299460903818794,0.439601028942003,0.0681210652621793,0.945689261651559
