"term","estimate","std.error","statistic","p.value"
"(Intercept)",-3.78701482897006,0.708754446927123,-5.34319727430148,9.13212828326852e-08
"human_impact",-0.416364297173456,0.298280608021992,-1.39588121378228,0.162750268705091
"log10(area)",1.53172120029271,0.120928705506399,12.6663160237968,9.08833139573978e-37
"depth",-5.56549760420136,0.340652446381287,-16.3377590952979,5.31714875232002e-60
"eutro",-0.7781154689979,0.288763860014731,-2.69464284401173,0.007046411613775
"log10(RT)",-0.344497055285168,0.113214401606354,-3.04287308325828,0.00234331141164122
