"estimate","std.error","Adjusted.SE","statistic","p.value","term"
-6.5545406344315,3.71023934862085,3.75866394115255,1.74384854220876,0.0811855,"(Intercept)"
-2.23843210775862,1.2235647888263,1.24003890398008,1.80513054919008,0.0710543,"human_impact"
1.50752182423399,0.523449897513303,0.530527789102942,2.84155110288006,0.0044895,"log10(area)"
-17.8544972803707,4.00886606874573,4.06258274455066,4.39486366260965,1.11e-05,"log10(depth)"
-3.37920254516658,1.62357649177783,1.64541861105643,2.05370385533502,0.0400044,"eutro"
-0.531728538207458,0.554355506746399,0.561910310821581,0.946287206280316,0.3440021,"log10(RT)"
