"term","estimate","std.error","statistic","p.value"
"(Intercept)",-4.01969779257657,0.693714484171577,-5.79445562157583,6.85431448599832e-09
"human_impact",-0.186556914357809,0.297308306903461,-0.627486383750406,0.530340458874159
"log10(area)",1.44512950232562,0.115305762431719,12.5330206561132,4.92504670329335e-36
"depth",-4.84264694216001,0.311208729320667,-15.5607683394067,1.34474852752698e-54
"eutro",-0.576603043477969,0.279863774280796,-2.06029896137771,0.0393699691646373
"log10(RT)",-0.416982814838859,0.11224330498384,-3.714990527933,0.000203211306371494
