"term","estimate","std.error","statistic","p.value"
"(Intercept)",-2.80560857164044,0.486000308271379,-5.77285348155338,7.79402113832838e-09
"human_impact",-2.45685662194577,0.193348586035402,-12.7068765917736,5.41545660888358e-37
"log10(area)",1.72492141056984,0.0901646541033622,19.1307938540133,1.39927079324644e-81
"depth",-6.03407676902718,0.24916230339477,-24.2174545941119,1.45697246979355e-129
"eutro",-1.54937475621017,0.187560829120428,-8.26065209604802,1.44878784037486e-16
"log10(RT)",-0.172997194776625,0.0766052491416819,-2.25829426462233,0.0239273196291658
