"term","estimate","std.error","statistic","p.value"
"(Intercept)",-3.86465775721635,0.682549802022469,-5.66208904575893,1.49541184606081e-08
"human_impact",-0.198679511828562,0.292413815439906,-0.679446391852826,0.496855063704018
"log10(area)",1.39263825455139,0.112942488084008,12.3305080149778,6.20542599570706e-35
"depth",-4.79250144001398,0.310765366418971,-15.4216072892524,1.1715197548459e-53
"eutro",-0.620961448464238,0.273026173762869,-2.27436600640187,0.0229439895402989
"log10(RT)",-0.350160980640837,0.110429342539935,-3.17090523756589,0.00151964707985552
