"term","estimate","std.error","statistic","p.value"
"(Intercept)",-6.92576305521926,3.64776748252349,-1.89863062500576,0.0576130588703339
"human_impact",-2.60596525177944,1.23887879454409,-2.10348684896043,0.0354232336870077
"log10(area)",1.48917947890074,0.533555149778984,2.79105070866171,0.00525372406996522
"log10(depth)",-17.1384516309404,3.91445748380781,-4.3782444187563,1.19639133902051e-05
"eutro",-3.05535772834095,1.48420195596667,-2.05858624296919,0.0395338917420688
"log10(RT)",0.00643393306528526,0.512673230427253,0.012549773780705,0.989986992095651
