"term","estimate","std.error","statistic","p.value"
"(Intercept)",-3.03708383581782,0.49204884302719,-6.17232187181465,6.72943256271601e-10
"human_impact",-2.46855994981376,0.19455147353872,-12.6884669898039,6.85137028143359e-37
"log10(area)",1.75580362455576,0.09104303578259,19.2854248484047,7.12026607607582e-83
"depth",-5.91581455105968,0.24547085857844,-24.0998649913847,2.5078695473577e-128
"eutro",-1.45833584451245,0.185869638101918,-7.8460143324366,4.29467883122814e-15
"log10(RT)",-0.225654841785998,0.0770337914706126,-2.92929683815554,0.00339729816802457
