"estimate","std.error","Adjusted.SE","statistic","p.value","term"
-5.25764932190038,3.3516516860363,3.39690130291464,1.54777806390464,0.1216757,"(Intercept)"
-2.22252788172133,1.1732150387801,1.18906980991792,1.86913153726,0.0616045,"human_impact"
1.17844734613299,0.488018624623538,0.494613425988515,2.38256238956271,0.0171926,"log10(area)"
-15.1155702652427,3.51526386335232,3.56275568218418,4.24266259424669,2.21e-05,"log10(depth)"
-3.03369981786097,1.43570024195905,1.4551028577906,2.0848696720088,0.0370811,"eutro"
0.127290524143325,0.468786065919923,0.475174722365291,0.267881514213777,0.7887905,"log10(RT)"
