"term","estimate","std.error","statistic","p.value"
"(Intercept)",-3.52263710221792,0.694585974402504,-5.07156382656323,3.94559886451979e-07
"human_impact",-0.402815896664713,0.295611855230577,-1.36265136034722,0.172992413881248
"log10(area)",1.50053043614687,0.119121246554058,12.5966649909588,2.20262457523516e-36
"depth",-5.12585350984485,0.321946434965369,-15.9214482694807,4.49842610144352e-57
"eutro",-0.914738971394842,0.282893761826134,-3.23350704338627,0.00122280320825822
"log10(RT)",-0.519726018087688,0.115021570129861,-4.5185091587683,6.2276580021988e-06
