"estimate","std.error","Adjusted.SE","statistic","p.value","term"
-4.95507552999315,3.69456276680052,3.74449419382366,1.3232963582014,0.1857368,"(Intercept)"
-1.82080416258122,1.13419858998094,1.14952526167216,1.5839618521585,0.1132024,"human_impact"
1.20603119972845,0.524528632947858,0.531616720654813,2.26861035943892,0.023292,"log10(area)"
-14.1759359343699,3.27646201711639,3.32074166198626,4.26890658091445,1.96e-05,"log10(depth)"
-3.8399122783326,1.51587302297371,1.53635733700178,2.49936143490305,0.0124417,"eutro"
0.0108101383908256,0.419063755079894,0.424774791636959,0.0254491052756838,0.9796967,"log10(RT)"
