"term","estimate","std.error","statistic","p.value"
"(Intercept)",-2.59186029371339,0.487433292148327,-5.31736411005074,1.05281257208046e-07
"human_impact",-2.47645574989284,0.192048144916786,-12.8949735545005,4.80427916042807e-38
"log10(area)",1.69051543022427,0.0902448060270908,18.7325509871093,2.68725501026965e-78
"depth",-6.03006424250158,0.248134353604515,-24.3016098130149,1.88498942991706e-130
"eutro",-1.49882518761154,0.186202873490653,-8.04942028827915,8.31871170855847e-16
"log10(RT)",-0.173656630543258,0.0769798025609257,-2.25587264147395,0.0240786083557367
