"term","estimate","std.error","statistic","p.value"
"(Intercept)",-3.58524692650489,0.687050917180631,-5.21831328195767,1.80559874800779e-07
"human_impact",-0.48110291128366,0.292756665286148,-1.64335425399595,0.100309659155247
"log10(area)",1.41741831880061,0.113946393989685,12.4393433541119,1.59812284963451e-35
"depth",-4.90197516971478,0.314357681862596,-15.5936229732646,8.04392338048382e-55
"eutro",-0.751538302864501,0.282674883788568,-2.6586667085238,0.00784505278026521
"log10(RT)",-0.391417704363096,0.109993920253639,-3.55853944891236,0.000372922786303683
