"term","estimate","std.error","statistic","p.value"
"(Intercept)",-3.47713327962171,0.6978055245001,-4.98295464501042,6.2620632632301e-07
"human_impact",-0.478757177056313,0.297449459375732,-1.60954125807153,0.107498041020731
"log10(area)",1.42217561887107,0.115819091891722,12.2792848367405,1.17028166499852e-34
"depth",-5.11526933275193,0.322864279566992,-15.8434043543382,1.56134069499551e-56
"eutro",-0.780685676848341,0.27935134616664,-2.79463724646826,0.00519579807961539
"log10(RT)",-0.358719964837562,0.10934298398282,-3.28068570813766,0.00103555067136134
