"term","estimate","std.error","statistic","p.value"
"(Intercept)",-2.8469270305107,0.491882047917658,-5.78782462698716,7.13037964782357e-09
"human_impact",-2.38847498544461,0.192846293306592,-12.3853818732588,3.13588649232598e-35
"log10(area)",1.74312698405594,0.0914528373234872,19.060392603131,5.38690884909543e-81
"depth",-6.03835214335435,0.248576143758199,-24.2917604725098,2.39559720474854e-130
"eutro",-1.47325114124052,0.186782604314881,-7.88751793371983,3.08255865181685e-15
"log10(RT)",-0.23062424793324,0.0772844770798505,-2.98409534032246,0.00284418133694763
