"term","estimate","std.error","statistic","p.value"
"(Intercept)",-3.9507943199943,0.707615942113065,-5.58324662414548,2.36069608969713e-08
"human_impact",-0.363297319374084,0.297723844037362,-1.22024932382807,0.222370374018263
"log10(area)",1.4529941539376,0.117205656045946,12.396962765756,2.71417559622337e-35
"depth",-5.09007112826266,0.325216082047618,-15.6513512376592,3.25239728985318e-55
"eutro",-0.668417956229675,0.280997659184162,-2.37873140356519,0.0173723292618689
"log10(RT)",-0.298310339746342,0.109870856870722,-2.71509978389761,0.00662558040250518
