"estimate","std.error","Adjusted.SE","statistic","p.value","term"
-4.09902398540219,3.0710461730083,3.11241820983963,1.31699010513545,0.1878419,"(Intercept)"
-1.74558957743791,1.03863655619508,1.05267392935975,1.65824338263949,0.0972684,"human_impact"
0.8400959336179,0.444452534570159,0.45045881670971,1.86497833421092,0.0621844,"log10(area)"
-11.8074582030946,2.93579053888914,2.97543858419741,3.96830849267202,7.24e-05,"log10(depth)"
-1.96010655193419,1.28143554913972,1.29875494208058,1.5092197060626,0.1312426,"eutro"
0.194261753257742,0.484838600346007,0.491446022098157,0.39528604266318,0.6926318,"log10(RT)"
