"term","estimate","std.error","statistic","p.value"
"(Intercept)",-3.3561009632518,0.49372677615603,-6.7974862319219,1.06460319263363e-11
"human_impact",-2.4780736488649,0.19321825626509,-12.82525625045,1.18394492000258e-37
"log10(area)",1.79679571617788,0.0920951112200693,19.5102182121728,8.9897569191299e-85
"depth",-5.9927494947484,0.248807186215051,-24.085918039235,3.51146355151667e-128
"eutro",-1.46022020114902,0.187373640011376,-7.79309299355217,6.53884600974125e-15
"log10(RT)",-0.172445181590974,0.0772425056953805,-2.23251666991543,0.0255808347247051
