"term","estimate","std.error","statistic","p.value"
"(Intercept)",-4.19894338383004,0.693061466126406,-6.05854399509235,1.37359181109745e-09
"human_impact",-0.204830691106906,0.293895648540463,-0.696950404417797,0.48583383214849
"log10(area)",1.45439952658104,0.117272134222275,12.4019191449556,2.55138727485749e-35
"depth",-4.834480373809,0.312062491707277,-15.4920264443183,3.92714399669794e-54
"eutro",-0.624046851082016,0.278336559655843,-2.24205850590967,0.0249575913045686
"log10(RT)",-0.362384232526556,0.110877944550417,-3.26831665211631,0.00108189249097027
