"estimate","std.error","Adjusted.SE","statistic","p.value","term"
-5.25920536081241,3.02568367057059,3.06647174313208,1.71506728297476,0.0863329,"(Intercept)"
-1.79712605629766,1.03952630589987,1.05357523166751,1.70574060805636,0.0880564,"human_impact"
1.1275749226056,0.449390556159471,0.455463805449951,2.47566306941048,0.0132989,"log10(area)"
-11.6949731242814,3.10109037287125,3.14295525074387,3.72101165662903,0.0001984,"log10(depth)"
-2.71359461176405,1.34674168758765,1.36494229580413,1.98806544430905,0.0468045,"eutro"
-0.141894762061498,0.436153443432255,0.44209737971817,0.320958161190536,0.7482421,"log10(RT)"
