"term","estimate","std.error","statistic","p.value"
"(Intercept)",-3.8654593917561,0.686832164141219,-5.62795336847581,1.82360369596981e-08
"human_impact",-0.309947697481718,0.292480017743602,-1.05972264318388,0.289270798382487
"log10(area)",1.40531896767045,0.114844652622494,12.2366948358482,1.97929743324285e-34
"depth",-4.86039582843407,0.317433982595732,-15.3115170237587,6.40523495899261e-53
"eutro",-0.615207908400336,0.278172921448298,-2.21160242771754,0.026994147535508
"log10(RT)",-0.321147955768518,0.109994668627375,-2.91966837825985,0.0035040404257824
