"estimate","std.error","Adjusted.SE","statistic","p.value","term"
-5.82497810959901,3.33085011562721,3.37484845892115,1.725996938974,0.084348,"(Intercept)"
-1.5818893342214,1.20459464916605,1.22088736004239,1.29568819040479,0.1950829,"human_impact"
1.33251432291743,0.4770711520393,0.483524152586472,2.7558381846895,0.0058542,"log10(area)"
-13.8263852962399,3.2673364929212,3.31116584956914,4.1756849171536,2.97e-05,"log10(depth)"
-3.35063636815748,1.40952346125764,1.42858339090384,2.34542581797593,0.0190054,"eutro"
-0.442742255121065,0.458296749620082,0.464542456769261,0.953071670133643,0.3405538,"log10(RT)"
