"term","estimate","std.error","statistic","p.value"
"(Intercept)",-3.85389172236558,0.699979420179275,-5.50572147018057,3.67659427546102e-08
"human_impact",-0.171021479055073,0.297947955564784,-0.573997827006022,0.565969271736656
"log10(area)",1.44187021346741,0.117863227330946,12.2334187355892,2.06079024363278e-34
"depth",-5.06964506643529,0.323365536229629,-15.6777531877584,2.14715912962916e-55
"eutro",-0.860164871743111,0.276824643912284,-3.10725540756287,0.00188833175568722
"log10(RT)",-0.334233078516734,0.112452879366899,-2.97220560645881,0.00295668609159312
