"estimate","std.error","Adjusted.SE","statistic","p.value","term"
-9.75522853428721,3.94952773199373,4.00166433649772,2.43779280668629,0.0147772,"(Intercept)"
-1.92959756506394,1.33370195113542,1.35173306592016,1.42749897425229,0.1534361,"human_impact"
1.98085679252331,0.585983854536364,0.593888263565235,3.33540316259462,0.0008518,"log10(area)"
-23.3292657773745,4.94614179780057,5.01200255386571,4.65467954707662,3.2e-06,"log10(depth)"
-4.82177210453247,1.75117139212389,1.77479265557534,2.71680868713611,0.0065915,"eutro"
0.403750690614928,0.539662625835858,0.547017194078207,0.738095063529583,0.4604567,"log10(RT)"
