"term","estimate","std.error","statistic","p.value"
"(Intercept)",-3.4268715439625,0.686681700901001,-4.99048036297759,6.02293236206903e-07
"human_impact",-0.323969979339136,0.293805643409152,-1.10266765328254,0.270171518800453
"log10(area)",1.35811291193695,0.113377917399438,11.9786369611308,4.59821595805088e-33
"depth",-4.98598761612591,0.321156999523735,-15.5250784616869,2.3471683631351e-54
"eutro",-0.800605084055406,0.277985736813184,-2.88002216672519,0.00397647211977153
"log10(RT)",-0.305114742258116,0.108628692424168,-2.80878592431839,0.00497287019417176
