"estimate","std.error","Adjusted.SE","statistic","p.value","term"
-7.66571742631459,3.72900680766173,3.77937873021987,2.02830093872826,0.0425295,"(Intercept)"
-2.20583289706633,1.15595832783393,1.17157936275118,1.88278572258771,0.0597294,"human_impact"
1.59086782354389,0.547102387576173,0.554495609013575,2.86903592685609,0.0041173,"log10(area)"
-17.3003729240906,3.95168802872839,4.0050828904836,4.31960421223683,1.56e-05,"log10(depth)"
-3.04378373085494,1.49953312726949,1.51979688398051,2.00275692294022,0.0452034,"eutro"
-0.0800687631015516,0.508242164373258,0.515168531889876,0.155422464970487,0.8764883,"log10(RT)"
