"estimate","std.error","Adjusted.SE","statistic","p.value","term"
-6.60711565766275,3.97576248306653,4.02889531839361,1.63993232276313,0.1010192,"(Intercept)"
-2.33015938949155,1.28636999669571,1.30375912808827,1.78726218615881,0.0738951,"human_impact"
1.73488031290677,0.590276370168783,0.598253823340358,2.89990677070819,0.0037327,"log10(area)"
-22.417739620119,5.11003019205504,5.17889796944928,4.32866987385405,1.5e-05,"log10(depth)"
-6.50218144500511,2.03827568390478,2.06582906331795,3.14749248157148,0.0016468,"eutro"
0.310187968440189,0.502980993296868,0.509835661125822,0.60840775193173,0.5429171,"log10(RT)"
