"estimate","std.error","Adjusted.SE","statistic","p.value","term"
-7.49706494612218,3.44574594043389,3.49189932113183,2.14698771546831,0.0317943,"(Intercept)"
-2.24454340883816,1.20402862962098,1.22030202265249,1.83933433459313,0.065866,"human_impact"
1.52810767179244,0.502347764454554,0.509133697535784,3.00138780675589,0.0026875,"log10(area)"
-17.5148966233039,4.11240562387321,4.16779082040565,4.20244138394624,2.64e-05,"log10(depth)"
-3.60147508196926,1.57784593225843,1.59916430530243,2.25209821781768,0.0243161,"eutro"
0.236857405208947,0.519468794416571,0.526548159403891,0.449830468455336,0.6528327,"log10(RT)"
