"estimate","std.error","Adjusted.SE","statistic","p.value","term"
-7.76855943437952,3.4709539434798,3.51785248653516,2.20832438657228,0.0272217,"(Intercept)"
-1.73925827413704,1.16623155968093,1.18199130494431,1.47146452504487,0.1411655,"human_impact"
1.6092390656704,0.515499926570039,0.522466044269967,3.08008354479566,0.0020694,"log10(area)"
-17.6387262136454,3.94385864405188,3.99715056397545,4.41282506909182,1.02e-05,"log10(depth)"
-3.36667942371116,1.50296032337223,1.52327015451231,2.21016568449017,0.0270937,"eutro"
-0.0638365631211551,0.498643792728122,0.505439352818211,0.126299154913873,0.8994951,"log10(RT)"
