"estimate","std.error","Adjusted.SE","statistic","p.value","term"
-8.52483914087594,3.60246100863717,3.65094588850155,2.33496726635266,0.0195451,"(Intercept)"
-2.78897891544805,1.26945180978328,1.28660965484471,2.16769624333706,0.0301818,"human_impact"
1.67623771038255,0.539880606373054,0.547177490823575,3.06342592393482,0.0021882,"log10(area)"
-16.4903621541617,3.85439578828532,3.90638889238351,4.2213826140848,2.43e-05,"log10(depth)"
-2.71971263791479,1.50103483206879,1.52132151546974,1.78773034513682,0.0738195,"eutro"
0.201939596060486,0.455782343305573,0.461993783911279,0.437104573898913,0.6620355,"log10(RT)"
