"term","estimate","std.error","statistic","p.value"
"(Intercept)",-3.76537771431293,0.686991260432883,-5.48096887279223,4.23002907510352e-08
"human_impact",-0.294645323497967,0.293308598810458,-1.00455740027033,0.315110018661941
"log10(area)",1.41713371112688,0.114800093538272,12.3443602478811,5.22478980583539e-35
"depth",-4.88508322595562,0.314336910248877,-15.5409150713095,1.83346639254123e-54
"eutro",-0.704965944512519,0.275247380045705,-2.56120855499318,0.0104308718390618
"log10(RT)",-0.372430166947222,0.11027311663167,-3.37734325757019,0.00073189652810568
