"term","estimate","std.error","statistic","p.value"
"(Intercept)",-4.070562970874,0.702404624451784,-5.79518247627002,6.82469351456790e-09
"human_impact",-0.254913761940623,0.296572493145396,-0.859532720776133,0.39004667561824
"log10(area)",1.49247740241955,0.118608996047361,12.5831720371666,2.61322068280665e-36
"depth",-4.99657299937489,0.320125548797813,-15.6081669149458,6.40509455470851e-55
"eutro",-0.688233020224286,0.281003990519876,-2.44919304865033,0.0143176686956042
"log10(RT)",-0.422110733550164,0.113318013207475,-3.72501001034422,0.000195307471527203
