"estimate","std.error","Adjusted.SE","statistic","p.value","term"
-2.84946984788331,3.36520284954004,3.41034815179979,0.835536350263687,0.4034158,"(Intercept)"
-2.5325463090122,1.09198121554646,1.10674270865973,2.2882882256158,0.0221207,"human_impact"
0.81550538869382,0.476505257586979,0.482946724491219,1.68860320887971,0.0912955,"log10(area)"
-12.7703214200264,3.23904272461319,3.28273968986648,3.89014135340892,0.0001002,"log10(depth)"
-3.11246670311112,1.40735061991905,1.42637282250451,2.18208497386123,0.0291033,"eutro"
0.266903279456903,0.449319266246042,0.455442627486948,0.586030519210791,0.557855,"log10(RT)"
