"term","estimate","std.error","statistic","p.value"
"(Intercept)",-3.96097540199139,0.705063183184093,-5.61790134056281,1.93290809807517e-08
"human_impact",-0.360859286474818,0.298596274712271,-1.20851905075689,0.226847672441607
"log10(area)",1.46688821473838,0.118374759348038,12.391900290378,2.89110291015059e-35
"depth",-5.10223079900671,0.326783864649053,-15.6134722394761,5.89400727245375e-55
"eutro",-0.719187133754899,0.282032556274201,-2.55001459142072,0.0107718410606732
"log10(RT)",-0.327081053187906,0.109060954413261,-2.99906648486229,0.00270808205445042
