"estimate","std.error","Adjusted.SE","statistic","p.value","term"
-6.24179830378507,3.20033649823689,3.24357548416951,1.92435734400158,0.0543098,"(Intercept)"
-1.71145999247033,1.05994288961691,1.07426629266613,1.59314315654716,0.1111281,"human_impact"
1.28944972530227,0.478492848468867,0.484958884843392,2.65888463043352,0.00784,"log10(area)"
-13.7867140227197,3.39827610975496,3.4441951727659,4.0028840791993,6.26e-05,"log10(depth)"
-2.62521070600882,1.41408321631237,1.43319187091772,1.83172313441034,0.0669927,"eutro"
0.0748065597387461,0.487661775210506,0.494307671430234,0.15133602827223,0.8797107,"log10(RT)"
