"term","estimate","std.error","statistic","p.value"
"(Intercept)",-3.27477918281535,0.679184972848415,-4.82163079828068,1.42389306751641e-06
"human_impact",-0.504818647453914,0.291338654327006,-1.73275547187532,0.0831391403281039
"log10(area)",1.36327655910374,0.113161369531746,12.0471903507786,2.0067415094654e-33
"depth",-5.07725766352269,0.321089778839917,-15.8125795279644,2.54816175396196e-56
"eutro",-0.64276212017213,0.277478832621634,-2.31643658761023,0.020534443007286
"log10(RT)",-0.31238997643,0.109381720513418,-2.85596144368271,0.00429067235261793
