"term","estimate","std.error","statistic","p.value"
"(Intercept)",-4.06058569020692,0.691087629066558,-5.8756451706298,4.21199661672515e-09
"human_impact",-0.412351523518277,0.292586546431272,-1.40933179788271,0.158737080590106
"log10(area)",1.48125584501203,0.117304417143354,12.6274515579565,1.4902686233125e-36
"depth",-4.9083645819353,0.320808096459959,-15.3000022009979,7.64540456807885e-53
"eutro",-0.677422544694483,0.279247719966404,-2.42588388824082,0.0152711552567116
"log10(RT)",-0.39575832551603,0.111821203639431,-3.53920645311742,0.000401331847065761
