"estimate","std.error","Adjusted.SE","statistic","p.value","term"
-8.0640221503124,3.27763358548802,3.31984772794993,2.42903374224699,0.0151391,"(Intercept)"
-2.72925749648938,1.17759984485416,1.19306514099279,2.28760140809938,0.0221607,"human_impact"
1.37097090503197,0.476249736605827,0.482661589077146,2.84043921467478,0.0045051,"log10(area)"
-10.895541342268,2.88571038948901,2.92426130228942,3.72591236417135,0.0001946,"log10(depth)"
-1.09245936835823,1.32585306058442,1.34372072672495,0.813010729559017,0.4162119,"eutro"
0.265595448343199,0.442442243101856,0.448404751709506,0.592311850689894,0.5536418,"log10(RT)"
