"term","estimate","std.error","statistic","p.value"
"(Intercept)",-3.44438131982207,0.669353346791729,-5.1458341641695,2.66334632844878e-07
"human_impact",-0.419908673912745,0.291135754195365,-1.44231228168206,0.149214296994149
"log10(area)",1.33318219084447,0.111084901575216,12.0014706943928,3.49038459365061e-33
"depth",-4.70596589521643,0.307872500202775,-15.2854376149768,9.56185076508844e-53
"eutro",-0.716972518163028,0.274646074289613,-2.61053255546257,0.0090401366977114
"log10(RT)",-0.336991731674442,0.107454082532043,-3.13614637744406,0.00171183740140496
