"estimate","std.error","Adjusted.SE","statistic","p.value","term"
-6.45387593177471,3.42661879491436,3.47292351083066,1.85834093715213,0.0631206,"(Intercept)"
-3.0758301006401,1.30832853040921,1.32600847637117,2.31961571547234,0.0203617,"human_impact"
1.39811661442262,0.510107879274771,0.517001166268961,2.70428135493851,0.0068452,"log10(area)"
-17.370924340022,4.04968774811067,4.10441284313498,4.23225562435234,2.31e-05,"log10(depth)"
-2.74982644743347,1.59411294866606,1.61565482880815,1.70198881493889,0.0887575,"eutro"
0.0549097769570026,0.497097065627431,0.503871546788816,0.108975744526445,0.9132217,"log10(RT)"
