"term","estimate","std.error","statistic","p.value"
"(Intercept)",-3.20811765969094,0.499684935193512,-6.42028092851856,1.3602308897927e-10
"human_impact",-2.49821475511763,0.192316267286765,-12.9901374977943,1.39176795100867e-38
"log10(area)",1.80405089076084,0.0923503842628334,19.53484985646,5.55089139975515e-85
"depth",-6.10570524155736,0.251094708370486,-24.3163437460756,1.31672988130581e-130
"eutro",-1.44390380180106,0.188554329687631,-7.65775998988254,1.89204051368477e-14
"log10(RT)",-0.176203990888641,0.0772430248855484,-2.28116378339305,0.0225387569587196
