"estimate","std.error","Adjusted.SE","statistic","p.value","term"
-7.94544515415986,3.32574089328608,3.36885724485825,2.35849861738329,0.018349,"(Intercept)"
-1.72853161843431,1.12521679717696,1.13995346792985,1.51631769810158,0.129439,"human_impact"
1.33837651788617,0.486250189094237,0.492755439126705,2.71610704137155,0.0066055,"log10(area)"
-12.6694870860365,3.16761350534421,3.20836854867299,3.94888769598391,7.85e-05,"log10(depth)"
-1.71221281831547,1.35317708572734,1.37141298012286,1.24850270715833,0.211847,"eutro"
0.105875587047944,0.42959235873192,0.43538169773979,0.243178773011311,0.8078669,"log10(RT)"
