"estimate","std.error","Adjusted.SE","statistic","p.value","term"
-8.9920614711868,3.5799054294947,3.62809305274635,2.47845392619687,0.0131953,"(Intercept)"
-1.91214602505343,1.1621910090988,1.17790034754155,1.62335126994771,0.1045143,"human_impact"
1.67151993247687,0.531039189935829,0.538215722993606,3.10566908595632,0.0018985,"log10(area)"
-12.8892787844769,3.16024369361157,3.20290379738352,4.0242478700129,5.72e-05,"log10(depth)"
-2.2568041720444,1.4254877715811,1.44475616493019,1.56206578440415,0.1182725,"eutro"
-0.245346165440376,0.454842748364422,0.46104138409022,0.532156491601121,0.5946176,"log10(RT)"
