"term","estimate","std.error","statistic","p.value"
"(Intercept)",-3.79902915406199,0.68803886688221,-5.52153277514244,3.36055111735995e-08
"human_impact",-0.354822347584597,0.291974314129003,-1.21525192598903,0.224270021251859
"log10(area)",1.41361576814725,0.115342868128777,12.2557709122422,1.56454379906961e-34
"depth",-4.96336462973555,0.316212567439407,-15.696291484957,1.603458094373e-55
"eutro",-0.642011166730758,0.276442740051134,-2.32240197956367,0.0202113008712634
"log10(RT)",-0.331683471056537,0.108495450117439,-3.0571187150937,0.00223475749711692
