"estimate","std.error","Adjusted.SE","statistic","p.value","term"
-6.20887486908042,3.43149240013592,3.4777552593873,1.78531104289791,0.0742109,"(Intercept)"
-1.8171849191982,1.12132665893771,1.1364809920032,1.59895759980566,0.10983,"human_impact"
1.33742326885612,0.505094617945477,0.511920885047001,2.61255851816503,0.0089867,"log10(area)"
-13.0785243477387,3.19520047458822,3.23833842317036,4.03865274060354,5.38e-05,"log10(depth)"
-2.85331234125323,1.33148693185165,1.34947720917436,2.11438349744265,0.0344825,"eutro"
-0.166317216540305,0.495044919333549,0.501791433670404,0.331446902797365,0.7403069,"log10(RT)"
