"term","estimate","std.error","statistic","p.value"
"(Intercept)",-2.68048581664963,0.486191323955356,-5.5132325168677,3.52302299153436e-08
"human_impact",-2.45531965944228,0.192166041397731,-12.7770736264501,2.20199785680941e-37
"log10(area)",1.67180592439622,0.0900672929077337,18.5617427861282,6.55434956855537e-77
"depth",-5.78924654521115,0.242977278699603,-23.8262876932147,1.78391310998685e-125
"eutro",-1.45267143202662,0.185517425856915,-7.83037725602677,4.8640820585107e-15
"log10(RT)",-0.21615036681785,0.0764411518684417,-2.82767019510451,0.00468880842171428
