"term","estimate","std.error","statistic","p.value"
"(Intercept)",-3.70604715240662,0.670457694201487,-5.52763758915543,3.24571659478515e-08
"human_impact",-0.384620034249067,0.291424874173855,-1.31979137106744,0.186904683372227
"log10(area)",1.35410532639825,0.111997825679037,12.0904608476851,1.18619474677595e-33
"depth",-4.56203632073263,0.304133715487243,-15.0001005755772,7.33081570015648e-51
"eutro",-0.581268465644538,0.274866211857842,-2.11473233365316,0.0344527669290476
"log10(RT)",-0.382297024007003,0.11030310795335,-3.46587717336748,0.000528504659711714
