"term","estimate","std.error","statistic","p.value"
"(Intercept)",-3.91280914956449,0.710871513507288,-5.50424243371286,3.70759063480843e-08
"human_impact",-0.411861987211537,0.298739682932346,-1.37866514139941,0.167998021880685
"log10(area)",1.49423219458754,0.119520510644195,12.5018893120008,7.28979346539553e-36
"depth",-5.26131530777232,0.329984179074493,-15.9441441178445,3.12897597974658e-57
"eutro",-0.629674758659787,0.282916455822248,-2.22565618118517,0.0260372199503444
"log10(RT)",-0.350429560433479,0.109509575679388,-3.19999012195459,0.00137432297683916
