"term","estimate","std.error","statistic","p.value"
"(Intercept)",-5.2414037638194,3.48207986083274,-1.50525087686126,0.13225958935516
"human_impact",-2.1446711732658,1.09632667084612,-1.95623369411472,0.0504376310176658
"log10(area)",1.19926846979963,0.471163590688345,2.54533349668967,0.0109173415459034
"log10(depth)",-12.6128115457965,3.39956647534045,-3.71012352230392,0.000207158147710912
"eutro",-3.31424960973971,1.44186359945863,-2.29858747456007,0.0215283754739351
"log10(RT)",0.060074822314893,0.448980013425032,0.133802887697859,0.89355844367895
