"term","estimate","std.error","statistic","p.value"
"(Intercept)",-4.02692841512006,0.695311087307126,-5.79154926281411,6.9740096617513e-09
"human_impact",-0.289390882263885,0.29570722805875,-0.978639866748166,0.327757953693551
"log10(area)",1.45180796583639,0.115500653463722,12.5696948224833,3.09917893115394e-36
"depth",-4.98573365576845,0.319040271504694,-15.6272862740938,4.74588726169164e-55
"eutro",-0.661332054006833,0.28046203510505,-2.35800918209527,0.0183732384903454
"log10(RT)",-0.335291552105612,0.110271120725639,-3.04061072290937,0.00236098864311628
