"term","estimate","std.error","statistic","p.value"
"(Intercept)",-6.85216246133208,4.03570255717902,-1.69788589824167,0.0895292993038171
"human_impact",-2.59899749289227,1.13563129428042,-2.28859270256293,0.0221030282948671
"log10(area)",1.50530844357227,0.56982577984079,2.64169944012159,0.00824912236963633
"log10(depth)",-15.584046347442,3.84887051960742,-4.04899210509986,5.14386797860933e-05
"eutro",-3.32244182177511,1.49152321392902,-2.22754952168866,0.0259105699828765
"log10(RT)",0.0593597355471801,0.50622384991543,0.117259855609523,0.906654136093031
