"term","estimate","std.error","statistic","p.value"
"(Intercept)",-3.81492209026087,0.71130379768123,-5.36328092538953,8.17237540707318e-08
"human_impact",-0.450149150286906,0.29513143207143,-1.52524977474428,0.127196809883067
"log10(area)",1.48704892044115,0.118761249604087,12.5213310351525,5.70699893801128e-36
"depth",-5.21501911671038,0.327792803089658,-15.9094985233217,5.44478602772731e-57
"eutro",-0.625284878882784,0.27992421839815,-2.23376484700374,0.0254985496680833
"log10(RT)",-0.36947637753118,0.11150731921473,-3.31347197774235,0.00092145340096729
