"term","estimate","std.error","statistic","p.value"
"(Intercept)",-5.53467278266488,3.52721732993013,-1.56913290703709,0.116616973512531
"human_impact",-2.36332977503269,1.13746522042479,-2.07771607658483,0.0377355174367235
"log10(area)",1.11915228440611,0.484801164385676,2.30847689036445,0.0209726267309342
"log10(depth)",-15.7200335339893,3.85449185605739,-4.07836729743897,4.53530770266123e-05
"eutro",-2.89968889757456,1.4732687900954,-1.968200858573,0.0490449315319222
"log10(RT)",0.295811816973952,0.454678900303549,0.650594995229524,0.515307961918275
