"estimate","std.error","Adjusted.SE","statistic","p.value","term"
-6.90942342868236,3.50342416206265,3.55076504701851,1.94589710588822,0.0516671,"(Intercept)"
-1.80560220562644,1.08150191611511,1.09611656466512,1.64727207290959,0.0995021,"human_impact"
1.48584505407501,0.524408626259768,0.531495186527762,2.79559456367231,0.0051804,"log10(area)"
-16.2394470952351,3.84995580093929,3.90198085903922,4.16184693925784,3.16e-05,"log10(depth)"
-3.61427162891948,1.58494563288715,1.60636349124647,2.24997122296085,0.0244508,"eutro"
0.0544721850161915,0.472548962724609,0.478988900248218,0.113723272059046,0.9094572,"log10(RT)"
