"estimate","std.error","Adjusted.SE","statistic","p.value","term"
-9.38980392056987,4.02249320576455,4.07534250197168,2.30405270625156,0.0212197,"(Intercept)"
-2.17380559488652,1.21771304054941,1.2341667186452,1.7613548980423,0.0781784,"human_impact"
2.00843385700695,0.604961097073029,0.613126888150836,3.27572301235116,0.0010539,"log10(area)"
-21.1011369585184,4.71490985236954,4.77762214458691,4.41666090785899,1e-05,"log10(depth)"
-5.12058672500615,1.73693615885688,1.76031668505239,2.90890086339991,0.003627,"eutro"
0.465482405061287,0.591283604999152,0.599341668343474,0.776656170674464,0.4373617,"log10(RT)"
