"term","estimate","std.error","statistic","p.value"
"(Intercept)",-3.947026818118,0.705140194938346,-5.59750649083777,2.17456713611811e-08
"human_impact",-0.305329822695731,0.301765227979702,-1.01181247667233,0.311627723291552
"log10(area)",1.46999027717694,0.117757743927126,12.4831728950806,9.22364440676765e-36
"depth",-5.17796404469262,0.327275102326838,-15.821441985286,2.21364109959715e-56
"eutro",-0.574063425167214,0.281426964496472,-2.03983092449697,0.0413671685863309
"log10(RT)",-0.364345866844646,0.112708545264639,-3.23263747206711,0.00122653105649489
