"estimate","std.error","Adjusted.SE","statistic","p.value","term"
-9.29468382013383,3.63793986006483,3.68348418030591,2.5233402303799,0.0116246,"(Intercept)"
-2.49279937227307,1.13814189383934,1.15331000688387,2.16143045442602,0.0306621,"human_impact"
1.66154958763233,0.52027164950575,0.52720494298452,3.1516198961001,0.0016237,"log10(area)"
-13.1647424948304,3.19573965966816,3.23792470342969,4.06579636669316,4.79e-05,"log10(depth)"
-1.77419864677484,1.33577040959824,1.35377172545189,1.31055968552055,0.1900066,"eutro"
0.142048784102249,0.417793337460919,0.423423668672886,0.335476721335547,0.7372655,"log10(RT)"
