"estimate","std.error","Adjusted.SE","statistic","p.value","term"
-5.13266854463793,3.26770877748934,3.31173353845122,1.54984345360053,0.1211791,"(Intercept)"
-1.83493717524168,1.09902575031366,1.11387885825769,1.64733997924322,0.0994882,"human_impact"
1.19320828889453,0.467184729501209,0.473498343549771,2.51998408262458,0.011736,"log10(area)"
-12.880587270219,3.16319245128238,3.20587994575593,4.01780088093157,5.87e-05,"log10(depth)"
-3.31089608207904,1.39123836146091,1.41003930019573,2.34808780267291,0.0188701,"eutro"
-0.157376610008994,0.455300692910161,0.461505569543243,0.341006957217768,0.7330983,"log10(RT)"
