"estimate","std.error","Adjusted.SE","statistic","p.value","term"
-8.47622729192901,3.76805683092305,3.81840592088124,2.21983400077402,0.02643,"(Intercept)"
-2.16100078632156,1.22756305475648,1.24415784987975,1.73691849995594,0.0824016,"human_impact"
1.81632244464157,0.563091125466635,0.570704094314372,3.18259928873237,0.0014596,"log10(area)"
-24.178079409652,5.24002873127083,5.3105656196417,4.55282565763367,5.3e-06,"log10(depth)"
-4.35622673824005,1.79892256644896,1.82320445113443,2.3893243215425,0.0168794,"eutro"
0.382772559941509,0.581953299954001,0.589884209106256,0.648894400006832,0.5164066,"log10(RT)"
