"term","estimate","std.error","statistic","p.value"
"(Intercept)",-2.59756116306326,0.491271597493211,-5.28742385335875,1.24050973188063e-07
"human_impact",-2.68385267242776,0.193850260156192,-13.8449784398808,1.36421676241042e-43
"log10(area)",1.70375197816844,0.0903035166938992,18.8669504859222,2.13255140809801e-79
"depth",-5.98959593970656,0.247969098974263,-24.1546062169957,6.67923275661111e-129
"eutro",-1.39358803591836,0.187416766545582,-7.43577035077818,1.0396031171063e-13
"log10(RT)",-0.205661999312197,0.0781648301124676,-2.63113217307937,0.00851009320761368
