"term","estimate","std.error","statistic","p.value"
"(Intercept)",-6.97176597499739,3.27210701828465,-2.13066563411249,0.0331166981826595
"log10(area)",1.29230498436139,0.463794006188652,2.78637707067679,0.00533008302355287
"log10(depth)",-12.3581957018064,3.13024274272124,-3.94799915455215,7.88070828888486e-05
"eutro",-3.54185266747939,1.25917931209107,-2.81282628571587,0.00491081729195105
"log10(RT)",0.23295490896609,0.420608529885468,0.553852079579849,0.579680082911034
