"estimate","std.error","Adjusted.SE","statistic","p.value","term"
-6.2000617154455,3.43518704523399,3.48048145882752,1.78138047531336,0.0748503,"(Intercept)"
-2.08941951533676,1.09144508703101,1.10620451577291,1.88881846489016,0.0589162,"human_impact"
1.1872102138346,0.490728919763465,0.497368010589066,2.38698546862415,0.0169872,"log10(area)"
-12.526479570577,3.21289925776378,3.25595880577839,3.84724755987272,0.0001195,"log10(depth)"
-2.19639094202545,1.30458386804396,1.32222974371206,1.66112655721936,0.096688,"eutro"
0.448751383415952,0.470941948963346,0.477359985966504,0.940069123111296,0.3471821,"log10(RT)"
