"estimate","std.error","Adjusted.SE","statistic","p.value","term"
-9.70171746178244,3.86295943418374,3.91512108169738,2.47801211235498,0.0132117,"(Intercept)"
-2.01409857313852,1.24991989385467,1.26681075034217,1.58989696968905,0.111858,"human_impact"
2.0202321383424,0.597770339171084,0.605848286406797,3.33455121301757,0.0008544,"log10(area)"
-19.0232823201582,4.21492972051683,4.27187082786632,4.45315017393908,8.5e-06,"log10(depth)"
-4.38727311615743,1.60542431566213,1.62711998022748,2.69634272178506,0.0070105,"eutro"
0.0948215195381488,0.472894373529365,0.479339018340849,0.19781723563076,0.8431881,"log10(RT)"
