"estimate","std.error","Adjusted.SE","statistic","p.value","term"
-7.24462257044875,3.44514772101235,3.49078978860498,2.07535343265225,0.0379538,"(Intercept)"
-1.72102972727514,1.07519073141019,1.08973341459891,1.57931261372635,0.1142644,"human_impact"
1.54424130265792,0.507955524582948,0.514819897660076,2.99957579277082,0.0027036,"log10(area)"
-13.3286477981769,3.25199047466386,3.29545816823389,4.04455074764916,5.24e-05,"log10(depth)"
-2.8176008316628,1.42334773103592,1.44255185034315,1.95320593224608,0.0507952,"eutro"
-0.515722257836411,0.527756635438812,0.534948947829679,0.964058832022621,0.3350164,"log10(RT)"
