"term","estimate","std.error","statistic","p.value"
"(Intercept)",-3.14377633265907,0.697778980494325,-4.50540417602138,6.62467288081282e-06
"human_impact",-0.40688415819964,0.299517878489145,-1.35846367586497,0.174316601086043
"log10(area)",1.387679066807,0.115403083703876,12.0246272653145,2.6377574960334e-33
"depth",-5.17649349471162,0.323303729421131,-16.0112396599323,1.06663286306691e-57
"eutro",-0.925006070315231,0.283606063952731,-3.26158777221845,0.00110790127614094
"log10(RT)",-0.36911400741558,0.110701818787566,-3.33430842833665,0.000855117812540531
