"term","estimate","std.error","statistic","p.value"
"(Intercept)",-2.55444347299707,0.489629408739671,-5.21709567971484,1.81750387853254e-07
"human_impact",-2.47821270272148,0.192290141124981,-12.8878822815505,5.26703346457398e-38
"log10(area)",1.69088613098734,0.0898036848146346,18.8286943289413,4.39462775203924e-79
"depth",-6.06103623731822,0.249852646012607,-24.2584432626436,5.38587121998836e-130
"eutro",-1.5935136780767,0.187603896161203,-8.49403296351285,1.99587662166873e-17
"log10(RT)",-0.163572307674506,0.0773758577680936,-2.11399669603347,0.0345155495128933
