"term","estimate","std.error","statistic","p.value"
"(Intercept)",-3.91003417820048,0.708458620563395,-5.51907205969357,3.40794435620275e-08
"human_impact",-0.214615758998965,0.299385845495557,-0.716853392463238,0.473464562823354
"log10(area)",1.43850144327802,0.118090761630709,12.1813207351179,3.90899921970734e-34
"depth",-5.03420097139969,0.32343244596113,-15.5649225495598,1.26022581781772e-54
"eutro",-0.79605627871945,0.280234551270899,-2.8406785498406,0.00450176643002116
"log10(RT)",-0.309891791572632,0.109607336976714,-2.82729058218491,0.00469437086869672
