"estimate","std.error","Adjusted.SE","statistic","p.value","term"
-6.48722783820465,3.72513822226739,3.77547469014945,1.71825488729415,0.0857501,"(Intercept)"
-2.29147906365526,1.1634495642313,1.17917172789177,1.94329545854374,0.0519805,"human_impact"
1.35481086072603,0.537356488219077,0.544618012848237,2.48763505569832,0.0128596,"log10(area)"
-15.7673608561555,3.63882547286808,3.68799775681515,4.27531736618294,1.91e-05,"log10(depth)"
-2.45706257229244,1.49430608458521,1.51449930215807,1.62235965958602,0.1047264,"eutro"
0.0598537274695478,0.492516411917333,0.4992284675397,0.119892456783403,0.9045683,"log10(RT)"
