"term","estimate","std.error","statistic","p.value"
"(Intercept)",-5.44796849393762,3.88595356618396,-1.40196438304011,0.160925882791652
"human_impact",-3.31129961864677,1.3081885086126,-2.53120983470384,0.0113669824104359
"log10(area)",1.22630807980873,0.521770841571721,2.35028097031016,0.0187592446051541
"log10(depth)",-15.9309322428197,3.93153815364453,-4.05208638966196,5.07629130344064e-05
"eutro",-3.04084360266596,1.53970117875426,-1.97495698816457,0.0482730293209889
"log10(RT)",0.131199893599973,0.487522055806548,0.269115811351177,0.787840563435046
