"term","estimate","std.error","statistic","p.value"
"(Intercept)",-11.1944671486156,4.57367366206765,-2.44758764523545,0.0143816142424736
"human_impact",-2.96436993926909,1.30824170050177,-2.26591916320366,0.023456333083145
"log10(area)",2.12356117822679,0.652039792551718,3.25679690485815,0.00112677021740884
"log10(depth)",-23.39307328698,5.1211645635008,-4.56792063541669,4.92586462641368e-06
"eutro",-4.22517772411139,1.76193338928101,-2.39803488021505,0.0164832955422081
"log10(RT)",0.443732067585441,0.53190386945792,0.834233576901146,0.404149373636676
