"term","estimate","std.error","statistic","p.value"
"(Intercept)",-3.373590601313,0.69767840849314,-4.83545220870365,1.32843289111429e-06
"human_impact",-0.485045027931536,0.295176015493811,-1.64323997368176,0.100333292302538
"log10(area)",1.43469981516021,0.117129065524134,12.2488795478745,1.70332924443678e-34
"depth",-5.27795953871021,0.326738670394262,-16.1534584576154,1.07369229995227e-58
"eutro",-0.776359548074185,0.28246612677318,-2.74850495152504,0.00598677306568825
"log10(RT)",-0.353340510248795,0.11135164912432,-3.17319512577944,0.00150771157296263
