"term","estimate","std.error","statistic","p.value"
"(Intercept)",-7.49729449457887,3.77216843869963,-1.98752908742415,0.0468637958213415
"human_impact",-3.03350083680018,1.16463739416512,-2.60467408310788,0.00919616907993173
"log10(area)",1.6141405127593,0.547588824906724,2.94772361914847,0.00320123128299061
"log10(depth)",-14.8676596258236,3.79213490080158,-3.92065683704472,8.83079407255733e-05
"eutro",-3.45882558522967,1.4927927493138,-2.31701660315512,0.0205028273476987
"log10(RT)",0.086303688176268,0.448929832964499,0.192243156589446,0.847551742238103
