"estimate","std.error","Adjusted.SE","statistic","p.value","term"
-6.49541320850418,3.30753529815236,3.35218011837006,1.93766831707792,0.0526637,"(Intercept)"
-2.63025571511915,1.19146097341287,1.20756211717088,2.17815355228385,0.0293946,"human_impact"
1.33236714321335,0.487635178235416,0.494224809262921,2.69587264386914,0.0070205,"log10(area)"
-12.5825282951797,3.19003005418752,3.23311565669083,3.89176560051,9.95e-05,"log10(depth)"
-2.18526913580677,1.35049214286119,1.36874159257013,1.59655346755659,0.1103653,"eutro"
-0.101654528848489,0.439262728389469,0.445249038275682,0.228309373204188,0.8194057,"log10(RT)"
