"estimate","std.error","Adjusted.SE","statistic","p.value","term"
-7.4238248296847,3.51482677586286,3.5622806361791,2.08400897848618,0.0371594,"(Intercept)"
-1.99883305538972,1.14670472354605,1.16220053124195,1.7198693355042,0.0854562,"human_impact"
1.43239202866958,0.500974883263019,0.507744950916779,2.82108571652612,0.0047861,"log10(area)"
-13.8216871033577,3.3595327359965,3.40491700573059,4.05933157257443,4.92e-05,"log10(depth)"
-2.42678858812369,1.51742373658014,1.53793025891032,1.57795750103984,0.1145754,"eutro"
0.0942725053740907,0.42203868214201,0.427790261258531,0.220370854391933,0.8255823,"log10(RT)"
