"term","estimate","std.error","statistic","p.value"
"(Intercept)",-3.62110455434164,0.693203733917078,-5.22372338342713,1.75360684704701e-07
"human_impact",-0.422995160893643,0.292429068648695,-1.44648807605991,0.148040354064208
"log10(area)",1.40759342141726,0.117191906433238,12.0110122299199,3.11014670464434e-33
"depth",-4.99237202307264,0.322127624065994,-15.4981182925493,3.57201147453923e-54
"eutro",-0.697025856246435,0.279163592104192,-2.49683653585559,0.0125306704604992
"log10(RT)",-0.351153023827327,0.109817400384613,-3.19760823510196,0.00138572397586383
