"estimate","std.error","Adjusted.SE","statistic","p.value","term"
-8.51819887459709,3.95755200553121,4.01097693818929,2.12372172811408,0.0336934,"(Intercept)"
-2.5846926489936,1.21854859078073,1.23501617804588,2.09284112624601,0.0363633,"human_impact"
1.69272375817839,0.585609954265666,0.593523976815355,2.85198884004815,0.0043447,"log10(area)"
-18.1807136574981,4.09518370855223,4.15050852848068,4.38035810136096,1.18e-05,"log10(depth)"
-2.60847163262668,1.55360235596201,1.57459725155835,1.65659607880372,0.0976012,"eutro"
0.134221081451396,0.522135280056229,0.529250984137022,0.25360572861334,0.7998002,"log10(RT)"
