"estimate","std.error","Adjusted.SE","statistic","p.value","term"
-4.13375385898469,3.39266463795139,3.43851004185838,1.20219333625984,0.2292886,"(Intercept)"
-2.18352123024416,1.1581910944018,1.17384205754446,1.86014908582492,0.0628644,"human_impact"
1.11054355296112,0.492824822941838,0.499484568430089,2.22337910548794,0.0261902,"log10(area)"
-16.0013122549281,3.67962098310203,3.72934497050124,4.29064953269194,1.78e-05,"log10(depth)"
-4.02994239734975,1.49156643551603,1.51172251194683,2.66579505531072,0.0076806,"eutro"
0.0512972162838386,0.458697530562178,0.464948699588181,0.110328766010689,0.9121486,"log10(RT)"
