"estimate","std.error","Adjusted.SE","statistic","p.value","term"
-8.44816600956365,3.65403019527016,3.70056277852751,2.28294087012496,0.0224339,"(Intercept)"
-3.33670766325693,1.30055612487645,1.31788363246875,2.53186820220719,0.0113457,"human_impact"
1.51415666941217,0.522524343931048,0.529499883736118,2.85959773726177,0.0042418,"log10(area)"
-11.1921433354261,3.00943714189901,3.04849553648806,3.67136615470322,0.0002413,"log10(depth)"
-1.65967919805627,1.39931838030674,1.41817609115489,1.17029133998777,0.2418837,"eutro"
0.0946865033884598,0.471480530608805,0.477834369479129,0.198157582284578,0.8429218,"log10(RT)"
