"term","estimate","std.error","statistic","p.value"
"(Intercept)",-2.74219931508658,0.494213117769965,-5.54861701660245,2.87938139710981e-08
"human_impact",-2.50158844577458,0.193540913453202,-12.9253727345845,3.23723997609805e-38
"log10(area)",1.72526748930022,0.0911644338155622,18.9247869710974,7.12770765078366e-80
"depth",-6.01826187969531,0.249476622649763,-24.1235503983244,1.41532477653094e-128
"eutro",-1.5126048579621,0.187756084910641,-8.05622283124404,7.86881311547211e-16
"log10(RT)",-0.215325758249919,0.0777114685686499,-2.77083630274856,0.00559125281968563
