"estimate","std.error","Adjusted.SE","statistic","p.value","term"
-9.16164807107,3.83938651774848,3.88722005703472,2.35686375781328,0.01843,"(Intercept)"
-2.33883832308186,1.12105464957504,1.13604547688742,2.05875413499282,0.0395178,"human_impact"
1.60917042762991,0.534634927087706,0.541741620567436,2.97036514555484,0.0029745,"log10(area)"
-12.3145921646947,3.1775686643865,3.21890346371249,3.82571030896706,0.0001304,"log10(depth)"
-1.59035658566757,1.35852677190183,1.37683476056583,1.1550816635498,0.248057,"eutro"
0.19391082430209,0.480069070726734,0.486538651810146,0.398551735983675,0.6902235,"log10(RT)"
