"term","estimate","std.error","statistic","p.value"
"(Intercept)",-3.70211070430663,0.679592650585679,-5.447543761864,5.10701525635097e-08
"human_impact",-0.279703390836209,0.290499343580013,-0.962836567509041,0.335629546526467
"log10(area)",1.40524195418612,0.114499679269015,12.2728898732067,1.26650840146015e-34
"depth",-4.90738072166924,0.314942681655422,-15.5818217330047,9.67574638602646e-55
"eutro",-0.811662145786917,0.280570553998186,-2.89289853913951,0.00381704579102142
"log10(RT)",-0.348917831253908,0.11078588341068,-3.14947916207411,0.00163561772606018
