"estimate","std.error","Adjusted.SE","statistic","p.value","term"
-10.048499530694,3.95493006311669,4.0081186714255,2.5070364314139,0.0121748,"(Intercept)"
-2.01166263671872,1.19406465770575,1.21020236508177,1.66225310308561,0.096462,"human_impact"
1.85861143683058,0.580851959713937,0.588699629113439,3.15714728685932,0.0015932,"log10(area)"
-17.1516050448871,3.83621522211878,3.88791625327625,4.41151607379246,1.03e-05,"log10(depth)"
-2.4984271331106,1.42670742669324,1.44599011782519,1.72783140238075,0.0840185,"eutro"
0.189456340892483,0.468219954021494,0.474600895445679,0.399190862702802,0.6897526,"log10(RT)"
