"term","estimate","std.error","statistic","p.value"
"(Intercept)",-4.87578731594459,3.26681504447058,-1.4925201609431,0.135562835998497
"human_impact",-1.42205214682439,1.113472152992,-1.27713310387081,0.201555259415664
"log10(area)",1.12334230593881,0.469257384481749,2.3938724100835,0.0166715470909136
"log10(depth)",-14.3178288443682,3.26446355941392,-4.38596681622592,1.15471725747688e-05
"eutro",-3.54830535538069,1.52641190189609,-2.32460540367448,0.020093069594583
