"term","estimate","std.error","statistic","p.value"
"(Intercept)",-3.53099582147107,0.502088390885376,-7.03261793256076,2.02693852534958e-12
"human_impact",-2.42879271662466,0.194309152886546,-12.4996310289243,7.49985644586996e-36
"log10(area)",1.84325280959708,0.0943289558502079,19.540689208138,4.9509193711558e-85
"depth",-6.06535335638516,0.250140211321726,-24.247814153255,6.97271741383188e-130
"eutro",-1.53270048061858,0.186865418739187,-8.20216223504577,2.36101370573675e-16
"log10(RT)",-0.18111744952569,0.0780900930320218,-2.31933965620223,0.0203766268014513
