"term","estimate","std.error","statistic","p.value"
"(Intercept)",-4.07444407323249,0.697363915466359,-5.84263679675442,5.13809621643763e-09
"human_impact",-0.291643357059027,0.29617224927417,-0.984708586890763,0.324767233633976
"log10(area)",1.43091484729694,0.115988352347004,12.3367115606234,5.74549106915726e-35
"depth",-4.87360329798049,0.315625483918339,-15.4410956855481,8.66162304063934e-54
"eutro",-0.664655722985304,0.277204606610311,-2.39770807243353,0.0164980078886307
"log10(RT)",-0.309100917968407,0.109977902805022,-2.81057294315211,0.00494533777033015
