"term","estimate","std.error","statistic","p.value"
"(Intercept)",-3.38722902718781,0.702867274125488,-4.81915882540159,1.44164755614011e-06
"human_impact",-0.538395257419477,0.295807891730011,-1.82008415756156,0.068746189808756
"log10(area)",1.43577874560876,0.118395256705204,12.1269955027315,7.59864528055317e-34
"depth",-5.2401194159075,0.328259119854693,-15.9633627794624,2.2999804795186e-57
"eutro",-0.928150475233364,0.285222191395644,-3.25413135174284,0.00113739676124563
"log10(RT)",-0.336944463890805,0.111552605679677,-3.02049837238531,0.00252359064486243
