"term","estimate","std.error","statistic","p.value"
"(Intercept)",-3.65013806750758,0.704860248044111,-5.17852734302468,2.23644299162893e-07
"human_impact",-0.519626224031534,0.292403688840095,-1.77708505009901,0.0755542475046679
"log10(area)",1.4411774127318,0.118541519580974,12.1575749815435,5.22878979203284e-34
"depth",-5.27793628250739,0.334966034867802,-15.7566312196112,6.18428117752495e-56
"eutro",-0.71889408641264,0.277228425045321,-2.59314709988745,0.00951020843300486
"log10(RT)",-0.268928001473053,0.110839921384255,-2.42627383811241,0.0152547549907869
