"estimate","std.error","Adjusted.SE","statistic","p.value","term"
-5.6031192758771,3.27019634483014,3.31335835567136,1.69106950544194,0.0908235,"(Intercept)"
-1.35245714529324,1.09728486249638,1.11207226252358,1.21615940876375,0.2239242,"human_impact"
1.20627122507085,0.477283997441525,0.483614383192897,2.49428318716838,0.0126212,"log10(area)"
-12.975305456643,3.19489390510047,3.23787671221042,4.00735006608239,6.14e-05,"log10(depth)"
-3.27950067828613,1.3535060872618,1.37145535680082,2.39125587429706,0.0167908,"eutro"
-0.0324562935833932,0.424003701905198,0.429717726191308,0.0755293338049169,0.9397936,"log10(RT)"
