"term","estimate","std.error","statistic","p.value"
"(Intercept)",-6.59822855530587,3.57034065101011,-1.84806694942095,0.0645926582806058
"human_impact",-2.73589603601995,1.27924149056728,-2.1386861325196,0.0324610964682239
"log10(area)",1.4643911552465,0.514563157643812,2.84589196387856,0.00442872174700725
"log10(depth)",-17.1107400879249,3.98916092268429,-4.28930805739748,1.79230631652322e-05
"eutro",-3.3151429413778,1.54050986437239,-2.15197774324438,0.0313991073600619
"log10(RT)",0.0183518864734326,0.539774859089344,0.0339991501352882,0.972877828404435
