"term","estimate","std.error","statistic","p.value"
"(Intercept)",-3.8162761389451,0.688397359767493,-5.54371117901157,2.96127140467083e-08
"human_impact",-0.507190699653135,0.295543707339942,-1.7161275542563,0.0861386990511364
"log10(area)",1.41729506715769,0.114514508071367,12.376554648206,3.50049873692737e-35
"depth",-4.86873714694062,0.315698880017246,-15.4220919208667,1.16276031429922e-53
"eutro",-0.486219249884135,0.279123394265157,-1.74195090728312,0.0815170349600519
"log10(RT)",-0.359748394840688,0.111702418581535,-3.22059628975802,0.00127924210935378
