"term","estimate","std.error","statistic","p.value"
"(Intercept)",-3.17700622330895,0.49229329931095,-6.45348256365812,1.09308584224176e-10
"human_impact",-2.44448672383388,0.191507253544668,-12.7644602415214,2.58939325600572e-37
"log10(area)",1.75289551786786,0.0915613847311194,19.1444845773733,1.07597969083785e-81
"depth",-5.90758749600015,0.247926700362956,-23.8279599871722,1.71410903621752e-125
"eutro",-1.41512681401728,0.184983101434107,-7.65003291136496,2.00927881312414e-14
"log10(RT)",-0.171574632219124,0.0764337142463074,-2.24475068248319,0.0247841423997697
