"term","estimate","std.error","statistic","p.value"
"(Intercept)",-3.10776720303159,0.490934956033596,-6.33030336266974,2.44679657035834e-10
"human_impact",-2.37880635766951,0.192815361777119,-12.3372242530097,5.70903088789386e-35
"log10(area)",1.80908418018589,0.0920153470280809,19.6606787738767,4.68417854700007e-86
"depth",-6.16730647457318,0.252495330765304,-24.4254278123889,9.18328612325363e-132
"eutro",-1.56704919839443,0.187682627314029,-8.34946324452532,6.8573881485247e-17
"log10(RT)",-0.223649492111015,0.078299266050391,-2.85634212672033,0.00428553070134526
