"term","estimate","std.error","statistic","p.value"
"(Intercept)",-12.8117372860798,4.49712899725603,-2.84887031123569,0.00438747610534104
"human_impact",-3.51937894342248,1.42765407555623,-2.46514824822062,0.0136956573518861
"log10(area)",2.42117819388181,0.655632396654539,3.69288980568415,0.000221720113374749
"log10(depth)",-21.1381206532883,4.99983699526747,-4.22776195969915,2.36027302373427e-05
"eutro",-3.70157421729163,1.69576157711812,-2.18283883019823,0.0290476810151715
"log10(RT)",0.259855906021781,0.561539480050956,0.462756253573124,0.643539091353589
