"estimate","std.error","Adjusted.SE","statistic","p.value","term"
-4.3857866130193,3.27331559652416,3.31732826708338,1.32208399649135,0.1861402,"(Intercept)"
-1.83997521750917,1.0853801609542,1.10005105868625,1.67262710487874,0.0944007,"human_impact"
1.05256614846021,0.464969788883159,0.47125400717844,2.23354312626918,0.0255131,"log10(area)"
-12.3828764585105,3.03453099412026,3.07546143705768,4.02634749677021,5.66e-05,"log10(depth)"
-2.99028714635683,1.39493839744993,1.41379283840534,2.11508154881422,0.034423,"eutro"
-0.237945961613308,0.467642506260566,0.474015578177469,0.501979201882311,0.6156822,"log10(RT)"
