"estimate","std.error","Adjusted.SE","statistic","p.value","term"
-7.4205829018485,3.53530240253204,3.58299935702522,2.07105337244867,0.0383538,"(Intercept)"
-2.1718440516808,1.1434491750769,1.15890193149993,1.87405335399678,0.0609231,"human_impact"
1.45772238725982,0.518916355947118,0.525929251829325,2.77170813790917,0.0055763,"log10(area)"
-15.2986234874536,3.48117026780596,3.52816013565625,4.33614770850191,1.45e-05,"log10(depth)"
-2.3925883916993,1.4510466415448,1.47065380692428,1.62688756554008,0.103761,"eutro"
0.138929461999559,0.473104385560513,0.479551892433849,0.289706837135929,0.7720405,"log10(RT)"
