"term","estimate","std.error","statistic","p.value"
"(Intercept)",-3.83169258297293,0.702519004571373,-5.45421911441492,4.91885190174761e-08
"human_impact",-0.204581972551604,0.293550053698779,-0.696923642063212,0.485850581244052
"log10(area)",1.42259331005202,0.117420746428873,12.1153488912093,8.75906142298574e-34
"depth",-5.11000291693887,0.326503764935937,-15.6506707294524,3.28736432164003e-55
"eutro",-0.792344280141329,0.278309962705285,-2.84698496754993,0.00441354464449356
"log10(RT)",-0.279105829531404,0.110262721691372,-2.53128006682645,0.0113647064231239
