"estimate","std.error","Adjusted.SE","statistic","p.value","term"
-5.63962963332266,3.42703391920427,3.47301932134805,1.62384055817278,0.1044098,"(Intercept)"
-2.08787144214082,1.15746962989028,1.17310738650331,1.77977861716834,0.0751122,"human_impact"
1.32711714094896,0.502878316282638,0.509634263806514,2.60405791996122,0.0092127,"log10(area)"
-13.1977030710688,3.20838873387192,3.25164994738218,4.05877117298369,4.93e-05,"log10(depth)"
-3.29350856000132,1.4790534900746,1.49905752013745,2.19705282536412,0.0280167,"eutro"
-0.486119188990433,0.483718280408752,0.490310434345349,0.991451853639394,0.321465,"log10(RT)"
