"estimate","std.error","Adjusted.SE","statistic","p.value","term"
-9.37960317945459,3.82842392212886,3.87600890577895,2.41991270078612,0.0155242,"(Intercept)"
-1.2880513427223,1.17572001617759,1.19156443615769,1.0809749801494,0.2797082,"human_impact"
1.67564016873326,0.540277575934955,0.547492304502575,3.06057300705929,0.0022091,"log10(area)"
-16.7902298052265,3.68227298930293,3.73108258971955,4.50009599130545,6.8e-06,"log10(depth)"
-3.27916502763379,1.41106326115409,1.42976347929093,2.29350174006406,0.0218191,"eutro"
0.459858620991249,0.50690220538423,0.513733399308323,0.895130862837398,0.3707171,"log10(RT)"
