"term","estimate","std.error","statistic","p.value"
"(Intercept)",-3.77712887457331,0.697782493567083,-5.41304619905915,6.19614954605537e-08
"human_impact",-0.370499590197877,0.293992579673799,-1.26023449506436,0.207584782444067
"log10(area)",1.44328779473512,0.117443151975505,12.2892460774226,1.03466473587859e-34
"depth",-5.09386761357569,0.327583404814008,-15.5498341451938,1.59518376453216e-54
"eutro",-0.781134510900328,0.281014492470513,-2.77969475535961,0.00544100161940356
"log10(RT)",-0.317602262362607,0.112575915691084,-2.82122743939414,0.00478402716327008
