"term","estimate","std.error","statistic","p.value"
"(Intercept)",-3.50395368557574,0.683645552957583,-5.12539527305773,2.96914170298013e-07
"human_impact",-0.477479823941474,0.293917564440861,-1.62453654258403,0.104261347923071
"log10(area)",1.29805151242258,0.11171904264376,11.6188921933541,3.30392498409118e-31
"depth",-4.78369866744221,0.312023259633298,-15.3312245794246,4.72984912240901e-53
"eutro",-0.682572031766788,0.275544645270726,-2.47717400240587,0.0132427323396449
"log10(RT)",-0.196216413383248,0.106793463163048,-1.83734479219643,0.0661590113449919
