"term","estimate","std.error","statistic","p.value"
"(Intercept)",-3.43786000304078,0.496717132294421,-6.92116252797789,4.47952186675875e-12
"human_impact",-2.47702478833305,0.192897037309404,-12.8411759085752,9.63990079712887e-38
"log10(area)",1.81415567863662,0.0923716451436065,19.6397463292575,7.07507012370165e-86
"depth",-6.05837789250025,0.249772756292126,-24.2555592628948,5.77682811069902e-130
"eutro",-1.36120017355268,0.186060610026803,-7.31589654229656,2.55668590754861e-13
"log10(RT)",-0.171793104219302,0.0771874613357045,-2.22566076466925,0.0260369127053267
