"term","estimate","std.error","statistic","p.value"
"(Intercept)",-11.2505940108684,4.63996100155683,-2.42471736445489,0.0153203088937296
"human_impact",-3.54950142097021,1.47268673047508,-2.41022163608765,0.0159428321304002
"log10(area)",2.18904234390113,0.670127935871512,3.2666036240591,0.00108845964019683
"log10(depth)",-27.2961222359718,6.06454491197229,-4.50093496415292,6.76552059120111e-06
"eutro",-5.3504864483396,1.9544013662765,-2.73766000201549,0.00618780115597116
"log10(RT)",0.625138572720759,0.559099160151097,1.11811753133704,0.263516799845964
