"term","estimate","std.error","statistic","p.value"
"(Intercept)",-3.92632237647706,0.712219027115723,-5.51280185868877,3.53165752576312e-08
"human_impact",-0.505725338633887,0.298393768286124,-1.69482540315305,0.0901085469552712
"log10(area)",1.52157412580824,0.121038220156985,12.5710219783039,3.04758693574582e-36
"depth",-5.36168139204293,0.331902750399259,-16.154374694374,1.05785825629385e-58
"eutro",-0.498753963194732,0.282772412702099,-1.76379993518027,0.0777656684340934
"log10(RT)",-0.368798602686438,0.113049202736511,-3.26228397688052,0.00110518370181901
