"term","estimate","std.error","statistic","p.value"
"(Intercept)",-3.84685285053249,0.703433054173243,-5.4686836618074,4.53390103826695e-08
"human_impact",-0.44302764355619,0.296637352337279,-1.49349918365124,0.135306567788034
"log10(area)",1.46130910482809,0.117849379837787,12.3998030947596,2.61966532803448e-35
"depth",-5.17653311429457,0.327935588903099,-15.7852129791993,3.93319493178994e-56
"eutro",-0.530817174127121,0.281120771110327,-1.88821755159031,0.05899675048882
"log10(RT)",-0.344185911303429,0.111408099694488,-3.08941551150485,0.00200550738943361
