"term","estimate","std.error","statistic","p.value"
"(Intercept)",-3.38260034438897,0.701490621776043,-4.82201791354653,1.42113179536247e-06
"human_impact",-0.690476573680255,0.297379807859033,-2.32186771069393,0.020240059929702
"log10(area)",1.47314145446888,0.119689967235526,12.307977756983,8.20534124943629e-35
"depth",-5.42397826358776,0.339253445773866,-15.9879828227395,1.54968181678901e-57
"eutro",-0.592327674071532,0.279189042042911,-2.12160072521934,0.0338712814436546
"log10(RT)",-0.377375015403279,0.112522628584027,-3.3537699941081,0.000797185979633907
