"term","estimate","std.error","statistic","p.value"
"(Intercept)",-3.23344798033801,0.671871778119639,-4.81259681629645,1.48981658461039e-06
"human_impact",-0.566878027334684,0.290607978250024,-1.9506623002861,0.0510972308197537
"log10(area)",1.34196926045142,0.110997188743389,12.0901193592738,1.19113550345333e-33
"depth",-4.70358845250835,0.306173506059253,-15.3624933556402,2.92120230301384e-53
"eutro",-0.771240046785906,0.275882521795309,-2.79553790420304,0.00518134255144784
"log10(RT)",-0.392255400904051,0.108083337091089,-3.62919402251128,0.000284307499670553
