"term","estimate","std.error","statistic","p.value"
"(Intercept)",-3.61996879159565,0.686080625226431,-5.27630231563664,1.31816564207325e-07
"human_impact",-0.149582747975496,0.297977692553419,-0.501993107919244,0.615672369052573
"log10(area)",1.40813192690156,0.11446472628309,12.3018852412141,8.84844818345702e-35
"depth",-4.97177466852856,0.312030876446782,-15.9335983834167,3.70413372282e-57
"eutro",-0.721546536648356,0.283077373172028,-2.54893751684586,0.0108051657570751
"log10(RT)",-0.42293300003967,0.111537536854953,-3.79184453920356,0.000149532513217523
