"term","estimate","std.error","statistic","p.value"
"(Intercept)",-3.95190982217443,0.701484824067439,-5.6336355208085,1.7644973820693e-08
"human_impact",-0.382418635179118,0.294247038699489,-1.29965160182862,0.193720405222313
"log10(area)",1.43579778072657,0.117296244899717,12.2407821491141,1.88210107122084e-34
"depth",-4.98562729160052,0.322128602322526,-15.4771332183931,4.95046612555312e-54
"eutro",-0.689151615828521,0.279404118984945,-2.4665048544458,0.0136438879030941
"log10(RT)",-0.292427313640363,0.109086228287114,-2.68069873009723,0.00734686261824865
