"estimate","std.error","Adjusted.SE","statistic","p.value","term"
-4.64767374102225,3.08542999714616,3.12713313957664,1.48624108203192,0.1372154,"(Intercept)"
-1.80967919689635,1.1004909662894,1.11536220847838,1.62250359850832,0.1046956,"human_impact"
1.10652778374047,0.449315086532517,0.45538678410116,2.42986362883702,0.0151045,"log10(area)"
-13.4101214774642,3.25185816690656,3.29580805022954,4.06884177509375,4.72e-05,"log10(depth)"
-3.35748799323134,1.41119774526298,1.43026763042507,2.34745436574937,0.0189022,"eutro"
0.0202168727829372,0.466259652088959,0.472613878351397,0.0427767226249449,0.9658795,"log10(RT)"
