"term","estimate","std.error","statistic","p.value"
"(Intercept)",-3.89018344356613,0.707705165042838,-5.49689847654377,3.86529076055716e-08
"human_impact",-0.206364424658012,0.297133896294187,-0.694516604237218,0.487358291557942
"log10(area)",1.47743678025596,0.118215835558097,12.4977907848046,7.6754733544328e-36
"depth",-5.22603841071134,0.327903460825063,-15.937734836838,3.46694814165928e-57
"eutro",-0.944257177482378,0.279801388429351,-3.37474085737355,0.000738852294727126
"log10(RT)",-0.317393078956736,0.10917354879926,-2.90723423803263,0.00364640039372244
