"term","estimate","std.error","statistic","p.value"
"(Intercept)",-3.59647894234542,0.696238079753708,-5.1655878167676,2.39684461309003e-07
"human_impact",-0.497544988276277,0.295324541774981,-1.68473972832023,0.0920387979334229
"log10(area)",1.44339008581311,0.116317783277123,12.4090233251289,2.33483467151224e-35
"depth",-5.03029964230994,0.321241560990052,-15.6589316363885,2.88706322256032e-55
"eutro",-0.873296746260374,0.282980338341418,-3.086068634234,0.00202821999560677
"log10(RT)",-0.380228000951973,0.11081095936149,-3.43132126229125,0.000600648805561769
