"term","estimate","std.error","statistic","p.value"
"(Intercept)",-5.63991565381903,3.87063208344554,-1.45710455869485,0.145087520218872
"human_impact",-4.06825209247617,1.51886083592179,-2.67848903353095,0.00739551538627459
"log10(area)",1.47804519082725,0.538250538798248,2.74601711338233,0.00603236168651985
"log10(depth)",-17.279007287456,4.20229038978916,-4.11180705870327,3.92574314461517e-05
"eutro",-3.79830790038196,1.61176879841219,-2.35660840694013,0.0184426836720005
"log10(RT)",-0.2492985934478,0.501376088261879,-0.497228725669874,0.619027766705561
