"estimate","std.error","Adjusted.SE","statistic","p.value","term"
-8.87461358727197,4.03323054668296,4.08521658838068,2.17237284615789,0.0298276,"(Intercept)"
-1.40255370870306,1.3558539040388,1.37418238290578,1.02064596821369,0.3074222,"human_impact"
2.03641011862768,0.605330268242127,0.613468286044055,3.31950349342335,0.0009018,"log10(area)"
-26.7267155565043,5.75344558336465,5.82902969796688,4.58510540198935,4.5e-06,"log10(depth)"
-7.08751988559414,2.10442657759008,2.13270037236721,3.32326095940391,0.0008897,"eutro"
0.543028888154116,0.534850938430054,0.542139932586497,1.0016397160847,0.3165176,"log10(RT)"
