"term","estimate","std.error","statistic","p.value"
"(Intercept)",-2.96280799610195,0.688727052378741,-4.30186092715385,1.69369609407589e-05
"human_impact",-0.514865970666838,0.294806779726583,-1.74645227339869,0.0807323934106059
"log10(area)",1.39811031908147,0.116051409578821,12.0473359535705,2.0032006511953e-33
"depth",-5.28263471099427,0.33040602437032,-15.9883123228815,1.54150788368726e-57
"eutro",-0.887189475425514,0.282498322100185,-3.1405123712943,0.00168652584229408
"log10(RT)",-0.392243830045586,0.111755605599253,-3.50983584172183,0.00044838342143769
