"term","estimate","std.error","statistic","p.value"
"(Intercept)",-3.70101030758438,0.691827264744443,-5.34961614869503,8.81409782545226e-08
"human_impact",-0.43176807865998,0.291902723489662,-1.47915056597706,0.139100078165603
"log10(area)",1.42360341265167,0.115930437720965,12.2798071036199,1.16275161007146e-34
"depth",-4.85193036854462,0.316953564484659,-15.3080164169584,6.75941152015638e-53
"eutro",-0.677342289461447,0.276193957153077,-2.45241531148358,0.0141900777532485
"log10(RT)",-0.39672400586135,0.111315882744995,-3.56394789385243,0.000365318504140149
