"term","estimate","std.error","statistic","p.value"
"(Intercept)",-4.00727251841597,0.701881501573399,-5.70932915233257,1.13422348931247e-08
"human_impact",-0.132659761435263,0.294794176948744,-0.450008079563689,0.652704614785321
"log10(area)",1.50992829074996,0.119811281317812,12.6025552363865,2.04413161317483e-36
"depth",-5.17627127339745,0.327926797124143,-15.7848377100999,3.95665619843996e-56
"eutro",-0.636133258457152,0.276632997506284,-2.29955668409623,0.0214733485038499
"log10(RT)",-0.445618139274217,0.112186427698401,-3.97212165871085,7.12353205818337e-05
