"term","estimate","std.error","statistic","p.value"
"(Intercept)",-4.28551432628163,0.69710128402886,-6.14762076109475,7.86538135516286e-10
"human_impact",-0.134413982447807,0.295438224146921,-0.454964765767623,0.649134587405014
"log10(area)",1.45594663769845,0.11668427272202,12.4776596171362,9.88496080072185e-36
"depth",-4.88261236975129,0.319730809353935,-15.2710099462024,1.19310812051402e-52
"eutro",-0.676512895079581,0.276044459619249,-2.45073889913495,0.014256332384267
"log10(RT)",-0.3191865603535,0.108926210177971,-2.930300795667,0.00338634034763516
