"term","estimate","std.error","statistic","p.value"
"(Intercept)",-3.57332459542597,0.700354906781231,-5.10216257618391,3.35794091522112e-07
"human_impact",-0.377241306733731,0.3015587859312,-1.25097103561028,0.210945045047233
"log10(area)",1.35163616632828,0.113877484108196,11.8692134526267,1.71068371555241e-32
"depth",-4.91822669724334,0.315584768956217,-15.5844868987504,9.28055215504882e-55
"eutro",-0.573735316702671,0.281138492087672,-2.04075689686687,0.0412749968500669
"log10(RT)",-0.295502715460929,0.109883153400393,-2.68924495080856,0.00716138483777219
