"term","estimate","std.error","statistic","p.value"
"(Intercept)",-6.4156168091742,4.17307330111052,-1.53738416420026,0.124199261966297
"human_impact",-2.7347704876002,1.20489376442584,-2.26971918051495,0.0232246268939327
"log10(area)",1.4679114402898,0.58666576222699,2.50212563064459,0.0123450109673826
"log10(depth)",-22.3334260988491,4.98324009723751,-4.48170781721509,7.4048077640793e-06
"eutro",-5.48102535839084,1.84114589068209,-2.97696417547894,0.00291118025059606
"log10(RT)",0.469209346386027,0.554877624380589,0.845608699593548,0.397771070786061
