"estimate","std.error","Adjusted.SE","statistic","p.value","term"
-5.30270251736201,3.32533231151465,3.37017274010026,1.57342157992895,0.1156212,"(Intercept)"
-1.6642155110067,1.03588799554022,1.04988858744843,1.58513534760035,0.1129356,"human_impact"
1.12889870342622,0.48466491454022,0.4912144224114,2.29817906787914,0.0215516,"log10(area)"
-12.6299515147616,3.02917085889531,3.07008557007688,4.11387605539782,3.89e-05,"log10(depth)"
-2.4042184281551,1.29351036798178,1.31099261372342,1.83389166574078,0.0666701,"eutro"
-0.178943541894031,0.446198272885383,0.452279100962871,0.395648486770828,0.6923644,"log10(RT)"
