"term","estimate","std.error","statistic","p.value"
"(Intercept)",-3.86228491536113,0.705319157393563,-5.47593933168329,4.35196784657517e-08
"human_impact",-0.498341736284984,0.298364007000026,-1.67024749833495,0.0948704059461536
"log10(area)",1.4422223472717,0.118351690336453,12.1859040895125,3.69532419519767e-34
"depth",-5.01776975101299,0.324083900415354,-15.4829343407127,4.52360157485334e-54
"eutro",-0.52967018071783,0.281565832848744,-1.88115928470045,0.0599502544176435
"log10(RT)",-0.3529149326051,0.112173169177715,-3.14616173539662,0.00165428497524668
