"estimate","std.error","Adjusted.SE","statistic","p.value","term"
-7.07982485285836,3.69181248750194,3.74150044927268,1.89224214959927,0.0584587,"(Intercept)"
-2.33303540636356,1.06005647530591,1.07438182557618,2.17151421480197,0.0298923,"human_impact"
1.39296719731474,0.529920716528208,0.537082088475144,2.59358341528309,0.0094981,"log10(area)"
-14.675406871646,3.51830887383995,3.56577565609182,4.11562820744886,3.86e-05,"log10(depth)"
-2.10703208124143,1.41846073872103,1.43763017678677,1.465628723759,0.1427495,"eutro"
0.194101224738553,0.486483507786327,0.493113346477214,0.393623953042857,0.6938587,"log10(RT)"
