"term","estimate","std.error","statistic","p.value"
"(Intercept)",-3.70699610163407,0.680620486133278,-5.44649503968673,5.13720351245253e-08
"human_impact",-0.258595482064572,0.293069394724323,-0.88236945487884,0.377577048134158
"log10(area)",1.40783786911781,0.114234509478583,12.3241030713382,6.7186867904271e-35
"depth",-4.7942092711612,0.308287148145386,-15.5511162239572,1.56356775181868e-54
"eutro",-0.797519956578841,0.277463797166665,-2.87432077526061,0.0040489749942284
"log10(RT)",-0.406337658008918,0.111110610691921,-3.65705539262654,0.000255129262057619
