"term","estimate","std.error","statistic","p.value"
"(Intercept)",-10.3667091975788,3.88478641048416,-2.66854032685077,0.0076181632568088
"human_impact",-3.52841795881068,1.32554123299619,-2.66186963557158,0.00777079680536427
"log10(area)",1.90586412209348,0.591612461741753,3.22147392988049,0.00127533064434952
"log10(depth)",-14.5934002519498,3.53105737973062,-4.13286975615875,3.58261762061027e-05
"eutro",-1.34731123919372,1.42999177183237,-0.942181113019482,0.346099921913897
