"term","estimate","std.error","statistic","p.value"
"(Intercept)",-4.09005767777323,0.70738026084004,-5.78197880856349,7.38270097294314e-09
"human_impact",-0.236735949116263,0.298673186569537,-0.792625383735767,0.4279961150548
"log10(area)",1.49441500719707,0.119156279787171,12.5416386770911,4.41764999299184e-36
"depth",-5.15334953761248,0.327625915670417,-15.7293708804056,9.51517804988637e-56
"eutro",-0.610997762556526,0.280745932779225,-2.17633700516333,0.0295300704284767
"log10(RT)",-0.361346293409579,0.112968832648746,-3.19863704826545,0.00138078886080683
