"term","estimate","std.error","statistic","p.value"
"(Intercept)",-3.31905535748345,0.690923856194651,-4.80379325120363,1.55687590817655e-06
"human_impact",-0.66348625536921,0.295075159974556,-2.24853307010466,0.0245422188091746
"log10(area)",1.40076546992172,0.116664692986347,12.0067642923095,3.27406356581683e-33
"depth",-5.08611936549008,0.323939867569528,-15.7008132517015,1.49315550355911e-55
"eutro",-0.602108257161225,0.278917136113523,-2.1587352629211,0.0308707113900113
"log10(RT)",-0.384414046516616,0.111420808462963,-3.45011000924838,0.000560358155887783
