"estimate","std.error","Adjusted.SE","statistic","p.value","term"
-7.12465712312619,3.4548247622656,3.50140948859568,2.03479688574891,0.0418713,"(Intercept)"
-1.80036650722209,1.13648344236587,1.15184145932031,1.56303325657724,0.1180448,"human_impact"
1.4203788886963,0.501601385515496,0.508380071487913,2.79393109281246,0.0052072,"log10(area)"
-12.8288306626619,3.24589370037912,3.28972128325671,3.89967099278447,9.63e-05,"log10(depth)"
-2.41032238547716,1.38727871748322,1.40602790593421,1.71427777166035,0.0864777,"eutro"
-0.181605423576552,0.467633907227988,0.474006861956542,0.383128258580362,0.7016247,"log10(RT)"
