"term","estimate","std.error","statistic","p.value"
"(Intercept)",-3.00917387751674,0.488034377550048,-6.16590555079932,7.00809079479123e-10
"human_impact",-2.49679529819589,0.192228719370494,-12.9886694681852,1.41872047425212e-38
"log10(area)",1.74147481533869,0.0900840873928167,19.3316585175015,2.90914311613315e-83
"depth",-5.79423945173341,0.245144482445769,-23.6360182123014,1.64368853433334e-123
"eutro",-1.55460596282123,0.186146646173621,-8.35151207275164,6.73945555572668e-17
"log10(RT)",-0.214276111909375,0.0757991396034197,-2.82689372241513,0.00470019241938765
