"term","estimate","std.error","statistic","p.value"
"(Intercept)",-3.44507039789028,0.696508942728934,-4.94619693523595,7.56773994423034e-07
"human_impact",-0.314190791417021,0.293857638364659,-1.06919388982202,0.284982311410837
"log10(area)",1.35674998009447,0.114795027524316,11.8188915439485,3.11770964355727e-32
"depth",-4.96252819446147,0.317162624165822,-15.6466361933836,3.50249978751938e-55
"eutro",-0.79948437468677,0.27817348493828,-2.87404953374386,0.00405245400554196
"log10(RT)",-0.308548369432438,0.110993405071013,-2.77988020310785,0.00543789550485496
