"estimate","std.error","Adjusted.SE","statistic","p.value","term"
-10.0413960498097,3.86878161092577,3.92005476783806,2.56154483661655,0.0104208,"(Intercept)"
-1.83236423922186,1.25828218632741,1.27529499372277,1.43681599021487,0.1507703,"human_impact"
2.07990462111634,0.589752062380458,0.597724391982323,3.47970510993945,0.000502,"log10(area)"
-24.8447017033398,5.23923134150914,5.30972437388357,4.67909442259207,2.9e-06,"log10(depth)"
-5.10480338424492,1.785695700204,1.80975574712147,2.82071400649752,0.0047917,"eutro"
0.463568552002633,0.666725051197777,0.675811236998253,0.68594383553263,0.4927485,"log10(RT)"
