"estimate","std.error","Adjusted.SE","statistic","p.value","term"
-6.35181755313544,3.34193254531657,3.38710432027461,1.87529433773698,0.0607522,"(Intercept)"
-1.53621484497172,1.10185599208643,1.11674560528658,1.37561754234752,0.1689401,"human_impact"
1.33827303008191,0.490666158155601,0.497296609688025,2.69109622710169,0.0071218,"log10(area)"
-15.1222708868681,3.52560076358257,3.57324956252749,4.23207800693653,2.32e-05,"log10(depth)"
-3.17166132957356,1.46617749246302,1.48599020595949,2.1343756620022,0.032812,"eutro"
-0.00367648733342595,0.458543408161231,0.464792476794023,0.00790995447857736,0.9936888,"log10(RT)"
