"term","estimate","std.error","statistic","p.value"
"(Intercept)",-4.99410601483305,3.48682452544334,-1.43227913489511,0.152063951985933
"human_impact",-2.48822346500123,1.05537961770257,-2.35765730478837,0.0183906616863794
"log10(area)",1.2089044086777,0.478203996802518,2.52800983839734,0.0114711137437592
"log10(depth)",-13.5085537482914,3.53208713999913,-3.82452448449353,0.000131024725194855
"eutro",-3.68913940338117,1.53733719203498,-2.39969436926056,0.0164087657844172
"log10(RT)",0.0536776740768766,0.478303139474274,0.112225217956705,0.910644834433027
