"term","estimate","std.error","statistic","p.value"
"(Intercept)",-3.4915362971164,0.693744255078004,-5.03288679013827,4.83148472479836e-07
"human_impact",-0.551935100105174,0.296335231141763,-1.86253621609081,0.0625275455229306
"log10(area)",1.4367765247601,0.116561994894889,12.3262863342011,6.53915987782646e-35
"depth",-5.12427901927094,0.329216756469856,-15.5650613723853,1.25749456695839e-54
"eutro",-0.82624460287443,0.283392602198779,-2.91554753534067,0.00355065013545385
"log10(RT)",-0.367760850938439,0.114097734504932,-3.22320905436157,0.00126763001610783
