"estimate","std.error","Adjusted.SE","statistic","p.value","term"
-4.32712382959407,3.47837983668806,3.52533506647952,1.22743618634674,0.2196587,"(Intercept)"
-1.96726560951492,1.2351129381843,1.25180420762688,1.57154417402413,0.1160563,"human_impact"
1.16616430264746,0.502968425445295,0.509765676834479,2.28764774805762,0.022158,"log10(area)"
-17.1318231188818,3.86356342904974,3.91573895412706,4.37511880122281,1.21e-05,"log10(depth)"
-4.88620105980167,1.71957764715986,1.74281479523294,2.80362610712666,0.0050531,"eutro"
0.120203896553106,0.476768934366186,0.483266382022853,0.248732171375045,0.803568,"log10(RT)"
