"term","estimate","std.error","statistic","p.value"
"(Intercept)",-3.78990765402879,0.702089710454652,-5.39803902207108,6.73732161429995e-08
"human_impact",-0.51776017776257,0.295397438807924,-1.75275784330423,0.0796435821803607
"log10(area)",1.48135184118869,0.118972740055336,12.4511870576377,1.37780539036762e-35
"depth",-5.12679621684046,0.329955140946904,-15.5378582740902,1.92303419581232e-54
"eutro",-0.78412728137201,0.2832729494122,-2.76809798817395,0.00563845001585938
"log10(RT)",-0.370494368622531,0.112647888982437,-3.2889597130426,0.00100558416232126
