"term","estimate","std.error","statistic","p.value"
"(Intercept)",-3.66294937520323,0.679632625159752,-5.38960202851096,7.06138813819422e-08
"human_impact",-0.27037577908835,0.293346365862488,-0.921694660485734,0.356687866503981
"log10(area)",1.37090347003377,0.112358650742635,12.2011385947835,3.06507763393983e-34
"depth",-4.85611298072254,0.312040683989591,-15.5624353806523,1.31017266877175e-54
"eutro",-0.892888374056403,0.278687235383683,-3.20390839870049,0.00135575604270732
"log10(RT)",-0.289040550695718,0.108568413547748,-2.66228953017352,0.00776110889676944
