"estimate","std.error","Adjusted.SE","statistic","p.value","term"
-18.1187710071508,5.19178854573334,5.26172300207205,3.44350529285097,0.0005742,"(Intercept)"
-2.36076688901084,1.42799218060565,1.44728803138452,1.6311659032739,0.1028553,"human_impact"
3.48132219480968,0.854730336553493,0.866281491222497,4.01869626684144,5.85e-05,"log10(area)"
-30.9440848342776,6.44691359128023,6.5340188066943,4.73584263372099,2.2e-06,"log10(depth)"
-5.48024449769425,1.93065829503046,1.95675444067317,2.80068075164757,0.0050995,"eutro"
0.307648598057137,0.637074611758922,0.645756718844608,0.476415636228431,0.6337783,"log10(RT)"
