"term","estimate","std.error","statistic","p.value"
"(Intercept)",-3.7882118880476,0.715441132723655,-5.29493163696926,1.1906094309417e-07
"human_impact",-0.361139050498185,0.302305087794471,-1.19461783833328,0.232236376480724
"log10(area)",1.48920467348192,0.120799782352889,12.3278754686126,6.4114922174633e-35
"depth",-5.3287332445757,0.337201758288198,-15.8028038514004,2.97581115466557e-56
"eutro",-0.827858133602756,0.286921984519266,-2.88530742943877,0.00391031605340473
"log10(RT)",-0.346851876089114,0.112821812925786,-3.07433347412414,0.00210973465176118
