"term","estimate","std.error","statistic","p.value"
"(Intercept)",-4.10612626646567,0.694782480662744,-5.90994502703765,3.4222191878204e-09
"human_impact",-0.182418547455563,0.296342113918574,-0.615567409719181,0.538180066298903
"log10(area)",1.47121293628881,0.117990879893744,12.4688699466748,1.10380266387675e-35
"depth",-5.048306332221,0.325832738673292,-15.4935515466506,3.83506628474807e-54
"eutro",-0.837944925099475,0.280275198590692,-2.98972199221663,0.00279231462164879
"log10(RT)",-0.314415962818436,0.110659565892623,-2.84129040523731,0.00449313760511886
