"estimate","std.error","Adjusted.SE","statistic","p.value","term"
-7.64603512244061,3.79340955895552,3.84322400516735,1.98948463898026,0.0466477,"(Intercept)"
-1.53445614252677,1.19311379067137,1.2092081100021,1.26897605948417,0.2044496,"human_impact"
1.59459738743252,0.547328948474479,0.554724050582063,2.87457770356149,0.0040457,"log10(area)"
-18.8132572619711,4.21941606976846,4.27562427692787,4.40011938455193,1.08e-05,"log10(depth)"
-4.50212035718357,1.64514354028895,1.66737400010338,2.7001262805492,0.0069313,"eutro"
0.43752577222162,0.525358998045327,0.532518635229526,0.82161588961678,0.4112955,"log10(RT)"
