"term","estimate","std.error","statistic","p.value"
"(Intercept)",-3.92213888159222,0.690026270705199,-5.68404283736014,1.31547304418824e-08
"human_impact",-0.415456214286854,0.294522610041789,-1.41060889765952,0.158359966597106
"log10(area)",1.44633787802453,0.115722072291204,12.4983751966085,7.61926386568535e-36
"depth",-4.95608938903498,0.318532396415366,-15.5591376098908,1.37945025846601e-54
"eutro",-0.656120411650506,0.279802940518273,-2.34493751364867,0.019030268631555
"log10(RT)",-0.356283762437448,0.111097879795663,-3.20693574974376,0.0013415695523976
