"term","estimate","std.error","statistic","p.value"
"(Intercept)",-3.82849117989551,0.700769181567079,-5.46326990484104,4.67443045770221e-08
"human_impact",-0.38020620214437,0.294126410050029,-1.29266257348227,0.196127787520324
"log10(area)",1.50100459894887,0.11900436212945,12.6130216749208,1.78996200201706e-36
"depth",-5.27233452621492,0.329827265173275,-15.9851385343934,1.62205938985886e-57
"eutro",-0.687974381543449,0.28225602125043,-2.43741259618,0.0147927898862692
"log10(RT)",-0.388446169552985,0.113045913892641,-3.43618054096047,0.00058997767602736
