"term","estimate","std.error","statistic","p.value"
"(Intercept)",-3.41811313625633,0.685297741649467,-4.98777819992396,6.10776315971801e-07
"human_impact",-0.411531299453986,0.294306416320603,-1.398308961792,0.162020307856507
"log10(area)",1.39483661446223,0.114537073711614,12.1780360651976,4.069636875983e-34
"depth",-4.94897979351829,0.315876551151409,-15.6674491204828,2.5251220040913e-55
"eutro",-0.710583378129249,0.278326344465168,-2.55305827946222,0.0106781627286292
"log10(RT)",-0.417299141872239,0.111230543934242,-3.75165963513531,0.000175667844972682
