"estimate","std.error","Adjusted.SE","statistic","p.value","term"
-10.4002559828327,4.10366369192688,4.15899295895952,2.5006668887063,0.012396,"(Intercept)"
-2.27536820887301,1.19259924226991,1.20871728272344,1.88246518966473,0.0597729,"human_impact"
1.99097342553048,0.606539933698888,0.614737246813402,3.23873888535474,0.0012006,"log10(area)"
-18.0898301523595,4.07708078408288,4.13208312892226,4.37789598804072,1.2e-05,"log10(depth)"
-3.17012550142111,1.57655582151104,1.59785956291356,1.98398255704066,0.0472578,"eutro"
0.177032284116673,0.475878202336143,0.482363511020817,0.367010107671749,0.7136115,"log10(RT)"
