"term","estimate","std.error","statistic","p.value"
"(Intercept)",-3.81805632286291,0.708634662783827,-5.38790511300127,7.12836668888462e-08
"human_impact",-0.564436491993341,0.302876496152765,-1.86358631046976,0.0623798215552117
"log10(area)",1.41713935304456,0.116866165906391,12.1261730634655,7.67532230389402e-34
"depth",-4.94810105520797,0.327768791400087,-15.0963154059659,1.71238559125198e-51
"eutro",-0.738608213658262,0.28485594345204,-2.5929183878258,0.00951653503380901
"log10(RT)",-0.285730767720651,0.112767215196437,-2.5338106223774,0.0112829690554798
