"term","estimate","std.error","statistic","p.value"
"(Intercept)",-3.49141262182245,0.687621184330384,-5.07752335353432,3.82386518397344e-07
"human_impact",-0.471261845391162,0.293276132880615,-1.60688781852903,0.108078979073882
"log10(area)",1.41191427865844,0.1148120715587,12.2976117362064,9.3291894177124e-35
"depth",-5.05239875993549,0.322463984229501,-15.6681025076575,2.49930048487721e-55
"eutro",-0.899389128734968,0.278927427888423,-3.22445567846681,0.00126212391839489
"log10(RT)",-0.327715934616754,0.109592630352931,-2.99030996483414,0.00278694481789052
