"term","estimate","std.error","statistic","p.value"
"(Intercept)",-3.29107673397542,0.500279760008697,-6.57847268080206,4.75305178312904e-11
"human_impact",-2.49156287804883,0.194283286457692,-12.8243809515308,1.19739098373055e-37
"log10(area)",1.79535078283217,0.0926462166401648,19.3785655576769,1.17064728371994e-83
"depth",-6.01503170650139,0.249560286801996,-24.1025196099161,2.35218425438687e-128
"eutro",-1.35561902527159,0.187011051290897,-7.24887120795293,4.20259261266517e-13
"log10(RT)",-0.209917492598058,0.076630870725481,-2.73933325578483,0.00615639346221471
