"term","estimate","std.error","statistic","p.value"
"(Intercept)",-2.9194070254218,0.494404105121546,-5.90490045527451,3.52859747325294e-09
"human_impact",-2.44150785696664,0.190515625995613,-12.8152630221674,1.34680897823123e-37
"log10(area)",1.77729195740297,0.0917892460177537,19.3627471028491,1.59166876818294e-83
"depth",-6.19056333381036,0.253035736856524,-24.4651740134261,3.4700074260313e-132
"eutro",-1.64977197445497,0.18765710781321,-8.79141746177351,1.47684703230797e-18
"log10(RT)",-0.159021904638879,0.07821720215077,-2.03308096257843,0.0420443440104074
