"estimate","std.error","Adjusted.SE","statistic","p.value","term"
-5.28376690961984,3.28974350484184,3.33347469973474,1.5850628504966,0.1129521,"(Intercept)"
-2.19934703679326,1.18103064456813,1.19698525452448,1.83740528839429,0.0661501,"human_impact"
1.22005577483111,0.47239077214668,0.478776222243123,2.54827979784587,0.0108256,"log10(area)"
-12.3813430249324,3.2497948644296,3.29332393634083,3.75952784003663,0.0001702,"log10(depth)"
-3.22107106244289,1.38818357315466,1.40694951522378,2.28940059866367,0.0220561,"eutro"
-0.328273706464838,0.498797127722634,0.505594777475092,0.649282233697539,0.516156,"log10(RT)"
