"estimate","std.error","Adjusted.SE","statistic","p.value","term"
-4.82149144876554,3.28259210715481,3.32690530312815,1.44924216635565,0.14727,"(Intercept)"
-1.6423882551145,1.1605749891687,1.17625881370289,1.39628135915447,0.1626298,"human_impact"
1.13005864867636,0.48238004920873,0.488898574541948,2.31143780636939,0.0208087,"log10(area)"
-13.2321337430876,3.18752801064941,3.23059781965331,4.09587775444842,4.21e-05,"log10(depth)"
-3.34299373369816,1.38477329602391,1.40348738736379,2.38191932738163,0.0172227,"eutro"
-0.130224462659698,0.450267277862564,0.456403558686547,0.28532744800339,0.7753933,"log10(RT)"
