"term","estimate","std.error","statistic","p.value"
"(Intercept)",-3.62217820573606,0.700363273748466,-5.17185629444778,2.31779812884742e-07
"human_impact",-0.596400669808005,0.295807011180195,-2.01618165650813,0.0437809838417403
"log10(area)",1.43129756646547,0.118745216636339,12.0535176658851,1.85845928277448e-33
"depth",-5.04947649040473,0.329177717996258,-15.3396667342537,4.15321686831003e-53
"eutro",-0.720380295779557,0.280159794679104,-2.57131933082933,0.0101311861639958
"log10(RT)",-0.326174180891435,0.112663211837326,-2.89512588512385,0.00379006506273321
