"estimate","std.error","Adjusted.SE","statistic","p.value","term"
-6.84417250515565,3.35483123269016,3.39984294371739,2.01308490376095,0.0441057,"(Intercept)"
-1.68394529117685,1.0982956412619,1.11314129894071,1.51278664512702,0.1303339,"human_impact"
1.37044196425752,0.492142606167745,0.498794786412275,2.74750659307171,0.006005,"log10(area)"
-14.4845403737118,3.50883228892378,3.55610590996006,4.07314650925977,4.64e-05,"log10(depth)"
-2.76533820116884,1.40784779011892,1.4268784116365,1.93803352732574,0.0526191,"eutro"
0.230304422741393,0.430489543766344,0.436356291945067,0.527789851991835,0.5976452,"log10(RT)"
