"term","estimate","std.error","statistic","p.value"
"(Intercept)",-3.86965034206707,0.702309394179014,-5.50989403550641,3.59049779063797e-08
"human_impact",-0.301222222278774,0.297701247226997,-1.01182720960887,0.311620677683025
"log10(area)",1.48847334042836,0.119266407262857,12.4802396130524,9.56982269442632e-36
"depth",-5.11429459320571,0.325585072746941,-15.7080131163776,1.33291357198796e-55
"eutro",-0.863068831189467,0.283652950214285,-3.04269294762302,0.00234471447016751
"log10(RT)",-0.403519401865434,0.114937146294331,-3.51078319651422,0.000446788624713372
