"term","estimate","std.error","statistic","p.value"
"(Intercept)",-8.29584740514876,4.33969895785852,-1.91161817575532,0.0559251863009793
"human_impact",-3.13865043998441,1.35142905088892,-2.32246778913026,0.0202077608881077
"log10(area)",1.98544967923946,0.605292764688249,3.28014771539859,0.00103752748628997
"log10(depth)",-24.1627177544633,5.19018811045861,-4.65546088893651,3.23256768774524e-06
"eutro",-5.23083579895825,1.81643613376734,-2.8797245891103,0.00398022697007757
"log10(RT)",-0.0290816344959278,0.592209401857137,-0.0491070124937722,0.960834014989841
