"estimate","std.error","Adjusted.SE","statistic","p.value","term"
-11.6766498414488,4.22350544875272,4.28049813140483,2.72787172964297,0.0063744,"(Intercept)"
-2.60243995165258,1.22235111117279,1.23887054930355,2.10065527275273,0.0356712,"human_impact"
2.1864066871363,0.650574976478993,0.659367019969447,3.31591757082059,0.0009134,"log10(area)"
-18.0728117822405,4.09979149091079,4.15515453291106,4.34949209207361,1.36e-05,"log10(depth)"
-2.60588920651376,1.47068616039976,1.4905592154263,1.74826278590246,0.0804185,"eutro"
0.152069839074944,0.504013410550512,0.510882148249758,0.297661289586891,0.7659617,"log10(RT)"
