"term","estimate","std.error","statistic","p.value"
"(Intercept)",-3.78362183242875,0.705894922580627,-5.36003548318,8.32056075394883e-08
"human_impact",-0.46619394705308,0.298880047986752,-1.559802837939,0.118806480626909
"log10(area)",1.51619546332538,0.119396736082879,12.6988016010163,6.00420793974479e-37
"depth",-5.25878003046719,0.326436831636946,-16.1096405822118,2.18288955404277e-58
"eutro",-0.545877925702778,0.281979976086793,-1.93587478543072,0.0528830386191236
"log10(RT)",-0.457506947223343,0.113773344797053,-4.02121382683646,5.78990174236506e-05
