"estimate","std.error","Adjusted.SE","statistic","p.value","term"
-8.22609003605726,3.36674649451376,3.4122529708524,2.41075034773941,0.0159197,"(Intercept)"
-1.70563366864398,1.09950881386967,1.11436666500579,1.53058568800164,0.1258718,"human_impact"
1.52800041266631,0.505898774623536,0.512735068663407,2.98009733691415,0.0028816,"log10(area)"
-11.8173517051886,3.20356154800941,3.24685604572304,3.63962908696095,0.000273,"log10(depth)"
-2.05703357581004,1.34663382945732,1.36483111667154,1.50717077789565,0.1317669,"eutro"
-0.00186982882267596,0.431629754466116,0.437512041533397,0.00427377682251341,0.99659,"log10(RT)"
