"estimate","std.error","Adjusted.SE","statistic","p.value","term"
-11.0805078129855,3.68990707619235,3.73743039116759,2.96473958128326,0.0030294,"(Intercept)"
-2.09353155888802,1.08541495411359,1.09999598961306,1.9032174468422,0.0570122,"human_impact"
1.84903641457066,0.525550430596107,0.532564928052289,3.47194551720297,0.0005167,"log10(area)"
-12.4565209420882,3.09082606372023,3.13213900805331,3.97700131126371,6.98e-05,"log10(depth)"
-1.11762053048727,1.47775059799511,1.49766528922968,0.746241859596088,0.4555213,"eutro"
0.103044642651772,0.433798297880711,0.439644317616448,0.234381836686605,0.8146886,"log10(RT)"
