"term","estimate","std.error","statistic","p.value"
"(Intercept)",-3.51657937042614,0.688091936451035,-5.11062429907777,3.21095967806315e-07
"human_impact",-0.26846406770956,0.298427087991893,-0.899596847980681,0.368334835226552
"log10(area)",1.35202294962433,0.114041332603716,11.855552006942,2.0139264359397e-32
"depth",-4.92305166258053,0.318231197529832,-15.4700472511625,5.52664689763726e-54
"eutro",-0.778232374496039,0.279839582865417,-2.78099462030113,0.00541926351950889
"log10(RT)",-0.288654027352886,0.110001153764064,-2.62409999782371,0.00868782738142542
