"term","estimate","std.error","statistic","p.value"
"(Intercept)",-3.48636066166135,0.689366740532839,-5.05733807083093,4.25149160801932e-07
"human_impact",-0.467163748160227,0.29575154700596,-1.57958175667907,0.114202679862989
"log10(area)",1.39097511145201,0.115564745685837,12.0363273695368,2.28922136124316e-33
"depth",-4.99278431993454,0.319613769531035,-15.6213054502013,5.21273297509096e-55
"eutro",-0.717352553720809,0.281341491769794,-2.54975741120964,0.0107797899038226
"log10(RT)",-0.360562580267173,0.110096644570784,-3.2749642977117,0.00105675327939891
