"term","estimate","std.error","statistic","p.value"
"(Intercept)",-4.20229106059844,0.713963171034867,-5.88586530942114,3.95976703616685e-09
"human_impact",-0.382310613957498,0.301669498631653,-1.26731610484861,0.205042284238398
"log10(area)",1.53017503262524,0.1205461740066,12.6936839367583,6.40983728889059e-37
"depth",-5.22708409525318,0.33191541566754,-15.7482414148815,7.0617933751876e-56
"eutro",-0.530805493902681,0.286553899209811,-1.85237574978532,0.0639718850747144
"log10(RT)",-0.364118838159899,0.112957578833846,-3.22350073292113,0.00126633974459931
