"term","estimate","std.error","statistic","p.value"
"(Intercept)",-2.65758489989916,0.50089970974681,-5.30562275878038,1.12288968558232e-07
"human_impact",-2.39045273167621,0.190591113554817,-12.5423094869986,4.38040757020572e-36
"log10(area)",1.66788514887861,0.090410714228212,18.4478705108842,5.42407012397147e-76
"depth",-5.80985816758492,0.24333587354404,-23.8758802102125,5.45475182943097e-126
"eutro",-1.4504738866496,0.185349743975573,-7.82560501858993,5.05221237148107e-15
"log10(RT)",-0.208677502248745,0.0771171333942486,-2.70598105847524,0.00681029303265137
