"estimate","std.error","Adjusted.SE","statistic","p.value","term"
-5.62432724599212,3.72339184803715,3.77326414741747,1.49057342032139,0.1360735,"(Intercept)"
-2.6877322045007,1.18499666631248,1.2010118328339,2.23788986171663,0.0252282,"human_impact"
1.21976459407018,0.521286796306593,0.528328201322508,2.30872512770826,0.0209588,"log10(area)"
-14.4480485132547,3.41889001283933,3.46495048839939,4.16977055274718,3.05e-05,"log10(depth)"
-2.78453776558277,1.45798741686822,1.47769431487463,1.88438010321438,0.0595136,"eutro"
0.23717736369506,0.485023340230854,0.491633279633893,0.482427397656401,0.6295024,"log10(RT)"
