"term","estimate","std.error","statistic","p.value"
"(Intercept)",-3.8097901613901,0.686698276213376,-5.54798270704599,2.889844510148e-08
"human_impact",-0.283109772773946,0.292147422707882,-0.969064762406024,0.332512877715169
"log10(area)",1.40670261198747,0.114565141731964,12.278626733414,1.17983923582422e-34
"depth",-4.81518546588167,0.311723552513036,-15.446973534925,7.90698819414365e-54
"eutro",-0.728144479931953,0.277179788575498,-2.62697537823405,0.0086147567254522
"log10(RT)",-0.352081344153481,0.110910184627585,-3.17447261796294,0.00150109053105995
