"term","estimate","std.error","statistic","p.value"
"(Intercept)",-3.79809971851358,0.706258363852201,-5.37777662242087,7.54112960024169e-08
"human_impact",-0.318959849294827,0.300581664399147,-1.06114206910264,0.288625341730982
"log10(area)",1.40904309499115,0.115638672134176,12.1848778525944,3.7421357634215e-34
"depth",-4.97529049692215,0.318055490540969,-15.6428379477425,3.71783061250688e-55
"eutro",-0.738750469962298,0.284711887949034,-2.59472997521811,0.00946652587121476
"log10(RT)",-0.324359636619999,0.111111218448262,-2.91923390949974,0.00350892819134763
