"term","estimate","std.error","statistic","p.value"
"(Intercept)",-4.12108939461994,0.709746379783398,-5.80642538237057,6.38206950087831e-09
"human_impact",-0.405585360038012,0.29766330251069,-1.36256420128728,0.173019897589173
"log10(area)",1.52097735168443,0.120027441550228,12.6719134561236,8.46246361105643e-37
"depth",-5.30895574769994,0.335967839383482,-15.8019760386653,3.01515142377615e-56
"eutro",-0.798902291248421,0.280825930741771,-2.84483092119808,0.00444350027735441
"log10(RT)",-0.272137267486375,0.111575552090619,-2.43904029500433,0.0147263260738532
