"term","estimate","std.error","statistic","p.value"
"(Intercept)",-2.58481817578257,0.489588621912942,-5.27957158334899,1.29486285300762e-07
"human_impact",-2.37687421869276,0.190818071318482,-12.456232275431,1.29338162667305e-35
"log10(area)",1.72094748054004,0.0905359474318305,19.0084439314653,1.45195904704947e-80
"depth",-6.13867849572825,0.251459020348191,-24.4122421507414,1.26784256976507e-131
"eutro",-1.65986507134002,0.187528448438899,-8.85127075469216,8.65283565793877e-19
"log10(RT)",-0.191530338712755,0.0776754898086133,-2.46577574450668,0.0136716899403426
