"estimate","std.error","Adjusted.SE","statistic","p.value","term"
-5.8084454435879,3.54101759753787,3.58882395188599,1.6184815754296,0.1055589,"(Intercept)"
-1.93896632959943,1.12408735551872,1.13927803969563,1.70192548442121,0.0887693,"human_impact"
1.32118532525184,0.51166681461594,0.518581484236501,2.54769089412632,0.0108439,"log10(area)"
-13.748161121729,3.27311308210952,3.31732355910771,4.1443533851208,3.41e-05,"log10(depth)"
-3.48831192369693,1.41483115332273,1.43395116376645,2.43265740970875,0.0149885,"eutro"
0.104072761142333,0.451389362391276,0.457540935078814,0.227461092906159,0.8200652,"log10(RT)"
