"term","estimate","std.error","statistic","p.value"
"(Intercept)",-7.1607764257657,3.78820885862459,-1.89028025988135,0.0587204874387934
"human_impact",-3.222311209934,1.25720193657113,-2.56308164678975,0.0103747647924046
"log10(area)",1.59606054553141,0.519993967380307,3.06938281144346,0.00214501541128556
"log10(depth)",-16.2382766897095,4.02086348274111,-4.03850485335043,5.37929806149017e-05
"eutro",-2.98828487489387,1.59185285414723,-1.87723687343873,0.0604856358343913
"log10(RT)",-0.120876489554991,0.546871057673175,-0.221032888573947,0.825066824849897
