"term","estimate","std.error","statistic","p.value"
"(Intercept)",-3.81182247281619,0.694936078756847,-5.48514113648417,4.13139437573135e-08
"human_impact",-0.430213594477703,0.291901205308407,-1.47383288131052,0.140526592768199
"log10(area)",1.44265218977992,0.116726071763723,12.3592970103555,4.33934892306521e-35
"depth",-5.0182500329425,0.322311049219229,-15.5695873445816,1.17160621561623e-54
"eutro",-0.776215487979627,0.28290576478339,-2.7437245351785,0.0060746488879583
"log10(RT)",-0.336129325136535,0.109217676206171,-3.07760920038273,0.00208668369034608
