"term","estimate","std.error","statistic","p.value"
"(Intercept)",-3.98861379852052,0.702468298205554,-5.67799829360184,1.36280074075185e-08
"human_impact",-0.182020001466455,0.298536707220409,-0.609707272386003,0.542055736243158
"log10(area)",1.45462529562579,0.116160600229813,12.5225359781885,5.621002632148e-36
"depth",-4.92373027371469,0.31774794050525,-15.4957110528725,3.70835259094484e-54
"eutro",-0.776402757593388,0.280043383664971,-2.77243742534633,0.00556382153349331
"log10(RT)",-0.386299638491712,0.111218308900998,-3.473345731552,0.000514012761759614
