"term","estimate","std.error","statistic","p.value"
"(Intercept)",-3.53491644054616,0.698870765537662,-5.05804021982039,4.2358710886193e-07
"human_impact",-0.374669007046732,0.301084361764656,-1.24439876203067,0.213352838319364
"log10(area)",1.44100331987571,0.117407702431527,12.2734990126914,1.25701359266429e-34
"depth",-5.23540589371001,0.332102579357719,-15.7644240638998,5.46684075495757e-56
"eutro",-0.573236114247206,0.281828779422321,-2.03398714432996,0.0419528916417131
"log10(RT)",-0.405334167120635,0.114129819185592,-3.55151852524626,0.000383015028870805
