"term","estimate","std.error","statistic","p.value"
"(Intercept)",-3.53549812157012,0.68945513933161,-5.12795963055348,2.92899226924533e-07
"human_impact",-0.516488114039154,0.293784899290823,-1.75804854261033,0.0787392501346776
"log10(area)",1.41591839786902,0.116457193079459,12.1582734430404,5.18428179003404e-34
"depth",-5.04060508252782,0.32429955057643,-15.5430529384587,1.77330536573114e-54
"eutro",-0.630850572302897,0.273503375208508,-2.30655498061756,0.021079641734747
"log10(RT)",-0.367134747825124,0.110735728199638,-3.31541367717601,0.000915075982075551
