"term","estimate","std.error","statistic","p.value"
"(Intercept)",-3.74323972722679,0.699693462813743,-5.34982806924299,8.80378299950069e-08
"human_impact",-0.353883579316861,0.297403509331308,-1.18991057002839,0.234081543561846
"log10(area)",1.39227366961834,0.115644501125834,12.0392552699362,2.20941176358273e-33
"depth",-5.01604746925788,0.326363679699283,-15.3695027396423,2.62173607092757e-53
"eutro",-0.723801368135792,0.282275604057834,-2.56416550963255,0.0103424213064244
"log10(RT)",-0.266923671214503,0.110091690029717,-2.4245578493931,0.0153270411694971
