"term","estimate","std.error","statistic","p.value"
"(Intercept)",-3.52754623403505,0.693387711532245,-5.08740806242427,3.6299025449158e-07
"human_impact",-0.334490598008541,0.296442508100786,-1.12834896773583,0.25917257082387
"log10(area)",1.38330607869021,0.115250901359311,12.0025619094948,3.44466083685718e-33
"depth",-5.0029975628772,0.324320352542299,-15.42609806526,1.0928052501668e-53
"eutro",-0.836086970724339,0.279519285182533,-2.99116023489526,0.00277919619848815
"log10(RT)",-0.307916804714959,0.108516372366676,-2.83751472703595,0.00454662492838181
