"estimate","std.error","Adjusted.SE","statistic","p.value","term"
-7.24480186235529,3.56215956161202,3.61025527572642,2.00672841919677,0.0447786,"(Intercept)"
-1.88280017669769,1.1119480324464,1.12697448821144,1.67066796665981,0.0947873,"human_impact"
1.49689263572099,0.528092757966598,0.535229032711981,2.79673288299835,0.0051622,"log10(area)"
-13.4065941142775,3.29816673987909,3.34271562733864,4.01068939416525,6.05e-05,"log10(depth)"
-3.09197283332191,1.37389750224255,1.39246382817555,2.22050495729796,0.0263845,"eutro"
0.0895450818223158,0.436911331058189,0.442865595901239,0.202194712461441,0.8397645,"log10(RT)"
