"term","estimate","std.error","statistic","p.value"
"(Intercept)",-9.42330771243479,4.14880846628685,-2.27132869328831,0.0231270874929723
"human_impact",-2.88130417901964,1.40466658916484,-2.05123707023797,0.0402438654752092
"log10(area)",1.86329471904653,0.58223372302051,3.20025214166595,0.00137307410479433
"log10(depth)",-22.0596248413737,4.99281438963342,-4.41827456818264,9.94919794126128e-06
"eutro",-4.3811033732999,1.83097454284956,-2.3927713197375,0.0167216595821533
"log10(RT)",0.315427987996174,0.525190709783877,0.600597044311725,0.548108407077031
