"term","estimate","std.error","statistic","p.value"
"(Intercept)",-3.52114379887765,0.703270843727393,-5.00681043481811,5.53393788477079e-07
"human_impact",-0.241799571546411,0.293362638728979,-0.82423437624515,0.409806397911477
"log10(area)",1.43627573868888,0.118323742415666,12.1385252812855,6.6004915952797e-34
"depth",-5.32859358126569,0.327697245656541,-16.2607212965426,1.87517361080317e-59
"eutro",-1.03313570238848,0.281459519968882,-3.67063690900456,0.000241946832095947
"log10(RT)",-0.275444734316728,0.111388725834892,-2.47282417724223,0.0134050074929993
