"estimate","std.error","Adjusted.SE","statistic","p.value","term"
-8.24032581931829,3.48057502743364,3.52582954133834,2.33713108438884,0.0194324,"(Intercept)"
-2.86585347813991,1.22035448832121,1.23606923153654,2.31852181497748,0.020421,"human_impact"
1.49190250728759,0.512458084159494,0.519362056260242,2.8725673916772,0.0040715,"log10(area)"
-11.3702093050714,3.04690898510893,3.0865550620776,3.68378631723419,0.0002298,"log10(depth)"
-1.6116489816756,1.35084737884702,1.36905187728624,1.17720081204683,0.2391154,"eutro"
0.189727246046442,0.437051550457644,0.442941412179075,0.428334856099972,0.6684073,"log10(RT)"
