"term","estimate","std.error","statistic","p.value"
"(Intercept)",-3.21815051969484,0.698036665269735,-4.61028865647233,4.02110246676537e-06
"human_impact",-0.407844657926405,0.297988094098326,-1.36866091633792,0.171105292720773
"log10(area)",1.33555789258396,0.113555922400621,11.7612350316011,6.18232793669321e-32
"depth",-4.91604937073482,0.313286180996631,-15.6918806794982,1.71886635616406e-55
"eutro",-0.758316779513205,0.283352198192409,-2.67623397436385,0.0074454647183277
"log10(RT)",-0.35431568139161,0.110886970262338,-3.19528688134743,0.00139691909654627
