"term","estimate","std.error","statistic","p.value"
"(Intercept)",-3.93986757804906,0.697499133539319,-5.64856268431044,1.61794856531495e-08
"human_impact",-0.22221901268732,0.297290322280114,-0.747481488744662,0.454772972638145
"log10(area)",1.4943923117368,0.116709839283905,12.8043386993412,1.55040966066511e-37
"depth",-5.09889449459605,0.327239721527201,-15.5815268109871,9.72049492404218e-55
"eutro",-0.794496607549413,0.28049580756726,-2.83247230837453,0.00461895667431605
"log10(RT)",-0.402962400055045,0.11174804419854,-3.60599062780114,0.000310964359716071
