"estimate","std.error","Adjusted.SE","statistic","p.value","term"
-5.92327616126247,3.30945585093576,3.35417828522478,1.76593957076003,0.077406,"(Intercept)"
-1.61600331699304,1.12131817158515,1.1364708492703,1.42194876184518,0.1550411,"human_impact"
1.28405241092623,0.482151176796066,0.488666670552026,2.62766521292663,0.0085973,"log10(area)"
-13.4767106100703,3.29832143417424,3.34289355518687,4.03145071405571,5.54e-05,"log10(depth)"
-3.4002093821404,1.38229186789293,1.40097126077489,2.42703721149834,0.0152227,"eutro"
0.0446292379452047,0.429277368346322,0.435127596895147,0.102565864044608,0.9183075,"log10(RT)"
