"term","estimate","std.error","statistic","p.value"
"(Intercept)",-3.68124337906787,0.692347472436085,-5.31704602909157,1.05465396111579e-07
"human_impact",-0.282080164584757,0.295167404382657,-0.955661636062857,0.339243210697921
"log10(area)",1.41817367649805,0.115866483560378,12.2397231099107,1.90682023073907e-34
"depth",-5.14009178147045,0.324788033477601,-15.8259888039408,2.05938225253956e-56
"eutro",-0.788896699044171,0.277679456867288,-2.8410337154369,0.00449675580305354
"log10(RT)",-0.298488713904632,0.110324645694313,-2.70554881029651,0.00681916260575958
