"term","estimate","std.error","statistic","p.value"
"(Intercept)",-3.61519291658893,0.682676346537815,-5.29561765970557,1.18614789307664e-07
"human_impact",-0.287303453704285,0.292687950333314,-0.981603285605379,0.326295328202848
"log10(area)",1.36767951515306,0.113626268436611,12.0366490422595,2.2803149397605e-33
"depth",-4.76209872069318,0.311647606065586,-15.2803956392047,1.03311596919866e-52
"eutro",-0.868177864949055,0.279794114774038,-3.10291682028479,0.00191623490607738
"log10(RT)",-0.333149787934717,0.109507853971059,-3.04224560936756,0.00234820207111755
