"estimate","std.error","Adjusted.SE","statistic","p.value","term"
-6.66939375087983,3.46348618576701,3.51029470440236,1.89995265711325,0.0574393,"(Intercept)"
-2.83328841016949,1.22187561494971,1.2383871976845,2.28788573999075,0.0221442,"human_impact"
1.36037545356213,0.508065424490242,0.514931010259572,2.64185964033585,0.0082452,"log10(area)"
-13.1049294352226,3.31981124120395,3.36467587147141,3.89485642475621,9.83e-05,"log10(depth)"
-1.93514502598373,1.39767258694736,1.416559801842,1.36608777368058,0.1719114,"eutro"
-0.026560515659636,0.439556610342059,0.445546925276559,0.0596132846010539,0.9524636,"log10(RT)"
