"term","estimate","std.error","statistic","p.value"
"(Intercept)",-3.8398663845334,0.697764592785253,-5.50309721106066,3.73176515778852e-08
"human_impact",-0.475344129289179,0.293356537836708,-1.62036316897689,0.105154286745768
"log10(area)",1.45810349266907,0.117968445151528,12.3601145272041,4.29544322902984e-35
"depth",-5.05887276545996,0.32300051936751,-15.662119600817,2.74591035515354e-55
"eutro",-0.620278219389746,0.274471544037073,-2.25989991627681,0.0238274631222612
"log10(RT)",-0.34115128616651,0.108900052015287,-3.13270085599793,0.00173205872847687
