"estimate","std.error","Adjusted.SE","statistic","p.value","term"
-4.42810453273849,3.43389676615766,3.48029538908211,1.27233583293812,0.2032538,"(Intercept)"
-1.81367109907006,1.11499562590029,1.13006294834662,1.60492926674892,0.1085094,"human_impact"
1.14527188144269,0.49845817429714,0.505194077286687,2.26699388004261,0.0233906,"log10(area)"
-14.8516262942235,3.38507210248494,3.43081420345049,4.32889262242377,1.5e-05,"log10(depth)"
-4.03640476357836,1.45358627794014,1.47322917780194,2.73983493158931,0.006147,"eutro"
0.0570409273568519,0.441697474319774,0.447716965130958,0.127403989125512,0.8986207,"log10(RT)"
