"term","estimate","std.error","statistic","p.value"
"(Intercept)",-3.66535761374344,0.695554919296285,-5.26968829068421,1.36655625313049e-07
"human_impact",-0.378215052282133,0.296069762208431,-1.27745248099964,0.201442546632874
"log10(area)",1.38404805863312,0.116181133282252,11.9128469445267,1.01453122883483e-32
"depth",-4.90765480622271,0.32164007191721,-15.2582194655333,1.45155355768558e-52
"eutro",-0.747110931722805,0.279437830121197,-2.67362128956831,0.00750371361254179
"log10(RT)",-0.321659716933234,0.109307035558276,-2.94271741329719,0.0032534524707726
