"term","estimate","std.error","statistic","p.value"
"(Intercept)",-3.36743224540718,0.684172648606157,-4.92190421857339,8.57061606710319e-07
"human_impact",-0.373899314638303,0.289378525392893,-1.29207692288381,0.19633050681501
"log10(area)",1.39526253757753,0.115492197549504,12.081011247357,1.33072963650249e-33
"depth",-5.06306995359295,0.324243451426751,-15.6150260901622,5.7521585915764e-55
"eutro",-0.933356973955015,0.276129863694373,-3.38013774195781,0.000724495112751632
"log10(RT)",-0.341424210573758,0.110323183739807,-3.09476393809477,0.00196969595931841
