"term","estimate","std.error","statistic","p.value"
"(Intercept)",-7.56240066832537,3.6215481977216,-2.08816789269381,0.0367826924705731
"human_impact",-1.97995553687511,1.25205922495229,-1.58135932982767,0.113795901046673
"log10(area)",1.40545763850304,0.511945447633683,2.74532695817368,0.00604506379276092
"log10(depth)",-13.4756913918874,3.13524908223764,-4.29812465881333,1.72249284653497e-05
"eutro",-1.6826574825396,1.43633248841196,-1.17149580345424,0.24139954366949
