"term","estimate","std.error","statistic","p.value"
"(Intercept)",-4.26940159303142,3.729160161893,-1.14486946327995,0.252263235267385
"human_impact",-2.30211726825693,1.13681551708326,-2.02505792159091,0.0428614169855078
"log10(area)",1.03930935265047,0.500038084718953,2.07846039014132,0.0376669755006037
"log10(depth)",-16.1393500012241,3.95357385382026,-4.08221791168234,4.46079403329128e-05
"eutro",-3.83460639021404,1.54662404076553,-2.47933970321322,0.01316258790623
"log10(RT)",0.155929206270252,0.470110783389616,0.33168608715155,0.740126307358354
