"term","estimate","std.error","statistic","p.value"
"(Intercept)",-3.51880990945248,0.666447427872489,-5.2799512193867,1.29218283918754e-07
"human_impact",-0.323527910060881,0.287263998759328,-1.1262389699307,0.260064382547152
"log10(area)",1.3265947676607,0.110146550902075,12.0439065662628,2.08827054306447e-33
"depth",-4.71481633655894,0.306187097393302,-15.3984814405902,1.67558191108545e-53
"eutro",-0.605574759282376,0.273230019258686,-2.21635514620755,0.0266671890091968
"log10(RT)",-0.327676920204748,0.108571898283506,-3.01806383958683,0.00254395307618306
