"estimate","std.error","Adjusted.SE","statistic","p.value","term"
-7.42391023312639,3.57297117861771,3.62091275783469,2.05028696619741,0.0403364,"(Intercept)"
-2.45761821977449,1.10526358322402,1.12020331616097,2.19390371758313,0.0282423,"human_impact"
1.50838893339659,0.516027863539858,0.523001741502383,2.88409925569954,0.0039254,"log10(area)"
-13.5665680419424,3.2662057770224,3.31017877300795,4.09843968324845,4.16e-05,"log10(depth)"
-2.52229109204767,1.43926576455826,1.45871948325657,1.72911318522783,0.0837888,"eutro"
0.236417173616916,0.46438086791019,0.470709489941773,0.502257079299934,0.6154867,"log10(RT)"
