"term","estimate","std.error","statistic","p.value"
"(Intercept)",-3.93563579406428,0.691787728209199,-5.68908009434091,1.27725554312768e-08
"human_impact",-0.170551541797802,0.297047210315201,-0.574156349143382,0.565862004780295
"log10(area)",1.42783286873717,0.11548921496894,12.3633437903373,4.12628527015822e-35
"depth",-4.87237548092617,0.316253101138891,-15.4065698118999,1.47854481639853e-53
"eutro",-0.660430633497848,0.280656557904511,-2.35316302041497,0.0186144712856421
"log10(RT)",-0.395743255885678,0.111258002499395,-3.5569868862946,0.000375132874861897
