"estimate","std.error","Adjusted.SE","statistic","p.value","term"
-3.298123126636,3.51030644656258,3.55770250359597,0.927037357199597,0.3539071,"(Intercept)"
-2.26762743359713,1.09819347278136,1.11303386168037,2.03733912477168,0.0416161,"human_impact"
0.854677236480322,0.483772078487903,0.490309841560287,1.74313702078777,0.0813097,"log10(area)"
-13.0452669274403,3.32161172884395,3.36647156443742,3.87505632462406,0.0001066,"log10(depth)"
-2.94569426938481,1.43892151442419,1.45836610093949,2.01985925721063,0.043398,"eutro"
0.122234895003281,0.441689725163417,0.447709110368437,0.273023023593799,0.7848355,"log10(RT)"
