"term","estimate","std.error","statistic","p.value"
"(Intercept)",-3.91729270240662,0.714724725612436,-5.48084117147333,4.23308373509999e-08
"human_impact",-0.552013364107644,0.298275106715321,-1.85068532934764,0.0642148358431192
"log10(area)",1.5216239486061,0.121614644036264,12.5118480645503,6.43103835566941e-36
"depth",-5.41009225250142,0.338695154067876,-15.9733382291534,1.96008779134169e-57
"eutro",-0.765495750820248,0.283845957186058,-2.69687036732559,0.00699945125900548
"log10(RT)",-0.29713261824173,0.11221136117349,-2.64797267526533,0.00809760700081738
