"estimate","std.error","Adjusted.SE","statistic","p.value","term"
-6.56936711680053,3.29862613980659,3.34192166968959,1.96574539025947,0.049328,"(Intercept)"
-3.5106582036142,1.24661105395325,1.26308162876898,2.77943889266741,0.0054453,"human_impact"
1.28232812654649,0.491700231417794,0.498266711300952,2.5735777595866,0.0100653,"log10(area)"
-11.2344140417153,3.05654572726728,3.09577963740312,3.6289450017635,0.0002846,"log10(depth)"
-1.50944091972777,1.35544226845884,1.37370868926034,1.09880714268505,0.2718522,"eutro"
-0.103579709215659,0.474229261301586,0.480620143041734,0.215512626166949,0.8293677,"log10(RT)"
