"term","estimate","std.error","statistic","p.value"
"(Intercept)",-3.03064042934162,0.498665952626607,-6.077496194353,1.22073577150726e-09
"human_impact",-2.47133306025556,0.190075474260397,-13.0018513428509,1.19416931391374e-38
"log10(area)",1.78010620125624,0.0919286640630712,19.3639951085869,1.55356656099732e-83
"depth",-6.04049418024474,0.249793113144339,-24.1819884632061,3.44213431826133e-129
"eutro",-1.61139847326727,0.188522472280251,-8.54751401133665,1.25768027220087e-17
"log10(RT)",-0.190810717658641,0.0773405878252185,-2.46714853124537,0.013619385075939
