"term","estimate","std.error","statistic","p.value"
"(Intercept)",-8.18658379093564,3.41276160549898,-2.39881501765157,0.0164482216249958
"human_impact",-2.00040060205676,1.1118556046837,-1.79915502843179,0.0719941610030238
"log10(area)",1.50422402474545,0.497702526959736,3.02233551823446,0.0025083235768799
"log10(depth)",-14.9333603588871,3.42014124889557,-4.36629930524341,1.26369290356974e-05
"eutro",-1.77264488385435,1.4277167542263,-1.24159422981274,0.214386311799311
