"term","estimate","std.error","statistic","p.value"
"(Intercept)",-3.35342626611421,0.688339896457659,-4.87175926220701,1.10608894199412e-06
"human_impact",-0.641374174520839,0.298060984586306,-2.15182196828288,0.031411378922242
"log10(area)",1.43075822912156,0.116220337055299,12.3107389409892,7.9293848689698e-35
"depth",-5.11332102150497,0.324383930414273,-15.7631761073205,5.57589013668338e-56
"eutro",-0.617957799258441,0.279944113437997,-2.2074327324454,0.0272838416901012
"log10(RT)",-0.418750268387956,0.111107488902827,-3.76887528035298,0.000163984794894443
