"term","estimate","std.error","statistic","p.value"
"(Intercept)",-3.9045002176759,0.722573379353246,-5.40360374356817,6.53151501910925e-08
"human_impact",-0.402238607422431,0.299190878427271,-1.34442135915654,0.178812170740779
"log10(area)",1.50355397284008,0.121485674403468,12.3763890699293,3.50772591037091e-35
"depth",-5.48761973021056,0.343547213966657,-15.9734077504211,1.95790388734379e-57
"eutro",-0.732291922102505,0.285494152500318,-2.56499797172444,0.0103176408141541
"log10(RT)",-0.287799862611361,0.113429941296061,-2.53724774361103,0.0111727856003948
