"term","estimate","std.error","statistic","p.value"
"(Intercept)",-3.79787608591417,0.698432291420172,-5.43771548447692,5.39680616477881e-08
"human_impact",-0.312392657520746,0.297143756438811,-1.05131826178914,0.293112442516603
"log10(area)",1.47313233995323,0.118141286143418,12.4692424472586,1.09865527331129e-35
"depth",-5.07358231707722,0.32652888719027,-15.5379279326083,1.92094539028489e-54
"eutro",-0.991084220623358,0.282010397063312,-3.51435348109118,0.00044082578346545
"log10(RT)",-0.378394850114647,0.113983499350456,-3.31973357785082,0.000901033927433493
