"term","estimate","std.error","statistic","p.value"
"(Intercept)",-3.11483060465356,0.493434620760047,-6.31254977580561,2.74475137653849e-10
"human_impact",-2.39908015846872,0.193274376624779,-12.4128205733462,2.2266798560954e-35
"log10(area)",1.81843654286434,0.0921852281960332,19.7258994575293,1.29238044116153e-86
"depth",-6.2738053926225,0.254921204646901,-24.610763162337,9.68861289225312e-134
"eutro",-1.59106180714539,0.188468319794921,-8.44206500528407,3.11779874090022e-17
"log10(RT)",-0.187616672158307,0.0770647672758084,-2.43453239126569,0.0149110452137547
