"term","estimate","std.error","statistic","p.value"
"(Intercept)",-10.0580587474399,4.41999992820261,-2.27557893909966,0.0228712230573061
"human_impact",-3.13345135831922,1.34178612571378,-2.33528376711478,0.0195286016098589
"log10(area)",2.04144891426952,0.631347293720406,3.23348010607548,0.00122291853114688
"log10(depth)",-22.4190940755192,5.12690894677163,-4.37282860067884,1.22647013164261e-05
"eutro",-3.74710709160711,1.68523420764427,-2.2234933723812,0.0261825497988718
"log10(RT)",0.0987819981119597,0.585352111233195,0.16875654194507,0.865988142465735
