"term","estimate","std.error","statistic","p.value"
"(Intercept)",-2.70730726920745,0.488391092814296,-5.54331827308092,2.9679267927602e-08
"human_impact",-2.49360832285021,0.190857857283967,-13.0652641622194,5.20037929889992e-39
"log10(area)",1.69636041121031,0.0900726993303308,18.8332360839894,4.03343090214544e-79
"depth",-5.76813929632802,0.243418487143805,-23.6963895553272,3.9283735240973e-124
"eutro",-1.52879119216366,0.185403605795247,-8.24574681601394,1.6413186556151e-16
"log10(RT)",-0.240382138125095,0.0767943415933705,-3.1302063815838,0.00174683530674067
