"estimate","std.error","Adjusted.SE","statistic","p.value","term"
-10.3028297247434,3.73009034915466,3.78004626047593,2.72558297301002,0.0064188,"(Intercept)"
-2.32610421039334,1.13053455650971,1.14581309190717,2.0300904456604,0.0423473,"human_impact"
1.89891217073407,0.545570210004827,0.552943460995559,3.43418867331414,0.0005943,"log10(area)"
-14.9045578955686,3.61564468867289,3.66415089533779,4.06767033380993,4.75e-05,"log10(depth)"
-1.96669416039955,1.50991512165089,1.5303125897023,1.2851584530074,0.1987369,"eutro"
0.291853586847035,0.49944259598877,0.506249042237751,0.57650200296077,0.5642759,"log10(RT)"
