"term","estimate","std.error","statistic","p.value"
"(Intercept)",-3.01723778249538,0.502467352207567,-6.00484343756722,1.91516617306428e-09
"human_impact",-2.42392882223354,0.192406440822041,-12.5979609200061,2.16673797297976e-36
"log10(area)",1.79612226719184,0.0928045348024686,19.35382005863,1.89279387583083e-83
"depth",-6.29290336717066,0.255298721343908,-24.6491769878221,3.75566496468878e-134
"eutro",-1.63372423538528,0.189186698471933,-8.63551321832305,5.84639613540803e-18
"log10(RT)",-0.156922435033986,0.0764618858746238,-2.05229616349373,0.0401408886387432
