"term","estimate","std.error","statistic","p.value"
"(Intercept)",-3.24661354407124,0.686019349863394,-4.73253931498832,2.21728340322227e-06
"human_impact",-0.414481055078892,0.295499715293392,-1.40264451580729,0.160722870240289
"log10(area)",1.36503895787719,0.113611593224511,12.0149618461886,2.9650646461976e-33
"depth",-5.09710264285886,0.32179236497096,-15.8397252318862,1.65542596863994e-56
"eutro",-0.760447487825808,0.274817290279187,-2.76710205188789,0.0056557047624944
"log10(RT)",-0.335170174831917,0.108562957560079,-3.08733459703722,0.00201960129780859
