"term","estimate","std.error","statistic","p.value"
"(Intercept)",-7.71009913619426,3.27104036570338,-2.35707856651177,0.0184193493521907
"human_impact",-2.40264869186896,1.08141936013562,-2.22175483483822,0.0262998785386849
"log10(area)",1.4088445083713,0.483546252663715,2.91356721432621,0.00357324904749767
"log10(depth)",-12.367977994497,3.16068798018555,-3.91306515291362,9.11319335943072e-05
"eutro",-1.18428522469037,1.38644339100547,-0.854189382973293,0.393000064883868
