"term","estimate","std.error","statistic","p.value"
"(Intercept)",-3.70039079861392,0.683800027143251,-5.41151016631755,6.24954457015423e-08
"human_impact",-0.30113239160605,0.290828163369329,-1.03543064095768,0.30046784223066
"log10(area)",1.38500091354319,0.114205739413184,12.1272443982207,7.57559078358391e-34
"depth",-4.80127337205285,0.309925688792801,-15.4916921883901,3.94761693468045e-54
"eutro",-0.837202904319862,0.275941912357223,-3.03398239567193,0.00241348513043501
"log10(RT)",-0.339826270805757,0.109506492967728,-3.10325225104146,0.00191406418931836
