"term","estimate","std.error","statistic","p.value"
"(Intercept)",-3.91888178286518,0.691921350265489,-5.66376768307772,1.4808486641997e-08
"human_impact",-0.333665303979969,0.291843672401616,-1.14330148477847,0.25291343876236
"log10(area)",1.50808939920208,0.118299497728106,12.7480625713915,3.19589341110405e-37
"depth",-5.04420588226208,0.323391702477456,-15.5978209818593,7.53213823906069e-55
"eutro",-0.776065369380994,0.276945581096328,-2.80223055485785,0.00507505903338179
"log10(RT)",-0.452254022095015,0.112166383517548,-4.03199254457787,5.53059420496881e-05
