"estimate","std.error","Adjusted.SE","statistic","p.value","term"
-8.38479899650827,3.82778302867635,3.87944513111572,2.16133975687828,0.0306691,"(Intercept)"
-1.79928661317163,1.31246553348196,1.33020258249553,1.35264104644578,0.1761703,"human_impact"
1.75098727234469,0.574495748885389,0.582259252257724,3.00722962418406,0.0026364,"log10(area)"
-21.0848239169425,4.36174320751589,4.42068609072132,4.76958179889722,1.8e-06,"log10(depth)"
-3.78431585475146,1.64805671871215,1.67032801875726,2.26561239005441,0.0234751,"eutro"
0.148603754449293,0.536611508624014,0.543924495981055,0.273206585743602,0.7846944,"log10(RT)"
