"term","estimate","std.error","statistic","p.value"
"(Intercept)",-3.607929822569,0.701590642272302,-5.14249992115585,2.71106555946801e-07
"human_impact",-0.514071524512289,0.295277051247661,-1.74098028390671,0.0816870345522157
"log10(area)",1.4336850326869,0.118622841981992,12.0860789434175,1.25116838886094e-33
"depth",-5.12928215454177,0.329009296737173,-15.5900827283895,8.50233771212455e-55
"eutro",-0.697697413909818,0.281118013037896,-2.48186662380743,0.0130696184812931
"log10(RT)",-0.335854108859997,0.110604963783574,-3.03651931496655,0.00239326774862358
