"term","estimate","std.error","statistic","p.value"
"(Intercept)",-3.07344251280383,0.496477033271352,-6.19050289708773,5.99725653982575e-10
"human_impact",-2.3717826384066,0.189417178840995,-12.5214758920973,5.69659180777258e-36
"log10(area)",1.79958587740801,0.0930981118040527,19.329993299925,3.00456949610195e-83
"depth",-6.09471332069607,0.251063076062513,-24.2756259354463,3.54699542751585e-130
"eutro",-1.56428868314374,0.188027985562108,-8.31944605728403,8.83753653501723e-17
"log10(RT)",-0.22852428773804,0.0778451498400541,-2.93562653816688,0.00332874814926724
