"term","estimate","std.error","statistic","p.value"
"(Intercept)",-2.88329540119469,0.496655975524149,-5.80541772028774,6.42057288806068e-09
"human_impact",-2.55961887945697,0.191730455424614,-13.3500902284321,1.1830553736952e-40
"log10(area)",1.7544579746411,0.092579873551992,18.9507493079024,4.35340184066996e-80
"depth",-6.0781955463598,0.251651629996471,-24.153213497743,6.90813846095272e-129
"eutro",-1.50518293184866,0.186431720404565,-8.07364180613868,6.82318491803707e-16
"log10(RT)",-0.183651973718336,0.07707489372365,-2.38277297373662,0.0171827874043346
