"estimate","std.error","Adjusted.SE","statistic","p.value","term"
-11.1135272784724,4.21958860055987,4.2765985206767,2.59868379618527,0.0093582,"(Intercept)"
-2.41155793726049,1.34845451369856,1.36667686180515,1.76454142501192,0.0776409,"human_impact"
2.28426414990584,0.659779756206501,0.668695651765992,3.41599970610428,0.0006355,"log10(area)"
-25.4667919218805,5.29608187752307,5.36764587832959,4.74449926450918,2.1e-06,"log10(depth)"
-4.33048344979925,1.83175703514746,1.8565097986,2.33259390985434,0.0196695,"eutro"
-0.0866672689110063,0.609477084968551,0.61778309060792,0.14028753818063,0.8884328,"log10(RT)"
