"term","estimate","std.error","statistic","p.value"
"(Intercept)",-4.20277332969226,0.698773692276066,-6.01449850809761,1.80444429018166e-09
"human_impact",-0.315394739112933,0.293750944520137,-1.07368076595686,0.282965784825874
"log10(area)",1.42190196053399,0.116042155130043,12.2533225873005,1.61251424632836e-34
"depth",-4.84608443980762,0.314065176755294,-15.4301871027983,1.02572420437761e-53
"eutro",-0.724447012530056,0.276308701849727,-2.62187548810552,0.00874473728218534
"log10(RT)",-0.232619493091908,0.109317419300486,-2.12792704566594,0.0333431327916685
