"term","estimate","std.error","statistic","p.value"
"(Intercept)",-3.7802474972748,0.674615417699395,-5.60355929926176,2.09994227150793e-08
"human_impact",-0.342701500738101,0.293092635672721,-1.16926001894082,0.24229888618231
"log10(area)",1.34688063127564,0.112021859497742,12.0233732712033,2.67810657805432e-33
"depth",-4.61992613832508,0.306936859237283,-15.0517150328744,3.36398894916397e-51
"eutro",-0.669811348758317,0.274231137118639,-2.44250655048169,0.0145856649169501
"log10(RT)",-0.308853542098383,0.109371360442279,-2.82389778137011,0.00474435131301753
