"term","estimate","std.error","statistic","p.value"
"(Intercept)",-2.57537305064713,0.493281718896465,-5.22089700872874,1.78058550254372e-07
"human_impact",-2.45093602297154,0.190824348629008,-12.8439375822869,9.30201792310451e-38
"log10(area)",1.63781217819054,0.0886888132471711,18.4669533645245,3.80988301935698e-76
"depth",-5.59241735416507,0.237290363364872,-23.5678232982679,8.24290540505231e-123
"eutro",-1.49973769080747,0.184996391961122,-8.10684832773739,5.19496419028855e-16
"log10(RT)",-0.228449230005594,0.0770640783551169,-2.96440617836086,0.00303267703736013
