"term","estimate","std.error","statistic","p.value"
"(Intercept)",-3.85652607327946,0.694068864237062,-5.5564026453177,2.75391203753917e-08
"human_impact",-0.469882294002791,0.296798731913026,-1.58316813206764,0.113383147880155
"log10(area)",1.3896186379107,0.114518938656775,12.1344002503859,6.9416731676119e-34
"depth",-4.83534933996525,0.314470352888127,-15.3761691541251,2.36534755838736e-53
"eutro",-0.553878491826633,0.276459685634338,-2.00346929627644,0.0451269399973628
"log10(RT)",-0.289398756191679,0.109336385947697,-2.64686594204894,0.00812415521180925
