"estimate","std.error","Adjusted.SE","statistic","p.value","term"
-8.56550574908629,3.97161211705743,4.02275834023979,2.12926182102595,0.0332326,"(Intercept)"
-1.99219449775981,1.19944745436054,1.21565059316248,1.63878873499101,0.10125727,"human_impact"
1.74327290457799,0.572788410167881,0.58052309705004,3.00293461782403,0.0026739,"log10(area)"
-20.6376826324926,4.54240924010899,4.6022275516149,4.48428123143346,7.32e-06,"log10(depth)"
-4.3705553160101,1.60942592946479,1.63106435683937,2.67957257338345,0.00737162,"eutro"
0.589241518536559,0.544527644606977,0.551948513739622,1.0675660933377,0.28571629,"log10(RT)"
