"estimate","std.error","Adjusted.SE","statistic","p.value","term"
-5.61961979333993,3.32273757910493,3.36735901803543,1.66885080065461,0.095147,"(Intercept)"
-2.14267057178735,1.12202544667045,1.13719242971145,1.88417590181376,0.0595412,"human_impact"
1.15110605319914,0.482786910588339,0.489312488016996,2.35249678148243,0.0186479,"log10(area)"
-12.340211006178,3.14086138993228,3.18321043747936,3.8766557375169,0.0001059,"log10(depth)"
-2.49160684942069,1.29884400585788,1.31639449495282,1.89275088810668,0.058391,"eutro"
0.276892314188039,0.486439176602369,0.493068411144103,0.561569769893685,0.5744092,"log10(RT)"
