"term","estimate","std.error","statistic","p.value"
"(Intercept)",-3.58932365664177,0.681599537014565,-5.26603006856952,1.39405461170382e-07
"human_impact",-0.386216935207177,0.293941519579284,-1.31392440156112,0.188871646091819
"log10(area)",1.37430587969218,0.114360789878631,12.0172821572036,2.88298778527464e-33
"depth",-4.8825719871345,0.316606732462765,-15.421567157321,1.17224805601736e-53
"eutro",-0.755542556867308,0.279810076314654,-2.70019781567008,0.00692982585851737
"log10(RT)",-0.318890415779408,0.109480096480762,-2.91277068645482,0.00358237565729062
