"term","estimate","std.error","statistic","p.value"
"(Intercept)",-2.99473365627609,0.48749812046854,-6.14306708177216,8.09430784212813e-10
"human_impact",-2.54116145964232,0.191281218134989,-13.2849502131934,2.83046641395516e-40
"log10(area)",1.67102286535384,0.0893007603422125,18.7123027726781,3.93020408798208e-78
"depth",-5.606953777613,0.240699508262759,-23.2944130965659,5.05072115575978e-120
"eutro",-1.27109322719238,0.18333374101034,-6.93322036733372,4.11366626450742e-12
"log10(RT)",-0.195395054954599,0.0769080778549172,-2.54063110669858,0.0110652598849057
