"term","estimate","std.error","statistic","p.value"
"(Intercept)",-2.77125401334327,0.479262200224927,-5.78233378731447,7.36713462221434e-09
"human_impact",-2.37635903336815,0.189203705666222,-12.5597911785107,3.51258587492532e-36
"log10(area)",1.68608087389877,0.0886280365921493,19.0242381387486,1.07437559494765e-80
"depth",-5.66428124364838,0.241575765973017,-23.4472246039823,1.41096125612638e-121
"eutro",-1.50696154758907,0.184583770808917,-8.16410641620867,3.23823340036961e-16
"log10(RT)",-0.253395954700132,0.0764450569270352,-3.31474610506199,0.000917263962441541
