"term","estimate","std.error","statistic","p.value"
"(Intercept)",-3.71371711956126,0.705827016782476,-5.26151171782897,1.4287578170378e-07
"human_impact",-0.638344522513008,0.300932695915718,-2.12122023022646,0.0339032735910528
"log10(area)",1.49120607828209,0.12055614950675,12.3693903992728,3.82714925129607e-35
"depth",-5.3306503635515,0.335002942285915,-15.91224938855,5.2107210119546e-57
"eutro",-0.588419375245705,0.280875136276559,-2.09495003027369,0.0361754347518101
"log10(RT)",-0.360775016342652,0.112316941292844,-3.21211575199509,0.00131761275635553
