"term","estimate","std.error","statistic","p.value"
"(Intercept)",-3.82424200363762,0.685497773943855,-5.57878106829686,2.42209857805134e-08
"human_impact",-0.295967283694629,0.292769353533655,-1.01092303590651,0.312053267649294
"log10(area)",1.35870708318976,0.113145202084092,12.0085258425713,3.20507371197931e-33
"depth",-4.70524357397843,0.309228708096216,-15.2160632269446,2.76687440759934e-52
"eutro",-0.739020739652724,0.278153682181426,-2.65687922538698,0.00788676919638423
"log10(RT)",-0.288350081939671,0.109152550469148,-2.64171639325251,0.00824870951064906
