"term","estimate","std.error","statistic","p.value"
"(Intercept)",-3.59173823612001,0.687197340632618,-5.22664746172262,1.72611164173824e-07
"human_impact",-0.399002630958942,0.294418359356436,-1.35522333536236,0.1753464120792
"log10(area)",1.43985046475039,0.11527031582483,12.4910776416927,8.35146948202312e-36
"depth",-4.99980531398134,0.317473763109337,-15.7487197210039,7.00858840683136e-56
"eutro",-0.798535261581279,0.280360468025071,-2.84824485850791,0.0043961086934606
"log10(RT)",-0.425942873310741,0.113200931887572,-3.76271525515156,0.000168078533496311
