"term","estimate","std.error","statistic","p.value"
"(Intercept)",-3.73753611548929,0.72117837565982,-5.18254046659365,2.18883856514468e-07
"human_impact",-0.331282702326716,0.296837651469768,-1.11604003294864,0.264404998955373
"log10(area)",1.49663814748748,0.122802236257119,12.1873851250874,3.62879083661874e-34
"depth",-5.42704326377014,0.337441136838599,-16.0829332031499,3.360822638479e-58
"eutro",-0.948184416694323,0.282607015215019,-3.35513404001279,0.000793265375463221
"log10(RT)",-0.302491102923944,0.1129331621851,-2.67849670611503,0.00739534595364787
