"estimate","std.error","Adjusted.SE","statistic","p.value","term"
-6.04435810733104,3.16163495053291,3.20433847963246,1.88630450426833,0.0592539,"(Intercept)"
-1.56923824678334,1.11135231099576,1.12637072737016,1.39318095601364,0.1635651,"human_impact"
1.25451514842924,0.460807881040036,0.467034963557931,2.68612683485662,0.0072286,"log10(area)"
-11.9406857411244,2.99775553157702,3.03825725049622,3.93011017719917,8.49e-05,"log10(depth)"
-2.83909752449764,1.35717227657502,1.3755127237555,2.06402854402261,0.039015,"eutro"
-0.0864903861203334,0.411959207983055,0.417573423167001,0.207126175474398,0.8359113,"log10(RT)"
