"term","estimate","std.error","statistic","p.value"
"(Intercept)",-4.02399714282108,0.706563763547475,-5.69516489582995,1.23252740976685e-08
"human_impact",-0.435577370975571,0.291692461748034,-1.49327606330747,0.135364938638942
"log10(area)",1.49904581749289,0.119256255647223,12.5699554237832,3.08898026441487e-36
"depth",-4.99533899431026,0.320633981072933,-15.5795682590923,1.00229407054659e-54
"eutro",-0.768240376797679,0.278817785958275,-2.75534924774364,0.00586295156576912
"log10(RT)",-0.369652554540381,0.111130309458772,-3.32629825599033,0.000880077025365139
