"term","estimate","std.error","statistic","p.value"
"(Intercept)",-3.50166320288549,0.68265161500017,-5.12950255436606,2.90508829587619e-07
"human_impact",-0.450843629888192,0.292598586908181,-1.54082640880856,0.123359040235962
"log10(area)",1.3555831788878,0.112966840814947,11.9998325978541,3.56015763171951e-33
"depth",-4.81175574049866,0.312064122037932,-15.4191251114531,1.21742451440946e-53
"eutro",-0.598201397846604,0.281082971395372,-2.12820219907656,0.0333203225885987
"log10(RT)",-0.359454237037457,0.110265235467783,-3.25990540456863,0.00111449377866478
