"term","estimate","std.error","statistic","p.value"
"(Intercept)",-3.58646774980589,0.687730835376061,-5.21492939580754,1.838872621387e-07
"human_impact",-0.263363338044503,0.293609136648959,-0.896986180506305,0.36972629124779
"log10(area)",1.43779320115544,0.116166131062158,12.3770430159727,3.47926848350153e-35
"depth",-5.22947535240288,0.327380842748443,-15.973675516564,1.9495150471992e-57
"eutro",-0.816451657707223,0.282745621306088,-2.88758373670222,0.00388213257410424
"log10(RT)",-0.347785750483895,0.109973151094875,-3.1624605371529,0.00156441937657301
