"estimate","std.error","Adjusted.SE","statistic","p.value","term"
-5.93123793521667,3.27714082381454,3.32123569284816,1.78585276196712,0.0741231,"(Intercept)"
-3.15477685236022,1.23400787495699,1.25015736517484,2.52350379259576,0.0116192,"human_impact"
1.21854777346648,0.482903888392783,0.489399332496287,2.48988442066525,0.0127785,"log10(area)"
-12.8220367631785,3.29273521818618,3.33310667395886,3.84687260787525,0.0001196,"log10(depth)"
-1.79115050860926,1.39177035850351,1.41052634953246,1.26984547945734,0.2041397,"eutro"
-0.336428969573404,0.47085373519263,0.477199127145594,0.705007512452468,0.4808056,"log10(RT)"
