"term","estimate","std.error","statistic","p.value"
"(Intercept)",-3.62317279899399,0.692402749529235,-5.23275333822315,1.67003531382099e-07
"human_impact",-0.351172083518547,0.299311180321177,-1.17326751089525,0.240688546578885
"log10(area)",1.42387132896413,0.117187772554576,12.1503404145771,5.71272372392824e-34
"depth",-5.16562672611136,0.327773616467105,-15.7597392425567,5.88754029040242e-56
"eutro",-0.539825458800354,0.279689215965894,-1.93009035738504,0.053595643012105
"log10(RT)",-0.365536757086117,0.112706579616556,-3.24326013911276,0.00118170263247855
