"term","estimate","std.error","statistic","p.value"
"(Intercept)",-2.70245238159477,0.4906586891034,-5.50780500093266,3.63335548754489e-08
"human_impact",-2.47533371910293,0.192686126062366,-12.8464553711653,9.00424525904402e-38
"log10(area)",1.72948109215992,0.0911963898205862,18.9643591765243,3.36098396284029e-80
"depth",-5.97371064082754,0.248864805477064,-24.0038386680518,2.53562005666765e-127
"eutro",-1.5280733046856,0.186217139041845,-8.20586822753313,2.28930399152024e-16
"log10(RT)",-0.252494695532555,0.0774283335181892,-3.26101162274454,0.00111015489668261
