"estimate","std.error","Adjusted.SE","statistic","p.value","term"
-10.3915953726183,4.14900317523703,4.20468654847168,2.47143164010537,0.0134573,"(Intercept)"
-1.81065382334934,1.26296594490452,1.28002936698184,1.41454084574532,0.1572032,"human_impact"
2.13392267871678,0.623491913173828,0.631919792489869,3.37688849768223,0.0007331,"log10(area)"
-24.1723543550051,5.03601941946894,5.10404370929247,4.7359222866757,2.2e-06,"log10(depth)"
-4.79067146196156,1.7810255311812,1.80509588630171,2.65397062744224,0.0079551,"eutro"
0.341624644548148,0.58882199055283,0.596846506805756,0.572382749421586,0.5670627,"log10(RT)"
