"estimate","std.error","Adjusted.SE","statistic","p.value","term"
-4.37114515237748,3.01571708704727,3.05645681660566,1.43013476540194,0.1526783,"(Intercept)"
-1.80208200091297,1.0302409639159,1.0441630135755,1.72586270293385,0.0843721,"human_impact"
0.981486662838136,0.435392705644542,0.441276422195796,2.22419919458703,0.026135,"log10(area)"
-11.4847870760001,2.95223253689648,2.99212624498861,3.83833639881856,0.0001239,"log10(depth)"
-2.80815335142952,1.30031533086701,1.31788713199868,2.13079958309535,0.0331057,"eutro"
0.0678556786425408,0.439203173064333,0.445188671325501,0.152420047977654,0.8788556,"log10(RT)"
