"estimate","std.error","Adjusted.SE","statistic","p.value","term"
-7.53173740347557,3.77772986392416,3.82871036109522,1.96717345872073,0.0491632,"(Intercept)"
-2.97653028921963,1.30514376866476,1.32277998484249,2.25020813992288,0.0244357,"human_impact"
1.56300040342648,0.537536335750614,0.544800733788499,2.8689396076204,0.0041185,"log10(area)"
-15.7384519819011,3.60487807540614,3.65356115226328,4.30770180818009,1.65e-05,"log10(depth)"
-2.78106500736518,1.56709654216413,1.58827488246814,1.75099728520763,0.0799464,"eutro"
-0.139031053471114,0.461623779507233,0.467914827703165,0.297128975701775,0.766368,"log10(RT)"
