"term","estimate","std.error","statistic","p.value"
"(Intercept)",-3.82785578851176,0.696077770507069,-5.49917832561051,3.81565101505497e-08
"human_impact",-0.188669727691711,0.295477024080763,-0.638525882946964,0.523131410909138
"log10(area)",1.43790822837926,0.115664583568801,12.4317071311976,1.75838633426636e-35
"depth",-5.00288755715435,0.320806718905952,-15.594709407009,7.90824440407465e-55
"eutro",-0.712508242296501,0.277639110675899,-2.5663107786289,0.0102786689224436
"log10(RT)",-0.371466095557355,0.111633919946923,-3.32753786424385,0.00087617081344219
