"term","estimate","std.error","statistic","p.value"
"(Intercept)",-3.16554690657138,0.484647203623875,-6.53165206133758,6.50481324793929e-11
"human_impact",-2.24041377969583,0.189752895080508,-11.8070071012369,3.59118089074872e-32
"log10(area)",1.74977463073595,0.0907514130810871,19.2809629220045,7.76180917458323e-83
"depth",-5.98412369294054,0.248542865151311,-24.0768275094015,4.37244153093913e-128
"eutro",-1.4571001414998,0.186503664733634,-7.8127158711913,5.59686702598599e-15
"log10(RT)",-0.174480994061372,0.076497999678185,-2.28085694783375,0.0225569132383581
