"term","estimate","std.error","statistic","p.value"
"(Intercept)",-3.57241561513226,0.70777070872379,-5.04741941295341,4.47817560768042e-07
"human_impact",-0.420404031940868,0.301603074131751,-1.3938983650983,0.163348298070594
"log10(area)",1.4807599974099,0.11965902787486,12.3748289093447,3.57655607970172e-35
"depth",-5.37629400480216,0.336132505516149,-15.9945673702297,1.39423478071016e-57
"eutro",-0.645906607149898,0.283421908670927,-2.27895793299396,0.022669566073586
"log10(RT)",-0.408405769299835,0.11522148831917,-3.54452780690116,0.000393317014418313
