"estimate","std.error","Adjusted.SE","statistic","p.value","term"
-9.88754425079325,3.74252344801025,3.79174487753067,2.60765019012366,0.0091166,"(Intercept)"
-1.33974837085707,1.15802253723103,1.17362845970734,1.14154386746139,0.2536437,"human_impact"
1.85767277296382,0.554797398370651,0.562239709861314,3.30405828756217,0.000953,"log10(area)"
-16.5516234243093,3.63605292534311,3.68456760699829,4.49214811335579,7.1e-06,"log10(depth)"
-3.27870424445691,1.43026763496842,1.4489898605513,2.26275168220257,0.023651,"eutro"
0.202017961832075,0.483002465276021,0.48951157782489,0.412692918785962,0.6798316,"log10(RT)"
