"term","estimate","std.error","statistic","p.value"
"(Intercept)",-3.66021627838923,0.500153437238856,-7.31818679202887,2.51343847691502e-13
"human_impact",-2.27100273188842,0.191397275623497,-11.8653869261743,1.79072699653143e-32
"log10(area)",1.85080492411842,0.0934665402901681,19.8017912974265,2.87293973003215e-87
"depth",-5.96085809588355,0.246935724675579,-24.1393103558217,9.6695612900541e-129
"eutro",-1.38382523729794,0.18523680533384,-7.47057386788746,7.98458333655368e-14
"log10(RT)",-0.237158990068607,0.0769134954703295,-3.08345094210541,0.00204614842962145
