"term","estimate","std.error","statistic","p.value"
"(Intercept)",-3.53901459371283,0.688014318660979,-5.14380950762842,2.6922252757837e-07
"human_impact",-0.420715373628721,0.293300409766902,-1.43441795380743,0.151453027189352
"log10(area)",1.38398227191108,0.11626534129263,11.9036529418316,1.13277762350656e-32
"depth",-5.14479975637911,0.325850106040674,-15.7888540190836,3.7126355550137e-56
"eutro",-0.667386156982789,0.277633069703719,-2.40384244461584,0.0162237638906469
"log10(RT)",-0.261557549220848,0.110178269051198,-2.3739486150332,0.0175989994821085
