"term","estimate","std.error","statistic","p.value"
"(Intercept)",-12.0331915605312,4.79655381175547,-2.50871605589832,0.01211708416114
"human_impact",-3.01064037989883,1.37786514859712,-2.18500365073036,0.0288885789154016
"log10(area)",2.27142167233573,0.678569312802693,3.34736869098027,0.000815826272298445
"log10(depth)",-22.056063195661,4.80932971167667,-4.5860992108964,4.51604067595731e-06
"eutro",-3.47470481478827,1.68838707778406,-2.05800249273921,0.0395898941138957
"log10(RT)",0.216267524881244,0.575209906555062,0.375980181176768,0.706931630000976
