"term","estimate","std.error","statistic","p.value"
"(Intercept)",-2.93020958848034,0.496871945621979,-5.89731341102854,3.69467690463331e-09
"human_impact",-2.47887865810448,0.192733295856674,-12.8617042897865,7.39284749542217e-38
"log10(area)",1.7736356972647,0.0919764534102923,19.2835843468849,7.37822568693784e-83
"depth",-6.05944834398842,0.249186121205371,-24.3169576005174,1.29718853436555e-130
"eutro",-1.52924032129688,0.188042860667491,-8.13240298445032,4.20862991810921e-16
"log10(RT)",-0.228487703844746,0.076424747784399,-2.98970831397874,0.0027924396538949
