"term","estimate","std.error","statistic","p.value"
"(Intercept)",-2.53605643921987,0.484854000053867,-5.23055690772504,1.69000140668505e-07
"human_impact",-2.32761092353373,0.190856794180085,-12.1955884962496,3.28124881261948e-34
"log10(area)",1.68356146238073,0.0893154075017684,18.8496196733737,2.95962454192968e-79
"depth",-5.95486789916588,0.247459305921721,-24.0640289399728,5.95313812362022e-128
"eutro",-1.56600455490768,0.186854208698657,-8.38088992382934,5.25290092008502e-17
"log10(RT)",-0.229886416293111,0.0765495263753258,-3.00310697111263,0.00267238480491899
