"estimate","std.error","Adjusted.SE","statistic","p.value","term"
-9.82243084615922,3.8206634691295,3.8711397299686,2.53734856691388,0.0111696,"(Intercept)"
-2.05574267034849,1.28846959919134,1.30589302027679,1.57420450100328,0.1154402,"human_impact"
1.86398125958948,0.555016617951105,0.562517486199759,3.3136414517211,0.0009209,"log10(area)"
-21.6214267880639,4.53267933643653,4.59325016513593,4.70721733211412,2.5e-06,"log10(depth)"
-3.48099444312606,1.62539936839739,1.64737496515996,2.11305532543895,0.034596,"eutro"
0.421156045574643,0.501787776924061,0.50862618349863,0.828026671135341,0.4076554,"log10(RT)"
