"estimate","std.error","Adjusted.SE","statistic","p.value","term"
-8.72432456972062,3.52944779242259,3.5754105585506,2.44009028525588,0.0146836,"(Intercept)"
1.56966226747926,0.519495953456929,0.52629786001004,2.98245990863295,0.0028594,"log10(area)"
-13.9825722835659,3.21937548888621,3.26222384534257,4.28620871726159,1.82e-05,"log10(depth)"
-2.3623779790505,1.37816666809458,1.39649080656379,1.69165308353399,0.0907121,"eutro"
-1.24175395248409,1.07821469384102,1.092745097511,1.13636195240088,0.2558051,"human_impact"
-0.207659935180198,0.42269087419684,0.428387206351076,0.484748218671157,0.627855,"log10(RT)"
