"term","estimate","std.error","statistic","p.value"
"(Intercept)",-3.61079267232968,0.689221129795169,-5.2389465677043,1.61495783920825e-07
"human_impact",-0.548202369016608,0.298519166026071,-1.83640593773041,0.0662976420584835
"log10(area)",1.41942856020969,0.115282961727274,12.3125615350484,7.75230466755121e-35
"depth",-5.00559011297378,0.321522101359254,-15.5684168889552,1.19324088494515e-54
"eutro",-0.650740734648301,0.281316793569436,-2.31319547756641,0.0207118941074415
"log10(RT)",-0.361227810268156,0.109836533866456,-3.28877648949987,0.00100623897171974
