"term","estimate","std.error","statistic","p.value"
"(Intercept)",-3.51607330766282,0.696763579673543,-5.04629319074085,4.50463986872498e-07
"human_impact",-0.453328826586453,0.293744172972328,-1.54327768275137,0.122763416065645
"log10(area)",1.43863841442637,0.117079024584181,12.2877553817676,1.0539190183356e-34
"depth",-5.03772730239569,0.320384509462568,-15.7240039814855,1.03566653761628e-55
"eutro",-0.832929538221152,0.282032970052651,-2.95330555879923,0.00314390598174307
"log10(RT)",-0.415618357527453,0.112933755379951,-3.68019602402451,0.000233054728902543
