"term","estimate","std.error","statistic","p.value"
"(Intercept)",-8.10832672231249,4.53535768996479,-1.78780314069902,0.0738077739982663
"human_impact",-3.07726897173161,1.4263804997871,-2.15739697240037,0.0309747469312969
"log10(area)",1.94211825455851,0.641694456188526,3.02654672457997,0.00247364586930013
"log10(depth)",-26.8398466540334,5.97959638643292,-4.48857162248111,7.17023177828871e-06
"eutro",-6.25126352786191,2.00718451330466,-3.1144438821769,0.00184292009804609
"log10(RT)",0.187854289479506,0.548456491481584,0.342514479083003,0.7319637494932
