"term","estimate","std.error","statistic","p.value"
"(Intercept)",-3.54323354085576,0.686290734701764,-5.1628753845781,2.43185041700592e-07
"human_impact",-0.383082307718672,0.289217779825275,-1.32454618782463,0.185321714099671
"log10(area)",1.38888854225971,0.115926287328354,11.980790330374,4.48031930264418e-33
"depth",-4.9614329457707,0.322960937327884,-15.3623313915938,2.92851038575639e-53
"eutro",-0.737040625804922,0.274900454984309,-2.68111824641029,0.00733765827059397
"log10(RT)",-0.339062654556653,0.108744700512463,-3.11796945468432,0.00182101675503699
