"term","estimate","std.error","statistic","p.value"
"(Intercept)",-3.79043831132941,0.699417546249806,-5.41942124794165,5.97922810637181e-08
"human_impact",-0.382031759756957,0.288933951915469,-1.32221138161266,0.18609777212168
"log10(area)",1.41258252097262,0.11651290466844,12.1238289011195,7.89811438398646e-34
"depth",-4.86855643027701,0.314977072162159,-15.4568597544476,6.78253791102776e-54
"eutro",-0.641164307895979,0.27196810869364,-2.35749813084968,0.0183985479294869
"log10(RT)",-0.351489517503562,0.108621023006376,-3.2359253096238,0.00121249105926955
