"term","estimate","std.error","statistic","p.value"
"(Intercept)",-3.91811504878098,0.679270004156003,-5.76812611304582,8.01578142658608e-09
"human_impact",-0.311772988196173,0.295784101238426,-1.05405593772892,0.291857307713752
"log10(area)",1.4020065705998,0.113222716826098,12.3827321044873,3.24118193142901e-35
"depth",-4.79621059554468,0.312261696010163,-15.3595867082865,3.05516028185877e-53
"eutro",-0.601896244754392,0.276595027779175,-2.17609206350205,0.0295483772522099
"log10(RT)",-0.328956164433763,0.108344644905753,-3.03620141742969,0.00239579263399682
