"term","estimate","std.error","statistic","p.value"
"(Intercept)",-7.25180020753596,3.34630510620702,-2.16710669749889,0.0302267193611198
"human_impact",-1.15736265220882,1.09755401139583,-1.05449266295052,0.291657418014259
"log10(area)",1.36400607580286,0.487593911678286,2.79742228755069,0.00515121575259568
"log10(depth)",-14.7104744963088,3.31585296549661,-4.43640735864342,9.14726743883611e-06
"eutro",-2.41699038734995,1.4074783726775,-1.71724868692086,0.0859337432280972
