"term","estimate","std.error","statistic","p.value"
"(Intercept)",-3.36950842051892,0.684586520359282,-4.92196138882569,8.56811211216088e-07
"human_impact",-0.434291289147212,0.292014101830497,-1.48722711137869,0.136954837864328
"log10(area)",1.3357159441278,0.11336306695304,11.7826376793521,4.79681192057043e-32
"depth",-4.87648685127605,0.312880854884862,-15.585762999371,9.09706321855315e-55
"eutro",-0.626371266866838,0.272760095185878,-2.29641827350142,0.0216519771321749
"log10(RT)",-0.313307952561065,0.107944229692611,-2.9024983869287,0.00370199066387247
