"term","estimate","std.error","statistic","p.value"
"(Intercept)",-3.46242084001149,0.70201044394974,-4.93215004114581,8.13294046416062e-07
"human_impact",-0.307297516152331,0.299187446009144,-1.02710698677824,0.304370089109999
"log10(area)",1.44006056870286,0.119719745749943,12.028596951005,2.51396601465893e-33
"depth",-5.30363142745543,0.331945422796829,-15.9774199709378,1.83588811987081e-57
"eutro",-0.96602379954906,0.281131784502485,-3.43619559509651,0.000589944892621109
"log10(RT)",-0.341766962176931,0.111039474947225,-3.07788705178376,0.00208473914469196
