"term","estimate","std.error","statistic","p.value"
"(Intercept)",-2.62378199999875,0.490475193086573,-5.34946932481381,8.8212510566654e-08
"human_impact",-2.44426925302039,0.190598412317659,-12.8241847521095,1.20042570122451e-37
"log10(area)",1.70315338055051,0.0909879830287993,18.7184430718883,3.50239536494113e-78
"depth",-6.02694557060619,0.249889942523353,-24.1183999233701,1.60288688455757e-128
"eutro",-1.57730092698974,0.188164599998974,-8.38255934962445,5.17890654637897e-17
"log10(RT)",-0.186078404072705,0.0770195423535518,-2.41598947989755,0.0156925147296015
