"estimate","std.error","Adjusted.SE","statistic","p.value","term"
-10.0868271937831,4.17866593686111,4.23197701449437,2.3834787285555,0.0171499,"(Intercept)"
-1.41198889559395,1.39508845706758,1.41388916396976,0.998655999052665,0.3179614,"human_impact"
2.15194654490098,0.61822857545922,0.6264221422907,3.43529770041611,0.0005919,"log10(area)"
-24.7609242493498,5.28221205494545,5.35288081676059,4.62571932702482,3.7e-06,"log10(depth)"
-6.32203172906281,2.08357827814073,2.11124624116081,2.99445493652451,0.0027494,"eutro"
0.277429825353501,0.517793809010947,0.524771782048898,0.528667574827127,0.5970361,"log10(RT)"
