"estimate","std.error","Adjusted.SE","statistic","p.value","term"
-5.60856248494035,3.44463657571485,3.49086787801332,1.60663842944759,0.1081337,"(Intercept)"
-1.8724592977146,1.14027407038386,1.15568624934809,1.6202142223037,0.1051863,"human_impact"
1.2856503861359,0.501121972378989,0.507893196230433,2.53134004487155,0.0113628,"log10(area)"
-15.901849830215,3.67428753032877,3.72383765817585,4.27028546620494,1.95e-05,"log10(depth)"
-3.38673111041157,1.41617643140113,1.43531664347818,2.35957070922314,0.0182961,"eutro"
-0.215861523415989,0.485486244229255,0.492102492127422,0.438651555050641,0.660914,"log10(RT)"
