"estimate","std.error","Adjusted.SE","statistic","p.value","term"
-7.35195337237464,3.30892048013122,3.35304087491829,2.19262265108945,0.0283346,"(Intercept)"
-1.11916717556182,1.09399487672902,1.10873793974102,1.00940640294427,0.3127798,"human_impact"
1.4517109105954,0.47623656595965,0.482629508248386,3.00791991742095,0.0026304,"log10(area)"
-13.8331900465956,3.22880788413069,3.2723179070246,4.22733684184544,2.36e-05,"log10(depth)"
-3.24203282367644,1.39994200240144,1.41871552642681,2.2851887945724,0.0223018,"eutro"
0.0164041084750008,0.435260065729953,0.441125784767733,0.0371869182021136,0.970336,"log10(RT)"
