"term","estimate","std.error","statistic","p.value"
"(Intercept)",-3.45458007222026,0.694576403900468,-4.97365020294483,6.57038212206545e-07
"human_impact",-0.458266933211351,0.296476723071894,-1.54570965458298,0.122174704534609
"log10(area)",1.40332519627717,0.115362568181079,12.1644760376211,4.80518666020875e-34
"depth",-5.02124140774979,0.32043378217493,-15.6701374420273,2.4205539617493e-55
"eutro",-0.793344907890169,0.276377083545769,-2.87051624437158,0.00409802140199672
"log10(RT)",-0.343380323871354,0.109990529725763,-3.12190808360952,0.00179683028749414
