"term","estimate","std.error","statistic","p.value"
"(Intercept)",-9.14311165827802,4.11574682198026,-2.22149516327122,0.0263174419435591
"human_impact",-2.83077221592713,1.42800966148099,-1.98232007267467,0.0474434288454267
"log10(area)",1.72637247523268,0.569556478926069,3.0310821474419,0.00243678941288457
"log10(depth)",-23.944861140089,5.04336709445352,-4.74779263369953,2.05648720864769e-06
"eutro",-3.55561830142111,1.73025462252204,-2.05496824290427,0.0398820721571543
"log10(RT)",0.320926108890226,0.527450047547227,0.608448345739301,0.542890155086281
