"estimate","std.error","Adjusted.SE","statistic","p.value","term"
-3.58201498883723,3.53526331190712,3.58268698589539,0.999812432104506,0.3174013,"(Intercept)"
-1.38709857188606,1.0812935032046,1.09590885929885,1.26570613980939,0.2056183,"human_impact"
0.962216855355615,0.493890604327329,0.500566249027096,1.92225675867237,0.0545735,"log10(area)"
-14.7894690647775,3.38212907746988,3.42767419286661,4.31472428025863,1.6e-05,"log10(depth)"
-3.66090765470514,1.49973609281922,1.52000981132668,2.40847633181385,0.0160193,"eutro"
-0.294089659380614,0.474902858293246,0.481374874906208,0.610936870018227,0.5412414,"log10(RT)"
