"term","estimate","std.error","statistic","p.value"
"(Intercept)",-3.6738171448605,0.687641776547952,-5.34263226894609,9.16064813965479e-08
"human_impact",-0.423552678066118,0.29641041782287,-1.42893991775696,0.153021502996079
"log10(area)",1.35163491952974,0.11263607313084,12.000018128825,3.55218608049626e-33
"depth",-4.79153143023845,0.310841926754474,-15.4146883603098,1.30398370172726e-53
"eutro",-0.538134657494352,0.279171513289296,-1.9276130689477,0.053903272084332
"log10(RT)",-0.307312785708038,0.108558380290279,-2.83085271617263,0.00464240930783167
