"term","estimate","std.error","statistic","p.value"
"(Intercept)",-3.22583870725876,0.698651481367455,-4.61723590844593,3.88885102344042e-06
"human_impact",-0.355365794692072,0.29625781273286,-1.19951535257067,0.230327618724611
"log10(area)",1.32648266003897,0.11529309668127,11.505308628374,1.24044816436845e-30
"depth",-4.98643259718858,0.323791348345614,-15.4001415500024,1.63311471425177e-53
"eutro",-1.04718334720143,0.27855580202357,-3.75933058867976,0.000170368595428198
"log10(RT)",-0.255018700043846,0.108566781315791,-2.34895699175299,0.0188260812055359
