"term","estimate","std.error","statistic","p.value"
"(Intercept)",-11.6487045500999,4.55053874915313,-2.55985174332771,0.0104716825517958
"human_impact",-2.84796417154939,1.35759739352209,-2.09779731836459,0.0359230535182048
"log10(area)",2.27028514591754,0.661526253163485,3.43188971724222,0.000599391246308376
"log10(depth)",-23.7427279768691,5.42327294495051,-4.37793343943263,1.19809925516359e-05
"eutro",-4.51917588217071,1.88287467976646,-2.40014692997583,0.0163884921537995
"log10(RT)",0.233618387837496,0.548772375937649,0.425710910536137,0.670318510845192
