"term","estimate","std.error","statistic","p.value"
"(Intercept)",-3.7998447478237,0.679093117136925,-5.5954693869435,2.20025670805702e-08
"human_impact",-0.436070981849862,0.291702720784121,-1.49491571651326,0.134936440000795
"log10(area)",1.41646057918244,0.11438655685368,12.3831035581771,3.22621220850912e-35
"depth",-4.81413171198466,0.313885173810353,-15.3372383077046,4.31151130264148e-53
"eutro",-0.578584805318879,0.279206432944986,-2.0722474020965,0.0382423748354828
"log10(RT)",-0.39458942046493,0.112292600509713,-3.51393964227232,0.000441513122417432
