"term","estimate","std.error","statistic","p.value"
"(Intercept)",-5.33188934263841,3.89195155270996,-1.36997834387887,0.170693661905802
"human_impact",-2.68065532664456,1.25445386519458,-2.13691025315527,0.0326052919015911
"log10(area)",1.33854997245331,0.520373938763144,2.57228479895603,0.0101029744008442
"log10(depth)",-16.9038257370588,3.94758713772723,-4.28206525842288,1.8516665622047e-05
"eutro",-3.19190800638843,1.51536973513281,-2.10635591591031,0.0351734475843607
"log10(RT)",-0.224068896932701,0.476508423538809,-0.470230715479581,0.638190191678832
