"term","estimate","std.error","statistic","p.value"
"(Intercept)",-3.12913093958819,0.693797540819762,-4.51014994358576,6.47818195201732e-06
"human_impact",-0.611672806432607,0.296478823599904,-2.06312477567725,0.0391007747999056
"log10(area)",1.34928089883987,0.114965562939512,11.7363918754504,8.29503745030147e-32
"depth",-5.1638595420901,0.325142767077039,-15.881821971659,8.46824379603586e-57
"eutro",-0.707379477595087,0.278364498298409,-2.54119861519399,0.0110473143689829
"log10(RT)",-0.284410359052854,0.10939447223052,-2.59986042488084,0.00932616842460025
