"estimate","std.error","Adjusted.SE","statistic","p.value","term"
-9.00093051827573,3.71919334894917,3.76922133357218,2.38800795222745,0.01694,"(Intercept)"
-1.78488864107111,1.19371421088384,1.20984733617942,1.47530071579744,0.1401317,"human_impact"
1.71445804412617,0.538019873253523,0.545287760442428,3.1441344708253,0.0016658,"log10(area)"
-15.0859397421067,3.46900513733149,3.51579980243254,4.29089839861442,1.78e-05,"log10(depth)"
-2.45813277039287,1.41877849907119,1.4379516728737,1.70946827822133,0.0873642,"eutro"
-0.163887399989792,0.477318639115105,0.483823578194923,0.338733801691172,0.7348103,"log10(RT)"
