"estimate","std.error","Adjusted.SE","statistic","p.value","term"
-5.51526806032836,3.15319063869568,3.19577426441767,1.72580026121881,0.0843834,"(Intercept)"
-2.10205278730432,1.13324109789077,1.14855579601087,1.83017037100427,0.0672245,"human_impact"
1.18475077808095,0.469965158118339,0.476315899029753,2.48732150342718,0.0128709,"log10(area)"
-12.2369736103301,3.06925774924252,3.11072752457994,3.93379796643634,8.36e-05,"log10(depth)"
-2.5493005142027,1.38346405480063,1.40216037477545,1.81812334741735,0.0690453,"eutro"
0.106756564468771,0.444263007614531,0.45031746173203,0.237069564342806,0.8126028,"log10(RT)"
