"estimate","std.error","Adjusted.SE","statistic","p.value","term"
-6.25140930011601,3.83417606613263,3.88260637927449,1.61010637943787,0.10737463,"(Intercept)"
-2.05232142517254,1.29308284464381,1.31058170367464,1.56596221312887,0.11735746,"human_impact"
1.42667807364247,0.519922813170091,0.526918005051962,2.70759028912247,0.00677736,"log10(area)"
-20.3649548773759,4.45662956149318,4.51507696374474,4.51043360742305,6.47e-06,"log10(depth)"
-4.69080940083987,1.66211727007921,1.68455402352667,2.78460015845589,0.00535938,"eutro"
0.627492459391824,0.55868108659035,0.566294840036171,1.10806670841596,0.26783301,"log10(RT)"
