"term","estimate","std.error","statistic","p.value"
"(Intercept)",-3.50908101732916,0.701233304780012,-5.00415623931327,5.61072380075811e-07
"human_impact",-0.40850814763017,0.302864568227049,-1.34881458739645,0.177396528034307
"log10(area)",1.4791557123254,0.118037347113744,12.5312517478053,5.03614729580946e-36
"depth",-5.52464205306337,0.338385639685745,-16.3264672170901,6.39837303769953e-60
"eutro",-0.757741655316913,0.282590473909823,-2.68141259269311,0.00733120637839724
"log10(RT)",-0.349479425073398,0.11246432105577,-3.10746930042013,0.00188696582845776
