"estimate","std.error","Adjusted.SE","statistic","p.value","term"
-6.10763210331634,3.39920316093646,3.44510812134849,1.77284192199044,0.0762549,"(Intercept)"
-1.53825720190413,1.07967760862511,1.09426764489797,1.40574128192153,0.159801,"human_impact"
1.33295840669649,0.50500869255824,0.511833104873302,2.60428329860854,0.0092067,"log10(area)"
-13.6618440118807,3.25880163497447,3.30283355649387,4.13640099575089,3.53e-05,"log10(depth)"
-3.10612934683227,1.42123795371373,1.44044276188074,2.15637124155957,0.0310547,"eutro"
-0.100153877330648,0.43170139656077,0.437584659972621,0.228878858177785,0.8189631,"log10(RT)"
