"term","estimate","std.error","statistic","p.value"
"(Intercept)",-3.77728861079671,0.69999729718827,-5.39614742223894,6.80870098513492e-08
"human_impact",-0.315617899561129,0.295784679084883,-1.06705289989193,0.285947948873339
"log10(area)",1.44372374042884,0.117147265166395,12.3240072090303,6.72668067643336e-35
"depth",-5.19692122855969,0.33012357615147,-15.7423510587902,7.75095129603314e-56
"eutro",-0.781428779381428,0.27804626970287,-2.81042712860881,0.00494757914415043
"log10(RT)",-0.283144824658731,0.110588803801294,-2.56033897579258,0.0104570110651376
