"estimate","std.error","Adjusted.SE","statistic","p.value","term"
-8.86173923098768,3.51765123536694,3.56518148535917,2.48563481757645,0.0129321,"(Intercept)"
-2.5213084519237,1.19476274788052,1.21090764930501,2.08216411331679,0.0373275,"human_impact"
1.68691256375395,0.541555584816996,0.548873758542207,3.07340720429839,0.0021163,"log10(area)"
-13.5858985361592,3.36632166858358,3.41180766667754,3.98202356740388,6.83e-05,"log10(depth)"
-2.21485428494138,1.38721434213071,1.40595989453514,1.57533247822385,0.1151797,"eutro"
0.0717881883225249,0.488580502020953,0.495238918727925,0.144956677691892,0.8847451,"log10(RT)"
