"term","estimate","std.error","statistic","p.value"
"(Intercept)",-3.57597664997352,0.700429100017291,-5.10540845588118,3.30080754266042e-07
"human_impact",-0.38041953228735,0.297519053278813,-1.27863922695011,0.20102412968127
"log10(area)",1.40961296120458,0.117980885334137,11.9478079623862,6.66603167133657e-33
"depth",-5.03546241534355,0.321924840918611,-15.6417330236924,3.78291144988634e-55
"eutro",-0.651586410494551,0.279720342474653,-2.3294208949197,0.0198367791994443
"log10(RT)",-0.382337655585722,0.109985304421876,-3.47626128413638,0.000508456655736907
