"estimate","std.error","Adjusted.SE","statistic","p.value","term"
-11.7332174711843,4.12152225641658,4.17553666334519,2.80999028799912,0.0049543,"(Intercept)"
-1.68061588056194,1.26352035595573,1.28054800445853,1.31241927261648,0.1893787,"human_impact"
2.18890426011045,0.611486708230412,0.61956273318734,3.53298244529595,0.0004109,"log10(area)"
-19.3745576554722,4.16594343093673,4.22192257181477,4.58903670683477,4.5e-06,"log10(depth)"
-3.44411840769125,1.64093314846409,1.66249746128516,2.07165333355086,0.0382978,"eutro"
0.00342258978058853,0.489940229787709,0.496542838112046,0.00689283888093502,0.9945004,"log10(RT)"
