"term","estimate","std.error","statistic","p.value"
"(Intercept)",-3.41579504075145,0.708788260144667,-4.81920374930345,1.44132300761749e-06
"human_impact",-0.442728946616871,0.299622566324211,-1.47762216994634,0.1395089369209
"log10(area)",1.48443808049823,0.1203711673526,12.3321731702568,6.07849516111061e-35
"depth",-5.43676466532833,0.336926347089703,-16.136359510884,1.416537497977e-58
"eutro",-1.02406634939329,0.283604697621208,-3.61089346538635,0.000305143993981271
"log10(RT)",-0.369455393566161,0.110900116530847,-3.33142475520659,0.000864026549207478
