"term","estimate","std.error","statistic","p.value"
"(Intercept)",-2.19890675553163,0.490297714157075,-4.48483990856864,7.2968699038837e-06
"human_impact",-2.54486900577387,0.190760586997708,-13.3406436089676,1.34295057858964e-40
"log10(area)",1.6380367608019,0.0897077593915355,18.2596998510751,1.73240857172056e-74
"depth",-5.86218129497932,0.24503423345346,-23.9239277400509,1.72659694472305e-126
"eutro",-1.56986748598882,0.18656133246891,-8.41475275296092,3.9372446448028e-17
"log10(RT)",-0.238456677453859,0.0772211988780345,-3.08796911882299,0.00201529411773587
