"estimate","std.error","Adjusted.SE","statistic","p.value","term"
-6.5537107874023,3.47637773562631,3.52330499511437,1.86010316918066,0.0628709,"(Intercept)"
-1.89640486553139,1.14714473895518,1.16264715740121,1.63110953607826,0.1028672,"human_impact"
1.48244093543112,0.524039503917518,0.531120992980768,2.79115484987956,0.005252,"log10(area)"
-15.0745290870369,3.7314477828696,3.78183881060699,3.98603162164318,6.72e-05,"log10(depth)"
-4.08463006209356,1.49425157936131,1.51444373637204,2.69711575543809,0.0069943,"eutro"
-0.102077671044383,0.470090474368119,0.47649690740295,0.214225254054084,0.8303714,"log10(RT)"
