"term","estimate","std.error","statistic","p.value"
"(Intercept)",-4.04042764146938,0.699177102434175,-5.77883289856417,7.52205882924941e-09
"human_impact",-0.183740623458555,0.295344216728119,-0.622123654541367,0.533860562003074
"log10(area)",1.49845858176196,0.119500844204751,12.5393137741732,4.54917716841143e-36
"depth",-5.20210115948199,0.326741875031434,-15.9211339500991,4.52108287849976e-57
"eutro",-0.547040438317164,0.278240786546162,-1.9660684729498,0.0492907016051695
"log10(RT)",-0.402387426085208,0.112610388150017,-3.57327092727143,0.000352549663058333
