"estimate","std.error","Adjusted.SE","statistic","p.value","term"
-6.10229363182921,3.53012451675696,3.5763319041111,1.70629958165081,0.08795232,"(Intercept)"
-2.2975942772217,1.20667219794782,1.22292249599009,1.87877341757585,0.06027544,"human_impact"
1.40452009319523,0.504496504335895,0.511317722284009,2.74686370525429,0.00601681,"log10(area)"
-13.5315751052704,3.32510181020208,3.3697078794194,4.01565227298039,5.928e-05,"log10(depth)"
-3.06071892522501,1.43096381681654,1.45032233245486,2.11037150620466,0.03482637,"eutro"
-0.545275364580626,0.531793237737903,0.539040561288808,1.01156648263521,0.31174538,"log10(RT)"
