"estimate","std.error","Adjusted.SE","statistic","p.value","term"
-6.50612062918981,3.46930478703117,3.5158888658815,1.85049097891739,0.0642428,"(Intercept)"
-2.71558062620088,1.15897488202247,1.1746366737111,2.31184730306554,0.0207861,"human_impact"
1.33340439165945,0.498402115498649,0.505135432191289,2.63969681531766,0.008298,"log10(area)"
-14.1955281233149,3.5283334390816,3.57587685572262,3.96980340656788,7.19e-05,"log10(depth)"
-2.42298287575064,1.4535729988381,1.47321994005737,1.64468509410502,0.1000348,"eutro"
0.197143676858982,0.451264477849257,0.457414348599617,0.430995830066418,0.6664714,"log10(RT)"
