"term","estimate","std.error","statistic","p.value"
"(Intercept)",-3.08929246981834,0.496979966041058,-6.21613079180563,5.09563350710868e-10
"human_impact",-2.50297686963093,0.194123144840546,-12.8937580919931,4.88062259458076e-38
"log10(area)",1.77110922474841,0.0920786948299931,19.234734245728,1.89512147761636e-82
"depth",-6.04801635685743,0.249469984416029,-24.2434630803979,7.7498881753555e-130
"eutro",-1.4610811707707,0.189089913950224,-7.72691224110087,1.10186551547723e-14
"log10(RT)",-0.186781068945134,0.0765558245059726,-2.43980219859773,0.0146953058061642
