"estimate","std.error","Adjusted.SE","statistic","p.value","term"
-4.07337130072717,0.683934651463983,0.684314119198743,5.95248758785898,0,"(Intercept)"
1.42772956140445,0.114969736950124,0.115038496354554,12.4108851093126,0,"log10(area)"
-4.90230446267969,0.317101841337102,0.31729840242213,15.450139128522,0,"depth"
-0.525429922113588,0.275065859600773,0.275229787762037,1.90905906801001,0.05625447,"eutro"
-0.3469088449086,0.110610369064189,0.110678921873581,3.13437137836277,0.00172223,"log10(RT)"
-0.384846841066187,0.297793458269282,0.297978127176648,1.29152714903145,0.19652095,"human_impact"
