"term","estimate","std.error","statistic","p.value"
"(Intercept)",-3.83330457092097,0.708412751754278,-5.41111740497099,6.26326900785413e-08
"human_impact",-0.527263568107175,0.293135135924206,-1.79870477295327,0.0720653935207767
"log10(area)",1.45492732451267,0.118928719416246,12.2336079262779,2.05599474360545e-34
"depth",-5.15547470457556,0.330845256947361,-15.582737235359,9.53813992194492e-55
"eutro",-0.693125693480023,0.278534763376021,-2.48847104425635,0.0128293683831275
"log10(RT)",-0.289667178393009,0.108716262859622,-2.66443281597194,0.00771182690209084
