"term","estimate","std.error","statistic","p.value"
"(Intercept)",-4.26011110518669,0.718144212533657,-5.93211089198471,2.99064515992424e-09
"human_impact",-0.232826385234123,0.296670680006434,-0.784797423287915,0.432572351119284
"log10(area)",1.58354276508807,0.123924326668612,12.7783043705587,2.16743366556292e-37
"depth",-5.35635682047488,0.33505365449835,-15.9865643862161,1.58536490524539e-57
"eutro",-0.910206290945469,0.280238188736029,-3.24797378633803,0.00116229978205289
"log10(RT)",-0.371043790097646,0.111485690188222,-3.32817413132762,0.000874172078474023
