"term","estimate","std.error","statistic","p.value"
"(Intercept)",-3.5340568781779,3.42638044564855,-1.0314257083349,0.302341230225982
"human_impact",-2.67099910965691,1.14733554137733,-2.32800171643814,0.0199120125252418
"log10(area)",0.996421535363024,0.46842465080608,2.12717570189432,0.0334054872144974
"log10(depth)",-13.9702528551331,3.62826601331718,-3.85039377042829,0.000117928071679983
"eutro",-4.04800460406292,1.54154550738224,-2.62593908819273,0.00864102790381761
"log10(RT)",0.0691732280079227,0.445082522046309,0.155416635301454,0.876492870434861
