"term","estimate","std.error","statistic","p.value"
"(Intercept)",-4.12106645900554,0.69764178745618,-5.9071382091836,3.4810170204825e-09
"human_impact",-0.275674982554057,0.298872832586875,-0.922382205729337,0.356329248113274
"log10(area)",1.43874842264616,0.116859286694929,12.3118021967919,7.82559813103653e-35
"depth",-4.9059935933971,0.322213241595749,-15.2259217191086,2.37980858785249e-52
"eutro",-0.563247888237983,0.275519481096843,-2.04431238762389,0.0409226962405626
"log10(RT)",-0.323510483800489,0.111501902134999,-2.90138982031718,0.00371511400428758
