"estimate","std.error","Adjusted.SE","statistic","p.value","term"
-5.55088404705149,3.49361535202528,3.54080090170333,1.56769166105363,0.1169531,"(Intercept)"
-2.37340315320722,1.33475676923436,1.35279439224686,1.75444484898052,0.0793543,"human_impact"
1.32650943800369,0.511947954383896,0.518866158817716,2.55655416230316,0.0105715,"log10(area)"
-16.8868872181044,3.84146993172608,3.89337534828432,4.33733860917003,1.44e-05,"log10(depth)"
-3.86960604482652,1.57563231943952,1.59692473428713,2.42316119335074,0.0153861,"eutro"
-0.100165232170917,0.499965787932709,0.506779364286075,0.197650573858752,0.8433185,"log10(RT)"
