"estimate","std.error","Adjusted.SE","statistic","p.value","term"
-7.33278309056315,3.46811812106226,3.51467893881164,2.08633084791593,0.0369487,"(Intercept)"
-2.02620471431825,1.06685415967026,1.08127730050165,1.87389924247759,0.0609443,"human_impact"
1.40439659247812,0.498902660914678,0.505647231706761,2.77742367487649,0.0054792,"log10(area)"
-13.1639370078491,3.29598858461713,3.34044612810831,3.94077213132721,8.12e-05,"log10(depth)"
-2.19473275672165,1.40695733150475,1.42597872227527,1.5391062450215,0.1237784,"eutro"
0.275874959698842,0.421322450227994,0.427064268474971,0.645979961479757,0.5182923,"log10(RT)"
