"term","estimate","std.error","statistic","p.value"
"(Intercept)",-3.89864944515788,0.711259773390961,-5.48132987554027,4.22140532006028e-08
"human_impact",-0.409370358770775,0.297420945490922,-1.37640056955326,0.168697651755431
"log10(area)",1.48939603670375,0.119096501358468,12.5057916875394,6.94048952871226e-36
"depth",-5.21261416580029,0.332782235071228,-15.6637392758799,2.67685131979756e-55
"eutro",-0.653829308663519,0.280451831500028,-2.33134262367423,0.0197353003689673
"log10(RT)",-0.36047959537334,0.112156943297318,-3.21406401401063,0.00130870493402814
