"estimate","std.error","Adjusted.SE","statistic","p.value","term"
-6.1065786164902,3.28478300455833,3.32902573750159,1.83434406880649,0.0666029,"(Intercept)"
-1.84547622083426,1.13959831902406,1.15499947610428,1.5978156345654,0.110084,"human_impact"
1.30961123692151,0.484123745632386,0.490666346979962,2.66904637944325,0.0076067,"log10(area)"
-15.2657051715438,3.65135395023719,3.70063084329754,4.12516292977252,3.7e-05,"log10(depth)"
-3.282844973919,1.41970976339091,1.43889731368723,2.2815005231378,0.0225188,"eutro"
0.155063020562291,0.443147409925059,0.449186660582201,0.345208427074193,0.7299377,"log10(RT)"
