"term","estimate","std.error","statistic","p.value"
"(Intercept)",-3.83394740870214,0.695072352979337,-5.5158968591808,3.47005734729667e-08
"human_impact",-0.331081754018237,0.2963938130346,-1.11703328294369,0.263980094644393
"log10(area)",1.47250801846675,0.116869885689093,12.5995504298177,2.12351414159329e-36
"depth",-5.13822888401131,0.319464601738015,-16.0838755093907,3.31007927858032e-58
"eutro",-0.619085748035498,0.282292193268696,-2.19306719348852,0.0283025382584133
"log10(RT)",-0.400766217880026,0.112049843084768,-3.57667808224272,0.000347988279937817
