"term","estimate","std.error","statistic","p.value"
"(Intercept)",-3.86877864489658,0.69536052331546,-5.56370187144123,2.641110093623e-08
"human_impact",-0.443028228952415,0.295753147607536,-1.49796623480171,0.134142023314924
"log10(area)",1.40101718462801,0.115645968019244,12.1147084383856,8.82774874977485e-34
"depth",-4.84136323872785,0.315282319665638,-15.3556445659947,3.24666566543339e-53
"eutro",-0.593292337088955,0.278506241136058,-2.13026585928147,0.0331496704883678
"log10(RT)",-0.313405719708199,0.109711839754814,-2.8566262347674,0.00428169707053156
