"term","estimate","std.error","statistic","p.value"
"(Intercept)",-3.85076325373488,0.690849707242546,-5.57395221184184,2.49024072094678e-08
"human_impact",-0.41499670210811,0.290495379708836,-1.42858279716552,0.153124181487154
"log10(area)",1.44760407106321,0.116733819966269,12.400896942133,2.58414676684756e-35
"depth",-4.97338782109838,0.320364838203899,-15.5241375707188,2.38184816642268e-54
"eutro",-0.656798940887811,0.279437740849085,-2.35043032802976,0.0187517178272872
"log10(RT)",-0.368242118379985,0.111370010004786,-3.3064746816864,0.000944778880661261
