"estimate","std.error","Adjusted.SE","statistic","p.value","term"
-6.00082883536118,3.2911467187371,3.33526308400014,1.79920704431031,0.0719859,"(Intercept)"
-1.36244730282604,1.09609559912309,1.11090648573992,1.22642843507983,0.2200375,"human_impact"
1.18119451842171,0.469679837098363,0.476028033158017,2.48135495421468,0.0130884,"log10(area)"
-12.8191155278994,3.11091173158293,3.15284578646981,4.06588726378931,4.79e-05,"log10(depth)"
-3.01953261070929,1.364439029185,1.38288311595413,2.18350529836785,0.0289986,"eutro"
0.309236621094496,0.454179343635689,0.460368938425324,0.67171478195777,0.5017653,"log10(RT)"
