"estimate","std.error","Adjusted.SE","statistic","p.value","term"
-6.86488660576366,3.36336802559409,3.40880960017618,2.01386624979255,0.0440236,"(Intercept)"
-1.77248054631859,1.10613884970492,1.12108647205897,1.58103820757312,0.1138693,"human_impact"
1.39693254721906,0.498993472535711,0.505736564276565,2.76217431345372,0.0057418,"log10(area)"
-14.9956442593201,3.6847982225543,3.73458964381722,4.01533921782973,5.94e-05,"log10(depth)"
-3.02664738038695,1.51799863171903,1.53851214814042,1.96725608182244,0.0491537,"eutro"
0.0568867843502308,0.426110847340376,0.431917922271155,0.131707394893694,0.8952157,"log10(RT)"
