"term","estimate","std.error","statistic","p.value"
"(Intercept)",-3.45418543481347,0.69190345658115,-4.99229394210772,5.96663559923303e-07
"human_impact",-0.403265702690125,0.295582664193161,-1.36430769304723,0.172470745679859
"log10(area)",1.44631220078914,0.117135986469901,12.3472917621331,5.03789417315825e-35
"depth",-5.17469766673815,0.328358894791235,-15.7592736144034,5.93107622750855e-56
"eutro",-0.794079306709527,0.280786274185723,-2.82805599743915,0.00468316139592835
"log10(RT)",-0.411238109487072,0.113338957359669,-3.62839149986226,0.000285192560059462
