"estimate","std.error","Adjusted.SE","statistic","p.value","term"
-5.49248910266993,3.40965129022853,3.45572000934192,1.58939065891391,0.1119722,"(Intercept)"
-1.83984063572102,1.15867349449839,1.17433110739011,1.56671370122347,0.1171816,"human_impact"
1.33087383391406,0.502483534457264,0.509273849031819,2.61327738788117,0.0089678,"log10(area)"
-17.5125439427241,4.00418338100946,4.05829139189329,4.31525049623261,1.59e-05,"log10(depth)"
-4.24770901754442,1.63201550563237,1.65406968454134,2.56803510592257,0.0102277,"eutro"
0.0598696342369731,0.447503702433648,0.453602321016239,0.131987054437558,0.8949945,"log10(RT)"
