"term","estimate","std.error","statistic","p.value"
"(Intercept)",-2.90650035337811,0.499448647946198,-5.8194178026711,5.905295535051e-09
"human_impact",-2.50962947448571,0.196592048230072,-12.7656713335053,2.54943093144569e-37
"log10(area)",1.7787780367802,0.0929862669151494,19.1294703593526,1.43524946513552e-81
"depth",-6.19407787219902,0.254263255319835,-24.360884801886,4.44528901043024e-131
"eutro",-1.34358818365395,0.18793403749308,-7.14925407646514,8.72507067221233e-13
"log10(RT)",-0.243297352938463,0.0788347523629659,-3.08616879797235,0.00202753685152236
