"term","estimate","std.error","statistic","p.value"
"(Intercept)",-4.108481969082,0.689562680815145,-5.95809791247009,2.55190616705702e-09
"human_impact",-0.362538163273058,0.292857885841552,-1.23793205100581,0.21574125684662
"log10(area)",1.42517260601115,0.116238949345411,12.2607147951429,1.4719570602255e-34
"depth",-4.88989506088595,0.317312766177883,-15.410331956656,1.3949344192331e-53
"eutro",-0.523203518825317,0.278727612196735,-1.87711405662968,0.0605024632371394
"log10(RT)",-0.282510641164562,0.111138238208181,-2.54197516281815,0.0110228006039003
