"term","estimate","std.error","statistic","p.value"
"(Intercept)",-3.61970388272456,0.702792016603485,-5.15046243726299,2.59844971674204e-07
"human_impact",-0.446893729264514,0.299143424333957,-1.49391125765015,0.135198815608637
"log10(area)",1.5026783945675,0.119567885304297,12.567575237642,3.18338174668321e-36
"depth",-5.30909540394848,0.330909286983737,-16.0439601207367,6.30054132607894e-58
"eutro",-0.658100796676951,0.284156861591899,-2.31597714371615,0.0205595166798975
"log10(RT)",-0.453762858423888,0.114603093421229,-3.95942940873387,7.51290466375753e-05
