"term","estimate","std.error","statistic","p.value"
"(Intercept)",-3.48460371221835,0.692983414347521,-5.02840853052634,4.94567328971908e-07
"human_impact",-0.3467913455133,0.295744018040595,-1.17260645814888,0.240953658400111
"log10(area)",1.43343266465378,0.116510477004713,12.303036615289,8.72318977912356e-35
"depth",-5.07430431915121,0.320310744826003,-15.8418173636593,1.60125282315946e-56
"eutro",-0.956365347284688,0.280398056047173,-3.41074171756666,0.00064786430302067
"log10(RT)",-0.393891037090317,0.110605817697972,-3.56121445768705,0.000369143413367857
