"term","estimate","std.error","statistic","p.value"
"(Intercept)",-3.41378293970329,0.698699185674108,-4.88591229201112,1.02951024232065e-06
"human_impact",-0.28064715772413,0.298421697148626,-0.940438179950288,0.346992845808343
"log10(area)",1.42655885259115,0.117249417406254,12.1668736966795,4.66614030011689e-34
"depth",-5.26082319515675,0.32830015018389,-16.0244312779328,8.62766150855847e-58
"eutro",-0.820880200622718,0.281569305746051,-2.91537530501664,0.00355261040832705
"log10(RT)",-0.376270709833366,0.112271422971304,-3.35143796947813,0.000803930472818968
