"estimate","std.error","Adjusted.SE","statistic","p.value","term"
-7.51593439215561,3.77595127460153,3.82689943897534,1.96397488672135,0.049533,"(Intercept)"
-2.10377768614701,1.16759716290292,1.18337534299948,1.77777718505999,0.0754405,"human_impact"
1.61453032434809,0.552581776860493,0.560049046289223,2.88283737834331,0.0039411,"log10(area)"
-15.4840803707092,3.52482026091039,3.57242655980169,4.33433133236158,1.46e-05,"log10(depth)"
-3.57493535381498,1.49686300565126,1.51709196803626,2.35643944410464,0.0184511,"eutro"
0.124520984447923,0.478859476677617,0.485385414423011,0.256540433123528,0.7975336,"log10(RT)"
