"estimate","std.error","Adjusted.SE","statistic","p.value","term"
-9.83078063264729,3.74565411980273,3.79623661247474,2.58961219654817,0.0096084,"(Intercept)"
-2.14815799290905,1.20381656327236,1.22008438750915,1.76066345484069,0.0782954,"human_impact"
1.93441288507562,0.575177488646829,0.5829502452178,3.3183155868695,0.0009056,"log10(area)"
-18.8235693154966,4.20288373773062,4.25967447850233,4.41901591553419,9.9e-06,"log10(depth)"
-3.14423003894748,1.48952223386286,1.5096507904188,2.08275321610981,0.0372737,"eutro"
-0.115592102808747,0.528620736821329,0.535824825259456,0.215727411944334,0.8292002,"log10(RT)"
