"term","estimate","std.error","statistic","p.value"
"(Intercept)",-3.86979760318013,0.696844415743363,-5.55331651621546,2.80299865036494e-08
"human_impact",-0.464693563599267,0.295132751507919,-1.57452387518841,0.115366386349613
"log10(area)",1.52213286799785,0.11918998564486,12.7706439409534,2.39167586300604e-37
"depth",-5.08528367482598,0.324237806723762,-15.683808517612,1.95191364809945e-55
"eutro",-0.736466011155451,0.281877853338196,-2.61271328142209,0.00898266251929479
"log10(RT)",-0.470300484278084,0.112865262096266,-4.16691970180296,3.08743189914182e-05
