"term","estimate","std.error","statistic","p.value"
"(Intercept)",-3.7015382634664,0.714551551795934,-5.18022563125509,2.21617672371839e-07
"human_impact",-0.323665343476975,0.299318930872537,-1.08133936778895,0.279546181672116
"log10(area)",1.43016186476065,0.119189035633827,11.9991059341599,3.59155101121883e-33
"depth",-5.15779133543727,0.329145520253627,-15.6702461922097,2.41641588486909e-55
"eutro",-0.643492818292374,0.284330580070932,-2.26318540247004,0.0236242626942881
"log10(RT)",-0.33353491292455,0.110282102669448,-3.02437934035648,0.00249143830231313
