"estimate","std.error","Adjusted.SE","statistic","p.value","term"
-6.16078476799211,3.41011069676622,3.4560028559555,1.78263300835404,0.0746461,"(Intercept)"
-2.05387068296298,1.10998290946332,1.12497887401504,1.82569711343355,0.0678959,"human_impact"
1.25289942816094,0.485366432745727,0.491926598980523,2.54692352630956,0.0108677,"log10(area)"
-14.5868015058878,3.54643906646899,3.59429944539181,4.05831559877106,4.94e-05,"log10(depth)"
-2.68782760564529,1.4916444523025,1.51180498069211,1.7778930748163,0.0754214,"eutro"
0.190347653619474,0.451111028267416,0.457258807793801,0.416279906204257,0.6772052,"log10(RT)"
