"term","estimate","std.error","statistic","p.value"
"(Intercept)",-3.50875460324016,0.491560006282031,-7.13799853201854,9.46996427849485e-13
"human_impact",-2.46993262140992,0.192221578900376,-12.8494034620849,8.66760520747964e-38
"log10(area)",1.81900665427937,0.0921161592065927,19.7468790486565,8.53309332066896e-87
"depth",-5.99262190788022,0.249266642591331,-24.0410102434164,1.03659861542222e-127
"eutro",-1.4153604689753,0.185596123664054,-7.62602386856544,2.42105024341511e-14
"log10(RT)",-0.163704314475832,0.0770288480680757,-2.12523383877109,0.0335671057762509
