"term","estimate","std.error","statistic","p.value"
"(Intercept)",-3.62591845436514,0.700042814033154,-5.17956670889192,2.22401871692648e-07
"human_impact",-0.402065953470923,0.299394362652909,-1.34293094201323,0.179294336158172
"log10(area)",1.43429055980722,0.117286636500024,12.2289341958146,2.17777262500193e-34
"depth",-5.26893148926067,0.331996244963446,-15.8704550704807,1.01502267291876e-56
"eutro",-0.721110592231957,0.28076347736057,-2.56839172605728,0.0102171624757781
"log10(RT)",-0.301842114026578,0.112611407012418,-2.68038666805125,0.00735371609531934
