"term","estimate","std.error","statistic","p.value"
"(Intercept)",-13.2773243396125,4.68889659909341,-2.83165219343494,0.00463081897128311
"human_impact",-2.58517487660981,1.34626852329959,-1.92025203877883,0.0548260713044325
"log10(area)",2.51312368104394,0.696690021499685,3.60723363833205,0.000309478972566828
"log10(depth)",-23.0547119883766,4.93730049017945,-4.66949743776657,3.01937465045918e-06
"eutro",-3.27651425284375,1.68321752253995,-1.94657803223171,0.0515853444012352
"log10(RT)",0.0508170943585758,0.573494522584184,0.0886095548560645,0.929392214281738
