"term","estimate","std.error","statistic","p.value"
"(Intercept)",-3.76366681475008,0.704504309791838,-5.34229068926796,9.17793190926361e-08
"human_impact",-0.261197283980501,0.295926366972668,-0.882642823120341,0.377429283623813
"log10(area)",1.45393165488337,0.117970669629275,12.3245181149889,6.68418536620465e-35
"depth",-5.04585427428563,0.324709128543849,-15.5396132437473,1.87109199380022e-54
"eutro",-0.732126356538768,0.276539747913486,-2.6474543426857,0.00811003102936566
"log10(RT)",-0.405457003094006,0.111730625345146,-3.62887974395125,0.000284653794095718
