"estimate","std.error","Adjusted.SE","statistic","p.value","term"
-14.4904512327655,4.79209198506971,4.85335370200847,2.98565736652759,0.0028297,"(Intercept)"
-2.31880369878675,1.26469974369956,1.2818138443534,1.80900191474875,0.07045071,"human_impact"
2.57618824418914,0.691767363111806,0.701021214592905,3.67490767834348,0.00023794,"log10(area)"
-23.8069893620843,5.03407262025286,5.10029952123539,4.6677629937149,3.04e-06,"log10(depth)"
-2.99373201403836,1.63375336278728,1.65580409578145,1.80802307571626,0.07060291,"eutro"
0.56904202510927,0.527384952153904,0.534572199213299,1.0644811420173,0.28711079,"log10(RT)"
