"term","estimate","std.error","statistic","p.value"
"(Intercept)",-3.95697683198749,0.694282825973823,-5.69937305655992,1.20248826427461e-08
"human_impact",-0.495887145584754,0.293576434713348,-1.68912449008022,0.091195575545914
"log10(area)",1.45002317588075,0.117023427168658,12.390879424433,2.92814569011314e-35
"depth",-4.93975035470349,0.320823510196582,-15.3970959038404,1.71186591834891e-53
"eutro",-0.63402283085956,0.278896452531178,-2.27332698248889,0.0230064826871911
"log10(RT)",-0.332337524462574,0.109218557128448,-3.04286682776558,0.00234336012216268
