"term","estimate","std.error","statistic","p.value"
"(Intercept)",-3.80054248037811,0.679183702644209,-5.59575040682186,2.19669537630934e-08
"human_impact",-0.495469695856807,0.29399706795041,-1.68528788164779,0.0919330426316625
"log10(area)",1.4100516092315,0.114395877567949,12.3260701277801,6.55672351385865e-35
"depth",-4.86969414350868,0.316563373458761,-15.3829992721601,2.12854824028669e-53
"eutro",-0.73595564621751,0.280269691817184,-2.62588381014656,0.00864243127736287
"log10(RT)",-0.298004566267014,0.108930889730196,-2.73572140101971,0.00622436988661986
