"term","estimate","std.error","statistic","p.value"
"(Intercept)",-3.50780031800873,0.681698066395085,-5.14568031057866,2.66553029275141e-07
"human_impact",-0.431736957744282,0.293832649393537,-1.46932942487969,0.141743459478588
"log10(area)",1.40410141612925,0.114965927468113,12.213196092544,2.64298800956195e-34
"depth",-5.11743369443159,0.324932101826442,-15.7492401202175,6.95115458679761e-56
"eutro",-0.691759506544347,0.276717950089533,-2.49987218509145,0.01242381212375
"log10(RT)",-0.329998303286736,0.112771997506723,-2.92624331024254,0.00343082498680847
