"term","estimate","std.error","statistic","p.value"
"(Intercept)",-3.71773005608654,0.691220816124273,-5.37849840363913,7.5109648137121e-08
"human_impact",-0.356475050261312,0.292534320883633,-1.21857513738743,0.223005490380253
"log10(area)",1.40879498407392,0.115716114816301,12.1745790230719,4.24579037725939e-34
"depth",-4.8280459921577,0.315825407815518,-15.2870727708452,9.32482147569944e-53
"eutro",-0.787602970310082,0.278673940163468,-2.82625268027602,0.00470960969590895
"log10(RT)",-0.37193987817117,0.109177264845631,-3.40675211727522,0.000657408031586013
