"estimate","std.error","Adjusted.SE","statistic","p.value","term"
-6.32247349519883,3.48483464265284,3.53166191129626,1.79022614678262,0.0734176,"(Intercept)"
-1.95675647805291,1.15978812128536,1.17545949437043,1.66467367648508,0.0959779,"human_impact"
1.26206568457072,0.507124073328973,0.513978573953668,2.45548306588455,0.0140695,"log10(area)"
-13.4175516681743,3.19030672706597,3.23328837264848,4.14981595260048,3.33e-05,"log10(depth)"
-2.64788096232195,1.43044126367286,1.44977645168055,1.82640638096486,0.0677891,"eutro"
0.222981564901254,0.440607808186283,0.446612448934564,0.499273061987407,0.617587,"log10(RT)"
