"term","estimate","std.error","statistic","p.value"
"(Intercept)",-3.8481527968837,0.712883622500548,-5.3980098229578,6.7384179118312e-08
"human_impact",-0.269017408815062,0.299466548738081,-0.898322066182924,0.369013871729215
"log10(area)",1.52776051496841,0.123385421077179,12.3820180830989,3.27015136603155e-35
"depth",-5.53472557214289,0.341528951612507,-16.2057288145296,4.59408221828331e-59
"eutro",-0.953830594382165,0.281925746721765,-3.38326884108073,0.000716284777856446
"log10(RT)",-0.31186557536004,0.114569619441654,-2.72206172002572,0.00648760246559424
