"estimate","std.error","Adjusted.SE","statistic","p.value","term"
-8.43152378302668,3.8352502281849,3.88708484710512,2.16911235917734,0.0300742,"(Intercept)"
-1.82342807016302,1.22177310729781,1.23828318304916,1.47254529103188,0.1408737,"human_impact"
1.80448383486144,0.583435729222054,0.591319835476183,3.05162067395948,0.0022761,"log10(area)"
-19.7997143959328,4.39376112315998,4.45313896764687,4.44623770777928,8.7e-06,"log10(depth)"
-4.72113720007371,1.67076796177206,1.69334566004847,2.78805285386244,0.0053026,"eutro"
0.0261158203949687,0.474718649010009,0.481188155203165,0.0542736144116894,0.9567172,"log10(RT)"
