"estimate","std.error","Adjusted.SE","statistic","p.value","term"
-6.64645333074695,3.2606767363527,3.30323852640277,2.01210214691488,0.0442092,"(Intercept)"
-1.22559940290207,1.11078715804011,1.12575651979148,1.08868958904993,0.2762908,"human_impact"
1.25699832892182,0.47550387875542,0.48178038186102,2.60906914487943,0.0090789,"log10(area)"
-12.96067014573,3.14239825036401,3.18439622031703,4.0700557496704,4.7e-05,"log10(depth)"
-2.42626774173137,1.39006023390215,1.40836228780944,1.72275824390696,0.0849323,"eutro"
0.0449453583068727,0.409585132474457,0.415104847004477,0.108274713319327,0.9137778,"log10(RT)"
