"estimate","std.error","Adjusted.SE","statistic","p.value","term"
-9.48566780331299,4.10743572258473,4.16295534023215,2.27858985457769,0.0226915,"(Intercept)"
-1.99416411147722,1.26948390802356,1.28663906156005,1.54990173317083,0.1211651,"human_impact"
1.9798337492691,0.623175046268709,0.631596113675228,3.13465156989099,0.0017206,"log10(area)"
-20.6676282730903,4.51061129576545,4.57156736569161,4.52090642439076,6.2e-06,"log10(depth)"
-4.30625997118469,1.67903044177057,1.70171951068968,2.53053452354169,0.0113889,"eutro"
-0.0079226042941432,0.556347458375855,0.563929408937552,0.0140489291187517,0.9887909,"log10(RT)"
