"term","estimate","std.error","statistic","p.value"
"(Intercept)",-3.7234500513335,0.68030830586563,-5.47318034960009,4.42029844432383e-08
"human_impact",-0.197632582917654,0.29022427384749,-0.680965035410883,0.495893614716329
"log10(area)",1.41063192111746,0.114873218612078,12.2799024712723,1.16138180392055e-34
"depth",-5.03081709639425,0.319579672926261,-15.741980866083,7.79643477185718e-56
"eutro",-0.785583379785007,0.278937610358474,-2.81634082537461,0.0048574106165797
"log10(RT)",-0.331273447907013,0.111475645506211,-2.97171141196535,0.00296144905094656
