"term","estimate","std.error","statistic","p.value"
"(Intercept)",-3.85545975659724,0.722004180656779,-5.33994104174034,9.29768136698818e-08
"human_impact",-0.288103296999673,0.301464902961429,-0.955677739496375,0.339235072336318
"log10(area)",1.48430052384688,0.121167292170864,12.2500098603656,1.67975496886786e-34
"depth",-5.29361826127049,0.334439241345836,-15.8283407173397,1.9838402831608e-56
"eutro",-0.748249936867392,0.281745853793357,-2.655762016701,0.00791294349473288
"log10(RT)",-0.341331499452314,0.112630632701474,-3.03053877320397,0.0024411784111333
