"term","estimate","std.error","statistic","p.value"
"(Intercept)",-3.67585158490734,0.687220436296422,-5.34886826811683,8.85059306994404e-08
"human_impact",-0.4135931800321,0.292836612990658,-1.41236840505765,0.157841514399224
"log10(area)",1.39289474019955,0.115552803530044,12.0541838678747,1.84349452638306e-33
"depth",-4.88341392315158,0.318929145905807,-15.3119085723004,6.36678722038271e-53
"eutro",-0.606000050167678,0.276993465379847,-2.18777742405099,0.0286858191310452
"log10(RT)",-0.358022768742348,0.112382484659357,-3.18575238683815,0.0014437810983569
