"term","estimate","std.error","statistic","p.value"
"(Intercept)",-3.69492007117629,0.692026914527167,-5.33927220692114,9.33204408838441e-08
"human_impact",-0.570056184263938,0.293506798398319,-1.94222480492705,0.0521098914693595
"log10(area)",1.45289007382833,0.115306513251375,12.6002428905377,2.10495294013588e-36
"depth",-5.06648293595122,0.325078008947856,-15.5854373304098,9.14354450135016e-55
"eutro",-0.542258754590715,0.278882887819853,-1.9443959392051,0.0518477231834134
"log10(RT)",-0.387146037520389,0.111545232048163,-3.47075379567303,0.000518999625885552
