"term","estimate","std.error","statistic","p.value"
"(Intercept)",-3.69833112176452,0.70285646230379,-5.26185831690628,1.4260664392344e-07
"human_impact",-0.336919069807586,0.296540045261102,-1.13616718953061,0.255886599397545
"log10(area)",1.37683853249635,0.116429300075153,11.8255330196747,2.88068379246256e-32
"depth",-4.8845268368928,0.31764846721331,-15.3771459366517,2.32993954869426e-53
"eutro",-0.653134633382426,0.278615471040307,-2.3442152402511,0.0190671642678196
"log10(RT)",-0.319484980235778,0.109063530384719,-2.92934750148653,0.00339674442421936
