"estimate","std.error","Adjusted.SE","statistic","p.value","term"
-10.8422232070932,4.01690403448723,4.07058777349648,2.66355224611216,0.007732,"(Intercept)"
-3.09573539917567,1.19691852497843,1.21309725819466,2.55192679586364,0.0107129,"human_impact"
2.07313133975155,0.594213975212193,0.602235507796483,3.44239307200089,0.0005766,"log10(area)"
-18.089827162035,4.25928085478422,4.31649152917652,4.19086358440881,2.78e-05,"log10(depth)"
-2.56901083633688,1.58833067354262,1.60979841776508,1.59585871621337,0.1105203,"eutro"
0.265168826017919,0.525634798233413,0.532798194046072,0.497690924971471,0.6187019,"log10(RT)"
