"term","estimate","std.error","statistic","p.value"
"(Intercept)",-3.36610311301048,0.678990616388896,-4.95751050421368,7.14021830513224e-07
"human_impact",-0.461131194250818,0.291743626263411,-1.58060417688258,0.113968570196682
"log10(area)",1.33071269678636,0.112318028457469,11.8477212880411,2.21122075684565e-32
"depth",-4.78051303101631,0.30786415527317,-15.5279948936392,2.24283626291203e-54
"eutro",-0.615082996542877,0.278445989172743,-2.20898493948602,0.0271756884621243
"log10(RT)",-0.343590496111076,0.108663522438537,-3.16196722138675,0.00156707202858229
