"term","estimate","std.error","statistic","p.value"
"(Intercept)",-4.07226414773806,0.714568961225949,-5.69890992851339,1.20575905278959e-08
"human_impact",-0.135466906732043,0.299018615226793,-0.453038372307682,0.650521110708595
"log10(area)",1.56227752121156,0.121160082813851,12.8943253002874,4.84484720965638e-38
"depth",-5.43823726639931,0.334021468506236,-16.2811010044337,1.34428408870364e-59
"eutro",-0.748242838154025,0.282929737918681,-2.64462422246007,0.00817816821986512
"log10(RT)",-0.423239040932831,0.114358603158118,-3.70098120512752,0.000214767385262484
