"term","estimate","std.error","statistic","p.value"
"(Intercept)",-3.13387696995314,0.685206633886361,-4.57362321812092,4.7936155174464e-06
"human_impact",-0.693915593042292,0.296378171851875,-2.34131815007315,0.0192157845257774
"log10(area)",1.36521168822367,0.115437879951108,11.8263752660902,2.85193322859324e-32
"depth",-5.01686251755469,0.321984053798106,-15.5810899899422,9.78715280430717e-55
"eutro",-0.698214329731643,0.276391688331507,-2.52617701330511,0.0115311364322024
"log10(RT)",-0.359006331703519,0.110012809082308,-3.26331392406244,0.00110117469562647
