"estimate","std.error","Adjusted.SE","statistic","p.value","term"
-8.0007009929449,3.50804659030491,3.55533961506212,2.2503338243835,0.0244278,"(Intercept)"
-1.91117960521278,1.12120663305138,1.13635991379456,1.68184356207261,0.0925992,"human_impact"
1.61443741661444,0.531823007918964,0.539010422796197,2.99518775210191,0.0027428,"log10(area)"
-14.9854775780646,3.76610884416054,3.8169771831519,3.92600659082017,8.64e-05,"log10(depth)"
-2.83422644050588,1.39638564903511,1.41525756376323,2.00262235869601,0.0452178,"eutro"
-0.167480567038795,0.454177196582028,0.460366762111432,0.36379812971436,0.7160088,"log10(RT)"
