"estimate","std.error","Adjusted.SE","statistic","p.value","term"
-6.5066428209085,3.59551472075996,3.64403312858138,1.78556083090319,0.0741704,"(Intercept)"
-2.48106057186429,1.29774252767965,1.31527966994864,1.88633689743047,0.0592496,"human_impact"
1.54825268962346,0.53617317158567,0.54341851602665,2.84909815172278,0.0043843,"log10(area)"
-20.9654173248506,4.64607612569384,4.70883493503234,4.45235766683475,8.5e-06,"log10(depth)"
-4.67773171253951,1.71440890734877,1.73757692119074,2.69210050818004,0.0071004,"eutro"
0.11441119478169,0.509040834037104,0.515978085891945,0.221736538643716,0.824519,"log10(RT)"
