"term","estimate","std.error","statistic","p.value"
"(Intercept)",-3.6509415632069,0.692786340077419,-5.26993872713903,1.36469306867825e-07
"human_impact",-0.454505680904411,0.293793819950496,-1.54702260578862,0.121857794682856
"log10(area)",1.44141174052182,0.115895389511789,12.437179309667,1.64200568782989e-35
"depth",-5.12940138561747,0.328231253731147,-15.6274008867508,4.7373600862889e-55
"eutro",-0.713529902523406,0.277325669610301,-2.57289526615427,0.0100851721738845
"log10(RT)",-0.327725299639453,0.110454501501807,-2.96706150662489,0.00300660806284706
