"estimate","std.error","Adjusted.SE","statistic","p.value","term"
-5.92797266417022,3.14960627786054,3.19217357332893,1.85703331225447,0.0633064,"(Intercept)"
-1.89018452422846,1.20044305158308,1.21666486221388,1.55357862541459,0.120285,"human_impact"
1.15383345979164,0.454615718176051,0.460759122890874,2.50420100757271,0.0122728,"log10(area)"
-11.1777496754671,2.82665346869924,2.86485248947139,3.90168419370505,9.55e-05,"log10(depth)"
-1.87444720000406,1.31394944184015,1.3317051526276,1.40755421446374,0.1592631,"eutro"
0.0233231303209396,0.441008676073987,0.447018779883994,0.0521748332966955,0.9583894,"log10(RT)"
