"estimate","std.error","Adjusted.SE","statistic","p.value","term"
-7.1575902420881,3.4698073671013,3.51647999186331,2.03544176524532,0.0418064,"(Intercept)"
-2.38098567591569,1.15421362076723,1.16981404052329,2.03535399083653,0.0418153,"human_impact"
1.45722102551269,0.508045766044025,0.514912617615398,2.83003557431006,0.0046543,"log10(area)"
-16.9976748070702,3.70572654850154,3.75573779899451,4.52578846468483,6e-06,"log10(depth)"
-2.71994837321595,1.4571297800343,1.4768246052659,1.84175450728371,0.0655111,"eutro"
0.211599425680278,0.464248071936862,0.470574884213607,0.449661536938779,0.6529545,"log10(RT)"
