"estimate","std.error","Adjusted.SE","statistic","p.value","term"
-9.67523764661938,3.7920452990523,3.84328938972905,2.517436670909,0.0118212,"(Intercept)"
-2.36271322937532,1.30184996865715,1.31944229179169,1.79069084269456,0.0733429,"human_impact"
2.14506268813193,0.598332316225906,0.606417786708117,3.53726875291078,0.0004043,"log10(area)"
-22.5403790263531,5.09078857590662,5.1595829873033,4.36864356709069,1.25e-05,"log10(depth)"
-5.13564851299629,1.82833916058992,1.85304615277884,2.77146281828698,0.0055805,"eutro"
0.0569665688969902,0.544623542783435,0.552045718824599,0.103191759222917,0.9178108,"log10(RT)"
