"term","estimate","std.error","statistic","p.value"
"(Intercept)",-3.95838538208468,0.705433378564037,-5.61128166368067,2.00833566470423e-08
"human_impact",-0.29285957361336,0.296468325217746,-0.987827530641813,0.323237121997742
"log10(area)",1.45259743509957,0.118147061890701,12.294824872102,9.65658206336396e-35
"depth",-5.13196991153963,0.327917883941488,-15.6501678098635,3.31344656338927e-55
"eutro",-0.813548610848918,0.279257692740283,-2.91325407320307,0.00357683448982752
"log10(RT)",-0.276573997758202,0.109893942640353,-2.51673560082686,0.0118447678499002
