"term","estimate","std.error","statistic","p.value"
"(Intercept)",-3.92727511311801,0.694364240538613,-5.65592938667413,1.55005190068376e-08
"human_impact",-0.42131196959439,0.292336797420999,-1.44118692313528,0.149531881746218
"log10(area)",1.42716289312561,0.114906553688823,12.4202044819001,2.03041868465727e-35
"depth",-4.88469113438783,0.31297701373293,-15.6071881322123,6.50409793736979e-55
"eutro",-0.528623099676169,0.280671615939624,-1.88342201225607,0.0596431995680597
"log10(RT)",-0.3463670728119,0.109464707044074,-3.16418946494273,0.00155515520946877
