"estimate","std.error","Adjusted.SE","statistic","p.value","term"
-7.08303813985096,3.39350522471877,3.43929768442106,2.05944317409188,0.0394518,"(Intercept)"
-2.03640051194147,1.1479464864379,1.16345919326679,1.7502981829759,0.0800669,"human_impact"
1.55854717544605,0.520595608150517,0.527630617362012,2.95386037913853,0.0031383,"log10(area)"
-17.2604358396321,3.87519393499239,3.92754080530464,4.39471839893293,1.11e-05,"log10(depth)"
-4.05871632142845,1.50990351110667,1.5303078163097,2.65222217267109,0.0079964,"eutro"
-0.10915033239738,0.470533903490424,0.476946379615112,0.22885241834829,0.8189836,"log10(RT)"
