"term","estimate","std.error","statistic","p.value"
"(Intercept)",-3.46010302038868,0.703226343400952,-4.9203262261975,8.64000813614774e-07
"human_impact",-0.350216741129945,0.29714458824246,-1.1786071663004,0.238554636723248
"log10(area)",1.42831136713098,0.117300459504724,12.1765197950777,4.14598629904529e-34
"depth",-5.29503687355303,0.330849064563584,-16.004388226207,1.19077938069346e-57
"eutro",-0.913517014396501,0.282171958923284,-3.23744789483092,0.00120603961227776
"log10(RT)",-0.310892323963243,0.110768129610253,-2.80669471496129,0.00500526521936933
