"term","estimate","std.error","statistic","p.value"
"(Intercept)",-2.82317990981264,0.49609843394163,-5.69076561556897,1.26471010745783e-08
"human_impact",-2.59174625014993,0.193973579969298,-13.3613363766352,1.01721367669414e-40
"log10(area)",1.7141923089371,0.0913468024167836,18.7657615109048,1.43920310307334e-78
"depth",-5.90608290882846,0.247464345962673,-23.866399362918,6.84283104198193e-126
"eutro",-1.44636993310793,0.186047738789644,-7.77418711196095,7.59334295540347e-15
"log10(RT)",-0.191541263178835,0.0768716657657759,-2.49170173783474,0.0127132746493172
