"estimate","std.error","Adjusted.SE","statistic","p.value","term"
-11.0974538221532,3.85519080336563,3.90723846153063,2.84022946933365,0.0045081,"(Intercept)"
-2.28875268430332,1.22553314340925,1.24209278954279,1.84265837751607,0.0653789,"human_impact"
2.08868618261689,0.581946591657741,0.589810815972075,3.5412815873417,0.0003982,"log10(area)"
-16.4452960103104,3.80760198320977,3.85903094994768,4.26150922954721,2.03e-05,"log10(depth)"
-2.65758047248339,1.47812258702648,1.49809550849303,1.77397265889724,0.0760677,"eutro"
0.112638735817598,0.513291247525017,0.520286424376992,0.216493705274889,0.8286029,"log10(RT)"
