"estimate","std.error","Adjusted.SE","statistic","p.value","term"
-7.56431116100457,3.23087889618147,3.27454647058542,2.31003323023607,0.0208863,"(Intercept)"
-1.64562317777284,1.07812377555287,1.09269265689863,1.50602565816045,0.1320606,"human_impact"
1.41488344472193,0.476859803762835,0.483303717348783,2.92752444049765,0.0034167,"log10(area)"
-13.1906648815124,3.21189525275034,3.25529951488864,4.05205874948918,5.08e-05,"log10(depth)"
-2.28183311224756,1.36289883550094,1.38131593009608,1.65192702301554,0.0985494,"eutro"
0.00302520787197659,0.425392466925178,0.431189751706456,0.00701595494791835,0.9944021,"log10(RT)"
