"term","estimate","std.error","statistic","p.value"
"(Intercept)",-3.10849412302005,0.499955196259945,-6.21754538461448,5.04992124721315e-10
"human_impact",-2.36099784564616,0.192519729224761,-12.263666976644,1.41928749516469e-34
"log10(area)",1.80797819535928,0.0928090014586027,19.4806340650666,1.60282208806352e-84
"depth",-6.27857460173403,0.255413872008997,-24.5819639800648,1.96971401964766e-133
"eutro",-1.54903027195923,0.189824062700439,-8.16034727063949,3.34062727990434e-16
"log10(RT)",-0.172621188583795,0.0783998987335405,-2.20180371878396,0.0276791762905248
