"estimate","std.error","Adjusted.SE","statistic","p.value","term"
-9.85588655498124,4.05947920832283,4.11320961983939,2.39615469813233,0.0165681,"(Intercept)"
-2.07633242896726,1.24219707238308,1.25899321086006,1.64920065577546,0.0991065,"human_impact"
1.89760263470845,0.609700523262447,0.617933680504786,3.07088397117036,0.0021343,"log10(area)"
-20.0972432880093,4.36798494905702,4.42650777455668,4.54020286681233,5.6e-06,"log10(depth)"
-3.3200147101368,1.61216840445332,1.63396312543395,2.03187860145563,0.0421659,"eutro"
0.380470667126266,0.505398185064688,0.512285794588991,0.742692206469474,0.457668,"log10(RT)"
