"term","estimate","std.error","statistic","p.value"
"(Intercept)",-3.45971955733859,0.49952969371022,-6.92595375390355,4.33047924694806e-12
"human_impact",-2.56617031771642,0.193695169730699,-13.2484992851616,4.60316041895089e-40
"log10(area)",1.88224711483904,0.0942721900642831,19.9660908859289,1.08629829897907e-88
"depth",-6.33416444594062,0.258709465109281,-24.4836981254823,2.20347391683364e-132
"eutro",-1.51323982238711,0.190845067354846,-7.92915344033219,2.2064478943601e-15
"log10(RT)",-0.168957826313772,0.078435778182869,-2.15409128624765,0.0312330137608816
