"estimate","std.error","Adjusted.SE","statistic","p.value","term"
-8.07089126830124,3.55312750951009,3.60105528107992,2.24125725331294,0.0250094,"(Intercept)"
-1.76247433946261,1.13098564948359,1.1462699886033,1.5375734835474,0.1241529,"human_impact"
1.56127460637832,0.510934368312554,0.517839075974497,3.01498028792098,0.00257,"log10(area)"
-13.7807262230798,3.28399292668024,3.32833406308302,4.14042760188403,3.47e-05,"log10(depth)"
-2.3213902658757,1.45238723644573,1.47201512787222,1.57701522349926,0.114792,"eutro"
-0.133185646671346,0.457939443763205,0.464180281517725,0.286926549822131,0.7741686,"log10(RT)"
