"term","estimate","std.error","statistic","p.value"
"(Intercept)",-3.60583909086934,0.694961409699373,-5.18854578188616,2.11942658938265e-07
"human_impact",-0.222903151113662,0.298620371957645,-0.746443217026324,0.455399720953854
"log10(area)",1.42377558463848,0.115586417587735,12.3178450751601,7.26086348270667e-35
"depth",-5.26580803161676,0.331745675116081,-15.8730269197155,9.7426732433861e-57
"eutro",-0.794936011842175,0.283673362265209,-2.80229347406607,0.0050740692568198
"log10(RT)",-0.300858008290064,0.110712436156538,-2.71747256888717,0.00657826080691047
