"term","estimate","std.error","statistic","p.value"
"(Intercept)",-6.64263543774561,3.72164450962429,-1.78486564758336,0.0742831119203888
"human_impact",-2.4162503359152,1.23257009188586,-1.96033503637776,0.049956643467275
"log10(area)",1.59786469687767,0.533217678647451,2.99664613696001,0.00272967368870343
"log10(depth)",-18.2865309036151,4.08492868943828,-4.47658509948915,7.58464436308677e-06
"eutro",-3.6865208448263,1.56995743113074,-2.34816611694442,0.0188661051450596
"log10(RT)",-0.243889604424036,0.51778418051752,-0.47102560024192,0.637622453507494
