"term","estimate","std.error","statistic","p.value"
"(Intercept)",-2.83218950678451,0.492958313290312,-5.7452921077255,9.17624355090072e-09
"human_impact",-2.5203456105139,0.191792892918965,-13.140974997331,1.9174012900518e-39
"log10(area)",1.67731058293069,0.0906562212708687,18.5018806146697,1.99393481331686e-76
"depth",-5.75485524845272,0.242697677843762,-23.7120325978456,2.70949399162096e-124
"eutro",-1.50230143869902,0.185032956547646,-8.11910195204701,4.69645871132525e-16
"log10(RT)",-0.163831575180258,0.0761691894419181,-2.15089035843273,0.031484854730969
