"term","estimate","std.error","statistic","p.value"
"(Intercept)",-3.8840969444156,0.683003222016728,-5.68679153949947,1.29448309317584e-08
"human_impact",-0.39010580300522,0.290860290334615,-1.34121368907536,0.179851083125829
"log10(area)",1.51273547409565,0.117401868348882,12.885105623705,5.46007010168856e-38
"depth",-5.05332441027564,0.323284147245238,-15.6312162329515,4.46204266503514e-55
"eutro",-0.80106723483884,0.276758032014502,-2.89446788231557,0.00379801761948297
"log10(RT)",-0.445382199559506,0.111839548520451,-3.98233188037293,6.82423953561285e-05
