"estimate","std.error","Adjusted.SE","statistic","p.value","term"
-9.47436828681116,3.54495772710223,3.59163476888406,2.63789858837871,0.0083422,"(Intercept)"
-1.63138231872107,1.15423731845103,1.16925470559307,1.39523263059574,0.1629457,"human_impact"
1.62376924566599,0.514834701244659,0.521765262941387,3.11206851240381,0.0018578,"log10(area)"
-12.7289103716554,3.16374431087675,3.20485029739699,3.97176441657631,7.13e-05,"log10(depth)"
-1.74456291845899,1.39606930217505,1.41488322729381,1.2330084100267,0.2175726,"eutro"
0.023210744122798,0.409500250768927,0.415018821402975,0.0559269674670027,0.9554,"log10(RT)"
