"estimate","std.error","Adjusted.SE","statistic","p.value","term"
-8.41764197450864,3.23687829309346,3.27908610637938,2.56706951309767,0.0102562,"(Intercept)"
-1.8526630894545,1.1693609978707,1.18443361383698,1.56417638592068,0.11777615,"human_impact"
1.46141977474094,0.484786043897088,0.491280132828088,2.97471783833019,0.00293258,"log10(area)"
-14.38640100634,3.53537207582431,3.57873447299205,4.01996882275316,5.821e-05,"log10(depth)"
-1.91597374153173,1.41776726402604,1.43687359857523,1.333432351622,0.18238996,"eutro"
