"term","estimate","std.error","statistic","p.value"
"(Intercept)",-3.71908337521631,0.684990767926708,-5.42939197045389,5.65463687255697e-08
"human_impact",-0.460937453703495,0.292910744482574,-1.57364474463967,0.115569602744075
"log10(area)",1.416423471666,0.115071429503402,12.3090803492984,8.09402059035371e-35
"depth",-4.9345522599777,0.322189619846288,-15.315677340356,6.00826967985796e-53
"eutro",-0.844001418250926,0.283798802467293,-2.97394284582366,0.00293999830656413
"log10(RT)",-0.321338172624521,0.110596849900686,-2.90549118635003,0.00366677175752
