"term","estimate","std.error","statistic","p.value"
"(Intercept)",-4.06658835648965,0.709721824167854,-5.72983416602372,1.0052886498208e-08
"human_impact",-0.237437905930541,0.295217119152615,-0.804282307923326,0.421233952946275
"log10(area)",1.5003254578149,0.119669965779635,12.5371930044474,4.67254635076303e-36
"depth",-5.16598867866084,0.326749285154625,-15.8102524270747,2.64405309360977e-56
"eutro",-0.675132266028072,0.278559839029145,-2.42365255659641,0.0153652980803521
"log10(RT)",-0.361865461472283,0.110749761725187,-3.26741525972952,0.0010853435311478
