"estimate","std.error","Adjusted.SE","statistic","p.value","term"
-7.69602163018813,3.63331839138705,3.68236563823358,2.08996671875308,0.0366208,"(Intercept)"
-2.34868463121904,1.27491573688573,1.29214455086865,1.81766399869127,0.0691155,"human_impact"
1.54971040228306,0.535774808594522,0.543014722540024,2.8539012626289,0.0043186,"log10(area)"
-16.2580659287944,3.74397231412151,3.7945340208884,4.28460143967505,1.83e-05,"log10(depth)"
-3.03701018471181,1.52322742929022,1.54381076426359,1.96721661424642,0.0491582,"eutro"
0.101062715539089,0.484715684287009,0.491321430928634,0.205695720107451,0.8370286,"log10(RT)"
