"estimate","std.error","Adjusted.SE","statistic","p.value","term"
-11.15978065835,3.53428039735651,3.58102606829961,3.11636398213909,0.001831,"(Intercept)"
-1.52423349608453,1.0926221211109,1.10722120945322,1.37662960488017,0.1686268,"human_impact"
1.81200677404564,0.524196404164692,0.531191789416615,3.41121005660816,0.0006468,"log10(area)"
-12.0543280924239,2.89368867717125,2.9321585979126,4.11107642710917,3.94e-05,"log10(depth)"
-0.864412510052903,1.40858038333464,1.42756291222093,0.605516228148637,0.544836,"eutro"
0.0127468131688091,0.44570870923798,0.451715237901934,0.0282186919972276,0.9774877,"log10(RT)"
