"term","estimate","std.error","statistic","p.value"
"(Intercept)",-4.06530393640473,0.712865021743514,-5.70276814320595,1.17877271760006e-08
"human_impact",-0.423265617348438,0.296245391826418,-1.42876692440315,0.15307123510482
"log10(area)",1.54499477683964,0.122551495028478,12.6069027267323,1.93447007204897e-36
"depth",-5.28699117993325,0.335175608053138,-15.7737945509897,4.71310587103865e-56
"eutro",-0.67945878260213,0.282681972323754,-2.40361554370347,0.016233835953446
"log10(RT)",-0.390371091779724,0.112885803733652,-3.45810614681704,0.000543987010449882
