"term","estimate","std.error","statistic","p.value"
"(Intercept)",-2.57391289370883,0.48538319937603,-5.30284710516897,1.14010406689346e-07
"human_impact",-2.48975835825413,0.190111972282944,-13.0962733611991,3.4582536651124e-39
"log10(area)",1.61552891424561,0.0883091072456705,18.2940238513714,9.2340324248074e-75
"depth",-5.70045416543163,0.241507242007971,-23.6036572569674,3.53484179321351e-123
"eutro",-1.39105286173179,0.185195498599568,-7.51126713257509,5.85577616046389e-14
"log10(RT)",-0.157429415711556,0.0753240682834597,-2.09002805211101,0.036615279868828
