"term","estimate","std.error","statistic","p.value"
"(Intercept)",-3.89836992940908,0.690579087461086,-5.64507382310321,1.65110385400909e-08
"human_impact",-0.493216291754082,0.298239271025046,-1.65376038527355,0.0981762079385402
"log10(area)",1.40437672276992,0.114662033792991,12.2479662736958,1.72261671997022e-34
"depth",-4.72926341041078,0.313926275411384,-15.0648855506387,2.75642557845584e-51
"eutro",-0.465781205710095,0.280232795130414,-1.66212239896237,0.0964882353071246
"log10(RT)",-0.390579459559801,0.111118165175707,-3.51499198121381,0.000439767266854726
