"term","estimate","std.error","statistic","p.value"
"(Intercept)",-4.06472301275131,0.697139841030356,-5.83057053050324,5.52381846629362e-09
"human_impact",-0.436565127995691,0.297533380212994,-1.46728117592443,0.142299582293941
"log10(area)",1.51082174372727,0.118653922258841,12.7330113911569,3.8759625419454e-37
"depth",-5.085388940234,0.328564056581572,-15.4776179511025,4.91331214720506e-54
"eutro",-0.626720970479886,0.283748697568156,-2.20871840417646,0.0271942335051919
"log10(RT)",-0.401250559234668,0.110795717039004,-3.6215349289487,0.000292860254719994
