"term","estimate","std.error","statistic","p.value"
"(Intercept)",-3.50148482635626,0.705341712013762,-4.96423898759576,6.89709725225542e-07
"human_impact",-0.466486442944805,0.30068967232676,-1.55138831119505,0.120808654700382
"log10(area)",1.44247696064956,0.118924359370391,12.1293649870079,7.38196340085509e-34
"depth",-5.35348445679107,0.332383834344088,-16.1063322088314,2.30284323751012e-58
"eutro",-0.710028307074528,0.279522129733642,-2.54015060543192,0.0110804743361139
"log10(RT)",-0.319473027091043,0.111117739199064,-2.87508573692915,0.00403917800472211
