"term","estimate","std.error","statistic","p.value"
"(Intercept)",-4.05273191705783,0.716861117134275,-5.65344084117581,1.57267256678789e-08
"human_impact",-0.315688582232429,0.297580036180686,-1.06085269120926,0.288756851922541
"log10(area)",1.57894166043708,0.123587287322512,12.7759229500418,2.23480878821899e-37
"depth",-5.52173782624172,0.34285156711976,-16.1053305738951,2.34043880060251e-58
"eutro",-0.721943616962291,0.279912409349223,-2.57917688837291,0.00990360593875349
"log10(RT)",-0.381156885113148,0.112891604406114,-3.37630851397933,0.00073465490249476
