"term","estimate","std.error","statistic","p.value"
"(Intercept)",-4.19675753213354,0.712040682035022,-5.89398560787165,3.76990019279003e-09
"human_impact",-0.249508679992167,0.298119569981639,-0.836941633880438,0.402625376424591
"log10(area)",1.45977392236272,0.117892519362897,12.3822438459325,3.26096396240331e-35
"depth",-4.96087040739212,0.322614659631237,-15.3770768292508,2.33242722218393e-53
"eutro",-0.520081834842572,0.283543889411545,-1.83421986600356,0.0666213636546072
"log10(RT)",-0.346019364138389,0.112273014239469,-3.08194597323592,0.00205652159325824
