"term","estimate","std.error","statistic","p.value"
"(Intercept)",-3.32746060187463,0.704308221568139,-4.72443810817096,2.30752476728142e-06
"human_impact",-0.489706618860933,0.299840612003089,-1.63322311674006,0.102422079808476
"log10(area)",1.38234854655559,0.11741558810899,11.7731262843264,5.36969935971023e-32
"depth",-5.17410172321943,0.327641110763559,-15.7919795570261,3.53315799681859e-56
"eutro",-0.599517361326403,0.279948456130671,-2.14152765695756,0.0322315106139127
"log10(RT)",-0.331003978681671,0.109962211399613,-3.01016116781037,0.00261109098025693
