"estimate","std.error","Adjusted.SE","statistic","p.value","term"
-10.8043443811175,4.39016689996653,4.44902793064938,2.42847303939953,0.0151626,"(Intercept)"
-2.15230588884869,1.3646313393822,1.38307810359388,1.55617089393288,0.1196675,"human_impact"
2.27635712388631,0.658622761515699,0.667527021146904,3.41013479870105,0.0006493,"log10(area)"
-27.1723907472698,5.91136558814533,5.99093654163686,4.53558313602929,5.7e-06,"log10(depth)"
-5.22167921326238,2.0133257275576,2.04050027559421,2.55901911688877,0.0104968,"eutro"
0.373863889390215,0.570997043318235,0.578778639671622,0.645953156810231,0.5183097,"log10(RT)"
