"estimate","std.error","Adjusted.SE","statistic","p.value","term"
-5.69670274396006,3.25284788498224,3.29677377695065,1.72796289020147,0.0839949,"(Intercept)"
-1.79785934643387,1.18046701115587,1.19641939033063,1.50269994030858,0.1329164,"human_impact"
1.12765205303049,0.461877533574611,0.468119317447292,2.40889878072049,0.0160007,"log10(area)"
-11.0441377706355,2.87603708843607,2.91489731811668,3.7888599718398,0.0001513,"log10(depth)"
-2.03820924218646,1.34725395796881,1.36546058514725,1.49268991310113,0.1355184,"eutro"
0.091686013507635,0.432665014714449,0.438561410396595,0.209060832380857,0.8344008,"log10(RT)"
