"estimate","std.error","Adjusted.SE","statistic","p.value","term"
-6.42131000274224,3.71307464911429,3.76316359948383,1.70635951188064,0.0879412,"(Intercept)"
-2.20723500324566,1.15972166136125,1.17539475702027,1.87786698048679,0.0603994,"human_impact"
1.54064053124955,0.549163840840154,0.556585528184657,2.76802118135278,0.0056398,"log10(area)"
-16.2699368814653,3.69869367110827,3.74865161282626,4.34021044414921,1.42e-05,"log10(depth)"
-4.12009754340513,1.53176242270952,1.55246326769893,2.65390984065727,0.0079565,"eutro"
-0.156918596661666,0.490640755677713,0.497327249697046,0.315523826127073,0.752364,"log10(RT)"
