"term","estimate","std.error","statistic","p.value"
"(Intercept)",-11.0678769232932,3.99078875234396,-2.77335574748037,0.00554814320543145
"human_impact",-1.59072877426661,1.24081507337844,-1.2820031029567,0.199841557727322
"log10(area)",2.10960284591183,0.621327380791647,3.39531607833529,0.000685494129573753
"log10(depth)",-18.7295149072626,4.05502839883411,-4.61883692667792,3.85896977858948e-06
"eutro",-3.58962481071966,1.5058078113808,-2.38385322721101,0.0171324338505368
