"term","estimate","std.error","statistic","p.value"
"(Intercept)",-3.24732461767365,0.703722027223874,-4.61449903804216,3.94044600219822e-06
"human_impact",-0.506252087089701,0.297956961026761,-1.69907789818085,0.0893045071585855
"log10(area)",1.42259901565004,0.117837191472707,12.0725808029762,1.47436731316154e-33
"depth",-5.38119701643723,0.334257949472627,-16.0989350438109,2.59533158579367e-58
"eutro",-0.856829854326889,0.286973537608862,-2.98574517171937,0.00282888270429928
"log10(RT)",-0.309449441285542,0.111766187759468,-2.76872144866844,0.00562767265224402
