"term","estimate","std.error","statistic","p.value"
"(Intercept)",-10.6152052589644,4.19664535681133,-2.52945015754918,0.0114241398773344
"human_impact",-2.50220706369645,1.18594664142225,-2.10988165597036,0.0348685506916492
"log10(area)",1.80895450382166,0.571857183449975,3.1632976837125,0.0015599273411039
"log10(depth)",-19.1655751380419,4.37877931493358,-4.37692191352938,1.20367072186701e-05
"eutro",-3.17359655924105,1.55448239487182,-2.04157767866051,0.0411934413247223
"log10(RT)",0.668895919984944,0.557963141038228,1.19881739632532,0.23059895666988
