"term","estimate","std.error","statistic","p.value"
"(Intercept)",-3.59717323179197,0.698995598534384,-5.14620297943839,2.65811800069686e-07
"human_impact",-0.478748034616796,0.297843497705911,-1.60738118610704,0.107970774623169
"log10(area)",1.39571180812705,0.115915134622064,12.0408073775499,2.16823114239028e-33
"depth",-5.0991845175422,0.327725010554609,-15.5593389375832,1.37511823451192e-54
"eutro",-0.747417817482441,0.281265194149693,-2.65734201397367,0.00787594958222942
"log10(RT)",-0.260174996537782,0.108277932260454,-2.40284415398654,0.0162681188171153
