"term","estimate","std.error","statistic","p.value"
"(Intercept)",-3.3515647550317,0.675232981726795,-4.96356790283057,6.92098286288456e-07
"human_impact",-0.552239159224434,0.289532528340318,-1.90734755224232,0.0564755962550443
"log10(area)",1.3551160255058,0.112999414140659,11.9922393917811,3.90211091072367e-33
"depth",-4.74007782363248,0.311575366664304,-15.2132624423403,2.8878544779245e-52
"eutro",-0.705256098950143,0.274485389772289,-2.56937573083659,0.0101881925623868
"log10(RT)",-0.383100362569685,0.110350735187211,-3.47166117126226,0.000517248734896889
