"term","estimate","std.error","statistic","p.value"
"(Intercept)",-9.34029964754898,4.28318218755613,-2.18069165366937,0.0292062307930268
"human_impact",-2.66841015721558,1.24233213528145,-2.14790399558574,0.0317213829137746
"log10(area)",1.91909305196039,0.597846887782434,3.21000759756196,0.0013273146394431
"log10(depth)",-20.7481726497148,4.87026937557496,-4.26016941768552,2.04272007458134e-05
"eutro",-4.30007564013687,1.83053195374229,-2.34908526526724,0.0188195966496404
"log10(RT)",0.167541737312157,0.505454564226018,0.331467453595373,0.740291421026925
