"term","estimate","std.error","statistic","p.value"
"(Intercept)",-3.59156299135553,0.697768264106381,-5.1472145927347,2.64382819920656e-07
"human_impact",-0.492695020418867,0.29909509444386,-1.64728552748412,0.0994993712116931
"log10(area)",1.48190928255529,0.118969787840388,12.456181602538,1.2942034557004e-35
"depth",-5.38721327577477,0.337002594749186,-15.9856729880201,1.60820706622708e-57
"eutro",-0.621650260065055,0.287571081868772,-2.1617273059074,0.0306392016097383
"log10(RT)",-0.403954414458926,0.113465483631324,-3.56015240521488,0.000370639622338607
