"estimate","std.error","Adjusted.SE","statistic","p.value","term"
-9.89394340661882,3.86481882443698,3.91625299523227,2.52638004201054,0.0115245,"(Intercept)"
-1.63655864863637,1.18629922040048,1.20228620948926,1.36120553967894,0.1734487,"human_impact"
1.78633314765301,0.57806976403431,0.585798115759404,3.04940063751704,0.002293,"log10(area)"
-18.2907284265182,3.96231160361955,4.01532959032281,4.55522467460702,5.2e-06,"log10(depth)"
-2.53026451575123,1.45974609067275,1.47907816292826,1.71070372017517,0.0871358,"eutro"
-0.0545377634157037,0.464506119316064,0.470765968545899,0.11584899304459,0.9077722,"log10(RT)"
