"term","estimate","std.error","statistic","p.value"
"(Intercept)",-3.00724978134462,0.500808324457226,-6.00479192234647,1.91577433069899e-09
"human_impact",-2.58865486952842,0.1940592956123,-13.3395046156416,1.363626671407e-40
"log10(area)",1.77119405518452,0.0923639032071977,19.1762581883449,5.84375230388838e-82
"depth",-6.08111843279591,0.251481385319927,-24.1811871087783,3.5096024516859e-129
"eutro",-1.58295775739041,0.188203627293779,-8.41087804816571,4.06952675921117e-17
"log10(RT)",-0.160963126667259,0.0772621831380554,-2.08333650603224,0.0372205613862292
