"term","estimate","std.error","statistic","p.value"
"(Intercept)",-13.917423497886,5.13909151719752,-2.70814860006142,0.00676597202464776
"human_impact",-4.33845288061439,1.62655189121463,-2.66726988794353,0.00764702358553735
"log10(area)",2.56533284106254,0.748215399706912,3.42860203367563,0.000606698435073287
"log10(depth)",-28.3425580208182,6.23183780111844,-4.54802562668295,5.41515428485685e-06
"eutro",-4.75705504386809,1.91625692280234,-2.48247246351046,0.0130474151721299
"log10(RT)",0.594922483036534,0.567754907640412,1.04785088606108,0.294707313496881
