"term","estimate","std.error","statistic","p.value"
"(Intercept)",-2.55182772240935,0.491183056554098,-5.19526821692859,2.04424890227762e-07
"human_impact",-2.45145255608076,0.19097171263151,-12.8367312744949,1.02094868743362e-37
"log10(area)",1.66814688600864,0.0896168638805325,18.6142073464257,2.46480464180855e-77
"depth",-5.93378936939597,0.245867044711423,-24.1341387429963,1.09574793466158e-128
"eutro",-1.51383666311692,0.184698362253278,-8.19626468068511,2.47972010323629e-16
"log10(RT)",-0.171881141835404,0.0765216826081439,-2.24617567174498,0.0246927578790514
