"term","estimate","std.error","statistic","p.value"
"(Intercept)",-3.7570941706097,0.695079079654967,-5.40527586080522,6.47087236432316e-08
"human_impact",-0.564010410863737,0.293895992538122,-1.91908166556772,0.0549739994051448
"log10(area)",1.44600194361406,0.116629856626715,12.3982141917753,2.67212470677637e-35
"depth",-4.95085309458688,0.320300086986488,-15.4569208555842,6.77610871211487e-54
"eutro",-0.716835465203273,0.2820441149844,-2.54157214109191,0.0110355170040045
"log10(RT)",-0.367018814545156,0.10990756826545,-3.33934068724664,0.00083977503989613
