"term","estimate","std.error","statistic","p.value"
"(Intercept)",-4.04693142818765,0.712594657550755,-5.67914926852985,1.35366311699131e-08
"human_impact",-0.369716071743565,0.296353684169756,-1.24755011154775,0.21219585792064
"log10(area)",1.53295327995288,0.121100952392525,12.6584741875862,1.00432378925856e-36
"depth",-5.40335150864295,0.33962581130806,-15.9097198408804,5.42557334523264e-57
"eutro",-0.756447773954475,0.283567654708381,-2.66760951538144,0.00763929874915944
"log10(RT)",-0.330897099179571,0.112181222161937,-2.94966566420457,0.00318117972890797
