"term","estimate","std.error","statistic","p.value"
"(Intercept)",-3.59127275581668,0.712245603563071,-5.04218311471637,4.60250533660101e-07
"human_impact",-0.358797370230631,0.300574092441016,-1.19370690706166,0.232592637701332
"log10(area)",1.40472927694842,0.117103217821671,11.9956505301809,3.74463473387313e-33
"depth",-5.15686572341621,0.330961527942598,-15.5814657838739,9.72978027815983e-55
"eutro",-0.875016938885713,0.284250194907425,-3.07833364607081,0.00208161713288191
"log10(RT)",-0.278777090124767,0.110876854298842,-2.51429472713386,0.0119270712997631
