"term","estimate","std.error","statistic","p.value"
"(Intercept)",-3.69773080229578,0.698919302616645,-5.29064054813202,1.2188871228485e-07
"human_impact",-0.465583883674948,0.29504978806806,-1.57798413184269,0.114569255303875
"log10(area)",1.41982325207379,0.115434385406265,12.2998294405674,9.07655935210916e-35
"depth",-4.90462157811157,0.315307766853286,-15.5550293830653,1.47087729192618e-54
"eutro",-0.764327767445463,0.28028256076261,-2.72699009658622,0.0063914957350972
"log10(RT)",-0.356417088834622,0.110680412622824,-3.22023635789303,0.00128084945282472
