"estimate","std.error","Adjusted.SE","statistic","p.value","term"
-8.99059504933193,3.9975235737892,4.05038235673609,2.21969045326792,0.0264398,"(Intercept)"
-2.22032903108467,1.236365090366,1.25308686887196,1.77188755723171,0.0764132,"human_impact"
1.87360602998639,0.580223606326654,0.588069277907553,3.18602943628171,0.0014424,"log10(area)"
-20.4418461438075,4.58547155503021,4.6471071754636,4.39883251493296,1.09e-05,"log10(depth)"
-3.3553886714777,1.72098229932973,1.74417839506356,1.92376461087595,0.0543841,"eutro"
-0.489954592769571,0.56799734195669,0.575738058124357,0.851002614567026,0.3947679,"log10(RT)"
