"estimate","std.error","Adjusted.SE","statistic","p.value","term"
-9.02058771470831,3.4812526855693,3.52788354688746,2.55694032833564,0.0105597,"(Intercept)"
-0.926829300342098,1.10190844930691,1.11675815843001,0.829928389907693,0.4065793,"human_impact"
1.7759601336688,0.532213649512647,0.539340064399963,3.292839250955,0.0009918,"log10(area)"
-17.9840409960102,3.87921199235595,3.93147165142029,4.57437890707245,4.8e-06,"log10(depth)"
-3.85581176556587,1.46191046107226,1.48144319057695,2.60274021311895,0.0092482,"eutro"
-0.0678040330751515,0.461100543363912,0.467314497844217,0.145092937171734,0.8846375,"log10(RT)"
