"term","estimate","std.error","statistic","p.value"
"(Intercept)",-8.60478877802759,4.16517090525475,-2.06589092590939,0.0388387798629406
"human_impact",-2.65058401045529,1.25505168049751,-2.11193216314772,0.0346922682118057
"log10(area)",1.72122187791758,0.579718985950801,2.96906245893361,0.00298709873926093
"log10(depth)",-17.7707815358179,4.23694915606273,-4.19423997816667,2.73788010976949e-05
"eutro",-3.50647731979225,1.71622492228425,-2.04313390061089,0.041039184837595
"log10(RT)",0.247437528652616,0.576979339601719,0.428849894041992,0.66803246627106
