"term","estimate","std.error","statistic","p.value"
"(Intercept)",-3.32653602644399,0.495099532465216,-6.71892378867818,1.83071621653887e-11
"human_impact",-2.3967395650756,0.191457836755326,-12.5183675199387,5.92410633697724e-36
"log10(area)",1.76462368938007,0.0913713269121281,19.3126634909998,4.20326417851056e-83
"depth",-5.98234856603855,0.250695558638438,-23.8630017960011,7.42182757281354e-126
"eutro",-1.31675372404946,0.185627887843578,-7.09351239916623,1.30750234653258e-12
"log10(RT)",-0.156743244789414,0.0764973598699773,-2.04900201857725,0.0404619175396651
