"term","estimate","std.error","statistic","p.value"
"(Intercept)",-3.41908347578379,0.704244418872706,-4.85496708835374,1.20406739416791e-06
"human_impact",-0.665792300913026,0.297276486331306,-2.2396399699471,0.0251143056411541
"log10(area)",1.47837507757832,0.119186802188464,12.4038488358857,2.49066535050289e-35
"depth",-5.38222723942998,0.335072320817324,-16.0628822646448,4.64457877506325e-58
"eutro",-0.67114154583412,0.280576634674019,-2.39200796821114,0.0167564785850849
"log10(RT)",-0.388999702802363,0.110885511889242,-3.50812018788274,0.000451285119820645
