"term","estimate","std.error","statistic","p.value"
"(Intercept)",-10.385735964342,3.85516577910466,-2.69397908142721,0.00706045957831171
"human_impact",-2.48068038638954,1.19163088612074,-2.08175234066414,0.0373650970557022
"log10(area)",1.91007087309417,0.596364014650631,3.20286071287039,0.00136069775458103
"log10(depth)",-15.7432549005252,3.69807438777498,-4.25714932954537,2.07050064334375e-05
"eutro",-1.81783147460046,1.47870529972308,-1.22933993334635,0.218944380911173
