"term","estimate","std.error","statistic","p.value"
"(Intercept)",-3.80458311016935,0.68640968201163,-5.54272937849512,2.97792919383232e-08
"human_impact",-0.328095758857787,0.294588872254412,-1.1137411822346,0.265390236481021
"log10(area)",1.43560968082253,0.115990391476006,12.3769707348518,3.48240259284336e-35
"depth",-4.84734739207073,0.316809865006155,-15.3004938529189,7.58786678724403e-53
"eutro",-0.663223955606494,0.28053286200534,-2.36415780620335,0.0180711131897664
"log10(RT)",-0.432926734057461,0.112079398040469,-3.86267897246505,0.000112150345421178
