"term","estimate","std.error","statistic","p.value"
"(Intercept)",-2.99661922744933,0.485932552706003,-6.16673900680684,6.9712678530706e-10
"human_impact",-2.30364087062728,0.189540451553854,-12.153821792351,5.47453425789091e-34
"log10(area)",1.68905388798519,0.0896780029180488,18.8346510072121,3.92707181003282e-79
"depth",-5.787601620104,0.24061409723664,-24.053460236006,7.68004977405442e-128
"eutro",-1.39974418579787,0.183837559710889,-7.61402723142741,2.65684784129683e-14
"log10(RT)",-0.157951519330152,0.0753202374245551,-2.09706613695111,0.0359877211243043
