"term","estimate","std.error","statistic","p.value"
"(Intercept)",-4.04880396630589,0.680451206841055,-5.95017530368146,2.67855444192168e-09
"human_impact",-0.0990149230091711,0.28880347823559,-0.342845327258837,0.731714824038687
"log10(area)",1.44523578335971,0.115246539948966,12.5403832861246,4.48819501302625e-36
"depth",-4.6922461462022,0.304219440918785,-15.4238865604084,1.13088741828637e-53
"eutro",-0.691961644164148,0.280268745311201,-2.46892190349594,0.0135520791263577
"log10(RT)",-0.465067500606532,0.112991432161508,-4.11595367639708,3.85581748515905e-05
