"estimate","std.error","Adjusted.SE","statistic","p.value","term"
-6.17887592626644,3.18203859968574,3.22503017263847,1.91591259476849,0.0553762,"(Intercept)"
-1.95617309871303,1.10714588741865,1.12210681557263,1.74330382060353,0.0812806,"human_impact"
1.26810701911214,0.467217539292279,0.473531312564454,2.67797922854263,0.0074068,"log10(area)"
-12.1817736265205,3.10570593353171,3.14767080004063,3.87009137879454,0.0001088,"log10(depth)"
-2.35410882546415,1.3417391065243,1.35987052981006,1.73112717266765,0.0834291,"eutro"
0.060198129214638,0.423760666663599,0.429535713131888,0.14014697119295,0.8885439,"log10(RT)"
