"estimate","std.error","Adjusted.SE","statistic","p.value","term"
-7.21930995347994,3.40159594563753,3.44496418635553,2.09561248330925,0.0361166,"(Intercept)"
-1.99091918391299,1.13093139881123,1.14605049320056,1.73720023308308,0.0823518,"human_impact"
1.23693859537729,0.468535849403699,0.474826575411283,2.60503236219641,0.0091866,"log10(area)"
-11.0792710922605,2.92641672754546,2.96446227282336,3.7373628242226,0.000186,"log10(depth)"
-1.48551973835814,1.42332730526766,1.44250856890484,1.02981692475211,0.303096,"eutro"
0.161283363839912,0.45134734987561,0.457429866860891,0.352585993010727,0.7243988,"log10(RT)"
