"term","estimate","std.error","statistic","p.value"
"(Intercept)",-3.69361104512925,0.705099349960881,-5.23842639386091,1.61951543098735e-07
"human_impact",-0.466047000376683,0.296517749399939,-1.57173390570993,0.116012275443541
"log10(area)",1.46484983288546,0.11937659999307,12.2708288975435,1.29916481899896e-34
"depth",-5.27336791117804,0.330840725158967,-15.9392949844498,3.38147208719766e-57
"eutro",-0.740450665289788,0.279375274158713,-2.65038009365545,0.00804012610835505
"log10(RT)",-0.316604399141827,0.110232805526311,-2.8721431667296,0.00407698219509282
