"term","estimate","std.error","statistic","p.value"
"(Intercept)",-3.49556580349785,0.706030904349698,-4.95100962572949,7.38294514154676e-07
"human_impact",-0.496355901700127,0.295728370671562,-1.67841827475993,0.0932654724915659
"log10(area)",1.5075118467749,0.122341937821308,12.3221184298778,6.8861260486415e-35
"depth",-5.42134713689497,0.338584584909235,-16.0117955114474,1.0571455023903e-57
"eutro",-0.730984030863199,0.28165713032283,-2.59529744560473,0.00945090904070527
"log10(RT)",-0.441804595569011,0.115138890836056,-3.83714479409124,0.000124473087486592
