"term","estimate","std.error","statistic","p.value"
"(Intercept)",-3.50933919081108,0.720247997077798,-4.87240395676105,1.10248455627117e-06
"human_impact",-0.572917341194599,0.30080096136766,-1.90463932890939,0.0568269705618291
"log10(area)",1.48653910072434,0.122185856525147,12.1662125470176,4.70407793679966e-34
"depth",-5.38840331622259,0.343086428072688,-15.7056731928812,1.38301763526902e-55
"eutro",-0.766589427860916,0.284158086362856,-2.69775686369882,0.00698084058072623
"log10(RT)",-0.374375479097186,0.111199272611933,-3.3667079856151,0.000760711941301791
