"estimate","std.error","Adjusted.SE","statistic","p.value","term"
-9.73119128720054,3.37807163580501,3.4209619448013,2.84457747388527,0.004447,"(Intercept)"
-1.69504948007327,1.05323882305396,1.06722737973852,1.58827398195928,0.1122244,"human_impact"
1.62446893020626,0.494221396127055,0.500788242730415,3.24382401900906,0.0011794,"log10(area)"
-11.8761870569126,2.9379514851557,2.97524482001826,3.99166716533924,6.56e-05,"log10(depth)"
-1.71809430558806,1.29328137756001,1.31071009614654,1.3108118344699,0.1899213,"eutro"
0.0605204816598788,0.425385094884851,0.431117735312751,0.140380403547942,0.8883594,"log10(RT)"
