"estimate","std.error","Adjusted.SE","statistic","p.value","term"
-7.78535712907717,3.43466333703542,3.48106601399759,2.23648649516319,0.0253199,"(Intercept)"
-2.43547083863335,1.27297076065661,1.29017298104054,1.88770876031608,0.0590651,"human_impact"
1.55965926476518,0.514610805287849,0.521564919764194,2.99034541178559,0.0027866,"log10(area)"
-12.7393158822259,3.18102921298243,3.22401130625846,3.95138685075213,7.77e-05,"log10(depth)"
-2.69184881104304,1.32224201315028,1.34010994961193,2.00867758038999,0.0445713,"eutro"
-0.0701214330504739,0.482470763202242,0.489045915868064,0.143384150189676,0.8859868,"log10(RT)"
