"term","estimate","std.error","statistic","p.value"
"(Intercept)",-3.98074677940789,0.691598879682696,-5.75586065326514,8.62014720677779e-09
"human_impact",-0.474298284666331,0.29238120724809,-1.62219141623518,0.104762369053549
"log10(area)",1.4751627301658,0.118311663688661,12.4684471857966,1.10967361276985e-35
"depth",-5.02938723959777,0.323077995094648,-15.5670993257352,1.21807104057788e-54
"eutro",-0.485227309605397,0.277709489528544,-1.74724785396836,0.0805943541345984
"log10(RT)",-0.383145979769287,0.11158449559176,-3.43368474031601,0.000595436291512881
