"term","estimate","std.error","statistic","p.value"
"(Intercept)",-3.5699200606151,0.690288048352547,-5.17163823006227,2.32050516553561e-07
"human_impact",-0.547331172877956,0.292961159607962,-1.86827214095681,0.0617241477453738
"log10(area)",1.35646194026786,0.114181505612895,11.8798743543163,1.50593548425118e-32
"depth",-4.77836963170491,0.312618929448319,-15.2849657573114,9.63135916072774e-53
"eutro",-0.531251652627882,0.277154112054028,-1.91680956378638,0.0552621295039339
"log10(RT)",-0.3276071660604,0.109334537925646,-2.99637399376208,0.00273211125659579
