"estimate","std.error","Adjusted.SE","statistic","p.value","term"
-10.3566045691474,3.8505867955576,3.90258625450157,2.65377979979334,0.0079596,"(Intercept)"
-1.741242554515,1.10874109315204,1.12372480389963,1.54952756090497,0.121255,"human_impact"
1.86995700352658,0.560787783333557,0.568366010845813,3.29005775828115,0.0010017,"log10(area)"
-14.825557374815,3.39837114735534,3.44428133381204,4.30439791002975,1.67e-05,"log10(depth)"
-1.98804156467833,1.44727937201669,1.46683748071244,1.35532503826719,0.175314,"eutro"
-0.126725625589036,0.437546931063205,0.443509857917275,0.285733503611713,0.7750822,"log10(RT)"
