"term","estimate","std.error","statistic","p.value"
"(Intercept)",-4.00161001787604,0.696589578231896,-5.74457348046039,9.21529719948587e-09
"human_impact",-0.467566211383795,0.289009430643719,-1.61782337116948,0.105700668179286
"log10(area)",1.47725243908758,0.117197120074823,12.604852731402,1.98543106522405e-36
"depth",-5.0539548223477,0.320281044960033,-15.7797500098027,4.28883307314849e-56
"eutro",-0.772246886672089,0.280902323501225,-2.74916517972028,0.00597472689067745
"log10(RT)",-0.305845157992412,0.110517617407919,-2.76738826954206,0.00565074112751885
