"term","estimate","std.error","statistic","p.value"
"(Intercept)",-4.07133872979284,0.687177323210155,-5.92472800291712,3.12814716443635e-09
"human_impact",-0.234696590783032,0.293848968539787,-0.79869802487074,0.424465532337658
"log10(area)",1.42095479785863,0.114062715632927,12.4576623480673,1.27040087196999e-35
"depth",-4.77561841971834,0.3099239196131,-15.4090023954268,1.42393058885151e-53
"eutro",-0.581637882327346,0.2744729150372,-2.11910848197359,0.0340813000682653
"log10(RT)",-0.345879474743707,0.110161784825009,-3.13974102083708,0.001690972504962
