"term","estimate","std.error","statistic","p.value"
"(Intercept)",-2.55061571421959,0.496369668334376,-5.13854064205508,2.76880315241031e-07
"human_impact",-2.53745014473356,0.191048723415231,-13.2816911799959,2.95640775262042e-40
"log10(area)",1.68065192558174,0.0908574495373105,18.4976788820336,2.15559529205403e-76
"depth",-5.97886201700681,0.248680395490132,-24.0423536613045,1.00359753413659e-127
"eutro",-1.56940535173787,0.188082250688752,-8.34425016709844,7.16671389255752e-17
"log10(RT)",-0.166175334269348,0.0768130489560853,-2.16337375651306,0.0305124443693294
