"term","estimate","std.error","statistic","p.value"
"(Intercept)",-7.77897886290332,4.00961911880826,-1.94007925251897,0.052370059035894
"human_impact",-2.40712435749365,1.2309800260198,-1.95545362768943,0.0505295516564384
"log10(area)",1.72540909405842,0.566989953466817,3.04310346860387,0.00234151808354623
"log10(depth)",-22.1317652286595,5.14954153791228,-4.29781274036138,1.72491789913416e-05
"eutro",-5.71798394004435,1.95826652164727,-2.91992120420588,0.00350119899094919
"log10(RT)",0.354593685145307,0.492133641056794,0.720523157863914,0.471202946615018
