"term","estimate","std.error","statistic","p.value"
"(Intercept)",-3.46858713524875,0.68865879068999,-5.03672817677017,4.73556520782158e-07
"human_impact",-0.382845285027632,0.294723188167976,-1.29899953718413,0.193944088004398
"log10(area)",1.3982677563026,0.114568425674342,12.2046519193443,2.93561215030239e-34
"depth",-5.19088962294857,0.325936357743387,-15.9260834197436,4.17715211041541e-57
"eutro",-0.734770492680409,0.280042220983659,-2.62378469253493,0.0086958736889734
"log10(RT)",-0.297457144414743,0.110737286793762,-2.68615163895725,0.0072280276807714
