"term","estimate","std.error","statistic","p.value"
"(Intercept)",-2.83873107861772,0.490210272652894,-5.7908437194823,7.00337190688812e-09
"human_impact",-2.38625353698801,0.192570776445519,-12.3915662647968,2.90317170400988e-35
"log10(area)",1.66407872146589,0.0891142934076214,18.6735332552564,8.12925337578994e-78
"depth",-5.7984647214285,0.242656594155813,-23.8957640594973,3.38961205081029e-126
"eutro",-1.34254145913196,0.185199125684108,-7.24917817064599,4.1930801145423e-13
"log10(RT)",-0.178785541182181,0.076896419105171,-2.32501777407419,0.0200710098112832
