"term","estimate","std.error","statistic","p.value"
"(Intercept)",-8.66516642511672,3.52616597404116,-2.45739040331843,0.013995050575808
"human_impact",-1.37568461713364,1.07863983438742,-1.27538829299302,0.202171840286416
"log10(area)",1.65328184561372,0.535264243956236,3.08872087811062,0.00201020203153063
"log10(depth)",-13.9217380937054,3.37232246251514,-4.12823454709676,3.65559133176637e-05
"eutro",-2.60262742531481,1.41704380238195,-1.83665982726855,0.066260129287945
