"term","estimate","std.error","statistic","p.value"
"(Intercept)",-3.6262763463994,0.688021107618667,-5.27058880351859,1.35986812396789e-07
"human_impact",-0.399402433466902,0.294472461168096,-1.35633203825776,0.174993546153622
"log10(area)",1.36522698192051,0.113892648661449,11.9869631443791,4.15873905708482e-33
"depth",-4.73425892596825,0.307339974283659,-15.403980354338,1.53897464448417e-53
"eutro",-0.570170864402743,0.2744235867666,-2.07770356448143,0.0377366705506514
"log10(RT)",-0.377779606313736,0.112066425611223,-3.37103288744404,0.000748869172841874
