"term","estimate","std.error","statistic","p.value"
"(Intercept)",-4.17120155700045,0.705049777773321,-5.91618023081135,3.2950414095334e-09
"human_impact",-0.337145517528335,0.303689890691385,-1.11016378174718,0.266928456672364
"log10(area)",1.5288156095739,0.12049464883014,12.6878299112607,6.90731935705756e-37
"depth",-5.160016242942,0.327635671862933,-15.7492504207561,6.95002251266353e-56
"eutro",-0.751076006653653,0.282826255754237,-2.65560919954441,0.00791652978307771
"log10(RT)",-0.386382683352725,0.11238361800469,-3.43806944653267,0.0005858774216228
