"estimate","std.error","Adjusted.SE","statistic","p.value","term"
-10.6304788527479,3.68511403343815,3.73300034952556,2.84770368534763,0.0044036,"(Intercept)"
-2.10225691503988,1.15932814494908,1.17463541195408,1.7897101463531,0.0735005,"human_impact"
1.82403649802606,0.540942135138408,0.54823179186277,3.32712645472162,0.0008775,"log10(area)"
-16.0656705591407,3.73589362716279,3.78410006596646,4.24557233663891,2.18e-05,"log10(depth)"
-1.89248803867385,1.51140761793495,1.53177588310879,1.23548624804889,0.2166496,"eutro"
0.211479275676203,0.445083332848116,0.451081433718012,0.46882726680435,0.6391931,"log10(RT)"
