"term","estimate","std.error","statistic","p.value"
"(Intercept)",-3.50722531946575,0.683856506035455,-5.12859830755769,2.9190745228961e-07
"human_impact",-0.300341771461613,0.28912605651898,-1.03879178195721,0.298901584207099
"log10(area)",1.39667516601811,0.114708453912714,12.1758695054934,4.17916502287634e-34
"depth",-5.02039639873299,0.320302365441992,-15.6739285762228,2.28037902907148e-55
"eutro",-0.788508155955148,0.275700763562827,-2.86001440752435,0.00423621761973567
"log10(RT)",-0.340676505978465,0.112596759236653,-3.02563331563068,0.00248112998018472
