"term","estimate","std.error","statistic","p.value"
"(Intercept)",-4.08575639229762,0.722490645283956,-5.65509936906078,1.55756133759243e-08
"human_impact",-0.483655265999709,0.300916007076978,-1.60727663077087,0.107993698339037
"log10(area)",1.57595010299075,0.123781594574905,12.7316998007897,3.94163433782372e-37
"depth",-5.47059488481102,0.341364397528283,-16.025674980818,8.45675960042377e-58
"eutro",-0.732361707782008,0.287670021547838,-2.54583951376462,0.0109015294724364
"log10(RT)",-0.363855810801137,0.111484946289328,-3.26372145219365,0.00109959213398265
