"term","estimate","std.error","statistic","p.value"
"(Intercept)",-4.17637833450487,0.694815275840308,-6.01077506457233,1.84638442109985e-09
"human_impact",-0.0815676021362408,0.298002352803467,-0.273714624629272,0.784303937991484
"log10(area)",1.44241500899167,0.116599236206885,12.3707071839849,3.7649192467087e-35
"depth",-4.76164018242764,0.311743594865327,-15.2742197782273,1.13579271597649e-52
"eutro",-0.865982481704471,0.279230567782256,-3.10131691018787,0.00192661975346218
"log10(RT)",-0.36342192686047,0.109576459887869,-3.31660584063733,0.000911180669802442
