"term","estimate","std.error","statistic","p.value"
"(Intercept)",-2.60315601529135,0.490494606045685,-5.30720620207777,1.1131822553615e-07
"human_impact",-2.48649208139762,0.190668825503604,-13.0408947284916,7.16116996757069e-39
"log10(area)",1.66420294543004,0.0900876317195785,18.4731567881627,3.39630129743268e-76
"depth",-5.84121958053392,0.245786492406238,-23.765421457252,7.61197239836456e-125
"eutro",-1.59563832976692,0.186538227988623,-8.5539481476378,1.18948356829543e-17
"log10(RT)",-0.160804017107608,0.0758232511274968,-2.12077449484745,0.0339407840284823
