"term","estimate","std.error","statistic","p.value"
"(Intercept)",-3.39695062827043,0.489723682797369,-6.93646386236945,4.02036027613158e-12
"human_impact",-2.36011462938666,0.192646583274989,-12.2510069437243,1.65922862706787e-34
"log10(area)",1.83268459499722,0.0923846192421338,19.8375509909704,1.41170084963578e-87
"depth",-6.09266551886518,0.250817450745999,-24.2912345243281,2.42645222855565e-130
"eutro",-1.51113007896757,0.18552839788784,-8.14500688935562,3.792603164846e-16
"log10(RT)",-0.205681060618942,0.0767912128840832,-2.67844526598921,0.00739648196551
