"term","estimate","std.error","statistic","p.value"
"(Intercept)",-3.9444427812659,0.700708826010607,-5.62921806440353,1.81028412343929e-08
"human_impact",-0.48198465043916,0.301361319954781,-1.5993580414085,0.109741069718656
"log10(area)",1.44539202761646,0.11589257988694,12.4718254527298,1.06361230447744e-35
"depth",-4.92515936636602,0.318429390677668,-15.4670376245249,5.79113785152153e-54
"eutro",-0.50614477803668,0.280772591728025,-1.80268584950402,0.0714375657502221
"log10(RT)",-0.369373427079237,0.110177356303305,-3.35253485355371,0.000800751584693255
