"term","estimate","std.error","statistic","p.value"
"(Intercept)",-3.08808396941373,0.498340401548424,-6.19673612618715,5.76460233659074e-10
"human_impact",-2.53391602978679,0.193480782254079,-13.0964739767242,3.44912736005955e-39
"log10(area)",1.80036236615065,0.0928786397087205,19.3840302979977,1.05270452602127e-83
"depth",-6.12153150736814,0.251796923032854,-24.3113832910873,1.48581353740762e-130
"eutro",-1.58203802401028,0.189243072309244,-8.35982001721601,6.28140121465046e-17
"log10(RT)",-0.177029898251067,0.0784428379877772,-2.25680129368408,0.0240204938769556
