"term","estimate","std.error","statistic","p.value"
"(Intercept)",-4.1397026618695,0.695776498157995,-5.94975925865416,2.68537170186342e-09
"human_impact",-0.195486576394067,0.293948272506356,-0.665037337104405,0.506026612357891
"log10(area)",1.40542946318644,0.114626440314844,12.2609535751626,1.46762578444854e-34
"depth",-4.72663728581293,0.305646821076151,-15.4643757431238,6.03555234811813e-54
"eutro",-0.572866559743083,0.276083512227169,-2.07497563009743,0.0379887934282779
"log10(RT)",-0.327864977989563,0.111772802381204,-2.9333162540863,0.0033536209515133
