"term","estimate","std.error","statistic","p.value"
"(Intercept)",-3.27038624514809,0.689868500463162,-4.74059366814462,2.13092908691925e-06
"human_impact",-0.54920259899142,0.29763711669339,-1.84520870613452,0.0650071845355575
"log10(area)",1.35302697977053,0.113728358316537,11.8970061627434,1.22669365719572e-32
"depth",-5.02252610981127,0.32067063279164,-15.6625696157051,2.7265467187028e-55
"eutro",-0.574208132702087,0.276505836255304,-2.07665827412014,0.0378331103040246
"log10(RT)",-0.320803898747333,0.108595477291643,-2.95411841034397,0.00313563667971697
