"estimate","std.error","Adjusted.SE","statistic","p.value","term"
-6.19565273392554,3.29610850004697,3.34061496871688,1.85464436696375,0.063647,"(Intercept)"
-2.16895212577535,1.1257655224856,1.14097850937341,1.90095791284137,0.0573075,"human_impact"
1.38939575639642,0.492928956868307,0.499590245506858,2.78107062516164,0.005418,"log10(area)"
-15.8087799513616,3.63441108106187,3.68351335840507,4.29176669477497,1.77e-05,"log10(depth)"
-3.67646196390822,1.4633373510082,1.4831123543702,2.47888297408824,0.0131795,"eutro"
0.0919468034483181,0.460536308414571,0.466812536461804,0.196967296862306,0.8438531,"log10(RT)"
