"term","estimate","std.error","statistic","p.value"
"(Intercept)",-3.86659349671816,0.720407238353876,-5.36723299109722,7.99537451613569e-08
"human_impact",-0.412731078948245,0.298464256709894,-1.38284926810991,0.166711088594996
"log10(area)",1.56186414331135,0.124209187997151,12.5744654521626,2.91767092917787e-36
"depth",-5.41264542421002,0.33856856596895,-15.98685161075,1.57807381938029e-57
"eutro",-0.581530291750879,0.280457006935957,-2.07350958389024,0.0381248801235598
"log10(RT)",-0.483142552908214,0.1142093985622,-4.23032218880909,2.33356839152154e-05
