"term","estimate","std.error","statistic","p.value"
"(Intercept)",-3.50874767008603,0.71002344349886,-4.94173495567357,7.74304307056615e-07
"human_impact",-0.421424567620883,0.299745691151598,-1.40594036899015,0.159741832626208
"log10(area)",1.46854204271753,0.120081547549265,12.2295396144444,2.1616027276266e-34
"depth",-5.4111538409695,0.336150613633453,-16.0974087849501,2.66013894447827e-58
"eutro",-0.836968955480446,0.280949734574132,-2.97907010572242,0.00289124619459387
"log10(RT)",-0.33738655968318,0.114084064730273,-2.95735044575119,0.00310295232923428
