"term","estimate","std.error","statistic","p.value"
"(Intercept)",-3.76677244473936,0.703330126220531,-5.35562505331711,8.52611529692425e-08
"human_impact",-0.414590257037848,0.299368980449078,-1.38488047898593,0.166089016997021
"log10(area)",1.47552489306946,0.118361960393951,12.4662086379643,1.14128172748728e-35
"depth",-5.2266406732664,0.334809177001797,-15.6108046979798,6.14569375794237e-55
"eutro",-0.764051112219527,0.282171512274279,-2.70775425223241,0.00677401614601561
"log10(RT)",-0.349939997419777,0.112714773823213,-3.10465066423891,0.00190503876546382
