"term","estimate","std.error","statistic","p.value"
"(Intercept)",-3.5727080870705,0.70104867729625,-5.09623397457854,3.46476866860206e-07
"human_impact",-0.704730125000633,0.29691357723616,-2.37351936398685,0.0176194691483309
"log10(area)",1.39741773065757,0.116852844578932,11.9587823102897,5.84121856027126e-33
"depth",-5.00655348902377,0.324504440778335,-15.4283050087554,1.05607496714618e-53
"eutro",-0.60739185177743,0.279562095785948,-2.17265452267353,0.0298063289870806
"log10(RT)",-0.298446765902482,0.109331752928025,-2.72973548772199,0.0063385160922618
