"term","estimate","std.error","statistic","p.value"
"(Intercept)",-6.61161605645058,4.19090626221804,-1.57761010215279,0.114655210137154
"human_impact",-2.70091587744745,1.30880362086007,-2.06365251012414,0.0390506750731036
"log10(area)",1.47906905067383,0.584098631257312,2.53222481876055,0.0113341294864236
"log10(depth)",-19.8130924740991,4.39687388656165,-4.5061771124832,6.6005999840919e-06
"eutro",-4.71837333874736,1.72360712424495,-2.73749932474566,0.00619082471694042
"log10(RT)",0.296171407096744,0.502462110031248,0.589440280538418,0.555565962157578
