"term","estimate","std.error","statistic","p.value"
"(Intercept)",-3.33612671685423,0.673103334790117,-4.95633663424722,7.18347127810313e-07
"human_impact",-0.384670561475505,0.291750520675816,-1.31849143091312,0.187339191733872
"log10(area)",1.32277454448539,0.112181964026465,11.7913298805621,4.32654581951604e-32
"depth",-4.74715872749711,0.307902635012931,-15.4177268645257,1.24406753285043e-53
"eutro",-0.731839705683935,0.277320852690555,-2.63896385210004,0.00831598475778761
"log10(RT)",-0.347590334663944,0.110211145667813,-3.15385828318685,0.00161127309729711
