"term","estimate","std.error","statistic","p.value"
"(Intercept)",-3.75481960624722,0.700801472623247,-5.35789343049202,8.41978766269952e-08
"human_impact",-0.29803371740063,0.294568828678539,-1.01176257765506,0.311651586859824
"log10(area)",1.40530218952343,0.117215716866082,11.9890252527225,4.05650463046447e-33
"depth",-5.04766771256544,0.323197610767683,-15.6178992183013,5.49877088257633e-55
"eutro",-0.755940773985694,0.277653026554786,-2.72260952227197,0.00647685610156259
"log10(RT)",-0.283305696155547,0.109886156780696,-2.57817458045194,0.00993238031141941
