"term","estimate","std.error","statistic","p.value"
"(Intercept)",-2.76587897666224,0.488064143429043,-5.66703990428332,1.45285516773065e-08
"human_impact",-2.41494610757242,0.19409604760011,-12.4420158855983,1.54553400029547e-35
"log10(area)",1.68143065713414,0.0901090134146877,18.6599607898943,1.04808086754844e-77
"depth",-5.84579710896584,0.24370392681381,-23.9872914047546,3.77419215086722e-127
"eutro",-1.47694029655118,0.183267415832773,-8.05893557149764,7.69616461637658e-16
"log10(RT)",-0.178898054097842,0.0766738890570676,-2.33323307709996,0.0196359156879786
