"estimate","std.error","Adjusted.SE","statistic","p.value","term"
-6.71898843132504,3.28547542526871,3.32972661672886,2.01787990568601,0.0436038,"(Intercept)"
-1.7082321687174,1.14026184774794,1.15567103002769,1.47813012901818,0.139373,"human_impact"
1.32138703608214,0.485714873265889,0.492279182818288,2.6842228601202,0.0072699,"log10(area)"
-12.607680435787,3.16995932631695,3.21275915844068,3.92425320854309,8.7e-05,"log10(depth)"
-2.17801313618635,1.34524170916231,1.36342232835644,1.59746036931336,0.1101631,"eutro"
-0.154223995305227,0.418939275400388,0.424648615537775,0.363180261661558,0.7164702,"log10(RT)"
