"term","estimate","std.error","statistic","p.value"
"(Intercept)",-3.88316561238561,0.709255229129178,-5.47499045886958,4.3753518472831e-08
"human_impact",-0.362551810209268,0.295643722598321,-1.22631323615774,0.220080822273723
"log10(area)",1.54881402969843,0.121682926398129,12.7282772985828,4.11825484015183e-37
"depth",-5.25968757900763,0.327639539849542,-16.0532748319174,5.42257792292613e-58
"eutro",-0.661916243360606,0.281979231517396,-2.34739359987145,0.0189052718780088
"log10(RT)",-0.482959454916397,0.113905757654032,-4.23999159360583,2.23528157526189e-05
