"estimate","std.error","Adjusted.SE","statistic","p.value","term"
-9.35917409177007,3.88522993432921,3.93775352288317,2.3767800694944,0.0174645,"(Intercept)"
-2.15437458048819,1.20814456421956,1.22447049497446,1.75943364036152,0.0785039,"human_impact"
1.78974533016792,0.575374078180722,0.583149344263979,3.06910287694286,0.002147,"log10(area)"
-17.456547064214,3.94200482260475,3.99528375328658,4.36928842659897,1.25e-05,"log10(depth)"
-2.76973669439196,1.46710582265958,1.48693189324462,1.86271927246657,0.0625018,"eutro"
-0.00593698737112069,0.570621768342031,0.57839825041607,0.0102645320362742,0.9918102,"log10(RT)"
