"term","estimate","std.error","statistic","p.value"
"(Intercept)",-2.44667534315456,0.482542431107526,-5.0703838365861,3.97014179568133e-07
"human_impact",-2.30691833439845,0.188024730017984,-12.2692282774601,1.32510279399926e-34
"log10(area)",1.63551360182854,0.088514575510248,18.4773365561606,3.14319504067159e-76
"depth",-5.79047790000719,0.241224343415456,-24.0045337797204,2.49359079297598e-127
"eutro",-1.56752276495642,0.184654313966972,-8.48895826629211,2.0849757452502e-17
"log10(RT)",-0.196567055939181,0.0751805997837467,-2.61459813442027,0.00893324937129857
