"estimate","std.error","Adjusted.SE","statistic","p.value","term"
-8.73386427896477,3.58833705899188,3.63670301144019,2.40158854090921,0.0163241,"(Intercept)"
-2.46919095289286,1.16744980510833,1.18322785833175,2.08682624864345,0.0369038,"human_impact"
1.70283263151003,0.544277363544483,0.551632056486514,3.08689934075951,0.0020226,"log10(area)"
-14.754525932432,3.52563052993949,3.57323537692567,4.12917828691332,3.64e-05,"log10(depth)"
-2.43116052737305,1.46968874436456,1.48955377797563,1.63214015050676,0.10265,"eutro"
0.22717921866825,0.480629922886598,0.487179988423764,0.466314758541851,0.6409902,"log10(RT)"
