"term","estimate","std.error","statistic","p.value"
"(Intercept)",-3.93627033312835,0.713906896158471,-5.5137026330876,3.51362071378769e-08
"human_impact",-0.214541473924475,0.303738668147522,-0.706335730096357,0.479979378619801
"log10(area)",1.49026457667516,0.120380164275744,12.3796522927277,3.36798756114695e-35
"depth",-5.34664400671824,0.338545186315453,-15.7929996432922,3.47647309248046e-56
"eutro",-0.724494564918094,0.283098883031744,-2.55915727098385,0.0104926260748731
"log10(RT)",-0.327812885987999,0.110749159950585,-2.95995821669677,0.0030768076889225
