"term","estimate","std.error","statistic","p.value"
"(Intercept)",-2.80178974474489,0.491668143475699,-5.69853829645843,1.20838991151262e-08
"human_impact",-2.39882059417184,0.18896706574958,-12.6943845196325,6.3527395077445e-37
"log10(area)",1.74746521281175,0.091337666996961,19.1319230090461,1.36928713682189e-81
"depth",-6.10895993991848,0.252975901188587,-24.148386906484,7.763749632388e-129
"eutro",-1.63117036888977,0.189220459348026,-8.62047568487094,6.66765418103714e-18
"log10(RT)",-0.185232045316538,0.0764136741763963,-2.42406934770524,0.0153476744103814
