"estimate","std.error","Adjusted.SE","statistic","p.value","term"
-6.12223031588507,3.74721914820985,3.7977567434436,1.6120648923748,0.1069478,"(Intercept)"
-2.37415163645837,1.23553306770326,1.25222770498436,1.89594242884765,0.0579677,"human_impact"
1.35258623704569,0.543318550799868,0.550661477946312,2.45629355096738,0.0140378,"log10(area)"
-14.4788447070149,3.46439869763972,3.51119736586956,4.12362029197101,3.73e-05,"log10(depth)"
-3.07161949198999,1.4343407128105,1.4537244840332,2.11293097538546,0.0346067,"eutro"
0.172290281288516,0.491579948425936,0.498279241844059,0.345770537522082,0.7295152,"log10(RT)"
