"estimate","std.error","Adjusted.SE","statistic","p.value","term"
-7.08086394503313,3.77532707784511,3.82555535203663,1.85093752238181,0.0641785,"(Intercept)"
-1.91888825622424,1.24519153496379,1.26201139006937,1.52049995057395,0.1283854,"human_impact"
1.48519057811085,0.542635979657224,0.549967344255956,2.7005068457658,0.0069234,"log10(area)"
-15.6349560109816,3.67262015694025,3.72181814343424,4.20089198569888,2.66e-05,"log10(depth)"
-3.69477300558125,1.57020476337489,1.59142711856401,2.3216727693538,0.0202506,"eutro"
0.326406598331516,0.495979698237431,0.502738951820829,0.649256631397529,0.5161725,"log10(RT)"
