"estimate","std.error","Adjusted.SE","statistic","p.value","term"
-9.2826625934082,3.89370204177379,3.94576307982784,2.35256461313263,0.0186445,"(Intercept)"
-2.38940891033945,1.24518930652878,1.26202861662876,1.89330802713669,0.0583169,"human_impact"
1.8456559762148,0.566726855861719,0.574386520844549,3.21326477769888,0.0013124,"log10(area)"
-15.3682658106926,3.53447840805422,3.58212321788362,4.29026721748909,1.78e-05,"log10(depth)"
-2.59438652610296,1.49855310823726,1.51881640678515,1.70816335306415,0.087606,"eutro"
-0.414228981657953,0.47542533652233,0.481904473513111,0.859566583057842,0.390028,"log10(RT)"
