"term","estimate","std.error","statistic","p.value"
"(Intercept)",-3.57726569039348,0.694987136785852,-5.14724014452623,2.64346822335884e-07
"human_impact",-0.375404377951032,0.298633956689493,-1.25707197571428,0.208727573860068
"log10(area)",1.43680950157913,0.117134926836053,12.2662773639681,1.37427808078956e-34
"depth",-5.12595894786739,0.328272917773091,-15.6149309624456,5.76074410897559e-55
"eutro",-0.798657831593748,0.279288865111308,-2.85961214843081,0.00424159412775083
"log10(RT)",-0.374489302336262,0.11114942275277,-3.36924199030021,0.000753752216979413
