"term","estimate","std.error","statistic","p.value"
"(Intercept)",-4.23267088190966,0.698219783789673,-6.06208958866265,1.34364331905743e-09
"human_impact",-0.372549342436838,0.29448681083717,-1.26507989059935,0.205842690748396
"log10(area)",1.49307845740228,0.117787895608021,12.675992296959,8.03355673548757e-37
"depth",-5.00266571248969,0.322676982677329,-15.5036336059094,3.27816489441599e-54
"eutro",-0.680770065781116,0.280522487612561,-2.42679320141118,0.0152329360185604
"log10(RT)",-0.307843013102309,0.110842389468525,-2.77730401318824,0.00548118847481017
