"term","estimate","std.error","statistic","p.value"
"(Intercept)",-3.59949876026255,0.687582994822186,-5.23500259222292,1.64982548239731e-07
"human_impact",-0.513480692222593,0.291755261567844,-1.75997063245143,0.0784127860514662
"log10(area)",1.36711670307146,0.113705804193264,12.0232798384487,2.68113733602267e-33
"depth",-4.74052439000964,0.311945454764821,-15.1966451749828,3.72200403681751e-52
"eutro",-0.687929628903916,0.279122090733254,-2.46461907438685,0.0137158981436179
"log10(RT)",-0.351411044260802,0.108552792051378,-3.23723634942968,0.00120693406457689
