"estimate","std.error","Adjusted.SE","statistic","p.value","term"
-10.2599008155463,4.09833967718061,4.15218698317079,2.47096309899594,0.013475,"(Intercept)"
-1.40339981866737,1.16557120214914,1.18127885311148,1.18803431972969,0.2348199,"human_impact"
1.98000659611729,0.615915973437383,0.624075553832841,3.17270334330005,0.0015103,"log10(area)"
-17.6537647813132,3.94975948836324,4.00274240327045,4.41041740954631,1.03e-05,"log10(depth)"
-3.97876804577553,1.50659475557338,1.52647852048623,2.60650116747674,0.0091473,"eutro"
0.0254458824149159,0.49210225467181,0.498733999210382,0.0510209499556938,0.9593088,"log10(RT)"
