"estimate","std.error","Adjusted.SE","statistic","p.value","term"
-11.7246095296009,4.11115577475636,4.16624285990988,2.81419252881827,0.00489,"(Intercept)"
-2.95039155597402,1.30423500650677,1.32186346967803,2.23199416857525,0.0256153,"human_impact"
2.20662956607819,0.615316969972796,0.623624779660006,3.53839301780346,0.0004026,"log10(area)"
-17.3738370391986,3.90908430007467,3.96161918569973,4.38553940315943,1.16e-05,"log10(depth)"
-2.36286205425696,1.50431523854222,1.524639109811,1.54978449591909,0.1211932,"eutro"
0.250807972496188,0.532260555828478,0.539514248030134,0.464877384447091,0.6420193,"log10(RT)"
