"estimate","std.error","Adjusted.SE","statistic","p.value","term"
-4.9183251319825,3.18684018844799,3.22989103565183,1.52275264945275,0.1278206,"(Intercept)"
-2.00934013382588,1.15982950016947,1.17550290029517,1.70934510950278,0.087387,"human_impact"
1.15031819253564,0.464635481120983,0.470914166253258,2.44273431332069,0.0145765,"log10(area)"
-15.5514623443125,3.48975312168558,3.53690361047575,4.39691437964313,1.1e-05,"log10(depth)"
-3.14599216393006,1.41814127491224,1.43730481734165,2.18881348338391,0.0286104,"eutro"
-0.067674328000363,0.462023260102543,0.468319752454063,0.144504534873321,0.8851021,"log10(RT)"
