"estimate","std.error","Adjusted.SE","statistic","p.value","term"
-11.4689484382099,4.16541964056346,4.21788669195896,2.71912198591641,0.00654555,"(Intercept)"
-2.49406516142148,1.238655222459,1.25540147717968,1.98666737833105,0.04695927,"human_impact"
2.05304419094951,0.593142478285793,0.601116441659594,3.41538518773727,0.00063692,"log10(area)"
-18.3593739252625,4.09417281050514,4.1477257904007,4.42637118580802,9.58e-06,"log10(depth)"
-2.69701639135257,1.52624710450345,1.54691810039277,1.74347716964963,0.0812503,"eutro"
0.625309721559974,0.48670447945209,0.493337329563663,1.26750943844658,0.20497319,"log10(RT)"
