"term","estimate","std.error","statistic","p.value"
"(Intercept)",-4.23116277992054,0.716663793116807,-5.90397173759679,3.54852979071062e-09
"human_impact",-0.278443829493176,0.300073211146123,-0.927919651439944,0.35344924989846
"log10(area)",1.56272682454167,0.122403603797977,12.7670001213436,2.50629000227841e-37
"depth",-5.39942269556266,0.337226912863601,-16.0112449202611,1.06654268261781e-57
"eutro",-0.673767952615716,0.285140166881004,-2.36293595527317,0.0181308025717181
"log10(RT)",-0.361752430972525,0.112399003925376,-3.21846651962059,0.00128878015419007
