"term","estimate","std.error","statistic","p.value"
"(Intercept)",-3.67830440658293,0.69634472611305,-5.28230381971151,1.27569409795727e-07
"human_impact",-0.246190446192147,0.296177464017089,-0.83122612656965,0.405845898028186
"log10(area)",1.46070483243351,0.118129398031744,12.3652948103654,4.02731025592839e-35
"depth",-5.2488353143779,0.331630141613941,-15.827377116065,2.01445089924576e-56
"eutro",-0.789635174945761,0.280757892535433,-2.81251283023541,0.00491560624106805
"log10(RT)",-0.383752511217121,0.111951402078705,-3.42784908533199,0.000608383560979238
