"estimate","std.error","Adjusted.SE","statistic","p.value","term"
-4.71847352278013,3.33837196238453,3.38291456928867,1.39479535357356,0.1630776,"(Intercept)"
-2.10262730365264,1.20041816249169,1.21661927282548,1.72825414705908,0.0839427,"human_impact"
1.10150722896494,0.487078240383946,0.493663424626324,2.23129195726566,0.0256618,"log10(area)"
-12.6809133520121,3.18516619719003,3.22803869813109,3.92836472479525,8.55e-05,"log10(depth)"
-3.2486152160523,1.49632661061146,1.51655674263956,2.14209935224586,0.0321855,"eutro"
-0.304628992439132,0.43978788306413,0.44578134980299,0.683359661802273,0.4943796,"log10(RT)"
