"term","estimate","std.error","statistic","p.value"
"(Intercept)",-3.4995541834908,0.697472948999471,-5.0174765752721,5.23545826327267e-07
"human_impact",-0.309356719172052,0.295486890539253,-1.04693889670532,0.295127760710938
"log10(area)",1.40620570557962,0.116818850604108,12.0374896543467,2.25720236739979e-33
"depth",-5.14412800894672,0.322863711683255,-15.9328156829014,3.75079978040795e-57
"eutro",-0.866939945609536,0.282214381295216,-3.07191979951814,0.00212686861472822
"log10(RT)",-0.320247565486577,0.109593960599121,-2.92212785938083,0.00347648792467877
