"term","estimate","std.error","statistic","p.value"
"(Intercept)",-9.11099391283135,3.98359802819026,-2.28712682563769,0.0221884215230635
"human_impact",-2.76734481129097,1.23256152631209,-2.24519811158723,0.0247554172867629
"log10(area)",1.91811277802239,0.583649601627651,3.28641152615073,0.00101472644679792
"log10(depth)",-17.8231174907283,4.19727972739524,-4.24634969511289,2.17281422506425e-05
"eutro",-3.55478482510535,1.48385011538732,-2.39564952567832,0.0165909456843637
"log10(RT)",-0.0620615762763964,0.506591374445845,-0.122508158265199,0.902496585299879
