"term","estimate","std.error","statistic","p.value"
"(Intercept)",-3.57083081680526,0.686863220959431,-5.19875094173396,2.00632133803165e-07
"human_impact",-0.38012429866607,0.292549611947386,-1.29934986457761,0.19382388892942
"log10(area)",1.43742793651773,0.116454790307929,12.3432272104641,5.29885718372456e-35
"depth",-5.03460306901693,0.323239222682204,-15.5754707836516,1.06863363946174e-54
"eutro",-0.830150343990306,0.276441924646446,-3.00298279666524,0.00267347543629864
"log10(RT)",-0.382320001219595,0.111516747425042,-3.42836399058874,0.000607230714060599
