"estimate","std.error","Adjusted.SE","statistic","p.value","term"
-4.41808707635217,3.42989787998045,3.47624518929899,1.27093655244816,0.2037512,"(Intercept)"
-2.44289853391819,1.12058363080132,1.13572637835136,2.15095693864603,0.0314796,"human_impact"
0.966903187079482,0.494492836136744,0.50117510018549,1.92927219792368,0.0536971,"log10(area)"
-13.4224974186809,3.35790823622939,3.40328388000301,3.94398407301509,8.01e-05,"log10(depth)"
-2.28118498952193,1.44644098145899,1.4659870982436,1.55607439673584,0.1196904,"eutro"
0.053146440473218,0.44447282066077,0.450530134128339,0.117964230241875,0.906096,"log10(RT)"
