"term","estimate","std.error","statistic","p.value"
"(Intercept)",-4.24527763206135,0.696314976771307,-6.09677771365191,1.08227849003115e-09
"human_impact",-0.400256709191973,0.295161532173146,-1.35605987082753,0.175080119530816
"log10(area)",1.45237266560282,0.117449146765652,12.3659703420474,3.99359332662197e-35
"depth",-4.86844655679373,0.32142645672878,-15.1463778257113,8.00590186213871e-52
"eutro",-0.573018046269961,0.278098012624749,-2.06048954058209,0.0393517647469133
"log10(RT)",-0.295282567686884,0.109764144443606,-2.6901550518493,0.00714188275163841
