"term","estimate","std.error","statistic","p.value"
"(Intercept)",-2.70325016346535,0.495211215218044,-5.45878219311955,4.79411431657101e-08
"human_impact",-2.53999932361959,0.193108220892668,-13.1532428390573,1.63029584707951e-39
"log10(area)",1.71685178984643,0.0916491507771303,18.7328717755544,2.6711095949176e-78
"depth",-6.01510719371451,0.249757632475281,-24.0837772767959,3.69759065931447e-128
"eutro",-1.44203892577034,0.186770957530691,-7.72089485879186,1.15515812982838e-14
"log10(RT)",-0.216973538026706,0.0765182116577523,-2.83558035827048,0.00457425058967758
