"estimate","std.error","Adjusted.SE","statistic","p.value","term"
-2.53312919544503,3.25898596477103,3.30287885337471,0.766945839644347,0.4431137,"(Intercept)"
-2.11922248180019,1.07254506409864,1.08703949030304,1.94953587307982,0.0512315,"human_impact"
0.751498308100603,0.465976521557763,0.472273646858658,1.59123489760485,0.1115567,"log10(area)"
-12.0860863470995,3.18561671738795,3.22860090564314,3.74344389421892,0.0001815,"log10(depth)"
-2.69874094449823,1.34704622198656,1.3652509975901,1.97673610879022,0.0480715,"eutro"
-0.148317584649309,0.417421333361447,0.423109986855404,0.350541441367574,0.7259324,"log10(RT)"
