"term","estimate","std.error","statistic","p.value"
"(Intercept)",-3.21935131759477,0.6860915898995,-4.69230546619345,2.70143366146693e-06
"human_impact",-0.376450813144048,0.291270687573269,-1.29244317813255,0.196203711876601
"log10(area)",1.40063275470191,0.115347181713995,12.1427566229992,6.26782233390293e-34
"depth",-5.06637709358381,0.320422243590655,-15.8115648801717,2.58953822528617e-56
"eutro",-0.822005639339119,0.27686934237854,-2.96892979293915,0.00298838865165544
"log10(RT)",-0.434117125352185,0.111729895093012,-3.88541602935181,0.000102154798544786
