"term","estimate","std.error","statistic","p.value"
"(Intercept)",-6.12164901436808,3.81711575972422,-1.60373680016724,0.108772080581107
"human_impact",-2.54795688838182,1.17605433932227,-2.16652989848254,0.03027071769694
"log10(area)",1.3512401727145,0.53246809117636,2.53769229575665,0.011158604657653
"log10(depth)",-17.5298155137901,4.03333559512452,-4.34623281409562,1.38495569571354e-05
"eutro",-3.27666683289201,1.59861809725548,-2.04968706316875,0.0403949782476348
"log10(RT)",0.108613060018111,0.491412196329512,0.221022312489131,0.825075059718027
