"term","estimate","std.error","statistic","p.value"
"(Intercept)",-3.6582701832605,0.697448992504161,-5.24521538145125,1.56099863273613e-07
"human_impact",-0.481633217462943,0.296173978887461,-1.62618343202241,0.103910639600716
"log10(area)",1.45181808566297,0.117329137394455,12.3738920945274,3.61852896824876e-35
"depth",-5.10668683173664,0.323743949681392,-15.7738448448606,4.70935342505376e-56
"eutro",-0.58861638770565,0.278298463069298,-2.11505439596726,0.0344253114228207
"log10(RT)",-0.395801281324723,0.111426542015701,-3.55212747487895,0.000382129684797133
