"term","estimate","std.error","statistic","p.value"
"(Intercept)",-3.73684210497928,0.695511761486862,-5.37279498622808,7.75254562736274e-08
"human_impact",-0.251569703140043,0.295909508693836,-0.850157550700175,0.395237498683762
"log10(area)",1.39742184210004,0.115914786130871,12.0555960869592,1.8121667599379e-33
"depth",-5.02225680880258,0.319217693068383,-15.7330151738385,8.9829587015362e-56
"eutro",-0.843255589241803,0.279428773088014,-3.01778367318027,0.0025463060041829
"log10(RT)",-0.28438637973935,0.109366372581254,-2.60030915378551,0.00931398096929051
