"term","estimate","std.error","statistic","p.value"
"(Intercept)",-3.60373476028834,0.69309928155014,-5.19944956836266,1.9987954842274e-07
"human_impact",-0.397187747269594,0.296173338959431,-1.34106516361353,0.179899296553823
"log10(area)",1.46570527720186,0.118549315332105,12.3636755985965,4.10928373562327e-35
"depth",-5.24679260992197,0.330631353825026,-15.8690110578522,1.03864536245434e-56
"eutro",-0.716813232827256,0.282263650191316,-2.5395166268891,0.0111005768816267
"log10(RT)",-0.392982713511585,0.111832219788359,-3.51403838943107,0.000441349023867698
