"term","estimate","std.error","statistic","p.value"
"(Intercept)",-2.51497488329914,0.481913582798588,-5.21872587341091,1.80158175425541e-07
"human_impact",-2.38585419396627,0.187664681280771,-12.7133895290437,4.98269363683398e-37
"log10(area)",1.64959384598482,0.0886123017121843,18.6158559715869,2.39010018081219e-77
"depth",-5.83138608958517,0.244169401404364,-23.8825424317928,4.65117790532605e-126
"eutro",-1.45852939441641,0.186188964965201,-7.83359741372968,4.74105200781441e-15
"log10(RT)",-0.210467224746765,0.0765773809324309,-2.74842547739356,0.00598822458340482
