"term","estimate","std.error","statistic","p.value"
"(Intercept)",-3.7269962555737,0.704897949618663,-5.28728485816981,1.24145237296417e-07
"human_impact",-0.486109934211559,0.30074534461248,-1.61635065320105,0.106018521023452
"log10(area)",1.4750403609603,0.119991198705631,12.292904620271,9.88878485926976e-35
"depth",-5.17541057293621,0.331106995384084,-15.6306289057189,4.50336275934267e-55
"eutro",-0.615597265037748,0.283620100435124,-2.17049942544027,0.0299690321103698
"log10(RT)",-0.405108196487652,0.112275420116275,-3.60816460154957,0.000308370833181799
