"term","estimate","std.error","statistic","p.value"
"(Intercept)",-4.18382905324224,0.708344934916179,-5.90648545222862,3.4948314224352e-09
"human_impact",-0.435624335435118,0.295592807566027,-1.47373117438865,0.140553985761931
"log10(area)",1.47924854358493,0.119046001566822,12.4258565942226,1.89189013265676e-35
"depth",-5.12197989877027,0.328302662026252,-15.6013961847214,7.1219378586508e-55
"eutro",-0.582783736923082,0.280760209376135,-2.07573479952184,0.0379184855354518
"log10(RT)",-0.264166444540122,0.110404465264467,-2.39271522132124,0.0167242162532261
