"term","estimate","std.error","statistic","p.value"
"(Intercept)",-3.43553596833897,0.687796993824138,-4.99498543783604,5.88402071023061e-07
"human_impact",-0.595935323364337,0.290011752883636,-2.05486611297249,0.0398919383316407
"log10(area)",1.36576213799545,0.114094037585943,11.9704952764658,5.07249232914192e-33
"depth",-4.79921138754,0.31418478620335,-15.2751234250846,1.12015745818702e-52
"eutro",-0.723956563064759,0.278227570646846,-2.60203027824183,0.00926736698803027
"log10(RT)",-0.338760348579187,0.108868093901364,-3.1116586727982,0.00186039465017926
