"estimate","std.error","Adjusted.SE","statistic","p.value","term"
-7.78041620548939,3.51298846286353,3.56046023631484,2.18522766414667,0.0288722,"(Intercept)"
-2.05259155614553,1.20998714393263,1.22633810982299,1.67375664158541,0.0941784,"human_impact"
1.49287543729992,0.509120783694953,0.516000670438784,2.89316569304152,0.0038138,"log10(area)"
-13.4167543005585,3.24126730457961,3.28506715928467,4.08416438691014,4.42e-05,"log10(depth)"
-2.24460836576344,1.41376572035984,1.43287030271217,1.5665118898164,0.1172288,"eutro"
-0.0489188493938573,0.458531191750014,0.464780093896513,0.105251601857005,0.9161762,"log10(RT)"
