"estimate","std.error","Adjusted.SE","statistic","p.value","term"
-5.13136212803011,3.57699890963351,3.6246462437277,1.41568632715805,0.1568674,"(Intercept)"
-1.794053523998,1.09278154770483,1.10754863949528,1.61984174782207,0.1052663,"human_impact"
1.27185781750847,0.510733729673618,0.51763856606869,2.45703836784775,0.0140088,"log10(area)"
-17.729654075164,4.03460279673413,4.0889720552265,4.33596851132844,1.45e-05,"log10(depth)"
-4.450656081154,1.62350255475364,1.64544450211994,2.70483512231492,0.0068338,"eutro"
0.403176821337945,0.546924895353265,0.554378434423318,0.727259208337248,0.4670672,"log10(RT)"
