"estimate","std.error","Adjusted.SE","statistic","p.value","term"
-6.94323822101866,3.48587620106234,3.53297975438533,1.96526408406398,0.0493837,"(Intercept)"
-2.07749626385956,1.1983675850839,1.21456152342973,1.71049076047875,0.0871752,"human_impact"
1.54785283940715,0.516140726824811,0.523115517327625,2.95891211049229,0.0030873,"log10(area)"
-19.9293640422355,4.37756586355813,4.43671985126716,4.49191400636746,7.1e-06,"log10(depth)"
-3.89350001795167,1.59751960950531,1.61910723370592,2.40472029084816,0.0161848,"eutro"
-0.0606376398512586,0.529508586750134,0.536724774882733,0.112977158292175,0.9100487,"log10(RT)"
