"term","estimate","std.error","statistic","p.value"
"(Intercept)",-3.47780575465052,0.700705127017789,-4.96329428821523,6.9307443579929e-07
"human_impact",-0.457951912730894,0.303302817882066,-1.50988347529617,0.131073159924785
"log10(area)",1.41201223058435,0.116789526401637,12.090229955454,1.18953313079979e-33
"depth",-5.30827348115777,0.33408027508524,-15.889215488114,7.52635974841291e-57
"eutro",-0.757591657974947,0.285140455611081,-2.65690694907309,0.00788612066484929
"log10(RT)",-0.286060937697455,0.109802926895626,-2.60522142519362,0.00918149025006203
