"term","estimate","std.error","statistic","p.value"
"(Intercept)",-3.8352004254121,0.707835368574823,-5.41820965111422,6.01988018094986e-08
"human_impact",-0.447841826824828,0.297830062672136,-1.50368241139522,0.132663160118195
"log10(area)",1.50089544906345,0.120149192973221,12.4919311725879,8.26234251175456e-36
"depth",-5.23468923001623,0.32812342728652,-15.9534150709856,2.69734670371453e-57
"eutro",-0.56188559690492,0.281303540638353,-1.9974352104842,0.0457779260582214
"log10(RT)",-0.40385366086376,0.111667864704129,-3.61656114705689,0.000298542818724537
