"term","estimate","std.error","statistic","p.value"
"(Intercept)",-2.92159298916201,0.491776905433702,-5.94089099524801,2.83477070423123e-09
"human_impact",-2.56043471750715,0.193874226885792,-13.2066791890572,8.02890860811536e-40
"log10(area)",1.75468669302868,0.0913170981553614,19.2153137635119,2.75563236751248e-82
"depth",-6.0368685969783,0.249632635196731,-24.1830103352503,3.35797524564698e-129
"eutro",-1.54921039099161,0.186574797690318,-8.30342795581125,1.01149720092571e-16
"log10(RT)",-0.17588337358675,0.0771177391542899,-2.28071226562878,0.0225654788803746
