"term","estimate","std.error","statistic","p.value"
"(Intercept)",-10.0725081495737,4.27216676243463,-2.35770481577211,0.0183883083370081
"human_impact",-2.90769824796044,1.42010877369149,-2.04751798019109,0.0406072533093048
"log10(area)",1.95492189140709,0.591075607023532,3.30739734168943,0.000941672193574553
"log10(depth)",-24.2317252462802,5.20114655084738,-4.65891991494305,3.17872829813353e-06
"eutro",-3.83689521487883,1.73202454328548,-2.21526607677314,0.0267418068318524
"log10(RT)",0.28274684780905,0.517759767223319,0.546096598670435,0.584999537727137
