"estimate","std.error","Adjusted.SE","statistic","p.value","term"
-10.8250277876284,3.58856715169957,3.63577137241434,2.97736757315409,0.0029074,"(Intercept)"
1.8703904129343,0.527665134303985,0.534656474045532,3.49830312309098,0.0004682,"log10(area)"
-13.9466159507336,3.18021044483039,3.22274662046373,4.32755583767452,1.51e-05,"log10(depth)"
-2.11429910404553,1.45081027019051,1.47011059772267,1.43819050574887,0.15038,"eutro"
-1.37421465542418,1.12856505902088,1.1437740020719,1.20147393885055,0.2295674,"human_impact"
-0.109983993966955,0.416199204853305,0.421808052968794,0.26074417781467,0.7942898,"log10(RT)"
