"term","estimate","std.error","statistic","p.value"
"(Intercept)",-3.95479076952583,0.706858975161319,-5.59487947171254,2.20775087483285e-08
"human_impact",-0.259498490145073,0.295396270572049,-0.878475850905433,0.379685537354028
"log10(area)",1.47883800635328,0.119741990856346,12.3502039324487,4.85881064202634e-35
"depth",-5.08651078286946,0.327121000975591,-15.5493250745127,1.60791329894652e-54
"eutro",-0.859752981435219,0.279007525549445,-3.08146878741755,0.00205982070911492
"log10(RT)",-0.353830399760668,0.111763267287557,-3.16589169543777,0.00154608347456776
