"estimate","std.error","Adjusted.SE","statistic","p.value","term"
-4.29512744917915,3.2733846934549,3.31760086251278,1.2946486413456,0.1954415,"(Intercept)"
-1.55452039748287,1.0582438248046,1.07254428394936,1.44937642272332,0.1472325,"human_impact"
1.02881319816773,0.469192960702964,0.475533414208037,2.16349296900858,0.0305033,"log10(area)"
-13.5192543188326,3.19227666556152,3.2354085266613,4.17853084314623,2.93e-05,"log10(depth)"
-3.40489772792714,1.38361613885014,1.40231369035651,2.42805711114574,0.01518,"eutro"
0.0704831496416556,0.421689028640229,0.427435842649039,0.164897611779198,0.8690246,"log10(RT)"
