"estimate","std.error","Adjusted.SE","statistic","p.value","term"
-4.53745559408193,3.30396545326294,3.34862924350902,1.35501880444882,0.1754116,"(Intercept)"
-1.75034825091188,1.15294813740272,1.16852817347409,1.49790847208075,0.134157,"human_impact"
1.10319017767011,0.46774960523313,0.47407052383066,2.32705920789155,0.0199621,"log10(area)"
-15.037915839894,3.49655695907868,3.54381455615704,4.24342628588368,2.2e-05,"log10(depth)"
-3.51504849657936,1.49530281176908,1.51550917876455,2.31938449851214,0.0203742,"eutro"
-0.0193890540340914,0.448934932240612,0.455053055744948,0.0426083371802665,0.9660137,"log10(RT)"
