"term","estimate","std.error","statistic","p.value"
"(Intercept)",-3.67199355777977,0.690048223868921,-5.32135788596318,1.02995553924938e-07
"human_impact",-0.335580029109204,0.295232882625472,-1.13666210255758,0.255679567770243
"log10(area)",1.43271102405263,0.11617176461825,12.3326957179367,6.03919691395812e-35
"depth",-5.02304150438166,0.320296867996306,-15.6824558910129,1.99393332046408e-55
"eutro",-0.888300950913093,0.279405954465661,-3.17924846165819,0.00147657463389145
"log10(RT)",-0.355119557865607,0.110876790976917,-3.20283040965298,0.00136084093535336
