"term","estimate","std.error","statistic","p.value"
"(Intercept)",-5.61657676818127,4.12236167478733,-1.36246579297801,0.173050932425728
"human_impact",-3.71974547533489,1.31326991639624,-2.83243027872159,0.00461956392952944
"log10(area)",1.42914599113643,0.580672338852324,2.46119178668142,0.0138476320487519
"log10(depth)",-20.9709984304383,5.04120081219098,-4.15992125918191,3.1835733005219e-05
"eutro",-4.85292347753274,1.86091131653763,-2.60782092859857,0.00911206090181252
"log10(RT)",0.194002619547174,0.542303637777216,0.357738001430985,0.720539391555601
