"term","estimate","std.error","statistic","p.value"
"(Intercept)",-3.00025560411404,0.494989881838303,-6.06124632885753,1.35070784662779e-09
"human_impact",-2.40996388369136,0.192661132495378,-12.5088223684617,6.68073053477088e-36
"log10(area)",1.76280540497627,0.0919697068479789,19.1672395769413,6.95001312031049e-82
"depth",-6.11656474963384,0.250900428266627,-24.3784547993433,2.89490205902217e-131
"eutro",-1.61775052416818,0.187300762422244,-8.63718066732257,5.76172290489146e-18
"log10(RT)",-0.160199816382983,0.0766450935958652,-2.09015096553584,0.0366042406771958
