"estimate","std.error","Adjusted.SE","statistic","p.value","term"
-9.89717772851322,3.96116056865713,4.01468694999947,2.46524270803095,0.013692,"(Intercept)"
-2.08444488371028,1.15238180002996,1.16795439376098,1.78469715499599,0.0743105,"human_impact"
1.91616938821721,0.606691766820118,0.614890152092728,3.11627919506546,0.0018315,"log10(area)"
-14.6490306285949,3.48301632822148,3.53008027154441,4.1497726685365,3.33e-05,"log10(depth)"
-2.81703243360154,1.43483985778853,1.45422878549416,1.93713153095391,0.0527293,"eutro"
-0.0690312782806219,0.565326553903296,0.573030872343829,0.120466944474157,0.9041133,"log10(RT)"
