"term","estimate","std.error","statistic","p.value"
"(Intercept)",-4.08072338881557,0.711195273647022,-5.73783817191241,9.58926748677560e-09
"human_impact",-0.0998840119440334,0.300786779793766,-0.332075804702982,0.739832019496509
"log10(area)",1.4787962034421,0.119212449840989,12.4047128082225,2.4639460606188e-35
"depth",-5.15159816469533,0.328447398214879,-15.6846977406258,1.92477139933643e-55
"eutro",-0.828049394729054,0.282333491095703,-2.93287697295666,0.00335836941187395
"log10(RT)",-0.333331628336087,0.112906386762369,-2.95228319579158,0.00315433491061953
