"term","estimate","std.error","statistic","p.value"
"(Intercept)",-3.93009437394302,0.700002492587387,-5.6144005422272,1.9724483949995e-08
"human_impact",-0.287098002538009,0.291720602368887,-0.984154016571539,0.325039791179311
"log10(area)",1.45707092737414,0.118089901050632,12.3386582121821,5.60827081250844e-35
"depth",-4.94571653098646,0.320292282599267,-15.4412603727149,8.63953344062291e-54
"eutro",-0.814028813843028,0.280469432021238,-2.90237979938358,0.00370339250122686
"log10(RT)",-0.36228463968772,0.112032186723651,-3.23375496170011,0.00122174230226515
