"term","estimate","std.error","statistic","p.value"
"(Intercept)",-3.31623933551878,0.704602833087592,-4.70653704440402,2.51960217180645e-06
"human_impact",-0.367294011358034,0.297327065176268,-1.23531980225307,0.216711506756217
"log10(area)",1.39504437380486,0.117310263984154,11.8919208466984,1.30373245277757e-32
"depth",-5.37653996732474,0.335254139203158,-16.0372068189937,7.02433295403419e-58
"eutro",-0.881050552809138,0.279621942855446,-3.15086342585285,0.00162788591226453
"log10(RT)",-0.25090898002201,0.109666353433638,-2.28793036483921,0.0221415766674748
