"term","estimate","std.error","statistic","p.value"
"(Intercept)",-10.2811021414243,3.93387413034993,-2.61348019808396,0.00896252771961618
"human_impact",-1.1669826091418,1.2620762096194,-0.924653044124589,0.355146411676092
"log10(area)",2.11081066009808,0.616933639134542,3.42145496079483,0.000622870405892453
"log10(depth)",-23.2647849845896,4.939827424644,-4.70963517237978,2.48160588958756e-06
"eutro",-5.25642174167458,1.83960650771641,-2.85736200629101,0.00427178333971675
