"term","estimate","std.error","statistic","p.value"
"(Intercept)",-3.36553699063294,0.694267255895657,-4.84761014156018,1.24957659044468e-06
"human_impact",-0.495146575150479,0.294633876409888,-1.68054869040803,0.0928506092252654
"log10(area)",1.35786090470807,0.114129504228919,11.8975449326802,1.21880138591872e-32
"depth",-5.04524310888713,0.323183227075643,-15.6110920561674,6.11807461325093e-55
"eutro",-0.834899527028678,0.277174210824267,-3.01218329275958,0.00259375931631724
"log10(RT)",-0.263352533641735,0.110196454117461,-2.38984580539244,0.0168554477347208
