"term","estimate","std.error","statistic","p.value"
"(Intercept)",-3.96559050911173,0.695871637403732,-5.6987385258396,1.20697175484122e-08
"human_impact",-0.203648822991126,0.295865514132102,-0.688315512500719,0.491254115094554
"log10(area)",1.41098871374035,0.116087277048753,12.1545508656197,5.42591589228192e-34
"depth",-4.92328903643007,0.317103603650671,-15.5258060133989,2.32069708167131e-54
"eutro",-0.571566028234423,0.281068745925625,-2.03354530348838,0.0419974614139369
"log10(RT)",-0.329636726182704,0.111451891123602,-2.95765933497829,0.00309984496823046
