"estimate","std.error","Adjusted.SE","statistic","p.value","term"
-5.37845036473424,3.2815014329184,3.32576823825732,1.61720540321009,0.105834,"(Intercept)"
-1.74471208233071,1.17622543734401,1.19212256206449,1.46353415147957,0.1433213,"human_impact"
1.10419180568764,0.468986047326583,0.475316228159056,2.32306776051868,0.0201755,"log10(area)"
-11.8169286045558,2.90930601129858,2.94857498321332,4.00767444336039,6.13e-05,"log10(depth)"
-2.12410668822578,1.37970167180854,1.39834678193558,1.51901281975678,0.1287593,"eutro"
-0.239972369651241,0.50872092533422,0.515653817446003,0.465374950271497,0.641663,"log10(RT)"
