"estimate","std.error","Adjusted.SE","statistic","p.value","term"
-8.71434068371515,3.87096734519492,3.92317047676635,2.2212495570414,0.0263341,"(Intercept)"
-2.32265895122243,1.28454885476685,1.30190599772973,1.78404505031291,0.0744163,"human_impact"
1.74799030975645,0.584317382853322,0.592213422421255,2.95162224221434,0.0031611,"log10(area)"
-18.2878151812345,4.06194659117675,4.11679654682969,4.44224410247278,8.9e-06,"log10(depth)"
-3.43762185752874,1.60374175281337,1.62541259509566,2.11492261589521,0.0344365,"eutro"
0.143404810420253,0.549234931378834,0.556719951816651,0.257588775024686,0.7967243,"log10(RT)"
