"term","estimate","std.error","statistic","p.value"
"(Intercept)",-3.55908998794278,0.69982265588125,-5.0857027248725,3.66267366016206e-07
"human_impact",-0.398395408991033,0.296274153150601,-1.34468499784563,0.178726981376927
"log10(area)",1.40530901377279,0.115965799892264,12.1183056994249,8.44876952660781e-34
"depth",-4.99026799875579,0.319969271107551,-15.5960851536847,7.73970049258597e-55
"eutro",-0.739252521727753,0.282120785491773,-2.62034050571332,0.00878420092634284
"log10(RT)",-0.373552972713541,0.108202602220895,-3.45234740243063,0.000555731715108049
