"term","estimate","std.error","statistic","p.value"
"(Intercept)",-3.91641461200648,0.69391931625978,-5.64390487516031,1.66235944849061e-08
"human_impact",-0.355096128950173,0.294646998795674,-1.20515780035628,0.228142389802666
"log10(area)",1.44934375304762,0.116998330112623,12.3877302492479,3.04541268210694e-35
"depth",-5.04567163731981,0.320197958637569,-15.7579756560253,6.05413456992643e-56
"eutro",-0.654487189751298,0.28036975023345,-2.33437162606287,0.0195762711801813
"log10(RT)",-0.331380656129737,0.111826683608959,-2.96334153383753,0.00304318707891878
