"term","estimate","std.error","statistic","p.value"
"(Intercept)",-8.90962107774613,4.60245070992771,-1.93584280186372,0.0528869569127218
"human_impact",-3.88604654227817,1.67583832445985,-2.31886721144816,0.0204022374733889
"log10(area)",2.22453660407528,0.694654561818624,3.20236377380346,0.00136304751545882
"log10(depth)",-35.9661180515368,7.81635696805946,-4.6013914408602,4.19677874523708e-06
"eutro",-8.28444283179603,2.43286076002443,-3.40522687032563,0.000661091073688829
"log10(RT)",0.510081850319518,0.628348013466367,0.811782387129041,0.416916510166824
