"term","estimate","std.error","statistic","p.value"
"(Intercept)",-7.9216373848176,4.06993460670214,-1.94637952456845,0.0516091672830537
"human_impact",-3.32229014600933,1.34176558744644,-2.47605854337948,0.0132841793649837
"log10(area)",1.70640736572847,0.573712499213272,2.97432488932776,0.00293633997549579
"log10(depth)",-17.6041691079904,4.09978155236415,-4.29392856256911,1.75538977277364e-05
"eutro",-3.66029023063682,1.64145486517027,-2.22990610847965,0.0257536767851437
"log10(RT)",0.125323226173676,0.480277511654878,0.260939192721836,0.79413940012244
