"term","estimate","std.error","statistic","p.value"
"(Intercept)",-2.96338075831185,0.493853132413599,-6.0005304488583,1.96673964690700e-09
"human_impact",-2.42977953864635,0.192583637792418,-12.6167496184975,1.70723464165891e-36
"log10(area)",1.73147029904032,0.0911963085519065,18.9861884382614,2.21859354331073e-80
"depth",-5.91695814106294,0.246772611154988,-23.9773697468668,4.79006087495306e-127
"eutro",-1.47705627791207,0.185860519206609,-7.9471223055722,1.90893924690914e-15
"log10(RT)",-0.205010629659435,0.0767939906688113,-2.66961812863173,0.00759375562555522
