"term","estimate","std.error","statistic","p.value"
"(Intercept)",-3.98822937447929,0.692121759961441,-5.76232334423567,8.29638609715822e-09
"human_impact",-0.372375946086873,0.289360234155768,-1.2868939893324,0.198131240594425
"log10(area)",1.45323577618765,0.117160511050277,12.4038019564802,2.49212335376551e-35
"depth",-4.94467211530993,0.31901249437797,-15.4999324554712,3.4725702399167e-54
"eutro",-0.691367866346958,0.278556263593128,-2.48196848072604,0.0130658832103739
"log10(RT)",-0.342210686938551,0.11277475530794,-3.03446179957668,0.00240965269561617
