"term","estimate","std.error","statistic","p.value"
"(Intercept)",-3.62521076658403,0.698056598686654,-5.19329059191563,2.06609311238525e-07
"human_impact",-0.401498276775946,0.296598435175395,-1.35367631504366,0.175839667705201
"log10(area)",1.39130957328316,0.11569346782928,12.0258265171566,2.59973483494732e-33
"depth",-4.90323672867813,0.319987584302827,-15.3232093031392,5.35089462377844e-53
"eutro",-0.695376655417274,0.276937181144594,-2.51095447907446,0.0120405222142451
"log10(RT)",-0.338314679212033,0.109764396907069,-3.08218956915934,0.00205483931564704
