"term","estimate","std.error","statistic","p.value"
"(Intercept)",-2.49927652755333,0.490634833247363,-5.09396471304611,3.50652058928608e-07
"human_impact",-2.54841913264684,0.191747951070362,-13.2904634360953,2.62944574228848e-40
"log10(area)",1.66511578691787,0.0897787450145299,18.5468819668663,8.64220291709034e-77
"depth",-5.94776800024179,0.247029742850567,-24.0771331079744,4.34033275076669e-128
"eutro",-1.54376964100624,0.185818189752245,-8.30795759588757,9.7363306076814e-17
"log10(RT)",-0.159238659803285,0.0773352470040607,-2.05906964769794,0.039487566978188
