"term","estimate","std.error","statistic","p.value"
"(Intercept)",-3.44942562651737,0.692334122596786,-4.98231347254613,6.28285440088052e-07
"human_impact",-0.478525660480872,0.295525421643028,-1.61923687586814,0.105396306599115
"log10(area)",1.35202226180792,0.114160259143941,11.8431954512577,2.33388010817574e-32
"depth",-5.06912957001299,0.328167629959313,-15.4467689901087,7.93211461724725e-54
"eutro",-0.711096613472504,0.279194919797183,-2.5469539846537,0.010866776129698
"log10(RT)",-0.232241607660408,0.109430642652168,-2.12227217196011,0.0338148889382811
