"estimate","std.error","Adjusted.SE","statistic","p.value","term"
-9.30869209615745,3.69328589832398,3.74317146705716,2.48684629546929,0.0128881,"(Intercept)"
-3.1277975362481,1.25611905804955,1.27309378434812,2.45684770022631,0.0140162,"human_impact"
1.81000639538374,0.556092342248651,0.563607160461615,3.21146806208296,0.0013206,"log10(area)"
-16.1248145088013,3.81504689607918,3.86658895609099,4.17029446158222,3.04e-05,"log10(depth)"
-2.29539614969587,1.49926368112781,1.51952404566158,1.51060205743337,0.1308899,"eutro"
0.0860317061450439,0.483991279977464,0.490587154375441,0.175364775407887,0.860793,"log10(RT)"
