"term","estimate","std.error","statistic","p.value"
"(Intercept)",-3.23095169639479,0.494286206244165,-6.5366009724309,6.29326562919899e-11
"human_impact",-2.46090156667792,0.191324225967165,-12.8624671247867,7.32023708724731e-38
"log10(area)",1.81821378631931,0.0936244517019183,19.4202876841206,5.19978450584939e-84
"depth",-6.21968450098905,0.256085996288984,-24.2874838574552,2.65829620763729e-130
"eutro",-1.44659356672609,0.188263987496466,-7.68385704543332,1.54368917176768e-14
"log10(RT)",-0.168656425729144,0.0776492868907768,-2.17202800543912,0.0298535506008867
