"term","estimate","std.error","statistic","p.value"
"(Intercept)",-3.81135491988655,0.681073928853191,-5.59609575175518,2.19232652361804e-08
"human_impact",-0.310036112080905,0.287181580467967,-1.07958216392464,0.280328287488802
"log10(area)",1.41677245809551,0.114892853868581,12.331249598135,6.14857485325035e-35
"depth",-4.82413015531711,0.310892502624761,-15.5170359998668,2.66059853148009e-54
"eutro",-0.626204015848446,0.276045569415989,-2.26848058881461,0.023299930803768
"log10(RT)",-0.38618306358562,0.111297860748391,-3.46981569087528,0.000520815619238725
