"term","estimate","std.error","statistic","p.value"
"(Intercept)",-3.79656799103352,0.702338258243217,-5.40561182090523,6.45875408391982e-08
"human_impact",-0.279688708762536,0.292586380143289,-0.955918415018372,0.339113454540082
"log10(area)",1.43149470499967,0.117692873649138,12.1629684161438,4.89471719595389e-34
"depth",-5.02618240007253,0.325611660942225,-15.4361253080686,9.3554320562372e-54
"eutro",-0.897212442238111,0.276746882667129,-3.24199656231459,0.00118695454172759
"log10(RT)",-0.318976587651884,0.110601924174102,-2.8840057714527,0.00392651557025469
