"term","estimate","std.error","statistic","p.value"
"(Intercept)",-3.46002355163508,0.698773124815733,-4.95156929875844,7.36173947590755e-07
"human_impact",-0.395396352806017,0.295105683174271,-1.33984662224387,0.180295214712543
"log10(area)",1.4294643710093,0.117023312767988,12.2152102619362,2.57834020610799e-34
"depth",-5.1254954467195,0.32504311270418,-15.7686634369152,5.11201610707596e-56
"eutro",-0.919714904227282,0.284398713847977,-3.23389262835735,0.00122115355853201
"log10(RT)",-0.371646424504806,0.110361728419824,-3.36752993837715,0.000758447910392951
