"term","estimate","std.error","statistic","p.value"
"(Intercept)",-3.66133324288983,0.693765722016344,-5.27747786709412,1.30974017689356e-07
"human_impact",-0.641238415249511,0.299723120713975,-2.13943593581305,0.0324003791737976
"log10(area)",1.41823451801865,0.115593539897104,12.2691503286523,1.32637900533094e-34
"depth",-4.82149953702947,0.314703019254208,-15.3207921184093,5.55365525418857e-53
"eutro",-0.49767836534551,0.279294220088264,-1.78191430237343,0.0747632078254057
"log10(RT)",-0.410252226221897,0.109249988568164,-3.75516951167394,0.000173224199361393
