"term","estimate","std.error","statistic","p.value"
"(Intercept)",-5.46979749804307,3.43730511096052,-1.59130403658423,0.111541168825588
"human_impact",-2.53247186699876,1.17991451144023,-2.14631809545894,0.0318476088610322
"log10(area)",1.2612250370891,0.465116477659711,2.71163267196017,0.00669527417192211
"log10(depth)",-15.4155856748017,3.66271071320085,-4.20879148856667,2.5674017107788e-05
"eutro",-3.2138298841391,1.50231687764453,-2.13924900396383,0.0324155073602853
"log10(RT)",0.0164713176928958,0.533161575632907,0.0308936698473496,0.975354338245241
