"term","estimate","std.error","statistic","p.value"
"(Intercept)",-3.73124085386643,0.694548331708718,-5.37218316353434,7.77890325327344e-08
"human_impact",-0.219803096581497,0.294241975238252,-0.747014753430469,0.455054655288548
"log10(area)",1.46249742853485,0.117470923472589,12.4498674676386,1.40077574830655e-35
"depth",-5.19291818410349,0.326988415705357,-15.8810463450262,8.57361672522905e-57
"eutro",-0.789095063257767,0.277477369145871,-2.84381773434985,0.00445765395433277
"log10(RT)",-0.371573644902319,0.112432664521704,-3.30485492346036,0.000950255741039006
