"estimate","std.error","Adjusted.SE","statistic","p.value","term"
-8.81454496634846,3.77215136914343,3.82313109305338,2.30558271526824,0.021134,"(Intercept)"
-2.05759587285449,1.2473289302281,1.26418436011421,1.62760744221563,0.1036082,"human_impact"
1.84422487854104,0.572978139877306,0.580720948550227,3.17575056168571,0.0014945,"log10(area)"
-23.2303790405211,5.03978545359444,5.10789194915599,4.54793861572573,5.4e-06,"log10(depth)"
-4.0497527581501,1.72501215026597,1.74832314796569,2.31636397588301,0.0205384,"eutro"
0.0425021868791811,0.565149263558311,0.572851165870918,0.0741941177942164,0.9408559,"log10(RT)"
