"term","estimate","std.error","statistic","p.value"
"(Intercept)",-2.80708586084103,0.487708736569717,-5.75566039801661,8.63037309371567e-09
"human_impact",-2.49160339090466,0.190651084633928,-13.068917995871,4.95655107023885e-39
"log10(area)",1.71419794584808,0.0906810625760375,18.9035935084097,1.06542746567588e-79
"depth",-5.86463819137162,0.247829263690197,-23.6640262092002,8.46515304128813e-124
"eutro",-1.56623355559753,0.187655236426587,-8.34633546828979,7.04136200783675e-17
"log10(RT)",-0.2071524826875,0.0764414812213313,-2.7099485695169,0.00672936418702148
