"term","estimate","std.error","statistic","p.value"
"(Intercept)",-3.50370493200381,0.70563120551865,-4.96534861922458,6.85777679789265e-07
"human_impact",-0.285316340844986,0.295729081024878,-0.964789596803241,0.334650207640609
"log10(area)",1.43808070386746,0.118841682340333,12.1008107218573,1.04573274342941e-33
"depth",-5.22639452348744,0.327708137396145,-15.9483208595751,2.92660365193344e-57
"eutro",-0.742564916838663,0.280006430751574,-2.65195665272945,0.00800268151424185
"log10(RT)",-0.383729121380589,0.112194248247947,-3.42022097721582,0.000625702867100514
