"estimate","std.error","Adjusted.SE","statistic","p.value","term"
-8.53754890174923,3.50235787746516,3.54874027829572,2.40579705253871,0.0161372,"(Intercept)"
-1.54645630617353,1.1195154492357,1.13460243653525,1.36299399364588,0.1728844,"human_impact"
1.60282256174373,0.518030419136804,0.524950191410231,3.05328503155299,0.0022635,"log10(area)"
-16.6742313066074,3.59742339628759,3.64582552347784,4.57351324116616,4.8e-06,"log10(depth)"
-2.57644633077355,1.46090899785607,1.480231111579,1.74057031406751,0.0817589,"eutro"
0.0125373996822968,0.468257367338411,0.474567769717208,0.0264185654448632,0.9789235,"log10(RT)"
