"term","estimate","std.error","statistic","p.value"
"(Intercept)",-3.60398581608594,0.688811839340911,-5.23217751241676,1.67524754162384e-07
"human_impact",-0.416368219125009,0.294403805091762,-1.41427594319045,0.15728089750817
"log10(area)",1.41867364180081,0.115342646779718,12.2996452865366,9.09727594070972e-35
"depth",-5.05003715009174,0.323219613786481,-15.6241667729601,4.98394083766821e-55
"eutro",-0.794389833356851,0.278356620221812,-2.85385644043181,0.00431920445133533
"log10(RT)",-0.326125374189284,0.1108882756516,-2.94102665293433,0.00327126385213021
