"estimate","std.error","Adjusted.SE","statistic","p.value","term"
-7.12917743642231,3.47853117251105,3.52503012356245,2.02244440090556,0.0431305,"(Intercept)"
-2.90415522952807,1.17676529656431,1.19266694694001,2.43500940223017,0.0148914,"human_impact"
1.46013627051354,0.51322637564414,0.520165281694505,2.80706214331907,0.0049996,"log10(area)"
-12.6040712653801,3.28335299759897,3.3274265520712,3.78793372840477,0.0001519,"log10(depth)"
-2.06801977066518,1.4080222275749,1.42705267948862,1.44915447088208,0.1472944,"eutro"
-0.315135380324929,0.465162935314627,0.471502215427427,0.668364580300544,0.5039009,"log10(RT)"
