"term","estimate","std.error","statistic","p.value"
"(Intercept)",-2.86574954593554,0.495620124691077,-5.78214927757783,7.37522166331793e-09
"human_impact",-2.29601809999561,0.191660965919516,-11.979581178568,4.54614558390067e-33
"log10(area)",1.74549519914946,0.0918255596021634,19.0088163547477,1.44168846194263e-80
"depth",-6.17638026074941,0.252607361591217,-24.4505157009017,4.96922956028007e-132
"eutro",-1.45612896798611,0.188101833070927,-7.74117372602668,9.85031946286574e-15
"log10(RT)",-0.184586346749056,0.0773630033815392,-2.38597700038496,0.0170338163177534
