"estimate","std.error","Adjusted.SE","statistic","p.value","term"
-6.05870388059409,3.68433639310642,3.73383611944277,1.62264858091798,0.1046645,"(Intercept)"
-1.83177529307925,1.20532729019655,1.22162349612249,1.49945977536731,0.1337544,"human_impact"
1.36890790429622,0.53102939657649,0.538204042308706,2.54347384390516,0.0109756,"log10(area)"
-19.1832311188457,4.14737479022402,4.20343420555193,4.56370438569213,5e-06,"log10(depth)"
-3.47944200393407,1.57276667728931,1.5940281898054,2.18279828812741,0.0290507,"eutro"
-0.326559671968659,0.492466483576166,0.499177858770845,0.6541950253418,0.5129862,"log10(RT)"
