"term","estimate","std.error","statistic","p.value"
"(Intercept)",-2.83565634497274,0.495558945131702,-5.72213734174271,1.05192215312864e-08
"human_impact",-2.29272235905041,0.189213747340404,-12.1171024372013,8.57370170928249e-34
"log10(area)",1.71681776507569,0.0903903831830623,18.9933674868788,1.93511922001039e-80
"depth",-5.95624868219029,0.246079393022493,-24.2045813305702,1.9908573175851e-129
"eutro",-1.51776802525348,0.187511265535059,-8.09427647412311,5.76057176841334e-16
"log10(RT)",-0.202672883533739,0.0770247789007429,-2.63126861804967,0.00850667702997526
