"term","estimate","std.error","statistic","p.value"
"(Intercept)",-3.92533352145184,0.700497437628688,-5.60363723062258,2.09899786084923e-08
"human_impact",-0.511616184821699,0.292273205581456,-1.75047241776363,0.0800368295420368
"log10(area)",1.4393535670672,0.117290404746943,12.2717077340865,1.28513847568074e-34
"depth",-4.87636235088396,0.318376418671045,-15.3163427468614,5.94709190800274e-53
"eutro",-0.568627133878748,0.278899363645859,-2.03882549764717,0.0414674465995399
"log10(RT)",-0.369409085967113,0.110561883034601,-3.34119748893482,0.0008341786480313
