"term","estimate","std.error","statistic","p.value"
"(Intercept)",-3.336472158546,0.693207025899409,-4.81309628132672,1.48609646510945e-06
"human_impact",-0.610672261523953,0.294366784048723,-2.0745284271709,0.0380302614741092
"log10(area)",1.43252089038961,0.11708232774639,12.2351589515078,2.01709592818226e-34
"depth",-5.2796674651071,0.332903007038746,-15.8594766447772,1.20897137936412e-56
"eutro",-0.729461509446187,0.27821450622249,-2.62193916252099,0.00874310367187809
"log10(RT)",-0.342578941935962,0.111449995062577,-3.07383541599631,0.00211325981921502
