"term","estimate","std.error","statistic","p.value"
"(Intercept)",-2.8030549173984,0.49116222029461,-5.70698396899717,1.14995608232685e-08
"human_impact",-2.33508440633343,0.190806493713872,-12.2379713650367,1.94841782536247e-34
"log10(area)",1.68092052633996,0.089587035337937,18.7629886400331,1.51629171717363e-78
"depth",-5.90579527001144,0.245034246786086,-24.1019177828117,2.38661160009155e-128
"eutro",-1.43654028454437,0.183866715315201,-7.81294364279975,5.58675809896712e-15
"log10(RT)",-0.156876412055994,0.0757121678503617,-2.07201056990002,0.0382644554763634
