"estimate","std.error","Adjusted.SE","statistic","p.value","term"
-4.98769178829183,3.23854130460589,3.28221531898288,1.51961139156387,0.1286087,"(Intercept)"
-1.74750866583997,1.12101137344733,1.13616230795001,1.53808012606316,0.124029,"human_impact"
1.12883436069379,0.468926905041386,0.47526352347841,2.37517567607957,0.0175406,"log10(area)"
-12.9596654794077,3.22528645908484,3.2688442464315,3.964601707027,7.35e-05,"log10(depth)"
-2.99140184695064,1.43562727288436,1.45502859532569,2.05590588154803,0.0397916,"eutro"
-0.181157586838,0.484045524320637,0.490642137965145,0.369225496182045,0.7119597,"log10(RT)"
