"estimate","std.error","Adjusted.SE","statistic","p.value","term"
-7.42609473439171,3.71746786759832,3.76724548314771,1.97122666086174,0.048698,"(Intercept)"
-2.81617910057683,1.24566215384853,1.26249459791082,2.23064645602211,0.0257046,"human_impact"
1.45289576699966,0.544011100276518,0.551361107833956,2.6351074574473,0.0084111,"log10(area)"
-16.1519060113507,3.74867997744495,3.79915789251959,4.25144373261064,2.12e-05,"log10(depth)"
-2.35542154398126,1.47424600413887,1.49416891088112,1.57640915081833,0.1149315,"eutro"
0.254005842631201,0.479204953372082,0.485735599303302,0.52293025875708,0.6010228,"log10(RT)"
