"term","estimate","std.error","statistic","p.value"
"(Intercept)",-3.98354313302286,0.712600009701122,-5.59015307155782,2.26869529436725e-08
"human_impact",-0.270434913077804,0.297188438589913,-0.909977906142486,0.362834161672788
"log10(area)",1.44760854363277,0.118255078490962,12.2414069831547,1.86766634361588e-34
"depth",-5.10519348983728,0.324891318073744,-15.7135423627371,1.2215851237225e-55
"eutro",-0.693954402725441,0.282258742130216,-2.45857541023581,0.0139489478144114
"log10(RT)",-0.283572549742137,0.110083907186117,-2.57596734155434,0.00999600872145573
