"term","estimate","std.error","statistic","p.value"
"(Intercept)",-4.19617994474233,0.697511762168514,-6.01592714608382,1.78860004535584e-09
"human_impact",-0.121103449091013,0.288925762719551,-0.419150746375508,0.675105965576682
"log10(area)",1.46694449949502,0.11757289605882,12.476893473485,9.98051323927104e-36
"depth",-4.88100522432025,0.312142800856732,-15.6370904948743,4.06899006226057e-55
"eutro",-0.641452713407986,0.275547633654539,-2.32791951395304,0.0199163778555988
"log10(RT)",-0.38070103332578,0.112073595142855,-3.39688427805425,0.000681577838383044
