"term","estimate","std.error","statistic","p.value"
"(Intercept)",-11.3634044336876,4.58098987274639,-2.48055654986092,0.0131177454360016
"human_impact",-3.37230867481539,1.47173191549729,-2.29138788070375,0.021940989889034
"log10(area)",2.20232105481505,0.657048310025942,3.35184037643762,0.000802762896524358
"log10(depth)",-29.4959943625206,6.46801216473958,-4.56028739762091,5.10836582105347e-06
"eutro",-5.4936816301547,1.93654010664496,-2.83685404258034,0.00455604344411296
"log10(RT)",0.728432733544047,0.615368983350821,1.18373326126639,0.23651866808055
