"term","estimate","std.error","statistic","p.value"
"(Intercept)",-3.95986715503197,0.702521436523841,-5.63664957275305,1.73390440099961e-08
"human_impact",-0.361292204342172,0.295317652419869,-1.22340199233503,0.221177901233673
"log10(area)",1.45488386813819,0.117950143092356,12.3347359315961,5.88816447728561e-35
"depth",-5.03928661870805,0.323887709014102,-15.5587460668001,1.38791415745338e-54
"eutro",-0.650547436284293,0.279627802977551,-2.32647622788969,0.0199931592113211
"log10(RT)",-0.338572236163331,0.111626313090643,-3.03308625707636,0.00242066397718756
