"term","estimate","std.error","statistic","p.value"
"(Intercept)",-9.77259094258169,3.68572209556333,-2.65147254437479,0.00801416284501394
"human_impact",-1.22076316056194,1.16831862213676,-1.04488890053748,0.296074320299037
"log10(area)",1.86063294851663,0.57279399047642,3.24834579177246,0.00116078109503484
"log10(depth)",-14.9615916472018,3.49403911141265,-4.2820332486641,1.8519330163127e-05
"eutro",-2.90684609222766,1.52059171281347,-1.91165456692467,0.0559205153719656
