"term","estimate","std.error","statistic","p.value"
"(Intercept)",-3.97304063704637,0.70688113406495,-5.62052153549386,1.90381856965708e-08
"human_impact",-0.265384136921845,0.296968697936539,-0.893643467361523,0.371512681623571
"log10(area)",1.41417379037976,0.116664786328375,12.1216849992706,8.10749195636327e-34
"depth",-4.76624856842022,0.310587957644022,-15.3458897910106,3.77349631576394e-53
"eutro",-0.719211022604094,0.278716390133319,-2.58044036183187,0.00986743982222182
"log10(RT)",-0.346990295895002,0.108557042263141,-3.19638679040188,0.001391604243574
