"term","estimate","std.error","statistic","p.value"
"(Intercept)",-3.54118579111052,0.685282543376445,-5.1674828511796,2.37267728935304e-07
"human_impact",-0.500949721291256,0.292539003052576,-1.71242027922418,0.0868192445085134
"log10(area)",1.37412343240086,0.114065413950161,12.0468017851692,2.01622134765286e-33
"depth",-4.88608834418849,0.317691731136727,-15.379967009861,2.23061284544811e-53
"eutro",-0.52997027553196,0.281684257791471,-1.88143377158227,0.0599129364912199
"log10(RT)",-0.361505946133862,0.111208023111083,-3.25071821277466,0.00115113890750609
