"term","estimate","std.error","statistic","p.value"
"(Intercept)",-3.12610954561019,0.494915953864425,-6.31644528975226,2.67648139019165e-10
"human_impact",-2.50546058320499,0.192667129153884,-13.0040894583729,1.15971990400155e-38
"log10(area)",1.72502198397475,0.0919322502994141,18.7640569914967,1.48611456341423e-78
"depth",-5.78131569759791,0.244593043329092,-23.6364682286541,1.62626691988702e-123
"eutro",-1.38628271420948,0.184571915624358,-7.5107998392933,5.87671886249689e-14
"log10(RT)",-0.166542280088384,0.0766546526771092,-2.17263107028749,0.0298080954735471
