"term","estimate","std.error","statistic","p.value"
"(Intercept)",-3.15659557720805,0.685306931480203,-4.60610484471547,4.10281587079164e-06
"human_impact",-0.559624471569392,0.295355865030587,-1.89474643244832,0.0581260030347383
"log10(area)",1.36530786461083,0.114619793973675,11.911623789207,1.02952595479101e-32
"depth",-5.14966033345941,0.327339229425979,-15.7318765077129,9.14598615582606e-56
"eutro",-0.781849236417623,0.278259308427377,-2.80978645723069,0.00495743805130589
"log10(RT)",-0.308400618667331,0.110687254298871,-2.78623424730193,0.00533243220692482
