"term","estimate","std.error","statistic","p.value"
"(Intercept)",-9.09920873492946,3.74100200094469,-2.43229186528949,0.01500361180694
"human_impact",-1.33723817335858,1.2669657785808,-1.05546510881809,0.291212658891806
"log10(area)",1.87775256293195,0.574662198424532,3.26757627016344,0.00108472634614608
"log10(depth)",-17.0418639974727,3.88184712931053,-4.39014299888198,1.1327614423338e-05
"eutro",-4.40731715763554,1.67200843062072,-2.63594194677557,0.00839040848676453
