"term","estimate","std.error","statistic","p.value"
"(Intercept)",-3.61268351923699,0.698235313393754,-5.17402006162885,2.29110208472069e-07
"human_impact",-0.624286820836096,0.297116328850634,-2.1011528489568,0.0356275509229914
"log10(area)",1.41024923674907,0.116762042005091,12.0779768196207,1.3807538476995e-33
"depth",-4.91306275798439,0.32275258779469,-15.2223806834655,2.51220272864907e-52
"eutro",-0.59619789833124,0.282727673410188,-2.10873555863866,0.0349674137121817
"log10(RT)",-0.364627287699647,0.11320790420817,-3.22086421659357,0.0012780468407477
