"term","estimate","std.error","statistic","p.value"
"(Intercept)",-10.6226921483393,4.49404467799755,-2.36372642229106,0.0180921673034322
"human_impact",-2.84196518811292,1.33901237396729,-2.12243385002681,0.0338013221520758
"log10(area)",2.02475777818968,0.632203943932198,3.2026971638235,0.0013614706783287
"log10(depth)",-23.6913114629397,5.12282110846484,-4.62466109226276,3.75211381736291e-06
"eutro",-4.12322575109044,1.70106924748882,-2.42390235269805,0.0153547335195747
"log10(RT)",0.394565470102149,0.527567629485853,0.747895526658216,0.454523175999805
