"term","estimate","std.error","statistic","p.value"
"(Intercept)",-3.6361874119274,0.69020662110371,-5.26825924404025,1.37723517451353e-07
"human_impact",-0.448690144959682,0.294114472903059,-1.52556295693607,0.127118743348849
"log10(area)",1.44353329660635,0.116783098169869,12.3608066512042,4.25861713044175e-35
"depth",-5.14637589792467,0.324576554805417,-15.8556612353283,1.28468267844826e-56
"eutro",-0.62981753822899,0.280597467813313,-2.24455888051,0.0247964649946541
"log10(RT)",-0.369861547934129,0.110908621980573,-3.33483133528532,0.000853511511341355
