"estimate","std.error","Adjusted.SE","statistic","p.value","term"
-7.33469167131079,3.381926386818,3.42763145765878,2.13987173414516,0.0323651,"(Intercept)"
-1.66404270592799,1.18742586928104,1.20347184605517,1.38270181507154,0.1667563,"human_impact"
1.51640447284168,0.500251751496186,0.507011806570064,2.99086619520789,0.0027819,"log10(area)"
-14.6479092909615,3.4560166233794,3.50272222082248,4.18186438076212,2.89e-05,"log10(depth)"
-3.31443505007824,1.48226865666733,1.50229917419633,2.20624167742842,0.0273671,"eutro"
0.0353816026577315,0.444009275015189,0.450060271243207,0.0786152542636045,0.9373387,"log10(RT)"
