"term","estimate","std.error","statistic","p.value"
"(Intercept)",-3.60459588109949,0.703043782188918,-5.12712859770501,2.94194575275512e-07
"human_impact",-0.425940692897355,0.298297677021996,-1.42790482698243,0.153319254084456
"log10(area)",1.4296882134585,0.11679868208542,12.240619396826,1.88587908466535e-34
"depth",-5.06115125454457,0.321499461909631,-15.7423319606276,7.75329129995555e-56
"eutro",-0.83173910654193,0.27911535151778,-2.97991171757153,0.00288331467411612
"log10(RT)",-0.347317459146845,0.111300947365372,-3.12052563224546,0.00180528585887796
