"estimate","std.error","Adjusted.SE","statistic","p.value","term"
-5.08836762035534,3.46402207146185,3.51083829937618,1.449331238428,0.1472451,"(Intercept)"
-1.87610927965145,1.14103837824339,1.15645783254976,1.62228939685159,0.1047414,"human_impact"
1.15178008173261,0.500985107544701,0.5077550305405,2.26837749003993,0.0233062,"log10(area)"
-14.4668337330396,3.53042947319553,3.57813901936926,4.04311673043651,5.27e-05,"log10(depth)"
-3.03049743906229,1.37150601823684,1.39003952672448,2.18015198906137,0.0292462,"eutro"
-0.0260203624739884,0.45173938917888,0.457895732061301,0.0568259554568308,0.9546838,"log10(RT)"
