"term","estimate","std.error","statistic","p.value"
"(Intercept)",-3.96925516204241,0.714867527646654,-5.55243455400641,2.81718203145252e-08
"human_impact",-0.171465490297244,0.294832764917432,-0.58156864059957,0.560857270998469
"log10(area)",1.50780497477057,0.120465301537992,12.5165085341611,6.06446458805616e-36
"depth",-5.39333910546515,0.333712586512582,-16.1616292685496,9.40429423443356e-59
"eutro",-0.730508576153619,0.283044220552516,-2.58089910731133,0.00985433767531501
"log10(RT)",-0.334208790644244,0.110694790490055,-3.01919168160196,0.00253450119618294
