"estimate","std.error","Adjusted.SE","statistic","p.value","term"
-11.3651035407487,3.80304993983529,3.85333632900876,2.94941904115396,0.0031837,"(Intercept)"
1.98901742069322,0.560376194801775,0.56783387202339,3.50281573306934,0.0004604,"log10(area)"
-17.4522878832698,3.73964274963529,3.78961313682984,4.60529538322991,4.1e-06,"log10(depth)"
-2.59682901458395,1.45920470191668,1.47856138165548,1.756321412694,0.0790335,"eutro"
-1.13751060088797,1.16978186876974,1.18554626416904,0.95948225325923,0.3373159,"human_impact"
0.0870304305988442,0.443926858912011,0.449909374728929,0.193439913652122,0.8466145,"log10(RT)"
