"estimate","std.error","Adjusted.SE","statistic","p.value","term"
-8.14901148274312,3.70168689459,3.75125602404898,2.17234212501106,0.0298299,"(Intercept)"
-1.87736334968849,1.1621789569978,1.1779002497989,1.59382201507217,0.1109759,"human_impact"
1.59755293952709,0.542613058043319,0.549932407748549,2.90499871805619,0.0036725,"log10(area)"
-12.9750631355217,3.1880043853508,3.2308186063664,4.01602959384786,5.92e-05,"log10(depth)"
-1.92691749468842,1.38701158850184,1.40571585671429,1.37077310857998,0.1704457,"eutro"
-0.480305754418897,0.487564768890956,0.494209343100296,0.971867005600948,0.3311167,"log10(RT)"
