"estimate","std.error","Adjusted.SE","statistic","p.value","term"
-8.27918431046293,3.6463011891765,3.69535097833444,2.24043246744441,0.0250629,"(Intercept)"
-2.09708054348638,1.17081929184915,1.18664351940128,1.76723717713004,0.0771885,"human_impact"
1.69511987203685,0.532155361611587,0.539347546114229,3.14290828659456,0.0016728,"log10(area)"
-20.1472436236143,4.47668528020998,4.53707567795281,4.44057914253372,9e-06,"log10(depth)"
-3.67175194107015,1.67154120748349,1.69412940441787,2.16733853476312,0.0302091,"eutro"
0.213249853179017,0.498275675929683,0.50506621929268,0.422221572208219,0.6728633,"log10(RT)"
