"estimate","std.error","Adjusted.SE","statistic","p.value","term"
-4.00421212367353,3.21608837134368,3.25956238723162,1.22845083111735,0.2192778,"(Intercept)"
-1.8750551336693,1.06217757635511,1.07653139012938,1.74175611678537,0.0815511,"human_impact"
0.986228979366896,0.4569605912213,0.463135606174388,2.12946049973006,0.0332162,"log10(area)"
-12.913272952425,3.20070957181322,3.24397210621785,3.98069790047628,6.87e-05,"log10(depth)"
-3.0814677588064,1.37282814736492,1.39138047287257,2.21468377549137,0.0267818,"eutro"
-0.000113917770832146,0.466974044700822,0.473338006766638,0.000240668970595275,0.999808,"log10(RT)"
