"term","estimate","std.error","statistic","p.value"
"(Intercept)",-3.73549787178772,0.694709809676125,-5.3770622204532,7.57110151213386e-08
"human_impact",-0.45312990457258,0.291486727125005,-1.55454729977552,0.120053923305346
"log10(area)",1.43342444406536,0.116955127841467,12.2561915028503,1.55644699128503e-34
"depth",-5.00941704963878,0.323075118755825,-15.5054250817279,3.18799817864179e-54
"eutro",-0.723120950805157,0.281709462621278,-2.5669033055425,0.0102611221650205
"log10(RT)",-0.341081414863577,0.111658826762853,-3.05467489451581,0.00225304606183672
