"term","estimate","std.error","statistic","p.value"
"(Intercept)",-10.4776605531045,4.94803579759513,-2.11753935939528,0.0342140985445803
"human_impact",-3.93907273638757,1.53091150630874,-2.57302444991433,0.0100814085461207
"log10(area)",2.19512449461539,0.698649900279514,3.14195206173674,0.00167825511132588
"log10(depth)",-26.868737875893,5.93970789689765,-4.52357899450354,6.08026114308643e-06
"eutro",-4.85767367202473,2.01500074161908,-2.41075527750006,0.0159195262546868
"log10(RT)",0.36523134370372,0.572234536280301,0.638254632580961,0.523307938968291
