"term","estimate","std.error","statistic","p.value"
"(Intercept)",-8.34607766926102,3.58225823788557,-2.32983696736149,0.0198147695144192
"human_impact",-1.66467449921,1.23419570469999,-1.34879297737845,0.177403471005641
"log10(area)",1.70596209486496,0.537288825557928,3.17513042094904,0.00149769169872972
"log10(depth)",-18.0639388111024,3.8424616030464,-4.70113710356424,2.58716725044599e-06
"eutro",-3.68545488441793,1.55605667684971,-2.36845799979424,0.0178624083576886
