"estimate","std.error","Adjusted.SE","statistic","p.value","term"
-8.00626770784944,3.68689588769995,3.73660080298359,2.14266070420384,0.0321404,"(Intercept)"
-1.83730196070843,1.15285732049782,1.16843898546475,1.57244150834084,0.1158482,"human_impact"
1.72343929647601,0.557896957580462,0.56543557821085,3.04798523985582,0.0023038,"log10(area)"
-14.3867957656948,3.43201798966012,3.4783665492208,4.1360781165854,3.53e-05,"log10(depth)"
-3.65844390340015,1.48739408739643,1.50749747401531,2.42683252639599,0.0152313,"eutro"
-0.213681902449602,0.466817447394873,0.473179275339262,0.451587619293756,0.6515661,"log10(RT)"
