"estimate","std.error","Adjusted.SE","statistic","p.value","term"
-5.56218897361549,3.37470842263126,3.4190566684539,1.62681976725782,0.1037754,"(Intercept)"
-2.19911458882523,1.06510777618215,1.07951213021718,2.0371374505841,0.0416363,"human_impact"
1.09477239122046,0.473753359062013,0.480162842498731,2.28000231238916,0.0226076,"log10(area)"
-11.8949403331206,3.13223503452204,3.17419389648605,3.74738932813421,0.0001787,"log10(depth)"
-2.24878876452924,1.34634319045611,1.36455702746306,1.64799910833343,0.0993529,"eutro"
0.460182333022733,0.484747300972453,0.491353478488961,0.936560649652694,0.3489846,"log10(RT)"
