"estimate","std.error","Adjusted.SE","statistic","p.value","term"
-6.78855876961473,3.63417761834756,3.68325881031265,1.8430849199648,0.0653166,"(Intercept)"
-2.21187741023192,1.14956197574287,1.16509647859698,1.89845000037721,0.0576368,"human_impact"
1.31072975129032,0.521277690573332,0.528321870022459,2.480930329904,0.013104,"log10(area)"
-15.8947190967608,3.5206565513012,3.56822319610279,4.45451930084447,8.4e-06,"log10(depth)"
-1.99054045446625,1.42663190492874,1.44591063037404,1.37666907805451,0.1686146,"eutro"
0.085538328707025,0.511718823350796,0.518692571072159,0.164911420516808,0.8690137,"log10(RT)"
