"term","estimate","std.error","statistic","p.value"
"(Intercept)",-5.09822715531992,3.37210038485023,-1.51188475237114,0.130563183625852
"human_impact",-2.21832632761641,1.11445242155118,-1.99050788056862,0.0465350167571201
"log10(area)",1.07747879579844,0.464612426036182,2.31909164589269,0.020390067648487
"log10(depth)",-11.2512787208115,3.17393148226211,-3.54490283854287,0.000392757834636435
"eutro",-2.58024510348743,1.33373560702809,-1.93460014855335,0.0530393817926287
"log10(RT)",0.0332884194101717,0.421580129818451,0.0789610730100277,0.937063585587338
