"estimate","std.error","Adjusted.SE","statistic","p.value","term"
-9.62998838623292,4.18053541990586,4.23508067656209,2.27386185097429,0.0229743,"(Intercept)"
-3.73379708430037,1.39198848531378,1.41081870945761,2.64654633460015,0.0081318,"human_impact"
1.8823167004331,0.618569742614801,0.626914691238626,3.00250851788801,0.0026776,"log10(area)"
-21.895142716784,4.80929160939547,4.87304741828994,4.49311095036861,7e-06,"log10(depth)"
-2.86158506007555,1.68609329109638,1.70886808981813,1.67455000015835,0.0940226,"eutro"
0.504574851680294,0.536109394561102,0.543415539064915,0.92852488640377,0.3531354,"log10(RT)"
