"term","estimate","std.error","statistic","p.value"
"(Intercept)",-3.54587292590992,0.676361712995617,-5.24256896536202,1.58356173148801e-07
"human_impact",-0.366451914230686,0.292149360360365,-1.25433070871238,0.209721826559857
"log10(area)",1.34934180135876,0.112091300846966,12.0378815408786,2.24650714194245e-33
"depth",-4.75648916905214,0.310054796387033,-15.340801769487,4.08122872737226e-53
"eutro",-0.738832392805709,0.275717543454991,-2.67967131705683,0.00736944821405975
"log10(RT)",-0.329272133446931,0.10981471470047,-2.99843362836256,0.00271371257291459
