"term","estimate","std.error","statistic","p.value"
"(Intercept)",-3.66404907791921,0.705467868744257,-5.19378591181093,2.06060088821306e-07
"human_impact",-0.407834491694979,0.298627913430277,-1.36569447581195,0.172034878954028
"log10(area)",1.43629769132163,0.117233514655551,12.2515962738273,1.64721382246492e-34
"depth",-5.27060133269288,0.33306855971312,-15.824373628158,2.11291344403787e-56
"eutro",-0.676340490135848,0.283649070756653,-2.38442695522204,0.0171057434983184
"log10(RT)",-0.311898514520932,0.110586150186701,-2.82041208591093,0.00479620135786392
