"term","estimate","std.error","statistic","p.value"
"(Intercept)",-3.93278645873467,0.680074856736518,-5.78287289962015,7.34355476610767e-09
"human_impact",-0.237480254966097,0.292107905586735,-0.812988113036818,0.41622487347418
"log10(area)",1.38292520534845,0.113129106811862,12.224309413565,2.30532448794841e-34
"depth",-4.73928372251021,0.310678766930114,-15.2546109582581,1.53406614475307e-52
"eutro",-0.569380945550061,0.276093571044845,-2.06227527644089,0.0391815354698288
"log10(RT)",-0.342648542369123,0.110146742243429,-3.11083682903536,0.00186557995129969
