"term","estimate","std.error","statistic","p.value"
"(Intercept)",-3.72391835299339,0.689925718004937,-5.39756419540624,6.75517071443401e-08
"human_impact",-0.437197743519218,0.290372871807546,-1.50564252368928,0.132158966013365
"log10(area)",1.38529074939496,0.114981123885202,12.0479840741341,1.98751439716561e-33
"depth",-4.87302455264943,0.315235315925177,-15.4583712752732,6.62526164264284e-54
"eutro",-0.717137179129381,0.275116421689117,-2.60666802340047,0.00914279545044847
"log10(RT)",-0.281650318379969,0.108988607103109,-2.58421798265128,0.00976000872150865
