"estimate","std.error","Adjusted.SE","statistic","p.value","term"
-7.51658060625692,3.46857808744076,3.51484036194302,2.1385268837933,0.032474,"(Intercept)"
-2.08340638072134,1.07092242305851,1.08540027968306,1.91948207469571,0.0549234,"human_impact"
1.40084110872461,0.500492340502277,0.507255678441008,2.76160754479858,0.0057518,"log10(area)"
-13.3853884807055,3.32014403022903,3.36474964169109,3.97812316103796,6.95e-05,"log10(depth)"
-1.87667405018093,1.34740123820018,1.36561655212328,1.37423206189399,0.1693697,"eutro"
0.291535848705486,0.45396168459481,0.460148313108492,0.633569308851837,0.5263619,"log10(RT)"
