"term","estimate","std.error","statistic","p.value"
"(Intercept)",-3.51018478624246,0.686708155058958,-5.11161074815121,3.19423474559019e-07
"human_impact",-0.498233740581259,0.293327330267275,-1.69855887662181,0.0894023303943865
"log10(area)",1.363909333935,0.11435350204451,11.927132178288,8.54673890466753e-33
"depth",-5.10645967779736,0.326378872823971,-15.6458033990193,3.54862364458854e-55
"eutro",-0.591754354556539,0.276799555964959,-2.13784430575984,0.0325293817277474
"log10(RT)",-0.232850397723405,0.108938222408487,-2.13745361889864,0.032561114294618
