"term","estimate","std.error","statistic","p.value"
"(Intercept)",-3.47461454764755,0.686117841718342,-5.06416585661959,4.10192417974109e-07
"human_impact",-0.495434072935134,0.293571225034663,-1.68761115084299,0.0914858972925043
"log10(area)",1.36465088341793,0.113294518767438,12.0451624514966,2.05670831453275e-33
"depth",-4.84098283738519,0.313902074729965,-15.4219523446911,1.16527636545503e-53
"eutro",-0.770922814072821,0.279449532898671,-2.75871927956437,0.00580283591190132
"log10(RT)",-0.330828908124806,0.108138054311116,-3.05931996125067,0.00221840081530277
