"term","estimate","std.error","statistic","p.value"
"(Intercept)",-3.40547030281,0.70500059929185,-4.83045022405752,1.36224667564144e-06
"human_impact",-0.594483772978124,0.302320190186731,-1.96640446875525,0.0492519076512649
"log10(area)",1.47851064384754,0.119883050537788,12.3329414559859,6.02080353092838e-35
"depth",-5.44646134396339,0.340224498594615,-16.00843374437,1.11583499609719e-57
"eutro",-0.696069567335718,0.286657560514125,-2.42822678769507,0.0151728521645072
"log10(RT)",-0.39147459804267,0.112951456841856,-3.46586585944418,0.000528526899108811
