"estimate","std.error","Adjusted.SE","statistic","p.value","term"
-10.0586755732072,3.59088564198548,3.63762974258243,2.76517300687848,0.0056893,"(Intercept)"
1.76067128687,0.53595375991946,0.543000334364323,3.24248656113845,0.0011849,"log10(area)"
-17.02450767077,3.7647691328786,3.81477957725664,4.46277624329032,8.1e-06,"log10(depth)"
-2.49371093112204,1.43048228825398,1.44935347148629,1.72056781191187,0.0853293,"eutro"
-1.27134461745351,1.18148538471675,1.19740750084834,1.06174766447745,0.2883503,"human_impact"
0.0780949941426098,0.487766988781492,0.494340309739154,0.157978203686885,0.874474,"log10(RT)"
