"estimate","std.error","Adjusted.SE","statistic","p.value","term"
-10.0261226682359,3.68699521944525,3.73679317247512,2.68308204534504,0.0072947,"(Intercept)"
-2.20515400372197,1.15411274301542,1.1697088971163,1.88521606457673,0.0594007,"human_impact"
1.89222895723844,0.546927703309312,0.554318645714484,3.41361231823524,0.0006411,"log10(area)"
-15.6953437047546,3.67116190617867,3.72075422712314,4.21832315349949,2.46e-05,"log10(depth)"
-2.37896013111267,1.47407631474259,1.49399511191789,1.59234800176737,0.1113065,"eutro"
0.0880046645666812,0.477858486578917,0.484370782745966,0.181688631316221,0.8558271,"log10(RT)"
