"term","estimate","std.error","statistic","p.value"
"(Intercept)",-3.59609829520761,0.699773792993095,-5.13894394333669,2.76286797514252e-07
"human_impact",-0.558890998386869,0.298931818930066,-1.86962699516982,0.061535633848111
"log10(area)",1.40198111452582,0.115458779277634,12.1426982278636,6.27229804157608e-34
"depth",-5.00205361370964,0.324854474761098,-15.3978288813421,1.69257451596715e-53
"eutro",-0.774447357880588,0.280351500657984,-2.76241559636015,0.00573753942281861
"log10(RT)",-0.295590599804877,0.109870240318313,-2.6903609107298,0.00713747812479674
