"term","estimate","std.error","statistic","p.value"
"(Intercept)",-3.69667953621998,0.699253998023709,-5.28660479120299,1.2460744677677e-07
"human_impact",-0.501638212838288,0.29677815031652,-1.69028013788509,0.0909743731432841
"log10(area)",1.49790132843465,0.119053223891397,12.5817788000522,2.65972619223153e-36
"depth",-5.18302385234601,0.327229806085065,-15.8390945933533,1.67211083958368e-56
"eutro",-0.568975800539322,0.279923885859922,-2.03260896722492,0.0420920448258058
"log10(RT)",-0.467501354948741,0.111932762338622,-4.17662662102847,2.95864078643751e-05
