"estimate","std.error","Adjusted.SE","statistic","p.value","term"
-11.1506613237848,3.92077024788762,3.97362114625777,2.80617122603301,0.0050134,"(Intercept)"
-1.89451766511245,1.19340092063686,1.20952888577671,1.5663269289314,0.1172721,"human_impact"
2.11178739302795,0.587059644691138,0.594993794640351,3.5492595251425,0.0003863,"log10(area)"
-18.9116082906326,4.26587066802764,4.32344286700134,4.37420104125242,1.22e-05,"log10(depth)"
-3.11903577932962,1.58429298015812,1.60570020194017,1.94247704245218,0.0520794,"eutro"
-0.188830407944939,0.500034125152286,0.506848632811103,0.372557792841703,0.7094776,"log10(RT)"
