"term","estimate","std.error","statistic","p.value"
"(Intercept)",-3.10026129461623,0.49090752751936,-6.31536719406683,2.69520755742401e-10
"human_impact",-2.33466248453248,0.192368590955952,-12.136401649202,6.7740037213926e-34
"log10(area)",1.7727727734161,0.091489904401696,19.3767037468152,1.21376839470703e-83
"depth",-6.12908039432121,0.252195574182243,-24.3028864173968,1.82731102879734e-130
"eutro",-1.55898959609435,0.186741956975132,-8.34836274261574,6.92157195641403e-17
"log10(RT)",-0.155527487966482,0.0760296664805228,-2.04561581243192,0.040794184491259
