"term","estimate","std.error","statistic","p.value"
"(Intercept)",-3.39821398488756,0.696678981273461,-4.87773289596876,1.07312106064426e-06
"human_impact",-0.320763099059066,0.299333331202536,-1.07159165259157,0.283903484277695
"log10(area)",1.42878631559479,0.117612463383253,12.1482560138115,5.86023228446592e-34
"depth",-5.10035855779482,0.322862075749768,-15.7973293888745,3.2457852000353e-56
"eutro",-0.813635417249916,0.281923095157367,-2.88601902868494,0.00390148567769798
"log10(RT)",-0.434944226184688,0.110191382454487,-3.94717097196177,7.90800862418427e-05
