"estimate","std.error","Adjusted.SE","statistic","p.value","term"
-8.86811374851298,4.05246066365385,4.10679777451174,2.15937434357047,0.0308211,"(Intercept)"
-2.2481513673681,1.3343377089226,1.3523643411837,1.66238586666692,0.0964354,"human_impact"
1.87375910418831,0.572513428078425,0.580249232378602,3.22923150885915,0.0012412,"log10(area)"
-23.6377408481214,4.95942609193486,5.02638961124342,4.70272753931503,2.6e-06,"log10(depth)"
-4.25189856396222,1.78680144896597,1.81094185969263,2.34789346836562,0.0188799,"eutro"
0.273238103622486,0.684269813636383,0.693595100954129,0.393944685085884,0.6936219,"log10(RT)"
