"term","estimate","std.error","statistic","p.value"
"(Intercept)",-10.9419064016757,5.04891080560855,-2.16718156112422,0.0302210127808683
"human_impact",-3.9690911129412,1.5630060577328,-2.53939586049878,0.0111044098811609
"log10(area)",2.19563846190095,0.707980275635725,3.10127066736344,0.00192692067773553
"log10(depth)",-33.2547818014493,7.60282675638799,-4.37400231085211,1.21989086295006e-05
"eutro",-7.33156931632625,2.27224372090311,-3.22657699474786,0.00125280520423027
"log10(RT)",1.09241117868279,0.616594098046002,1.77168607702322,0.0764466821067099
