"estimate","std.error","Adjusted.SE","statistic","p.value","term"
-13.5646519692605,4.30876437598213,4.36689821689335,3.10624413383065,0.0018948,"(Intercept)"
-1.88057551077383,1.32519823981359,1.34310572065045,1.40016938492607,0.1614626,"human_impact"
2.54275567960072,0.674371318352318,0.683484215104041,3.72028442414528,0.000199,"log10(area)"
-20.8573860732034,4.42009657160591,4.47976525489443,4.65591049674208,3.2e-06,"log10(depth)"
-3.97379209084337,1.66949023404855,1.6920521936995,2.34850444072595,0.018849,"eutro"
0.138460283890501,0.510360480071,0.517315716174421,0.267651415878919,0.7889677,"log10(RT)"
