"term","estimate","std.error","statistic","p.value"
"(Intercept)",-4.19237457563868,0.694630529105421,-6.03540213102615,1.58567309809859e-09
"human_impact",-0.289030411110582,0.293701043900577,-0.984097323155665,0.325067662969198
"log10(area)",1.51410114035884,0.117569820646001,12.8783146222342,5.96233601028392e-38
"depth",-4.92022291325296,0.316198657590809,-15.5605433329201,1.34948443378443e-54
"eutro",-0.65352730466607,0.280726004430767,-2.32798990599833,0.0199126396625743
"log10(RT)",-0.449101315419871,0.111965338966659,-4.01107449470237,6.04430333473092e-05
