"term","estimate","std.error","statistic","p.value"
"(Intercept)",-2.9884843883515,0.497853056556298,-6.00274387993751,1.94010531271218e-09
"human_impact",-2.39644641853636,0.191620600277279,-12.5062045263852,6.90452328561133e-36
"log10(area)",1.79320921061437,0.0924373287914244,19.3991889863085,7.83984221035158e-84
"depth",-6.19687755874009,0.252684746276841,-24.5241457984599,8.16493226203825e-133
"eutro",-1.64800628722022,0.188904650120924,-8.72401122029173,2.68516481787615e-18
"log10(RT)",-0.176237003401084,0.0780619177852644,-2.25765659365279,0.0239670773726232
