"estimate","std.error","Adjusted.SE","statistic","p.value","term"
-6.6860662023236,3.32207877806774,3.36693839982317,1.98579997860215,0.0470555,"(Intercept)"
-2.16567356079692,1.08288914873767,1.09752277293674,1.97323792653708,0.0484685,"human_impact"
1.30816780496951,0.478254238908905,0.484717260134025,2.69882653777956,0.0069584,"log10(area)"
-12.2253415109232,3.03492770317487,3.07592401109595,3.97452650547351,7.05e-05,"log10(depth)"
-1.80564611469735,1.28541518091904,1.30278578390316,1.38598850018736,0.1657504,"eutro"
0.0932222735113023,0.46974307711376,0.476144775789212,0.195785564079299,0.844778,"log10(RT)"
