"term","estimate","std.error","statistic","p.value"
"(Intercept)",-11.6779751759332,5.03571902726887,-2.31902834782796,0.0203934993073202
"human_impact",-3.59436464978489,1.52358288261745,-2.35915268594376,0.0183167176591575
"log10(area)",2.18663938318377,0.694995399010712,3.14626454548667,0.00165370352880257
"log10(depth)",-28.1931286808744,6.37575287080247,-4.42192933951122,9.78234507088407e-06
"eutro",-4.7611576717386,2.07959000059999,-2.2894694003938,0.0220520938408792
"log10(RT)",0.655509491508337,0.635543931463448,1.03141491729598,0.302346288426424
