"term","estimate","std.error","statistic","p.value"
"(Intercept)",-3.4969255160873,0.70029944208857,-4.99347180066014,5.93034480881659e-07
"human_impact",-0.654947461859204,0.298988204475274,-2.19054615552022,0.0284846512620335
"log10(area)",1.38821428522534,0.117096137083252,11.8553380137413,2.01907816632804e-32
"depth",-5.04023539284919,0.32789067041413,-15.3716950423851,2.53450478717327e-53
"eutro",-0.590937564812418,0.282827036484019,-2.08939559724803,0.0366721272301023
"log10(RT)",-0.300314598354514,0.110749576509542,-2.71165459787233,0.00669483136781925
