"term","estimate","std.error","statistic","p.value"
"(Intercept)",-8.45317338154345,4.15790374867177,-2.03303729294931,0.0420487554312047
"human_impact",-4.02737226838703,1.40963868175187,-2.85702451310565,0.00427632811070305
"log10(area)",1.920703330703,0.618206807472765,3.10689450113766,0.00189063857584958
"log10(depth)",-16.6580363407554,4.12549545132242,-4.03782685917535,5.39486463795988e-05
"eutro",-3.43871629659698,1.65030607310042,-2.08368396181,0.0371889240289289
"log10(RT)",-0.220639469564148,0.549757182800486,-0.401339857789944,0.688169922244895
