"term","estimate","std.error","statistic","p.value"
"(Intercept)",-3.15892589136913,0.69298155652798,-4.55845593812941,5.15310726158074e-06
"human_impact",-0.508593335863474,0.298401666040138,-1.70439174356038,0.0883079253753626
"log10(area)",1.32594985483041,0.114765227436871,11.5535853885688,7.08037571049297e-31
"depth",-5.05901532336487,0.321847314401302,-15.7186811789174,1.1264405503063e-55
"eutro",-0.769796418929664,0.278601349567193,-2.76307498196094,0.00572596107837919
"log10(RT)",-0.273235865596241,0.111101090053681,-2.45934459746724,0.0139190943457767
