"term","estimate","std.error","statistic","p.value"
"(Intercept)",-3.13951442296649,0.699455763189783,-4.48851033644946,7.17229447831194e-06
"human_impact",-0.590417237677363,0.296343208989108,-1.99234272886295,0.0463334664980521
"log10(area)",1.39801033963898,0.11685774695006,11.9633518198535,5.52844373331089e-33
"depth",-5.2313491148538,0.33082106903784,-15.8132283716652,2.5220483397012e-56
"eutro",-0.939143240538133,0.283339101149999,-3.31455572748836,0.000917888816379352
"log10(RT)",-0.322215132759335,0.110926308110961,-2.90476748254364,0.00367526017670987
