"estimate","std.error","Adjusted.SE","statistic","p.value","term"
-6.69002269552073,3.3666022181672,3.41161300721936,1.96095591187039,0.0498842,"(Intercept)"
-2.28959184444915,1.16697211949866,1.18273465318239,1.93584574383488,0.0528866,"human_impact"
1.36291000748166,0.490262280291565,0.496887909547357,2.74289227267214,0.0060901,"log10(area)"
-13.2578768566859,3.2967758566048,3.34118637114841,3.96801476600331,7.25e-05,"log10(depth)"
-2.13545745557413,1.39982378483309,1.41874490176798,1.50517365941757,0.1322794,"eutro"
-0.257655455183486,0.428573255037144,0.434413887869804,0.593110538999863,0.5531072,"log10(RT)"
