"term","estimate","std.error","statistic","p.value"
"(Intercept)",-7.33971818325582,3.51939415918357,-2.08550615568405,0.0370233799809781
"human_impact",-1.36021426329915,1.14938227703648,-1.18343069183759,0.236638499542173
"log10(area)",1.43722691012439,0.526162627867217,2.73152602257242,0.0063041762245667
"log10(depth)",-14.071322821556,3.30967681782215,-4.25157004629089,2.12277094859814e-05
"eutro",-2.92952646294872,1.40292879378215,-2.08815050053327,0.0367842608200744
