"estimate","std.error","Adjusted.SE","statistic","p.value","term"
-4.11836014190453,3.28043107286226,3.32462382438675,1.23874469998547,0.2154401,"(Intercept)"
-1.7246484698972,1.05248831154966,1.0667118304088,1.61678948403174,0.1059237,"human_impact"
0.963318060541065,0.459585419377052,0.465796719304061,2.06810829835887,0.0386298,"log10(area)"
-13.2706759809159,3.17398735427763,3.21682813944655,4.12539166086726,3.7e-05,"log10(depth)"
-3.08418069954623,1.49820343075381,1.51844975176185,2.03113780746954,0.042241,"eutro"
0.162507167517416,0.457755015675893,0.463993340028726,0.350235991549696,0.7261616,"log10(RT)"
