"term","estimate","std.error","statistic","p.value"
"(Intercept)",-7.60949643961084,3.82999940990561,-1.98681399791609,0.0469430128323443
"human_impact",-2.22723090706782,1.16310400589251,-1.91490261901279,0.0555049237634008
"log10(area)",1.41043573345345,0.548200128159854,2.57284823735424,0.0100865426172377
"log10(depth)",-13.7252396891066,3.31957274264775,-4.13464043512993,3.55510805756832e-05
"eutro",-2.89376326394847,1.38358375169132,-2.09149844410291,0.0364834057560276
"log10(RT)",0.380621163286367,0.455246757041171,0.836076605487923,0.403111808471524
