"estimate","std.error","Adjusted.SE","statistic","p.value","term"
-7.57057378806261,3.63361820344942,3.68249607146903,2.05582671132153,0.0397992,"(Intercept)"
-1.6653259708128,1.0896316658544,1.10435795835527,1.50795850042407,0.1315651,"human_impact"
1.45136230088961,0.518766235785657,0.525778242847683,2.76040768257897,0.0057729,"log10(area)"
-13.7927638450865,3.3381421576718,3.38315621947768,4.0768923899163,4.56e-05,"log10(depth)"
-1.95080965166674,1.4049322198937,1.42389185484154,1.37005464637891,0.1706698,"eutro"
-0.253145756825354,0.49281264698005,0.49952873971909,0.506769153998447,0.6123168,"log10(RT)"
