"term","estimate","std.error","statistic","p.value"
"(Intercept)",-7.99231272406871,4.19001610326999,-1.9074658729429,0.0564602862398094
"human_impact",-3.45736462192058,1.45215625182639,-2.38084890491103,0.0172727950929335
"log10(area)",1.5731007157915,0.613492422143893,2.56417301829774,0.0103421975541254
"log10(depth)",-18.8197334657272,4.28256426732539,-4.39450111918129,1.11027431799249e-05
"eutro",-3.44283826869305,1.62753534072505,-2.11536928418359,0.034398485577389
"log10(RT)",0.337115643319784,0.492194814188065,0.684923192203675,0.493392390175502
