"estimate","std.error","Adjusted.SE","statistic","p.value","term"
-6.10712720230566,3.23307857863729,3.27649154221267,1.86392277337649,0.0623326,"(Intercept)"
-1.97492914092673,1.15600444149098,1.1716311973328,1.68562355237948,0.0918683,"human_impact"
1.3911320128922,0.484629803579504,0.491179835360398,2.83222541469251,0.0046225,"log10(area)"
-12.9223736770197,3.25978556340695,3.30376046850968,3.91141361493709,9.18e-05,"log10(depth)"
-3.49172958667132,1.48552728457527,1.50559774312496,2.31916499783271,0.0203861,"eutro"
-0.245495396177124,0.451319756578624,0.457470380672217,0.536636701629485,0.5915186,"log10(RT)"
