"estimate","std.error","Adjusted.SE","statistic","p.value","term"
-4.42316508542408,3.17623579950067,3.21886073442868,1.37413993656645,0.1693982,"(Intercept)"
-1.66303412386861,1.06341013421723,1.07778691399356,1.54300827211431,0.1228288,"human_impact"
1.06449671166722,0.451682377481113,0.457780307286296,2.32534404543856,0.0200536,"log10(area)"
-13.4107313237463,3.25210760019829,3.29596679414646,4.06883083517813,4.72e-05,"log10(depth)"
-2.97188047569135,1.43992195152327,1.45938861909626,2.03638731781512,0.0417115,"eutro"
-0.342033249436571,0.495380620428048,0.50213170972802,0.681162417768505,0.4957687,"log10(RT)"
