"estimate","std.error","Adjusted.SE","statistic","p.value","term"
-5.89668921776002,3.4076697311099,3.4535175001448,1.70744442948755,0.0877395,"(Intercept)"
-1.81448072360873,1.13021576910906,1.14549124464016,1.58401972262889,0.1131892,"human_impact"
1.30106416699967,0.505466380292699,0.512297691175584,2.5396643190292,0.0110959,"log10(area)"
-17.0528461109814,3.95047839753534,4.00377123533756,4.25919592020438,2.05e-05,"log10(depth)"
-3.82912907415293,1.55177856747815,1.57274954121507,2.43467187483306,0.0149053,"eutro"
0.191153370598815,0.448023941092339,0.454129649531693,0.42092246299253,0.6738117,"log10(RT)"
