"estimate","std.error","Adjusted.SE","statistic","p.value","term"
-3.47056585463337,3.4415943713894,3.48782085073288,0.995052786012252,0.3197106,"(Intercept)"
-2.2418058092021,1.1999337300853,1.21614234805748,1.84337451350402,0.0652743,"human_impact"
0.986051386950291,0.485139336524,0.491695766176414,2.00540955359072,0.0449193,"log10(area)"
-15.2235443517046,3.5759356703492,3.62419005194564,4.20053698440342,2.66e-05,"log10(depth)"
-3.65322611568458,1.44867128323696,1.46825145998405,2.48814744289393,0.012841,"eutro"
-0.212735200674653,0.47356908817946,0.480022928059678,0.443177165587818,0.6576376,"log10(RT)"
