"term","estimate","std.error","statistic","p.value"
"(Intercept)",-10.0214215000977,5.25244861467581,-1.90795231620104,0.056397379586088
"human_impact",-2.98346375359378,1.3823217727722,-2.15829903887757,0.0309045894126252
"log10(area)",2.13312946139575,0.739106706969067,2.88609133333845,0.00390058944941109
"log10(depth)",-25.6522592588547,5.58731497286829,-4.59116040234365,4.40788401081266e-06
"eutro",-5.53130541473006,1.92356022773468,-2.87555613542921,0.00403316422365947
"log10(RT)",0.346356555394852,0.546058632519736,0.634284552551844,0.525895135869876
