"estimate","std.error","Adjusted.SE","statistic","p.value","term"
-7.03665694213764,3.65698370541715,3.70630856893664,1.89856208981447,0.0576221,"(Intercept)"
-2.00885864499609,1.18719610991172,1.20323985539849,1.66954131047362,0.0950102,"human_impact"
1.58182683681314,0.550728167417272,0.558170673962765,2.83394830757206,0.0045977,"log10(area)"
-19.5443738843151,4.2400460800184,4.29732365891708,4.54803394753846,5.4e-06,"log10(depth)"
-4.5301483973095,1.70256637714123,1.72557546739961,2.62529717354888,0.0086573,"eutro"
0.135892312669603,0.482578052272556,0.489154667082968,0.27781052050466,0.7811578,"log10(RT)"
