"term","estimate","std.error","statistic","p.value"
"(Intercept)",-7.88024763028436,4.54116607929635,-1.73529166136672,0.0826891579808099
"human_impact",-3.26437035161667,1.53044960450122,-2.13294860674655,0.0329289423648088
"log10(area)",1.97250206708884,0.627305307995544,3.14440519145559,0.00166424828424934
"log10(depth)",-28.3840037927715,6.41441198933968,-4.42503597211152,9.64262140694467e-06
"eutro",-6.14160954494376,2.06899953000584,-2.96839581443811,0.00299358566912297
"log10(RT)",-0.000721236748410236,0.647608198187428,-0.00111369304840316,0.999111401694896
