"term","estimate","std.error","statistic","p.value"
"(Intercept)",-3.80321310533458,0.682111786080521,-5.57564490592987,2.46614522601622e-08
"human_impact",-0.371844808353933,0.289508582323001,-1.284399948942,0.199002050820916
"log10(area)",1.45680842817768,0.115710597906157,12.5901037116684,2.39358678462708e-36
"depth",-4.94139360098635,0.316219973620104,-15.6264436569803,4.80904901897913e-55
"eutro",-0.659737464468322,0.278016506941331,-2.37301544331519,0.0176435262074018
"log10(RT)",-0.416615114045012,0.112526345218455,-3.70237843623382,0.000213587708218827
