"term","estimate","std.error","statistic","p.value"
"(Intercept)",-3.37426328416776,0.690915361237954,-4.88375779939513,1.04082912275053e-06
"human_impact",-0.449279676342182,0.293655012318743,-1.52995745856542,0.126027259363882
"log10(area)",1.39024051921362,0.116094029494501,11.9751250367227,4.79713836590058e-33
"depth",-5.26544440815294,0.327767411660858,-16.0645757351896,4.51946042817946e-58
"eutro",-0.63796624377046,0.279126959699477,-2.28557730309293,0.0222789992475282
"log10(RT)",-0.289999545412155,0.110355354837219,-2.62787017304166,0.00859213008371159
