"estimate","std.error","Adjusted.SE","statistic","p.value","term"
-4.61703813576761,3.2105016913085,3.2538847856678,1.41893104393371,0.1559191,"(Intercept)"
-1.98999802633992,1.07687225454327,1.09142441990568,1.82330355638542,0.0682574,"human_impact"
1.05043796502295,0.475616521321544,0.482043657080968,2.17913450284549,0.0293217,"log10(area)"
-12.0478106854088,3.16980957006992,3.2126436965454,3.75012351925736,0.0001767,"log10(depth)"
-2.74709543640945,1.41932793260975,1.43850776712377,1.9096841179399,0.0561739,"eutro"
-0.0520886311638966,0.446717037020425,0.452804934859743,0.115035475883299,0.908417,"log10(RT)"
