"term","estimate","std.error","statistic","p.value"
"(Intercept)",-3.85347739280356,0.6963612461646,-5.53373326563998,3.13485591247091e-08
"human_impact",-0.393563018562443,0.293930129419503,-1.33896793547402,0.180581111604864
"log10(area)",1.36942754045057,0.115185199540474,11.8889192874938,1.35143913721913e-32
"depth",-4.87502679810684,0.318190500398839,-15.3210947278319,5.52785837710598e-53
"eutro",-0.805266363668466,0.282082730009991,-2.85471699610942,0.00430751939428685
"log10(RT)",-0.199337994335461,0.110374443158508,-1.80601585503985,0.0709158630238751
