"term","estimate","std.error","statistic","p.value"
"(Intercept)",-5.50394387421893,3.82516843421631,-1.43887621391672,0.150185597875709
"human_impact",-2.37894075804332,1.19388211426888,-1.99260942903074,0.0463042318888553
"log10(area)",1.35473568914819,0.537808892075137,2.51899087038324,0.0117691708253697
"log10(depth)",-15.1103924210471,3.67621025656669,-4.11031779100663,3.95114959189226e-05
"eutro",-3.00635388619401,1.44071768551413,-2.08670575534802,0.0369147407064243
"log10(RT)",-0.332236029967644,0.478460518075151,-0.694385466337391,0.487440505669989
