"term","estimate","std.error","statistic","p.value"
"(Intercept)",-3.92754322658919,0.700408001281645,-5.60750765182916,2.05260941004297e-08
"human_impact",-0.515080553384411,0.294422377601078,-1.74946129292628,0.0802113139575529
"log10(area)",1.44992366431017,0.117902621053011,12.2976372481004,9.32624387723512e-35
"depth",-5.07679854861124,0.324469057287047,-15.646479793973,3.51111610913078e-55
"eutro",-0.52405702845592,0.279681191290247,-1.87376571888263,0.0609627233276009
"log10(RT)",-0.310420321472715,0.109729577076953,-2.82895760415642,0.00466998849266748
