"term","estimate","std.error","statistic","p.value"
"(Intercept)",-3.329654015538,0.675238726340621,-4.93107679647267,8.17775741460913e-07
"human_impact",-0.420261649862256,0.293213584522198,-1.43329529069087,0.151773467243621
"log10(area)",1.37502948790502,0.113039812271182,12.1641168742065,4.82636694243918e-34
"depth",-5.00258891740783,0.31780895358895,-15.7408684082517,7.93472209977192e-56
"eutro",-0.707912508606078,0.276825937404117,-2.55724776097353,0.0105504042656539
"log10(RT)",-0.377312676977018,0.109591510142794,-3.44290060868212,0.000575510782204428
