"term","estimate","std.error","statistic","p.value"
"(Intercept)",-3.76831385673537,0.687663060032934,-5.47988408240934,4.25604582089502e-08
"human_impact",-0.355835219908208,0.294173649028803,-1.20960942995056,0.226428797963378
"log10(area)",1.40017343818206,0.114852074770937,12.1911026942664,3.46698076449089e-34
"depth",-4.73698992804355,0.310253218233188,-15.2681411494117,1.24676647040232e-52
"eutro",-0.776434824089647,0.27553334569802,-2.81793414921403,0.00483337215416462
"log10(RT)",-0.365117072029624,0.109049717508619,-3.34817072773038,0.000813468818029087
