"term","estimate","std.error","statistic","p.value"
"(Intercept)",-2.29156983299561,0.488292487725513,-4.69302700860675,2.69191934809062e-06
"human_impact",-2.60209083356224,0.193342978590672,-13.4584190878281,2.74731398601159e-41
"log10(area)",1.65240878738393,0.0896885013447794,18.4238644041086,8.45463212213483e-76
"depth",-6.09970395251809,0.252221570598708,-24.1839107497388,3.28552331023289e-129
"eutro",-1.52068867431503,0.188922984070178,-8.04925182501962,8.33016900919456e-16
"log10(RT)",-0.164406520238033,0.0770080168504632,-2.13492733564719,0.0327669460571386
