"term","estimate","std.error","statistic","p.value"
"(Intercept)",-9.53885879802496,4.34465667735938,-2.19553799215788,0.028125028708712
"human_impact",-3.32851153259323,1.41219332901699,-2.3569800707883,0.0184242356170316
"log10(area)",2.06647854853449,0.628389051767947,3.28853366035028,0.00100710740951289
"log10(depth)",-29.4049589551276,6.54583873996487,-4.49216061122909,7.05042191235835e-06
"eutro",-5.72432567514657,2.03561157081715,-2.81209134257803,0.00492205235643256
"log10(RT)",0.322912996461984,0.623484465095687,0.517916667598809,0.604516412341139
