"term","estimate","std.error","statistic","p.value"
"(Intercept)",-3.849322165011,0.671448192104304,-5.73286548430089,9.87479474788395e-09
"human_impact",-0.369758941714016,0.293045327579341,-1.26178071074655,0.207027704955428
"log10(area)",1.40218019639482,0.112888558179079,12.4209239537855,2.01224009272114e-35
"depth",-4.87864994239266,0.316699165128363,-15.4046820439683,1.5223605818683e-53
"eutro",-0.661788459659834,0.278460303443714,-2.37659893160895,0.0174730750941562
"log10(RT)",-0.310999846523392,0.109297219621768,-2.84545066745186,0.00443486284102805
