"term","estimate","std.error","statistic","p.value"
"(Intercept)",-3.68217541465618,0.717425614772015,-5.13248389636367,2.85943200187373e-07
"human_impact",-0.35911350694417,0.29903183036944,-1.20092067289459,0.229781974266016
"log10(area)",1.50424848553981,0.12138432648714,12.3924441406295,2.87155943790699e-35
"depth",-5.58802506051882,0.344176279399054,-16.235938950458,2.80916383370583e-59
"eutro",-0.614852630024094,0.28318447360569,-2.17120883145671,0.0299153900791655
"log10(RT)",-0.350175563039186,0.112368454705624,-3.11631555276395,0.00183126199825873
