"term","estimate","std.error","statistic","p.value"
"(Intercept)",-3.66444053009591,0.70142991943507,-5.22424326160373,1.74868766165146e-07
"human_impact",-0.558392674075795,0.298770853552139,-1.86896635812017,0.061627495003478
"log10(area)",1.41902233870544,0.115964622504505,12.2366831198913,1.9795830854436e-34
"depth",-5.07405399176859,0.325483160689396,-15.5892980178188,8.60741873284495e-55
"eutro",-0.740933952228159,0.280037605192427,-2.64583733930673,0.00814889906267433
"log10(RT)",-0.270920211635198,0.108852471973555,-2.48887514195375,0.012814796141298
