"estimate","std.error","Adjusted.SE","statistic","p.value","term"
-8.3886363430886,3.80086594108717,3.85223988057908,2.17759968307778,0.0294359,"(Intercept)"
-2.91805159315937,1.25007922043751,1.26697177710742,2.30317016202324,0.0212693,"human_impact"
1.65460611789082,0.566054975588668,0.573704193732227,2.88407534051092,0.0039256,"log10(area)"
-12.6705830792689,3.15722770213098,3.19989836280623,3.95968297822971,7.5e-05,"log10(depth)"
-2.11212798374136,1.32776739158821,1.34570978308035,1.56952710777405,0.1165252,"eutro"
0.00450277482969182,0.454328583758284,0.460520212405024,0.00977758349883603,0.9921987,"log10(RT)"
