"term","estimate","std.error","statistic","p.value"
"(Intercept)",-2.35114798646911,0.497581775037783,-4.7251489190708,2.29946782646758e-06
"human_impact",-2.77863328994077,0.19579767019381,-14.1913501176513,1.03643912193048e-45
"log10(area)",1.69000319005788,0.0910802017098041,18.5551103130239,7.41550062176595e-77
"depth",-6.10042743699971,0.25220353122879,-24.1885092063427,2.93914059078156e-129
"eutro",-1.38034342257792,0.18981807027288,-7.27192843438747,3.54391346259078e-13
"log10(RT)",-0.217686433948272,0.0784999695419767,-2.7730766676523,0.00555290365668596
