"term","estimate","std.error","statistic","p.value"
"(Intercept)",-3.6452094688253,0.688282284734337,-5.29609660116747,1.18304269878939e-07
"human_impact",-0.341610052417393,0.293195356302444,-1.16512777257293,0.243967276506476
"log10(area)",1.38692964431974,0.115228558314041,12.0363359970177,2.28898203466026e-33
"depth",-4.74138859256506,0.312566618337329,-15.1692097441066,5.65536156280017e-52
"eutro",-0.800506591508577,0.276544033661931,-2.89468039106994,0.00379544760347058
"log10(RT)",-0.370021447625536,0.108777634587967,-3.40163167756976,0.000669848497902669
