"estimate","std.error","Adjusted.SE","statistic","p.value","term"
-7.03416719397108,3.50802630412021,3.55538327370985,1.97845538791414,0.0478774,"(Intercept)"
-2.59525942182194,1.14653257226981,1.16202654912243,2.23339081519429,0.0255232,"human_impact"
1.46212046593094,0.508815066174903,0.515690816082302,2.83526566759256,0.0045788,"log10(area)"
-13.6714110436591,3.6527682723045,3.70211598925823,3.692864049459,0.0002217,"log10(depth)"
-2.49466905064407,1.5422272245455,1.56306766341682,1.59600835525623,0.1104869,"eutro"
-0.100699084206308,0.499408054845785,0.506214030365126,0.198925905182191,0.8423207,"log10(RT)"
