"term","estimate","std.error","statistic","p.value"
"(Intercept)",-4.34953591392136,0.718119773672254,-6.05683908643695,1.38822331405164e-09
"human_impact",-0.313848370228825,0.296403554054823,-1.05885494939367,0.289665843962377
"log10(area)",1.56381520103594,0.122002423318512,12.8179027801216,1.30174004852328e-37
"depth",-5.24230470978909,0.331803504867415,-15.7994253613561,3.13965430916835e-56
"eutro",-0.646024227000453,0.282778806886377,-2.28455673221661,0.0223388324436097
"log10(RT)",-0.375550639713857,0.112797585470165,-3.32942091046081,0.000870267766236663
