"term","estimate","std.error","statistic","p.value"
"(Intercept)",-3.74583784304177,0.705272696733752,-5.31119077824711,1.08911243159898e-07
"human_impact",-0.282029133162985,0.297689604458064,-0.947393287973263,0.343438410066839
"log10(area)",1.41508316530189,0.117305100687061,12.0632705399312,1.65094154716081e-33
"depth",-5.07517114619134,0.323752436423974,-15.6760863400734,2.20423860972144e-55
"eutro",-0.81215349313596,0.278441486882004,-2.9167833508953,0.00353661329859458
"log10(RT)",-0.291083954470822,0.110018194927874,-2.64578013356474,0.00815027716991227
