"estimate","std.error","Adjusted.SE","statistic","p.value","term"
-8.02378259010419,3.79734384545878,3.84867392854457,2.08481745636957,0.0370859,"(Intercept)"
-2.27020952876553,1.25827312443421,1.27527640826936,1.78017056854864,0.0750481,"human_impact"
1.89137908524495,0.576061823843428,0.583846501141106,3.23951429279498,0.0011973,"log10(area)"
-20.8971209247491,4.64100750848208,4.70373469596409,4.44266572744405,8.9e-06,"log10(depth)"
-5.8122192235602,1.90596226949939,1.93171890494175,3.00883281138436,0.0026225,"eutro"
0.0286961658633063,0.525909075571022,0.533076209258605,0.0538312634570892,0.9570696,"log10(RT)"
