"term","estimate","std.error","statistic","p.value"
"(Intercept)",-3.53615625636819,0.684288726306854,-5.16763775351528,2.37071226599597e-07
"human_impact",-0.423601773851458,0.290994366531535,-1.45570437978067,0.145474358626007
"log10(area)",1.36102765159086,0.113461727540365,11.9954779562708,3.75244787024132e-33
"depth",-4.78668621812857,0.311696230202358,-15.3568948043451,3.18467035395156e-53
"eutro",-0.713978779938391,0.275895004977164,-2.58786410430841,0.00965730719500415
"log10(RT)",-0.332247121350165,0.10987679735726,-3.02381512149355,0.00249608924047927
