"term","estimate","std.error","statistic","p.value"
"(Intercept)",-2.86587282080328,0.487956524126761,-5.87321345058763,4.27427545670987e-09
"human_impact",-2.39217371396259,0.192981806501497,-12.3958509733612,2.75208565994831e-35
"log10(area)",1.69702922985393,0.0894627198347285,18.9691218083799,3.06992290023972e-80
"depth",-5.83323287863555,0.242815167310406,-24.0233464130293,1.58594048434718e-127
"eutro",-1.45782994427293,0.186596069877508,-7.81275803520367,5.59499435173964e-15
"log10(RT)",-0.195904273482868,0.0780892818824933,-2.50872166781685,0.0121168916755282
