"term","estimate","std.error","statistic","p.value"
"(Intercept)",-3.91163557781478,0.705389974097586,-5.54535182162035,2.93363687826386e-08
"human_impact",-0.520048029785344,0.297143919627832,-1.75015538072156,0.0800915057085687
"log10(area)",1.50066384042184,0.118358075345286,12.6790152344397,7.72968792277457e-37
"depth",-5.15620978972069,0.324506757921345,-15.8893756874255,7.50715100546731e-57
"eutro",-0.602848391524937,0.281208545362125,-2.14377692807529,0.0320507648406985
"log10(RT)",-0.392081673732922,0.111225968728694,-3.52509111149485,0.000423337160622364
