"term","estimate","std.error","statistic","p.value"
"(Intercept)",-3.59134325199031,0.684352918844331,-5.24779416160747,1.53931143828503e-07
"human_impact",-0.281329541976226,0.295900463659532,-0.950757354337669,0.341727565602039
"log10(area)",1.3902776418623,0.115610695768784,12.0255105517468,2.60969947596996e-33
"depth",-5.03129006278036,0.322423800665904,-15.6045864244178,6.77473167065186e-55
"eutro",-0.716543982182123,0.280537764578154,-2.55418012351953,0.0106438178637365
"log10(RT)",-0.329333397535078,0.111908728765183,-2.94287497650085,0.00325179712385662
