"term","estimate","std.error","statistic","p.value"
"(Intercept)",-3.15164168464098,0.697514277934689,-4.51839020983608,6.23115695744555e-06
"human_impact",-0.547774858774628,0.296893570589253,-1.84502095376281,0.0650344905832792
"log10(area)",1.40992631916856,0.115781682782392,12.1774557536745,4.09869116013982e-34
"depth",-5.1333260841867,0.324183047815843,-15.8346530417678,1.79446218617263e-56
"eutro",-0.864166875797905,0.282961208438564,-3.05401182220895,0.00225803182343093
"log10(RT)",-0.400980604777891,0.111846207066711,-3.5851068649894,0.000336940209011084
