"term","estimate","std.error","statistic","p.value"
"(Intercept)",-3.58476185072688,0.698676476538049,-5.13078938694118,2.88529603421721e-07
"human_impact",-0.498434684439254,0.295126923416364,-1.68888246002573,0.0912419572091875
"log10(area)",1.49249076332853,0.118657766984158,12.5781126786904,2.78606622060672e-36
"depth",-5.31430134220458,0.332386187524026,-15.9883338769017,1.54097469065043e-57
"eutro",-0.812886987655069,0.27827560027105,-2.9211579702399,0.00348732954064383
"log10(RT)",-0.385060212159574,0.111558932731068,-3.45163047667217,0.000557210273202381
