"term","estimate","std.error","statistic","p.value"
"(Intercept)",-3.66359910579982,0.710601587334847,-5.15563034349581,2.52779133028602e-07
"human_impact",-0.402787025388245,0.301484316190511,-1.33601319789292,0.18154495954835
"log10(area)",1.51091788833728,0.120626216167884,12.5256178659739,5.40686378466228e-36
"depth",-5.36750143649271,0.333383067982408,-16.1001021106925,2.54683937675011e-58
"eutro",-0.743768342031811,0.289048830475639,-2.57315810898773,0.0100775158515289
"log10(RT)",-0.443835012323856,0.113769700514573,-3.90117061323376,9.57286507557032e-05
