"estimate","std.error","Adjusted.SE","statistic","p.value","term"
-4.7702959115648,3.25089112431598,3.29482053516121,1.44781661418515,0.1476683,"(Intercept)"
-2.05109681663196,1.17007323936797,1.18588481826589,1.72959193425822,0.0837032,"human_impact"
1.17724073364004,0.477401522592492,0.483852792576469,2.43305557331052,0.014972,"log10(area)"
-14.2169394133304,3.49355168184368,3.54076034878474,4.01522215933364,5.94e-05,"log10(depth)"
-3.38501769454943,1.42923427195399,1.44854793298884,2.33683512810308,0.0194478,"eutro"
-0.0495576237237481,0.448896951171994,0.455014557067091,0.108914369780132,0.9132704,"log10(RT)"
