"term","estimate","std.error","statistic","p.value"
"(Intercept)",-3.87331719123773,0.68435662596121,-5.65979351160293,1.51555236576773e-08
"human_impact",-0.464848627296328,0.288959098180915,-1.60870043623022,0.107681860381393
"log10(area)",1.4010713046919,0.115351777696439,12.1460746654375,6.01865409721198e-34
"depth",-4.79926472372707,0.312791558693912,-15.3433319740687,3.92519482478335e-53
"eutro",-0.604550585116276,0.275839397843647,-2.19167598915275,0.0284029106752401
"log10(RT)",-0.309256960732632,0.108802300843395,-2.84237519184234,0.00447787599189497
