"estimate","std.error","Adjusted.SE","statistic","p.value","term"
-6.63424654464839,3.73769313147363,3.78817940472672,1.75130209946511,0.0798939,"(Intercept)"
-2.17373036804705,1.1715603204865,1.18739252722118,1.83067546595916,0.067149,"human_impact"
1.49973948088404,0.558680157546649,0.566229849041755,2.64864080094344,0.0080816,"log10(area)"
-15.1325921414733,3.60711658276844,3.65584857301134,4.13928308004521,3.48e-05,"log10(depth)"
-3.60661066487849,1.47672441179098,1.49667958281561,2.40974134095796,0.0159638,"eutro"
-0.103261421581485,0.503586158281112,0.510449073350031,0.202295247405955,0.8396859,"log10(RT)"
