"estimate","std.error","Adjusted.SE","statistic","p.value","term"
-7.76353713070547,3.4501381477834,3.49615510168462,2.2205928812954,0.0263785,"(Intercept)"
-1.62485731805975,1.16184100660662,1.17754892707546,1.37986395358979,0.1676285,"human_impact"
1.55818630710609,0.506434341781562,0.513280661834649,3.03573935853451,0.0023995,"log10(area)"
-17.3338780223859,3.8646020394528,3.91657411928468,4.42577556161549,9.6e-06,"log10(depth)"
-3.41373428301234,1.53642431362386,1.55719529368877,2.19223259718806,0.0283627,"eutro"
0.318396084440958,0.478200126122674,0.484717078182532,0.65686995315865,0.5112645,"log10(RT)"
