"estimate","std.error","Adjusted.SE","statistic","p.value","term"
-6.44588890603491,3.26605498652216,3.31020431845687,1.94727826016486,0.0515014,"(Intercept)"
-1.89034175016602,1.10589254410701,1.12083710366447,1.68654458706419,0.091691,"human_impact"
1.26844927100004,0.475854092465847,0.482284501082524,2.63008508080378,0.0085364,"log10(area)"
-13.505912382629,3.25260811541106,3.2965725256424,4.0969559375907,4.19e-05,"log10(depth)"
-2.30394914031252,1.38648236529208,1.40521892943103,1.63956597228973,0.1010954,"eutro"
0.0147910965062792,0.479680249584231,0.486217372892724,0.0304207486834137,0.9757315,"log10(RT)"
