"term","estimate","std.error","statistic","p.value"
"(Intercept)",-3.17823841418432,0.68117304003262,-4.66583118737658,3.07371979254432e-06
"human_impact",-0.326430661994882,0.290892690713019,-1.12216866362216,0.261790733621393
"log10(area)",1.36653480031964,0.113860111161114,12.0018748127338,3.47338149286006e-33
"depth",-5.13659138783701,0.322368501950347,-15.9339121432781,3.68558957550038e-57
"eutro",-0.919071987831466,0.280704029094553,-3.2741674239449,0.00105973802464036
"log10(RT)",-0.332346478777877,0.109078387941094,-3.04685909877358,0.00231246079433428
