"estimate","std.error","Adjusted.SE","statistic","p.value","term"
-4.51859859812047,3.53276034058478,3.58041783577603,1.26203108278872,0.2069376,"(Intercept)"
-1.95738805573328,1.10608246377986,1.12103040648602,1.74606152019455,0.0808003,"human_impact"
1.14456914605499,0.510803799575335,0.51770697120153,2.21084360405385,0.0270467,"log10(area)"
-16.8545203805555,3.91910785783477,3.9720322159409,4.24329901276065,2.2e-05,"log10(depth)"
-3.77072448824916,1.5645276890937,1.58566988701356,2.37800094403692,0.0174068,"eutro"
-0.142458887724846,0.491003087264967,0.497694519170042,0.286237606076938,0.7746961,"log10(RT)"
