"term","estimate","std.error","statistic","p.value"
"(Intercept)",-3.06969003447619,0.698832091028654,-4.39260027391948,1.12002943206931e-05
"human_impact",-0.400205151647772,0.301888769341207,-1.32567088375336,0.184948735753829
"log10(area)",1.39061456578791,0.11615441599481,11.9721196467473,4.97414047339949e-33
"depth",-5.386014862631,0.336778887056035,-15.9927331244338,1.43590571791447e-57
"eutro",-0.965701600415891,0.28579857957866,-3.37895871224967,0.000727609346826946
"log10(RT)",-0.315927612935147,0.111440498539825,-2.83494436111343,0.00458336673028156
