"term","estimate","std.error","statistic","p.value"
"(Intercept)",-3.92762190706175,0.682132452209923,-5.75785816132531,8.51878856418785e-09
"human_impact",-0.211721385150839,0.293421414673003,-0.721560781058831,0.470564558868373
"log10(area)",1.40671135121738,0.114477637030914,12.2880886407317,1.04958388050446e-34
"depth",-4.83720391427763,0.313429363214145,-15.4331549050581,9.79620545534347e-54
"eutro",-0.652603316088903,0.277098254594347,-2.3551332614645,0.0185160641004471
"log10(RT)",-0.33240960064204,0.109454813813095,-3.03695734396537,0.0023897927155804
