"estimate","std.error","Adjusted.SE","statistic","p.value","term"
-9.1902865394206,3.68408416090702,3.73348626305228,2.46158305987904,0.0138325,"(Intercept)"
-1.906756440298,1.15944788339714,1.17512255191106,1.62260220195511,0.1046745,"human_impact"
1.73925422027855,0.548051035723975,0.555460435194123,3.13119370900056,0.001741,"log10(area)"
-17.9895964714643,3.98282806291464,4.03649028415359,4.456742170813,8.3e-06,"log10(depth)"
-2.77859279098132,1.48269158295058,1.50273120595818,1.84902847559463,0.0644537,"eutro"
0.289257682636726,0.448398926389313,0.454509745160242,0.636416899124453,0.5245047,"log10(RT)"
