"term","estimate","std.error","statistic","p.value"
"(Intercept)",-2.56575772515176,0.490737705425572,-5.22836883488852,1.71012091215943e-07
"human_impact",-2.4017595135559,0.18985086952946,-12.6507690984434,1.10784972806909e-36
"log10(area)",1.66833784744727,0.0900388979900656,18.5290789279911,1.20329022221445e-76
"depth",-5.93926180111923,0.246882602163578,-24.0570285191017,7.04728388160217e-128
"eutro",-1.44578545289597,0.18562761024996,-7.78863365718667,6.77376924117489e-15
"log10(RT)",-0.188396301202245,0.077033995924961,-2.4456254532838,0.0144601131818684
