"estimate","std.error","Adjusted.SE","statistic","p.value","term"
-9.049433737784,3.47760755952664,3.5245207775961,2.56756430414808,0.0102416,"(Intercept)"
-2.01055614117516,1.35659499485784,1.37491973769141,1.4623080068303,0.1436568,"human_impact"
1.67952115312592,0.51740024567562,0.524392527491583,3.20279383300877,0.001361,"log10(area)"
-12.8748686340351,3.28502508249529,3.3293635187522,3.8670660507689,0.0001102,"log10(depth)"
-2.33077762161853,1.43098446959276,1.45031709388559,1.60708139719575,0.1080365,"eutro"
-0.14825830675321,0.48301930827321,0.489601936557993,0.302813971275314,0.7620316,"log10(RT)"
