"estimate","std.error","Adjusted.SE","statistic","p.value","term"
-5.98302348107478,3.36737925062213,3.41281889635408,1.75310312758361,0.0795843,"(Intercept)"
-1.96489120381369,1.13549171988864,1.15083659725336,1.70735898432775,0.0877553,"human_impact"
1.37643638893855,0.496302898252788,0.503009558685982,2.73640205274474,0.0062115,"log10(area)"
-17.0133093753895,3.85507376555788,3.90713664850038,4.3544188253358,1.33e-05,"log10(depth)"
-3.88451527309402,1.52113500176892,1.54169010371041,2.51964727784468,0.0117472,"eutro"
-0.113804077694029,0.496082796329071,0.502843454942045,0.226321087757114,0.8209517,"log10(RT)"
