"term","estimate","std.error","statistic","p.value"
"(Intercept)",-3.72714999395866,0.702219946934759,-5.30766750535633,1.11036950725333e-07
"human_impact",-0.365151336363953,0.299496239018603,-1.21921843680071,0.222761296076973
"log10(area)",1.42753492169658,0.117063362209343,12.1945491292462,3.32338338758493e-34
"depth",-5.11700516452669,0.322474027121602,-15.867960623685,1.05617280009024e-56
"eutro",-0.66973008051608,0.279036238469065,-2.40015448957656,0.0163881536888345
"log10(RT)",-0.317886562318992,0.111943589881367,-2.83970312776172,0.00451555358287371
