"term","estimate","std.error","statistic","p.value"
"(Intercept)",-6.74778638394214,3.87374411991379,-1.74192878390024,0.0815209065549197
"human_impact",-2.67978033312928,1.28175662175376,-2.09070917805183,0.0365541417551669
"log10(area)",1.58105139445438,0.542499752559034,2.91438177989277,0.00356393764156079
"log10(depth)",-20.4615847550541,4.74015784356717,-4.31664628696328,1.58417706617348e-05
"eutro",-4.82072871381307,1.78638982188526,-2.69858720350607,0.00696344914840447
"log10(RT)",0.155814876482574,0.515243982298563,0.302409890917049,0.76233961565699
