"estimate","std.error","Adjusted.SE","statistic","p.value","term"
-8.81458113673546,3.79372744101484,3.84489430477653,2.29254185889715,0.0218744,"(Intercept)"
-2.52212018460699,1.21761885573228,1.23407368735598,2.04373548390831,0.0409797,"human_impact"
1.72802710433914,0.571392648111168,0.57911445922977,2.9839128980434,0.0028459,"log10(area)"
-17.8412231908056,4.15941701944227,4.2155913444859,4.23219940759731,2.31e-05,"log10(depth)"
-2.8189478514197,1.52258515060183,1.54316223012693,1.82673460792766,0.0677397,"eutro"
0.141595944984723,0.469892678279631,0.476296415732516,0.297285346493646,0.7662487,"log10(RT)"
