"estimate","std.error","Adjusted.SE","statistic","p.value","term"
-7.61103561864899,3.91630249028687,3.96827170316933,1.91797240409983,0.0551145,"(Intercept)"
-2.3124171536764,1.29295376341723,1.31043210159746,1.76462187614108,0.0776273,"human_impact"
1.73767888077874,0.582996007691868,0.590864381886306,2.94090985012717,0.0032725,"log10(area)"
-23.2551042191211,5.11860304534023,5.18727610943078,4.48310514584752,7.4e-06,"log10(depth)"
-5.07823145171675,1.86037326615479,1.8854773031319,2.6933400064172,0.007074,"eutro"
0.350873223145008,0.524342036491685,0.531487814437188,0.660171717232239,0.5091436,"log10(RT)"
