"term","estimate","std.error","statistic","p.value"
"(Intercept)",-3.8284447526762,0.689510434965466,-5.55241017181697,2.81757512407654e-08
"human_impact",-0.366959999366013,0.298732501175423,-1.2283899405727,0.219300622288668
"log10(area)",1.389736834258,0.114742292830008,12.1118098652335,9.14536623589192e-34
"depth",-4.77780732502086,0.314564209097221,-15.1886552469935,4.20456933224658e-52
"eutro",-0.704618779905324,0.28074078405644,-2.5098554250802,0.0120780599789886
"log10(RT)",-0.332562100175758,0.110164924893019,-3.01876573236635,0.00253806708259543
