"term","estimate","std.error","statistic","p.value"
"(Intercept)",-3.39227856167081,0.690380653194306,-4.91363503014628,8.94031082392962e-07
"human_impact",-0.447443116985893,0.296900482258362,-1.50704745772871,0.131798493117214
"log10(area)",1.40378637580063,0.114873534482063,12.2202766906229,2.42258762514158e-34
"depth",-5.02826069524385,0.323148525824169,-15.5602154842564,1.35641469780935e-54
"eutro",-0.807312249371024,0.278328545918825,-2.90057294233297,0.00372481134896771
"log10(RT)",-0.3680846110538,0.112253847660293,-3.27903781229585,0.00104161678215636
