"term","estimate","std.error","statistic","p.value"
"(Intercept)",-4.19332048626826,0.695830230348709,-6.02635571634595,1.67697880651746e-09
"human_impact",-0.255036385317596,0.296740610877327,-0.859458988655342,0.390087337074417
"log10(area)",1.44981928105442,0.117288758133983,12.3611103410119,4.24255777543615e-35
"depth",-4.92294531933644,0.319796285574101,-15.3940040626136,1.79567989016028e-53
"eutro",-0.617742059866615,0.278046932916711,-2.22171866233698,0.0263023245306523
"log10(RT)",-0.310017439748725,0.112502045372045,-2.75566047464733,0.00585737637021363
