"estimate","std.error","Adjusted.SE","statistic","p.value","term"
-3.74859988203254,3.78197832984728,3.83305270801025,0.977967215060409,0.3280905,"(Intercept)"
-2.98714361572632,1.1773837168684,1.19329445539049,2.50327452895842,0.012305,"human_impact"
0.939990740154137,0.52741288791,0.534540112884516,1.75850365107626,0.0786619,"log10(area)"
-12.9854652417344,3.28057456145233,3.32487475064628,3.90555019830757,9.4e-05,"log10(depth)"
-2.52485872997399,1.48495735920994,1.5050228829533,1.67762148906299,0.093421,"eutro"
0.141616444683013,0.454590200232197,0.460785394210532,0.307337095451226,0.7585868,"log10(RT)"
