"term","estimate","std.error","statistic","p.value"
"(Intercept)",-3.67533312666338,0.708795146188956,-5.18532490864939,2.15638594720852e-07
"human_impact",-0.439717911733858,0.298950137633061,-1.47087375578859,0.141325261293714
"log10(area)",1.45210666164209,0.118664324488819,12.2370954193475,1.9695552175544e-34
"depth",-5.14079379117634,0.328235928652936,-15.6618862909795,2.756003265621e-55
"eutro",-0.661409900709572,0.280162004285101,-2.36081228215551,0.0182349583141655
"log10(RT)",-0.391871985083245,0.11167444015222,-3.5090570818989,0.000449698378986558
