"term","estimate","std.error","statistic","p.value"
"(Intercept)",-2.63208807477332,0.48277061568226,-5.45204697484251,4.97932978301662e-08
"human_impact",-2.60561515137769,0.191940174264042,-13.5751421575416,5.62344935785543e-42
"log10(area)",1.66936157935754,0.0896004706870056,18.6311697534379,1.79556773881367e-77
"depth",-5.78516008244945,0.245340141224443,-23.5801612144547,6.15938808521471e-123
"eutro",-1.25677856155763,0.184629545747409,-6.8070284009528,9.96352680569375e-12
"log10(RT)",-0.233587359281086,0.0773060340833107,-3.02159284266679,0.00251448516390179
