"term","estimate","std.error","statistic","p.value"
"(Intercept)",-2.53839927197384,0.489152288413359,-5.18938443527992,2.10990399021953e-07
"human_impact",-2.5061409448381,0.190092307983567,-13.1838103888704,1.08756002565781e-39
"log10(area)",1.64837517963703,0.0901251309437213,18.28985059302,9.96879405170855e-75
"depth",-5.8013972070983,0.244194255826338,-23.7573041489724,9.23444993496343e-125
"eutro",-1.54910360826542,0.186376181478372,-8.31170375944842,9.43376917459131e-17
"log10(RT)",-0.174000002697737,0.0760322581059512,-2.28850236770908,0.0221082823863486
