"term","estimate","std.error","statistic","p.value"
"(Intercept)",-4.05791746395196,0.697183646141889,-5.82044270029551,5.86919619493224e-09
"human_impact",-0.218815980015481,0.29230188036394,-0.748595868569292,0.454100822987435
"log10(area)",1.42443219836678,0.115776394897044,12.3033041375444,8.69433908141361e-35
"depth",-4.88142158461477,0.314721676541442,-15.5102808241808,2.95583294022771e-54
"eutro",-0.550731690423827,0.280758100761976,-1.96158788982097,0.0498104833247932
"log10(RT)",-0.334128135824525,0.109836176231099,-3.04205906732867,0.00234965781911732
