"term","estimate","std.error","statistic","p.value"
"(Intercept)",-4.07905114392264,0.708232584548235,-5.75947962987974,8.43736403762723e-09
"human_impact",-0.296656247025412,0.300185166256483,-0.9882441918264,0.323033070051434
"log10(area)",1.50577455700455,0.120081674018148,12.5395866548045,4.53354007598325e-36
"depth",-5.21543502428116,0.332799698816643,-15.6713934622718,2.37318779953497e-55
"eutro",-0.73460729852636,0.280589792840684,-2.61808275735626,0.00884253570139289
"log10(RT)",-0.354531334999843,0.112338374329648,-3.15592367359259,0.00159990721323983
