"term","estimate","std.error","statistic","p.value"
"(Intercept)",-3.67955395199779,0.692848767117083,-5.31076062573984,1.09168642253908e-07
"human_impact",-0.554549446824495,0.291584091432693,-1.90185083177798,0.057190658666906
"log10(area)",1.44644718021365,0.117499575512005,12.3102332405095,7.97922616553597e-35
"depth",-5.1009367313674,0.325435898184545,-15.6741673546868,2.27182604320467e-55
"eutro",-0.70685970921008,0.274353710217537,-2.57645398215904,0.00998194914322015
"log10(RT)",-0.322005342961944,0.111528574145983,-2.88720039171721,0.00388686589739343
