"term","estimate","std.error","statistic","p.value"
"(Intercept)",-3.44523969383619,0.702131217768895,-4.9068316671403,9.25594066831214e-07
"human_impact",-0.310604744109133,0.297560596479075,-1.04383694543029,0.296560835142898
"log10(area)",1.41458012029985,0.117006321913576,12.089775126379,1.19613665619797e-33
"depth",-5.17927202905104,0.328021391342443,-15.7894337556908,3.67867283069024e-56
"eutro",-0.924336833551798,0.281956288071531,-3.2782983485628,0.00104434951436322
"log10(RT)",-0.346613496477755,0.110623074231507,-3.1332838911381,0.00172862160258684
