"estimate","std.error","Adjusted.SE","statistic","p.value","term"
-5.77111491356554,3.08025157595299,3.12187966206301,1.84860261710147,0.0645152,"(Intercept)"
-1.67003490046432,1.10450483715309,1.11943044610962,1.49186124628665,0.1357355,"human_impact"
1.13505365511422,0.43765594980848,0.443570079096877,2.55890491402221,0.0105002,"log10(area)"
-12.0513991809352,2.94727051546371,2.98709856458851,4.03448326874857,5.47e-05,"log10(depth)"
-2.0261751992277,1.37233358633804,1.39087825843232,1.45675955961195,0.1451828,"eutro"
-0.0382412383774896,0.446974179076609,0.453065581269776,0.084405525289106,0.932734,"log10(RT)"
