"term","estimate","std.error","statistic","p.value"
"(Intercept)",-6.04468151964745,3.58422925876344,-1.68646620605203,0.0917060388305474
"human_impact",-2.72868028495937,1.15134825422915,-2.36998690442821,0.0177887153134487
"log10(area)",1.37849175849841,0.504292971365629,2.73351372470143,0.00626625117533019
"log10(depth)",-13.1600822069834,3.42129868789011,-3.8465166030561,0.000119809015612732
"eutro",-2.96525935837441,1.48204861592288,-2.00078413522752,0.0454156578273502
"log10(RT)",-0.0368826799871901,0.470973511926844,-0.0783115802761304,0.937580206025531
