"term","estimate","std.error","statistic","p.value"
"(Intercept)",-3.96191256011851,0.686212754793138,-5.77359212932854,7.75991455778855e-09
"human_impact",-0.320330174257757,0.288348632926163,-1.11091275518474,0.266605904612557
"log10(area)",1.40409750042286,0.115756994665305,12.1296989826197,7.35191822897034e-34
"depth",-4.82211473677963,0.318246350023163,-15.1521446716629,7.33339171228094e-52
"eutro",-0.528566370357198,0.273469678284328,-1.93281527105043,0.0532589584314834
"log10(RT)",-0.328624458035212,0.109101684696113,-3.01209334164315,0.00259452804776056
