"estimate","std.error","Adjusted.SE","statistic","p.value","term"
-6.57667085812116,3.24768036210506,3.29151689982343,1.99806686651797,0.0457094,"(Intercept)"
-1.83472357667205,1.08255491478713,1.09718448336706,1.67221064869749,0.0944828,"human_impact"
1.33450291794722,0.479298659912639,0.485776048543118,2.74715668248672,0.0060114,"log10(area)"
-13.061231376105,3.22528476722847,3.26886017449233,3.99565312643987,6.45e-05,"log10(depth)"
-2.65775074350297,1.37151339557804,1.3900486218247,1.91198401392188,0.0558782,"eutro"
0.126046449354872,0.424799715070715,0.43058892177922,0.292730358305645,0.7697283,"log10(RT)"
