"term","estimate","std.error","statistic","p.value"
"(Intercept)",-3.02201479427965,0.498398242557603,-6.06345395355277,1.33228937109172e-09
"human_impact",-2.4948459234417,0.195204471193765,-12.7806802179508,2.10222855919021e-37
"log10(area)",1.76596400067124,0.091966589736762,19.2022342649216,3.54509640538433e-82
"depth",-6.05264429605901,0.251701684173258,-24.0468962928857,8.99583796143437e-128
"eutro",-1.5445540123013,0.188046440480198,-8.21368385573855,2.14503880953268e-16
"log10(RT)",-0.184494125199554,0.0769918847844702,-2.39628014973297,0.0165624259903634
