"term","estimate","std.error","statistic","p.value"
"(Intercept)",-3.90022741193222,0.713093259136192,-5.46944927884576,4.51436085775167e-08
"human_impact",-0.506121868605775,0.30249434264901,-1.67316143559431,0.0942955199085983
"log10(area)",1.55701428027223,0.122737362248704,12.6857401181332,7.09405506096002e-37
"depth",-5.41693849631372,0.339496546066811,-15.9557985466153,2.59631447891526e-57
"eutro",-0.72675354202917,0.284381050641611,-2.55556247643608,0.0106016327355628
"log10(RT)",-0.413915911655407,0.113878067562826,-3.63472897383909,0.000278273017185644
