"term","estimate","std.error","statistic","p.value"
"(Intercept)",-2.79839710854561,0.491682496840287,-5.6914718879135,1.25948894869879e-08
"human_impact",-2.33423294743417,0.191020261175092,-12.2198186363832,2.43627608295295e-34
"log10(area)",1.73739242355593,0.0912062545421048,19.0490491280274,6.69064679495951e-81
"depth",-6.09656977713009,0.249835826681628,-24.4023039373736,1.61653861506084e-131
"eutro",-1.60005688273382,0.186687092306927,-8.57079545758426,1.02772646701823e-17
"log10(RT)",-0.184508467188631,0.0769135468226087,-2.39890727720796,0.0164440780989942
