"estimate","std.error","Adjusted.SE","statistic","p.value","term"
-8.82257286323464,3.47023374150372,3.5154152882649,2.50968154251534,0.012084,"(Intercept)"
-1.90027066278948,1.09340706237394,1.10799438351186,1.71505441820603,0.0863353,"human_impact"
1.46084384797045,0.49862193860392,0.505263334294179,2.89125243970286,0.0038371,"log10(area)"
-11.7421091611812,2.87469877142618,2.91259672069621,4.03149158197719,5.54e-05,"log10(depth)"
-1.28675472785706,1.40007380947687,1.41894170075648,0.906841152931836,0.3644908,"eutro"
0.0395366686426124,0.457327642098881,0.463490751623445,0.0853019580307254,0.9320213,"log10(RT)"
