"term","estimate","std.error","statistic","p.value"
"(Intercept)",-4.00437913566245,0.713330055318756,-5.61364140737498,1.98112559177926e-08
"human_impact",-0.38932612824508,0.300099046660445,-1.29732544164192,0.19451923412226
"log10(area)",1.51185721498011,0.120756693729728,12.5198626120377,5.81356900707083e-36
"depth",-5.22579341020397,0.333109788540212,-15.6879010764138,1.83007351393067e-55
"eutro",-0.684983953859104,0.280268295300689,-2.44402940091462,0.0145242428559972
"log10(RT)",-0.373509734558223,0.112029361328974,-3.33403431142853,0.000855960983118201
