"estimate","std.error","Adjusted.SE","statistic","p.value","term"
-4.59236850909428,3.33520105418361,3.38027522593159,1.35857828198846,0.1742803,"(Intercept)"
-2.03063137266632,1.07128821718121,1.08576482339619,1.87023131428652,0.0614517,"human_impact"
1.0718297051051,0.469842786085785,0.476191940663745,2.25083545851515,0.024396,"log10(area)"
-13.4576604579499,3.22209700329683,3.26563981627666,4.12098737615643,3.77e-05,"log10(depth)"
-3.02779435060861,1.49160741366166,1.51176389607471,2.00282223862487,0.0451964,"eutro"
0.0399365719424382,0.449895486287168,0.456026700303886,0.0875750738187597,0.9302144,"log10(RT)"
