"term","estimate","std.error","statistic","p.value"
"(Intercept)",-3.29150959189706,0.49312239095592,-6.67483296695665,2.47513908513651e-11
"human_impact",-2.44934768488939,0.193504770521266,-12.6578155065185,1.01278458783502e-36
"log10(area)",1.78340473012397,0.0917590090502421,19.4357453135472,3.84785030131688e-84
"depth",-6.03278890920108,0.250153912058821,-24.1163084740507,1.68595632434689e-128
"eutro",-1.40448729817061,0.187143397080372,-7.50487230691572,6.14885100219875e-14
"log10(RT)",-0.154276847270112,0.0771307488544547,-2.00019900702937,0.0454787790087104
