"estimate","std.error","Adjusted.SE","statistic","p.value","term"
-8.21557441762783,3.54373681017804,3.59151304161776,2.28749675204498,0.0221668,"(Intercept)"
-2.12263830715828,1.16450776451425,1.18024459096326,1.79847323462494,0.072102,"human_impact"
1.72769959803322,0.536820592147233,0.544075559796089,3.17547731546835,0.0014959,"log10(area)"
-14.746731665629,3.50184401996351,3.54911432151914,4.1550455493124,3.25e-05,"log10(depth)"
-3.48066059708728,1.46474566274431,1.48453919466008,2.3446067369641,0.0190472,"eutro"
-0.155087731013057,0.457519142159916,0.463754252008378,0.33441791712188,0.7380642,"log10(RT)"
