"term","estimate","std.error","statistic","p.value"
"(Intercept)",-3.1005795129662,0.488053547159204,-6.35294944789077,2.11225147792241e-10
"human_impact",-2.41082729925575,0.187645439210759,-12.84777988421,8.85142180175629e-38
"log10(area)",1.69154825306367,0.0894935747758637,18.9013374122125,1.11197817737204e-79
"depth",-5.62479998259436,0.239003617074286,-23.5343717867085,1.81485015019639e-122
"eutro",-1.41639678120419,0.185134347909821,-7.65064288283296,1.99976996473465e-14
"log10(RT)",-0.168882741133666,0.0764799670262485,-2.20819578904505,0.0272306278217685
