"estimate","std.error","Adjusted.SE","statistic","p.value","term"
-6.76131893594935,3.69115155925391,3.74075086290832,1.80747640881185,0.070688,"(Intercept)"
-1.93046974549891,1.19580396554367,1.21195751487693,1.59285265514851,0.1111932,"human_impact"
1.43082903150498,0.522416184378315,0.52947408347287,2.70235895611743,0.0068849,"log10(area)"
-13.7659730839992,3.36667107890927,3.41200464702297,4.03457043823497,5.47e-05,"log10(depth)"
-3.13289231493487,1.48961381568943,1.50974640562696,2.07511162355366,0.0379762,"eutro"
0.200076365033165,0.502020118130906,0.508861691071236,0.393184176651168,0.6941835,"log10(RT)"
