"term","estimate","std.error","statistic","p.value"
"(Intercept)",-3.66197562659774,0.695504911810189,-5.26520455055698,1.40033353198613e-07
"human_impact",-0.57669469449294,0.292136683977706,-1.97405778227068,0.048375173064526
"log10(area)",1.490045466565,0.119507686976719,12.4681976888673,1.11315296602786e-35
"depth",-5.21900651473332,0.333047703138328,-15.6704474030426,2.40877813687023e-55
"eutro",-0.695890253847962,0.285247851326025,-2.4395985828219,0.0147035902077845
"log10(RT)",-0.411953639210222,0.111758457303659,-3.6861070665185,0.000227710582786407
