"estimate","std.error","Adjusted.SE","statistic","p.value","term"
-10.451184905917,4.0284961446581,4.08253331123795,2.55997541456628,0.010468,"(Intercept)"
-2.41437767937655,1.34948550712344,1.36772471990866,1.76525118266327,0.0775216,"human_impact"
1.99619929203662,0.608095998191322,0.616308137754098,3.23896306044411,0.0011997,"log10(area)"
-19.6363894475149,4.3047424890268,4.36267861089009,4.50099381570273,6.8e-06,"log10(depth)"
-3.27969722693528,1.73125912584439,1.75464883671614,1.86914735205553,0.0616023,"eutro"
0.231429772582005,0.508840133174825,0.515774649861216,0.448703271175266,0.6536457,"log10(RT)"
