"term","estimate","std.error","statistic","p.value"
"(Intercept)",-4.22431817000992,0.692290280162607,-6.10194638153478,1.04784529467629e-09
"human_impact",-0.266339026471688,0.289782456991186,-0.919099897340538,0.358043322963205
"log10(area)",1.50317489568021,0.117286382532176,12.8162780983362,1.32929778616777e-37
"depth",-4.8934159560465,0.315688788108401,-15.5007594199582,3.42816067530531e-54
"eutro",-0.710024622981983,0.276970960711927,-2.56353453501744,0.0103612392508144
"log10(RT)",-0.405692177810134,0.110487911355954,-3.67182411932046,0.00024082540261055
