"estimate","std.error","Adjusted.SE","statistic","p.value","term"
-7.92969854610038,3.68295305518614,3.73263645041065,2.12442295183288,0.0336348,"(Intercept)"
-1.62306557243809,1.16387605574724,1.17960323358072,1.37594194915118,0.1688396,"human_impact"
1.64743290994555,0.541955312186371,0.549278404320105,2.99926757904261,0.0027063,"log10(area)"
-18.7537469757823,4.06344602145095,4.11832593046563,4.55373064017348,5.3e-06,"log10(depth)"
-3.89475181181116,1.59995864281306,1.62158045529487,2.401824589766,0.0163135,"eutro"
0.11319750760678,0.466221212452904,0.472574914856706,0.23953346664857,0.8106919,"log10(RT)"
