"term","estimate","std.error","statistic","p.value"
"(Intercept)",-9.4165713462424,4.3733758991263,-2.15315846692337,0.0313062265599645
"human_impact",-2.71499683931762,1.40843917497166,-1.92766353532609,0.0538969905059993
"log10(area)",2.17459908514672,0.65653579840366,3.31223231152692,0.000925546539573869
"log10(depth)",-23.1192520828384,5.17668645026212,-4.46603291603025,7.9683355391064e-06
"eutro",-5.30170573809658,1.84317141147752,-2.87640406371464,0.00402234446290494
"log10(RT)",-0.0923233507762514,0.569081106049256,-0.162232324698301,0.871122905537647
