"term","estimate","std.error","statistic","p.value"
"(Intercept)",-3.77155117976705,0.692917687458392,-5.44300029863724,5.23905590763817e-08
"human_impact",-0.410713656391703,0.292401883740421,-1.40462041878059,0.16013418153613
"log10(area)",1.41150386030961,0.114351190034811,12.3435869786744,5.27522657026191e-35
"depth",-4.90279715545689,0.317243582313379,-15.454361975442,7.05062552369914e-54
"eutro",-0.728460908854362,0.280698121686302,-2.59517557323901,0.00945426103907219
"log10(RT)",-0.322460330494101,0.110487494475648,-2.91852333175293,0.00351693555016961
