"estimate","std.error","Adjusted.SE","statistic","p.value","term"
-10.7071371351017,3.73826978736308,3.78812609075299,2.82649966727304,0.004706,"(Intercept)"
-1.5327353338502,1.11560510053326,1.13068912225403,1.35557626201859,0.175234,"human_impact"
1.92886353610456,0.551665976246221,0.55897217354843,3.45073266144875,0.0005591,"log10(area)"
-14.5343485985752,3.45388894787244,3.50031616399438,4.15229594060136,3.29e-05,"log10(depth)"
-1.80770589704438,1.39067155819731,1.40917670383382,1.28280995004127,0.1995587,"eutro"
-0.387805679379951,0.462634022417679,0.4688991851023,0.82705556269061,0.4082056,"log10(RT)"
