"estimate","std.error","Adjusted.SE","statistic","p.value","term"
-6.00528564518579,3.29724018522246,3.3417058414284,1.7970718938621,0.0723242,"(Intercept)"
-2.04559594722886,1.05736794405543,1.0716571668618,1.908815627314,0.0562859,"human_impact"
1.19730885809253,0.466208435085211,0.472509169220583,2.53393782827014,0.0112789,"log10(area)"
-12.2189345147909,3.04780466757633,3.08896958673108,3.95566682406921,7.63e-05,"log10(depth)"
-2.27951822752246,1.35462394805412,1.37293083839211,1.66032997714007,0.0968481,"eutro"
0.137068342363977,0.418597932508116,0.424302620795486,0.323043826849338,0.7466621,"log10(RT)"
