"term","estimate","std.error","statistic","p.value"
"(Intercept)",-2.94295986905392,0.486958969708178,-6.04354792112683,1.50761569380081e-09
"human_impact",-2.29612029445454,0.188623042293242,-12.1730636222318,4.32537597002901e-34
"log10(area)",1.7267948573037,0.0908595364553021,19.0051030928733,1.54741699342476e-80
"depth",-5.91169546988127,0.245917814452753,-24.0393136342592,1.07982812156681e-127
"eutro",-1.55077372886876,0.185883230235841,-8.34273068582466,7.25943671046009e-17
"log10(RT)",-0.194947097521104,0.0769397042764891,-2.53376458038551,0.0112844515448633
