"term","estimate","std.error","statistic","p.value"
"(Intercept)",-7.5523379828557,4.21785913809908,-1.79056192622388,0.0733636214364894
"human_impact",-3.00822733744742,1.33736200360062,-2.24937401342964,0.0244887104965455
"log10(area)",1.57981351620894,0.579123710105155,2.72793789762482,0.00637316051939508
"log10(depth)",-22.0201495750061,5.01485594555836,-4.39098347271756,1.1283911826555e-05
"eutro",-4.8788440462912,1.74665528559745,-2.79324952468934,0.00521814230791508
"log10(RT)",0.472871355645086,0.524406661468515,0.901726447030415,0.36720220038976
