"estimate","std.error","Adjusted.SE","statistic","p.value","term"
-9.02416786897416,3.98363862467726,4.03663162353008,2.23556883822914,0.02538,"(Intercept)"
-3.2984158769374,1.24987128408063,1.26676969300908,2.60380075016031,0.0092196,"human_impact"
1.70051084689605,0.573823873621825,0.581585846933126,2.92392061440859,0.0034565,"log10(area)"
-17.6297038783677,4.04278813945708,4.0969861798213,4.30309088304922,1.68e-05,"log10(depth)"
-2.14067104119358,1.52792770109321,1.54859109983924,1.38233458878577,0.166869,"eutro"
0.434726033836022,0.477730849506504,0.484241406224656,0.897746512891833,0.3693207,"log10(RT)"
