"estimate","std.error","Adjusted.SE","statistic","p.value","term"
-10.9972108862033,4.18025625111646,4.23573953708843,2.59629063352715,0.0094236,"(Intercept)"
-2.62252396074828,1.44503107417907,1.46455996034763,1.79065660113075,0.0733484,"human_impact"
2.17232272021215,0.631509235758648,0.640040475752037,3.39403959985453,0.0006887,"log10(area)"
-22.9652478995194,4.93509019717697,5.00111820942416,4.5920226113119,4.4e-06,"log10(depth)"
-3.81612125378582,1.63265437608905,1.65467744900533,2.3062629251881,0.0210959,"eutro"
0.429005322662562,0.570716812832947,0.578494590181405,0.741589169447607,0.4583363,"log10(RT)"
