"estimate","std.error","Adjusted.SE","statistic","p.value","term"
-6.51887383094131,3.27518467690916,3.31808699082388,1.96464825936425,0.049455,"(Intercept)"
-1.25318243111925,1.06136079731251,1.07566407189459,1.16503141070055,0.2440063,"human_impact"
1.29618032802708,0.47609744520078,0.482412441127061,2.68687168390352,0.0072125,"log10(area)"
-13.684013405055,3.26037545286682,3.30407536047724,4.14155608214654,3.45e-05,"log10(depth)"
-2.86047853725474,1.33928397167856,1.357095471162,2.10779462317819,0.0350488,"eutro"
0.0408142523163556,0.405859080807087,0.411328581743162,0.0992254225159595,0.9209593,"log10(RT)"
