"estimate","std.error","Adjusted.SE","statistic","p.value","term"
-9.86879876692267,3.91239513791627,3.96504705128349,2.48894871593721,0.0128121,"(Intercept)"
-3.11897497302399,1.25975928986729,1.27678500766671,2.44283489725794,0.0145724,"human_impact"
1.88023347992817,0.5853272100641,0.593237911332427,3.1694425524915,0.0015273,"log10(area)"
-16.1420226861902,3.80356330202051,3.85486364786144,4.18744323035791,2.82e-05,"log10(depth)"
-2.42670478493705,1.44666386242881,1.46621509234564,1.65508102979272,0.0979081,"eutro"
0.209062077823853,0.477243100478181,0.48374701011102,0.43217234102568,0.6656162,"log10(RT)"
