"term","estimate","std.error","statistic","p.value"
"(Intercept)",-3.60692554565421,0.690495637240247,-5.22367608298043,1.75405507619331e-07
"human_impact",-0.529877021683798,0.295435040123438,-1.79354832609702,0.0728852906253312
"log10(area)",1.39661761920382,0.115332690551257,12.1094688117341,9.41015794695923e-34
"depth",-4.98690446943889,0.31971401249721,-15.598016585158,7.50909926508252e-55
"eutro",-0.67445945571921,0.279208943083346,-2.41560835505859,0.0157089477615858
"log10(RT)",-0.310512457535345,0.110539083088884,-2.80907393890416,0.00496842343251047
