"term","estimate","std.error","statistic","p.value"
"(Intercept)",-9.3502857244425,3.99664158749947,-2.33953571260629,0.0193077255379697
"human_impact",-3.01802311105405,1.30301007187424,-2.31619323303691,0.0205477205063862
"log10(area)",1.74270785943604,0.558617408632058,3.11968054075433,0.00181047273787578
"log10(depth)",-18.2731643348763,4.18578253728878,-4.36553121718362,1.26814188701596e-05
"eutro",-3.10286810728557,1.49724582773917,-2.07238387297487,0.038229656129196
"log10(RT)",0.322397488328884,0.495831558205942,0.650215749669927,0.515552869024266
