"term","estimate","std.error","statistic","p.value"
"(Intercept)",-3.28609486047926,0.494034072696226,-6.65155510943844,2.90012221054008e-11
"human_impact",-2.3373959519668,0.190454115043289,-12.2727511108674,1.26868126937785e-34
"log10(area)",1.7601509853676,0.0912934845634237,19.2801380491154,7.88657547428203e-83
"depth",-5.80123402571262,0.243913102452541,-23.7840196667639,4.88796257195274e-125
"eutro",-1.50392232235762,0.184665046158137,-8.14405516174262,3.82254939310444e-16
"log10(RT)",-0.200619496693082,0.0756874487985051,-2.65063098146128,0.00803415683794068
