"estimate","std.error","Adjusted.SE","statistic","p.value","term"
-6.07957573033337,3.27174025539583,3.31583730912107,1.83349638826065,0.0667288,"(Intercept)"
-1.76298469054126,1.13945774132586,1.15485950419757,1.52657936669642,0.1268656,"human_impact"
1.21981581014071,0.474017749160589,0.480421572683557,2.53905294744991,0.0111153,"log10(area)"
-14.816321302476,3.40379401457941,3.44975674159398,4.29488871601712,1.75e-05,"log10(depth)"
-2.20304697180426,1.40936717773481,1.4284159259541,1.54230076252668,0.1230005,"eutro"
-0.220328080982848,0.444766657465667,0.450827975366247,0.488718742007651,0.6250408,"log10(RT)"
