"estimate","std.error","Adjusted.SE","statistic","p.value","term"
-6.39953912707873,3.61736261089881,3.66624201737689,1.74553100879507,0.0808925,"(Intercept)"
-1.69186850310157,1.11700859368921,1.13210323709449,1.49444719144493,0.1350588,"human_impact"
1.36651363438366,0.516002903370454,0.522975792246162,2.61295772126379,0.0089762,"log10(area)"
-14.2938121840026,3.45308816280634,3.49974983204024,4.08423826558761,4.42e-05,"log10(depth)"
-3.21358910385485,1.4715074924812,1.49139245973346,2.15475751059461,0.0311808,"eutro"
-0.0593563685527491,0.441442164649984,0.447458176079236,0.132652327582541,0.8944683,"log10(RT)"
