"term","estimate","std.error","statistic","p.value"
"(Intercept)",-3.74593749296901,0.696207012134238,-5.38049377222696,7.42818090234956e-08
"human_impact",-0.271477246647433,0.297405608073603,-0.912818182568527,0.361338173799614
"log10(area)",1.42985763520271,0.115353935556867,12.3953953395705,2.76777349573541e-35
"depth",-5.13487904647108,0.324090360329501,-15.8439733944893,1.54727224964878e-56
"eutro",-0.880615516423171,0.280831703040714,-3.13574111073742,0.00171420454148699
"log10(RT)",-0.287695194972898,0.1109878395832,-2.5921325800493,0.00953830054813235
