"estimate","std.error","Adjusted.SE","statistic","p.value","term"
-8.83072183793283,3.60897546167705,3.65774708981148,2.41425162022013,0.0157676,"(Intercept)"
-2.31251165855793,1.14722384776096,1.16272669477754,1.98886949869194,0.0467156,"human_impact"
1.67085045341275,0.541523900371873,0.548841659321217,3.0443214814983,0.0023321,"log10(area)"
-13.3926273283495,3.33404318765294,3.37909793297104,3.96337353755655,7.39e-05,"log10(depth)"
-2.24255092755375,1.3935694256431,1.4124010536393,1.58775789764205,0.1123411,"eutro"
-0.0398288712320852,0.448509878230561,0.454622209062635,0.0876087231070532,0.9301877,"log10(RT)"
