"term","estimate","std.error","statistic","p.value"
"(Intercept)",-3.27672596279672,0.682882511545447,-4.79837440174165,1.59958563743907e-06
"human_impact",-0.608158477551362,0.294084579069633,-2.06797132809661,0.0386427192994677
"log10(area)",1.35196823818171,0.1136302328924,11.8979623975771,1.21272076577353e-32
"depth",-4.89623523751577,0.313522292889327,-15.6168647287998,5.58869784470954e-55
"eutro",-0.627891796513993,0.27935123562708,-2.24767860827434,0.0245966910195966
"log10(RT)",-0.353384498488715,0.109647224462675,-3.22292242435202,0.00126889913708662
