"term","estimate","std.error","statistic","p.value"
"(Intercept)",-6.68062048157813,3.29794544330259,-2.02569163026788,0.0427963949281335
"human_impact",-1.26600978377745,1.12999014113523,-1.12037241537839,0.26255509472808
"log10(area)",1.39917049115609,0.494631007710681,2.82871568774454,0.00467351970956159
"log10(depth)",-12.4393411998973,3.02409232427405,-4.11341317196177,3.89851715609218e-05
"eutro",-3.24544468895641,1.38494290343253,-2.3433779695269,0.0191100125253633
