"estimate","std.error","Adjusted.SE","statistic","p.value","term"
-7.73096605421232,3.41462011154521,3.4595698297885,2.23466108059017,0.0254396,"(Intercept)"
-1.43110394220799,1.14153076134471,1.15691443479934,1.23700067970559,0.2160868,"human_impact"
1.54569167613872,0.496661861341192,0.503167281347185,3.07192405674763,0.0021268,"log10(area)"
-15.5609061144987,3.67765946934911,3.72669516528147,4.17552427133476,2.97e-05,"log10(depth)"
-3.07626325686234,1.52024793709617,1.54023386874621,1.99727023232289,0.0457958,"eutro"
-0.0862136768818529,0.487862157293678,0.494436760775969,0.174367449431853,0.8615767,"log10(RT)"
