"term","estimate","std.error","statistic","p.value"
"(Intercept)",-4.03536271824588,0.707375162458512,-5.70469947548173,1.16548533814958e-08
"human_impact",-0.163439681764093,0.301287799185853,-0.542470296526257,0.587494564505811
"log10(area)",1.48831892627368,0.118805047203842,12.5274048645431,5.28643161537834e-36
"depth",-5.29650423343396,0.332635288852509,-15.9228572882489,4.39824306945747e-57
"eutro",-0.78647570170618,0.283732059097922,-2.7718957956554,0.00557308740029326
"log10(RT)",-0.305582513855426,0.113288737651679,-2.69737769340302,0.00698879525334857
