"term","estimate","std.error","statistic","p.value"
"(Intercept)",-3.00863503435384,0.505777063365838,-5.94853988500787,2.70544968047966e-09
"human_impact",-2.5636188754477,0.196833178217199,-13.0243229249635,8.89869127575618e-39
"log10(area)",1.7734864117918,0.0928516266436518,19.1002190903788,2.51429933095107e-81
"depth",-6.13787242681614,0.249720426336424,-24.5789762450076,2.12007072055803e-133
"eutro",-1.43209023021021,0.187249119856758,-7.64804785894712,2.0405327486489e-14
"log10(RT)",-0.183353976385553,0.0777480545922661,-2.35830950815575,0.0183583792834112
