"term","estimate","std.error","statistic","p.value"
"(Intercept)",-3.63307752540984,0.695772832537749,-5.2216432656024,1.77342350748474e-07
"human_impact",-0.377067405412021,0.299761159807775,-1.25789280256928,0.208430527008383
"log10(area)",1.44746269611176,0.11762444836776,12.3057979544031,8.42991555991946e-35
"depth",-5.18452662022476,0.329016698286647,-15.7576398013328,6.08638870115399e-56
"eutro",-0.798293990404221,0.280823019709887,-2.84269427495268,0.00447339583339646
"log10(RT)",-0.354220998675718,0.109825355426809,-3.22531165320729,0.00125835603853403
