"estimate","std.error","Adjusted.SE","statistic","p.value","term"
-5.50911041109467,3.45706225406839,3.5035932150244,1.57241725080128,0.1158538,"(Intercept)"
-2.46239260578046,1.09834583254742,1.11318419587321,2.21202619917621,0.0269649,"human_impact"
1.25782797030843,0.492477361565701,0.499133421127213,2.52002353893238,0.0117347,"log10(area)"
-12.0336312803318,3.23022031856914,3.2738180672702,3.67571778060526,0.0002372,"log10(depth)"
-2.67977631297323,1.47971425759786,1.49971352833788,1.78685879825542,0.0739603,"eutro"
-0.205271159509682,0.483715901904853,0.490308023426996,0.418657557498129,0.6754664,"log10(RT)"
