"term","estimate","std.error","statistic","p.value"
"(Intercept)",-3.65907839343006,0.697089767108174,-5.24907776025673,1.52862544675756e-07
"human_impact",-0.444850946575953,0.296352119080937,-1.50108913665119,0.133332508201431
"log10(area)",1.4826266152893,0.117689540069904,12.5977772910717,2.17178743142162e-36
"depth",-5.11308799321367,0.323889277863131,-15.7865305914028,3.85191176379155e-56
"eutro",-0.835343899257628,0.280026382263445,-2.98308999496964,0.0028535407518024
"log10(RT)",-0.424122756687596,0.11241945499454,-3.77268113164395,0.000161502639085051
