"term","estimate","std.error","statistic","p.value"
"(Intercept)",-3.28436054089698,0.701188442415807,-4.68399126714263,2.81341999664759e-06
"human_impact",-0.504986275258266,0.300598401077627,-1.67993666449296,0.0929696392267612
"log10(area)",1.42860662188062,0.118135878012649,12.0929106882133,1.15134159383104e-33
"depth",-5.40768001468354,0.338277363952939,-15.9859351849385,1.60145442263936e-57
"eutro",-0.784726571792982,0.276358953309863,-2.83951926432838,0.00451815669072049
"log10(RT)",-0.317021951287116,0.112302854466689,-2.82291979836675,0.0047588474560857
