"term","estimate","std.error","statistic","p.value"
"(Intercept)",-3.40448295312101,0.691365176612935,-4.92429047381284,8.46669918561301e-07
"human_impact",-0.454772813531735,0.29144622504624,-1.56040042536006,0.118665284385944
"log10(area)",1.35716434821492,0.115180193185753,11.7829664170315,4.77813618689036e-32
"depth",-5.01498227389094,0.322045601938207,-15.5722737516322,1.12341668270768e-54
"eutro",-0.787903873629015,0.275195212391225,-2.86307260501651,0.00419554411887036
"log10(RT)",-0.276207533188196,0.108874469824479,-2.536935735563,0.0111827480242835
