"term","estimate","std.error","statistic","p.value"
"(Intercept)",-3.0943969508918,0.494004427599092,-6.26390529722752,3.75453546256998e-10
"human_impact",-2.30810404714048,0.189851794031483,-12.1573991908537,5.24005134596865e-34
"log10(area)",1.75133344395982,0.0908823067235617,19.2703454291371,9.52978795290039e-83
"depth",-5.98086879720942,0.246782022054997,-24.235431525383,9.41862481966747e-130
"eutro",-1.51049821172877,0.186237346758243,-8.11060852198226,5.03668815544203e-16
"log10(RT)",-0.172873843142337,0.0764503513011934,-2.26125636050071,0.0237433868646112
