"estimate","std.error","Adjusted.SE","statistic","p.value","term"
-12.0596608441608,4.44772817740981,4.50784653078244,2.67525985230636,0.0074671,"(Intercept)"
-3.62369833500471,1.50180148034664,1.52209617663638,2.38072888601072,0.0172784,"human_impact"
2.34068128676114,0.680802730506515,0.690002547359349,3.39227919624205,0.0006931,"log10(area)"
-23.260478462029,5.074666229285,5.1432458788974,4.52252896511639,6.1e-06,"log10(depth)"
-2.91035841214809,1.73589994316144,1.75935806814075,1.65421608304198,0.0980836,"eutro"
0.0305286718352962,0.63223332995738,0.640849459642212,0.0476378209827007,0.9620049,"log10(RT)"
