"estimate","std.error","Adjusted.SE","statistic","p.value","term"
-5.93680806848432,3.39309579950214,3.43895809646016,1.72633917074921,0.0842864,"(Intercept)"
-1.90192329117081,1.1675252588786,1.18330244439747,1.60730107520335,0.1079883,"human_impact"
1.33423920503444,0.498505257569374,0.50524169950635,2.64079391376062,0.0082712,"log10(area)"
-16.6175245399768,3.68211557837148,3.73187795809008,4.45285851429113,8.5e-06,"log10(depth)"
-3.60278225815821,1.40667397576853,1.42568271094918,2.5270575496841,0.0115023,"eutro"
-0.0286038469139519,0.468600388930929,0.474986514954472,0.0602203347113836,0.9519802,"log10(RT)"
