"term","estimate","std.error","statistic","p.value"
"(Intercept)",-10.1485679399678,4.40168375023179,-2.30561042451844,0.0211324102743927
"human_impact",-2.81688868503305,1.34163379001598,-2.09959581071634,0.0357644116149046
"log10(area)",2.14485475134411,0.652908088954735,3.28507915222477,0.00101953725786948
"log10(depth)",-28.1885552484093,6.2967019388075,-4.47671741847571,7.57994711762358e-06
"eutro",-6.91749443009487,2.10562321838183,-3.28524798250039,0.00101892649545911
"log10(RT)",0.55539594014764,0.543621332964473,1.02165957527634,0.306942050249575
