"term","estimate","std.error","statistic","p.value"
"(Intercept)",-7.4217908337622,3.35512073566983,-2.21207861608608,0.0269612333760073
"human_impact",-1.09652227944717,1.14451835905291,-0.958064386450339,0.338030292376263
"log10(area)",1.4257668179473,0.49933145464735,2.85535149984541,0.00429892215048295
"log10(depth)",-13.3226285033212,3.06120051354295,-4.35209273106449,1.34844202363412e-05
"eutro",-2.47958016927973,1.36536978735474,-1.81605026875807,0.0693626613550625
