"estimate","std.error","Adjusted.SE","statistic","p.value","term"
-8.87533071268414,3.83106210594116,3.88198221586958,2.2862883493906,0.0222374,"(Intercept)"
-1.56287868852494,1.19277405295515,1.20884829918414,1.29286585387077,0.1960575,"human_impact"
1.67379901364859,0.566666058692063,0.57423483784384,2.91483362439909,0.0035588,"log10(area)"
-16.6696772612064,3.74323433902367,3.7936231209154,4.39413107994343,1.11e-05,"log10(depth)"
-2.6642662074861,1.40699721338779,1.42554774238282,1.86894211135486,0.0616309,"eutro"
-0.0327245770708891,0.459973365498272,0.466172129729836,0.0701984846023595,0.9440357,"log10(RT)"
