"term","estimate","std.error","statistic","p.value"
"(Intercept)",-3.61086770889036,0.702402807709494,-5.14073643962963,2.73663706925528e-07
"human_impact",-0.429638705454068,0.295491874022954,-1.45397807257702,0.145952385585256
"log10(area)",1.44041008464235,0.117213390526491,12.2887843971786,1.04059028078504e-34
"depth",-4.97062196411761,0.318776113275111,-15.5928306956546,8.14432618184525e-55
"eutro",-0.700801323002806,0.279979796371057,-2.50304247694371,0.0123130765225042
"log10(RT)",-0.435714752539257,0.112381949565701,-3.87708839562825,0.000105713958486347
