"estimate","std.error","Adjusted.SE","statistic","p.value","term"
-7.55074997270245,3.40264889576635,3.445435991016,2.19152234793828,0.028414,"(Intercept)"
-1.95812662201324,1.02766594848344,1.04140362289254,1.88027636832534,0.0600704,"human_impact"
1.35741802299064,0.477653214343181,0.484032824541609,2.80439250019076,0.0050411,"log10(area)"
-11.8221721225693,3.1555279253303,3.19527293515964,3.69989430088501,0.0002157,"log10(depth)"
-1.93405550180356,1.47515521278325,1.49503492768609,1.29365238630041,0.1957855,"eutro"
0.0782038787191388,0.439264167241519,0.445183846971572,0.175666478582123,0.860556,"log10(RT)"
