"term","estimate","std.error","statistic","p.value"
"(Intercept)",-4.10417751067372,0.697484799668895,-5.88425369645622,3.99854107679251e-09
"human_impact",-0.268979540843264,0.296133812146705,-0.908304049758464,0.363717603480077
"log10(area)",1.48788917968846,0.117843086425282,12.626020115587,1.51761924232853e-36
"depth",-4.91739996036421,0.314611051126009,-15.6300929123901,4.54140385487443e-55
"eutro",-0.768867440504641,0.279599171430551,-2.74989169878717,0.00596149645114459
"log10(RT)",-0.394367998873124,0.110238254633332,-3.577415119505,0.000347008849270417
