"estimate","std.error","Adjusted.SE","statistic","p.value","term"
-8.05151506715202,3.88652248428775,3.93790679988477,2.04461798521682,0.04089253,"(Intercept)"
-2.80543426488235,1.35951616375919,1.37790125572309,2.03601981871344,0.04174837,"human_impact"
1.64934137939187,0.567860740212887,0.575531551916988,2.86577056270541,0.00415996,"log10(area)"
-13.7938321121972,3.37591675025429,3.42130029146493,4.03175136266422,5.536e-05,"log10(depth)"
-2.43998751276583,1.43704854372028,1.45649696050799,1.67524380683556,0.09388641,"eutro"
-0.590765518351865,0.508264371758635,0.515191041919393,1.14669213996989,0.25150888,"log10(RT)"
