"estimate","std.error","Adjusted.SE","statistic","p.value","term"
-9.6602962281063,3.91160847650724,3.96447333425215,2.43671615713581,0.0148213,"(Intercept)"
-2.42525632990405,1.2585086553102,1.27551526287166,1.90139342154471,0.0572505,"human_impact"
1.88173922148883,0.595471479176409,0.603518194496057,3.11794944816882,0.0018211,"log10(area)"
-16.9458907002301,3.91435514233875,3.96725492234004,4.27143983231477,1.94e-05,"log10(depth)"
-2.88840759041687,1.49602135815307,1.51623762760202,1.90498345235304,0.0567822,"eutro"
-0.0341292613674807,0.486248159138093,0.49287479047755,0.0692452972374841,0.9447944,"log10(RT)"
