"estimate","std.error","Adjusted.SE","statistic","p.value","term"
-7.56805209564753,3.51211943809597,3.5595198680093,2.126144080179,0.0334913,"(Intercept)"
-1.85407860612006,1.09927827619667,1.11413434025979,1.66414276907374,0.0960839,"human_impact"
1.53695230892518,0.520527037409845,0.527561347187608,2.91331485355886,0.0035761,"log10(area)"
-17.2834246209891,3.89528686373059,3.9479152257672,4.37786113242347,1.2e-05,"log10(depth)"
-2.95181945564506,1.38401065352429,1.40271160185453,2.10436660803435,0.0353465,"eutro"
-0.144973358650451,0.513910859196412,0.520914480169034,0.278305488078211,0.7807779,"log10(RT)"
