"term","estimate","std.error","statistic","p.value"
"(Intercept)",-3.55922479570938,0.697634237017778,-5.10184937442897,3.36350406359882e-07
"human_impact",-0.359990862326835,0.296587935667767,-1.21377446293059,0.224833860554794
"log10(area)",1.42501352140161,0.116289824818884,12.2539828709949,1.59943513739886e-34
"depth",-5.11221350919316,0.324761001452907,-15.7414636804366,7.8604238974516e-56
"eutro",-0.826287551721053,0.278705074794713,-2.96473809215593,0.00302940720083175
"log10(RT)",-0.331796980995044,0.110122701763362,-3.01297530556441,0.00258699967789388
