"term","estimate","std.error","statistic","p.value"
"(Intercept)",-3.58830536636868,0.686126160213734,-5.22980404252607,1.69689809908051e-07
"human_impact",-0.273807529102309,0.296989969629324,-0.921942008492916,0.356558825475112
"log10(area)",1.38484048152052,0.114135829971022,12.1332668441813,7.03844720975005e-34
"depth",-4.87346499061285,0.313382041490201,-15.5511942146986,1.5616647657965e-54
"eutro",-0.83087065197159,0.280003594527117,-2.96735709187878,0.00300371880269837
"log10(RT)",-0.360915546021965,0.10927325278068,-3.30287180840448,0.0009570012561074
