"estimate","std.error","Adjusted.SE","statistic","p.value","term"
-9.774022697484,4.63292128966094,4.69106673900449,2.08353946794587,0.03720208,"(Intercept)"
-2.39762661084525,1.28808060963161,1.3055042722705,1.83655209850471,0.06627604,"human_impact"
1.89411036869624,0.648499069468204,0.657260550346133,2.88182573516506,0.00395378,"log10(area)"
-23.3856210332666,5.14082809709752,5.20756613390503,4.4907007288893,7.1e-06,"log10(depth)"
-4.54273890261531,1.74353434370616,1.76700305600215,2.57087212565057,0.01014428,"eutro"
0.829512265461146,0.603381538434853,0.611604473446741,1.35628874783464,0.17500731,"log10(RT)"
