"estimate","std.error","Adjusted.SE","statistic","p.value","term"
-5.34365226312351,3.28084475270636,3.32508980332771,1.60707005801036,0.108039,"(Intercept)"
-1.51013040855322,1.08126775386585,1.09588023847173,1.37800678900752,0.1682012,"human_impact"
1.17847032499876,0.471437722920892,0.477808780589326,2.46640575241259,0.0136477,"log10(area)"
-12.8300423515976,3.16170385112555,3.20440379137468,4.00387815859297,6.23e-05,"log10(depth)"
-2.95930009554776,1.40070417380019,1.41963325075924,2.08455253775234,0.0371099,"eutro"
-0.131469765726788,0.458117018002647,0.464360275754031,0.283120181874529,0.7770847,"log10(RT)"
