"term","estimate","std.error","statistic","p.value"
"(Intercept)",-3.3896452503672,0.700984109852913,-4.83555219401256,1.32776528275758e-06
"human_impact",-0.491919116433746,0.300060004490032,-1.6394024830793,0.101129464859459
"log10(area)",1.45831006757029,0.119306984891564,12.2231742667516,2.33774980421435e-34
"depth",-5.52456040059975,0.342606051902094,-16.1251103707254,1.69955172212906e-58
"eutro",-0.733222798995809,0.282740916188836,-2.5932673943311,0.00950688237050451
"log10(RT)",-0.323859572178904,0.112305701365467,-2.88373224369967,0.00392992744368685
