"estimate","std.error","Adjusted.SE","statistic","p.value","term"
-9.77875537647648,3.80704056922651,3.85713969470368,2.53523495400073,0.0112372,"(Intercept)"
-3.8201387070044,1.42795666884973,1.44696899811458,2.64009713544802,0.0082882,"human_impact"
1.71513784462484,0.555081885389031,0.562533204750904,3.04895396420968,0.0022964,"log10(area)"
-12.3293076843681,3.17050432988812,3.21248602968717,3.83793347906597,0.0001241,"log10(depth)"
-1.13124291565411,1.43298834513455,1.45229980437186,0.778932085681435,0.4360197,"eutro"
0.0669902562317241,0.445063388287177,0.451061220377095,0.148516993271377,0.8819348,"log10(RT)"
