"term","estimate","std.error","statistic","p.value"
"(Intercept)",-3.6556908393566,0.690670508309701,-5.29295922639478,1.20352761581713e-07
"human_impact",-0.314110675919444,0.295795879346947,-1.06191701051729,0.288273361996628
"log10(area)",1.35622230330642,0.112861787118717,12.0166651435338,2.90459067380564e-33
"depth",-4.73811515391266,0.303867082681042,-15.5927226868666,8.15811011600548e-55
"eutro",-0.68423197747702,0.277323386482653,-2.46727110235912,0.0136147235731064
"log10(RT)",-0.345124893706948,0.109825310119524,-3.14248958943385,0.0016751767014673
