"term","estimate","std.error","statistic","p.value"
"(Intercept)",-12.3707516638842,4.78894323195479,-2.58319029161567,0.00978913134217872
"human_impact",-3.78988284171674,1.48983122777191,-2.5438336712707,0.0109643280468026
"log10(area)",2.50187701519668,0.683669021320767,3.65948571190684,0.000252721932906747
"log10(depth)",-23.7183616234141,5.10132305451507,-4.64945296934714,3.32816560622472e-06
"eutro",-3.43628420099783,1.76571311072876,-1.94611694284786,0.0516406938287634
"log10(RT)",-0.0704098218353564,0.582727371390531,-0.120828066935214,0.903827218769374
