"term","estimate","std.error","statistic","p.value"
"(Intercept)",-2.60687528267967,0.489945750859722,-5.32074271101507,1.03344472362737e-07
"human_impact",-2.4991875042235,0.193467347153978,-12.917877569461,3.56849565290554e-38
"log10(area)",1.67447610258529,0.0906572607871853,18.4704025694761,3.57408982468954e-76
"depth",-5.8942888762435,0.245665834079174,-23.9931160893291,3.28119942044153e-127
"eutro",-1.66886167182078,0.186327707070931,-8.95659426102142,3.34861176473669e-19
"log10(RT)",-0.158333049335863,0.0764149977051403,-2.07201536466463,0.038264008337289
