"estimate","std.error","Adjusted.SE","statistic","p.value","term"
-6.72779204666453,3.57772052246788,3.62594976269831,1.85545649746066,0.0635311,"(Intercept)"
-2.22123752391057,1.15020590928082,1.16575101332621,1.90541333313772,0.0567264,"human_impact"
1.39314514149424,0.52867415905544,0.535819023971792,2.60002926205843,0.0093216,"log10(area)"
-15.1342528673857,3.59474093354608,3.64329705063978,4.15399915434511,3.27e-05,"log10(depth)"
-2.43967285478856,1.47129880725094,1.49118284010078,1.63606553749216,0.1018259,"eutro"
-0.159520394011526,0.460209540837284,0.466481315668134,0.341965237735293,0.7323771,"log10(RT)"
