"term","estimate","std.error","statistic","p.value"
"(Intercept)",-3.57801719898761,0.681274134013812,-5.25194928201261,1.50497908121811e-07
"human_impact",-0.482362843425862,0.294352047092335,-1.63872766705968,0.101269989325538
"log10(area)",1.36242645071573,0.112332442407718,12.12852156967,7.45837849427122e-34
"depth",-4.85821573089985,0.316004047360276,-15.3739035037137,2.44955301620953e-53
"eutro",-0.554822161810255,0.275191654987984,-2.01613003793477,0.0437863797881355
"log10(RT)",-0.311641763000734,0.108690859868856,-2.86723063353031,0.00414081131329708
