"term","estimate","std.error","statistic","p.value"
"(Intercept)",-3.49168411279591,0.685312284341586,-5.09502630052889,3.48692844569278e-07
"human_impact",-0.486924259140247,0.294487802342001,-1.65346155347637,0.0982369644887414
"log10(area)",1.40373813865709,0.114046811886616,12.3084382231804,8.15866756805093e-35
"depth",-4.89866812168811,0.316789528605845,-15.4634786801401,6.12021377141546e-54
"eutro",-0.741495364179541,0.277568508468379,-2.67139585924609,0.00755365072454542
"log10(RT)",-0.40191819502066,0.10999893442332,-3.65383716785762,0.000258350144591397
