"term","estimate","std.error","statistic","p.value"
"(Intercept)",-10.4090735522563,4.31782123932671,-2.410723597691,0.0159209089792435
"human_impact",-3.85352187980878,1.39651968415673,-2.75937526948336,0.00579119898662577
"log10(area)",1.75728021922575,0.58449866071703,3.00647432976153,0.00264296368013227
"log10(depth)",-24.6044604674941,5.70933036509036,-4.30951773572918,1.63610937853872e-05
"eutro",-4.05476811271432,1.90677802898329,-2.12650243032031,0.0334614471100372
"log10(RT)",1.07073625118219,0.634909891360336,1.68643813201282,0.0917114420418674
