"term","estimate","std.error","statistic","p.value"
"(Intercept)",-4.15815853985194,0.719653731385841,-5.77799899938621,7.55942580112911e-09
"human_impact",-0.295089312368355,0.297552648042019,-0.991721345147243,0.321333475634807
"log10(area)",1.54406112848286,0.122451237644877,12.6096000185872,1.86939335761171e-36
"depth",-5.54822615344263,0.343681535247145,-16.1435095704308,1.26159192069951e-58
"eutro",-0.730351620006248,0.283879459166255,-2.57275261179963,0.0100893297063691
"log10(RT)",-0.273756095284142,0.112993802035287,-2.4227531984334,0.0154033874059732
