"term","estimate","std.error","statistic","p.value"
"(Intercept)",-3.03298591608377,0.499568342646691,-6.07121319980994,1.26947517167313e-09
"human_impact",-2.66717334528849,0.193513119547,-13.7829070790247,3.22998720332001e-43
"log10(area)",1.83342477295439,0.0939385747511125,19.5172726200285,7.83082802508606e-85
"depth",-6.24820305605792,0.256976147719703,-24.3143307715592,1.38289615482911e-130
"eutro",-1.71313822149248,0.190668670686689,-8.98489623556222,2.58978555345956e-19
"log10(RT)",-0.188983173842391,0.0782907793053327,-2.41386246910839,0.0157844191119882
