"term","estimate","std.error","statistic","p.value"
"(Intercept)",-2.99803292486369,0.697969534248331,-4.29536359075097,1.74407252815211e-05
"human_impact",-0.56751825841207,0.296628809172784,-1.91322703952702,0.0557189933685215
"log10(area)",1.43535758748922,0.119185229285849,12.0430828223413,2.1092332079033e-33
"depth",-5.33105301742926,0.334687111709192,-15.928468204839,4.02086880248056e-57
"eutro",-0.791860662373351,0.280408218498007,-2.82395668220752,0.00474347953333874
"log10(RT)",-0.447778228851076,0.111675534410366,-4.00963587248803,6.08124525377335e-05
