"estimate","std.error","Adjusted.SE","statistic","p.value","term"
-8.75657195001618,4.00831376106051,4.06197454882821,2.15574269231752,0.0311038,"(Intercept)"
-2.83461887229143,1.55869324590409,1.5797609918819,1.79433400802907,0.0727599,"human_impact"
2.02586764155666,0.617139935282076,0.625479216820876,3.23890480622768,0.0011999,"log10(area)"
-24.3663364215236,5.26457141253834,5.33550774122263,4.56682617724776,5e-06,"log10(depth)"
-6.10650321646124,1.92660432694942,1.952645051325,3.12729812943606,0.0017642,"eutro"
0.292406301773716,0.611687777397551,0.620023910541686,0.471604879750934,0.6372088,"log10(RT)"
