"term","estimate","std.error","statistic","p.value"
"(Intercept)",-3.67989281213524,0.697447076619539,-5.27623232714852,1.31866891702947e-07
"human_impact",-0.218389489982188,0.29645902535974,-0.736659947246274,0.461329169645782
"log10(area)",1.45364585162646,0.117808461698789,12.339061478819,5.58025414845438e-35
"depth",-5.04145187045429,0.319900790778961,-15.75942297041,5.91707671836502e-56
"eutro",-0.957151324341338,0.283426953387355,-3.37706528226063,0.000732636595987871
"log10(RT)",-0.427601792078912,0.113189481809179,-3.77775200702648,0.000158250342090897
