"estimate","std.error","Adjusted.SE","statistic","p.value","term"
-7.46164729915744,3.61542550006654,3.66428680851906,2.03631639363216,0.0417186,"(Intercept)"
-2.06958822011109,1.16020804385799,1.17588615693651,1.760024308393,0.0784037,"human_impact"
1.63129868324656,0.546226063600713,0.553607434308547,2.94667047830389,0.0032122,"log10(area)"
-17.0119591341407,3.88357141611734,3.93605391326139,4.32208488730904,1.55e-05,"log10(depth)"
-3.75124484463475,1.49384537781903,1.51403215786062,2.47765202684689,0.013225,"eutro"
-0.00540472669141918,0.47214731361429,0.478581777429604,0.0112932145482998,0.9909895,"log10(RT)"
