"term","estimate","std.error","statistic","p.value"
"(Intercept)",-9.12185846467135,3.83596797321811,-2.3779808716752,0.0174077289121065
"human_impact",-1.35997541459627,1.33595611344819,-1.01797910942305,0.308687884041348
"log10(area)",1.75903322504304,0.550312714923546,3.19642482781344,0.00139142077762822
"log10(depth)",-15.9572307800466,3.62687850977135,-4.39971472357163,1.08393277486917e-05
"eutro",-3.16730462727881,1.71286549931407,-1.84912629073747,0.0644395788986817
