"estimate","std.error","Adjusted.SE","statistic","p.value","term"
-6.70835566503231,3.54187608430164,3.58909739346196,1.86909267975077,0.0616099,"(Intercept)"
-3.55630137957295,1.39921607035583,1.41807038227518,2.50784546664543,0.012147,"human_impact"
1.45504635262574,0.519151563474861,0.526158997858587,2.76541189744475,0.0056851,"log10(area)"
-13.2132635398729,3.33124722488588,3.37615698944354,3.91369938696206,9.09e-05,"log10(depth)"
-2.72127401641514,1.51185318658826,1.53228347642295,1.77595990447397,0.0757395,"eutro"
-0.425578932065609,0.528807764741904,0.536014402012467,0.793969211401359,0.4272134,"log10(RT)"
