"term","estimate","std.error","statistic","p.value"
"(Intercept)",-3.16483236394361,0.48708531260489,-6.49749085436052,8.16706557231807e-11
"human_impact",-2.42881900126684,0.191273691609935,-12.6981341805225,6.05562559854337e-37
"log10(area)",1.73256781690824,0.090042031209127,19.2417673573386,1.65469143187727e-82
"depth",-5.83142684004852,0.244620055053884,-23.8387111750261,1.32605350408371e-125
"eutro",-1.42915705717211,0.184881479989751,-7.73012557694445,1.07440545633362e-14
"log10(RT)",-0.15793894935768,0.0760497933034413,-2.07678341382859,0.0378215537271834
