"term","estimate","std.error","statistic","p.value"
"(Intercept)",-2.97223377643747,0.488564993073956,-6.08359955906123,1.17513889171768e-09
"human_impact",-2.34899323028875,0.189621166895551,-12.3878218278376,3.04193755313074e-35
"log10(area)",1.73416063199922,0.0906870191624588,19.1224791377541,1.64118110539357e-81
"depth",-5.95599019312419,0.246682335358086,-24.1443724962244,8.55541640109901e-129
"eutro",-1.40332634450543,0.186844490021769,-7.51066485472456,5.8827821672147e-14
"log10(RT)",-0.203411487884186,0.0775183536003184,-2.62404293224502,0.00868928315034937
