"term","estimate","std.error","statistic","p.value"
"(Intercept)",-3.59401660398149,0.692228123394628,-5.19195404306421,2.08098376645407e-07
"human_impact",-0.369798132219043,0.295463724177158,-1.25158556519552,0.210720917110081
"log10(area)",1.4690394574319,0.117518974426317,12.5004448396797,7.42347233721824e-36
"depth",-5.12725514397404,0.325946190431898,-15.7303729710113,9.3657765682863e-56
"eutro",-0.772175661463406,0.281404018361518,-2.74401078548707,0.00606935437796301
"log10(RT)",-0.444753818315432,0.114048791176136,-3.89968024850486,9.63198080458437e-05
