"term","estimate","std.error","statistic","p.value"
"(Intercept)",-5.31382835512457,3.61229396600451,-1.47103984480036,0.141280341633991
"human_impact",-1.64873956444035,1.21914045757316,-1.35237868138865,0.176254205693785
"log10(area)",1.48869714712613,0.548244333586328,2.71538993825591,0.00661977758025964
"log10(depth)",-19.9956783163004,4.318675879564,-4.63004839305494,3.65580282962469e-06
"eutro",-6.14394621687322,1.80452853585344,-3.40473763357113,0.000662276500891042
