"term","estimate","std.error","statistic","p.value"
"(Intercept)",-3.5429079537533,0.680148355194614,-5.2090223062284,1.89838292432863e-07
"human_impact",-0.422457946127822,0.292522039825306,-1.44419185091186,0.148685016545625
"log10(area)",1.3531290110207,0.112643538344575,12.0124867427503,3.05517632513793e-33
"depth",-4.78510398980939,0.310554261668483,-15.4082702459175,1.44015337306514e-53
"eutro",-0.7305210513895,0.277205196004338,-2.63530793044033,0.00840609849447086
"log10(RT)",-0.313551263795539,0.108021243272901,-2.90268149389277,0.00369982708234777
