"term","estimate","std.error","statistic","p.value"
"(Intercept)",-3.45019385733973,0.685669451376388,-5.03186170889476,4.85739609668003e-07
"human_impact",-0.465675497478407,0.293129648860942,-1.58863321839995,0.112143224018577
"log10(area)",1.39054761734455,0.114479113392062,12.1467364320185,5.97014854723031e-34
"depth",-4.94474517457129,0.319518109226255,-15.4756335612572,5.06719350331671e-54
"eutro",-0.657783389809847,0.281766691527783,-2.3344966228735,0.019569732694892
"log10(RT)",-0.398931911148645,0.111459977894452,-3.57914938334564,0.000344714391627985
