"estimate","std.error","Adjusted.SE","statistic","p.value","term"
-6.25023175792138,3.58770260648587,3.63616917300525,1.7189056560742,0.0856316,"(Intercept)"
-3.15255814307663,1.31206776607637,1.32979862572941,2.37070341484779,0.0177543,"human_impact"
1.37145677154314,0.535796631669637,0.543035820031612,2.52553647651329,0.0115522,"log10(area)"
-13.1493515625696,3.26485108634313,3.30896879932866,3.97385178283862,7.07e-05,"log10(depth)"
-2.64852997210469,1.42647950918373,1.44575602407953,1.83193424616088,0.0669612,"eutro"
-0.11325504458706,0.450848671922848,0.456992876034618,0.247826717934396,0.8042685,"log10(RT)"
