"term","estimate","std.error","statistic","p.value"
"(Intercept)",-3.33077957569596,0.696181285520661,-4.78435666825621,1.71535851609519e-06
"human_impact",-0.482075635407575,0.294522217000285,-1.63680567231065,0.101671080164052
"log10(area)",1.39981617219986,0.116235349325586,12.0429471784771,2.11270506349413e-33
"depth",-5.21747143024036,0.331357391213546,-15.7457523767077,7.34522710772391e-56
"eutro",-0.823103547101354,0.280990634624115,-2.92929174740088,0.00339735381387349
"log10(RT)",-0.30599628133725,0.109981753832302,-2.78224587874663,0.00539841238080502
