"term","estimate","std.error","statistic","p.value"
"(Intercept)",-9.19897145609269,4.38605415131825,-2.09732281880923,0.0359650082087562
"human_impact",-2.39819175157834,1.23224207915271,-1.94620179926605,0.0516305038870236
"log10(area)",1.61610583806769,0.601955615113236,2.68475913753821,0.00725820923102546
"log10(depth)",-24.7660343490433,5.46281975780126,-4.53356241777441,5.79971170989675e-06
"eutro",-5.5330662983694,1.9369550594496,-2.85657959454241,0.00428232620007516
"log10(RT)",1.09367238615865,0.627605218101685,1.74261200291909,0.0814014119641229
