"estimate","std.error","Adjusted.SE","statistic","p.value","term"
-7.47492281199167,3.3705773246316,3.41608354791182,2.18815573657762,0.0286583,"(Intercept)"
-1.73918249623093,1.10770546680359,1.12267475769151,1.54914189021859,0.1213476,"human_impact"
1.52006268243504,0.501194132154898,0.507967220292921,2.99244246815473,0.0027675,"log10(area)"
-12.7445053804438,3.17159547423227,3.21443679852145,3.96477086944311,7.35e-05,"log10(depth)"
-3.02980061774158,1.37463084188048,1.3932068958208,2.17469539293127,0.029653,"eutro"
0.100160851217187,0.454170981847585,0.460360462682059,0.217570489510872,0.8277638,"log10(RT)"
