"term","estimate","std.error","statistic","p.value"
"(Intercept)",-2.49393094888591,0.49431569630923,-5.04521901187167,4.53002172717072e-07
"human_impact",-2.62381726331405,0.192541576463095,-13.627276308382,2.7567847421536e-42
"log10(area)",1.70289842576584,0.0907854902085377,18.7573853691181,1.68486107046897e-78
"depth",-6.06273400424158,0.251948786965932,-24.0633585787471,6.0501170919064e-128
"eutro",-1.57391070970191,0.186909413672972,-8.42071396390834,3.74196846651341e-17
"log10(RT)",-0.188935892613493,0.0774948381731495,-2.43804486940597,0.014766940944503
