"term","estimate","std.error","statistic","p.value"
"(Intercept)",-3.60502576436602,0.695640639563077,-5.18231046223851,2.1915402631693e-07
"human_impact",-0.613764684550151,0.299118263928595,-2.0519131011561,0.040178108394661
"log10(area)",1.42079287223837,0.115925134047315,12.2561244713202,1.55773462391719e-34
"depth",-5.10737438091147,0.327817201223086,-15.5799462683955,9.96384634296852e-55
"eutro",-0.692386837892474,0.283437724490549,-2.44281822095831,0.0145730755147205
"log10(RT)",-0.298287877077503,0.111765242485678,-2.66887871795854,0.00761049257296859
