"estimate","std.error","Adjusted.SE","statistic","p.value","term"
-7.53574435389579,3.69168107300566,3.73819135941994,2.01587977429415,0.0438125,"(Intercept)"
-3.02481881207917,1.17728479459645,1.19298988302908,2.5354941019273,0.0112289,"human_impact"
1.44443633753537,0.527129973046994,0.534145398548708,2.70420065671248,0.0068469,"log10(area)"
-14.8909500876308,3.44879167662131,3.4936322693209,4.26231181180534,2.02e-05,"log10(depth)"
-1.88150975511147,1.40269974590657,1.42160302523695,1.32351276812868,0.1856649,"eutro"
0.0885479577104305,0.469615239511967,0.475943941057829,0.186047032164386,0.8524079,"log10(RT)"
