"term","estimate","std.error","statistic","p.value"
"(Intercept)",-2.79656205758079,0.48742136127066,-5.73746306540697,9.61052291017763e-09
"human_impact",-2.23230689950214,0.189449058041262,-11.7831512206091,4.76766913409153e-32
"log10(area)",1.66174302231982,0.0893197414380835,18.60443162469,2.95812139455337e-77
"depth",-5.84927464177531,0.242682932687907,-24.1025381430409,2.35113197798539e-128
"eutro",-1.3983521552153,0.183651696031942,-7.61415323369569,2.65425757786366e-14
"log10(RT)",-0.174975956499782,0.0761233363766306,-2.29858496524725,0.0215285180996127
