"term","estimate","std.error","statistic","p.value"
"(Intercept)",-2.65215542891386,0.485195943929494,-5.4661533388648,4.59906532113361e-08
"human_impact",-2.39660484181789,0.189133669692258,-12.6714870267015,8.50859789618502e-37
"log10(area)",1.65658277900699,0.0896242685251802,18.4836407177099,2.79657839832342e-76
"depth",-5.78820431813735,0.243992234814143,-23.7229038151415,2.09272574395984e-124
"eutro",-1.50156341820342,0.185887643238976,-8.07780114933743,6.59450234248995e-16
"log10(RT)",-0.181695545450428,0.0759089221984653,-2.39359933178055,0.016683963035871
