"term","estimate","std.error","statistic","p.value"
"(Intercept)",-10.4593793687501,4.71397468628418,-2.2188026166502,0.0265001559294266
"human_impact",-4.06070658425124,1.52235726008058,-2.66738083808022,0.00764449925161255
"log10(area)",2.26712841478038,0.688351493361476,3.29356213597961,0.000989264735005083
"log10(depth)",-31.9162041491741,7.32494985533684,-4.35719080396441,1.31742414685148e-05
"eutro",-6.86344904555668,2.35904824005148,-2.90941445326566,0.00362106471175825
"log10(RT)",0.598231411251012,0.580432743394238,1.03066447932054,0.302698187433405
