"term","estimate","std.error","statistic","p.value"
"(Intercept)",-3.5410890502198,0.68963108739378,-5.13475844542059,2.82506632102431e-07
"human_impact",-0.363052210072896,0.291834519334307,-1.24403449907517,0.213486866107227
"log10(area)",1.40931037619234,0.116021835677301,12.1469408578584,5.95524338634719e-34
"depth",-5.1179410636901,0.327441738985519,-15.6300814903638,4.54221798435361e-55
"eutro",-0.851990345326594,0.279906140758389,-3.04384299329117,0.00233577008424147
"log10(RT)",-0.314457014560929,0.11094207156919,-2.83442530063823,0.00459081893616315
