"estimate","std.error","Adjusted.SE","statistic","p.value","term"
-12.0697058240924,4.53491423560112,4.59545699888356,2.62644299076777,0.0086282,"(Intercept)"
-2.14282542256599,1.41652862046825,1.43567467244515,1.49255640131651,0.1355533,"human_impact"
2.32424382777851,0.6684628587248,0.677503123804047,3.43060237822718,0.0006022,"log10(area)"
-29.6080175633567,6.0932540552264,6.17496420030319,4.79484845627168,1.6e-06,"log10(depth)"
-4.32654462301727,1.92475484056049,1.95071955674404,2.21792241127614,0.0265601,"eutro"
0.497926400719037,0.603522746060389,0.611747605461828,0.81394090679462,0.4156788,"log10(RT)"
