"term","estimate","std.error","statistic","p.value"
"(Intercept)",-8.38585382590515,3.92404530927584,-2.13704306779595,0.0325944888515733
"human_impact",-3.0628054986815,1.28900829763344,-2.37609447844879,0.0174969821073934
"log10(area)",1.83965318124566,0.581630818334063,3.16292246431316,0.00156193925599321
"log10(depth)",-20.4886238135404,4.53599651131861,-4.51689584910733,6.2752750627625e-06
"eutro",-3.69407071137733,1.56346364331888,-2.36274807358849,0.01813999619286
"log10(RT)",-0.0561185806572232,0.581181860087991,-0.0965594154103965,0.923076287642123
