"term","estimate","std.error","statistic","p.value"
"(Intercept)",-4.158324436831,0.723013089046324,-5.75138195951051,8.85168744618104e-09
"human_impact",-0.308800337196639,0.301163168361079,-1.02535890719015,0.3051938701031
"log10(area)",1.53226527612411,0.122828076445028,12.4748780610424,1.02362782740443e-35
"depth",-5.24067491924361,0.337602256905939,-15.5232224075556,2.41606914730204e-54
"eutro",-0.765399396022119,0.285259374111705,-2.68317000416048,0.0072927907875841
"log10(RT)",-0.35882990348038,0.112561114247024,-3.18786737214505,0.00143326260590311
