"estimate","std.error","Adjusted.SE","statistic","p.value","term"
-11.1550146252894,4.01412494168624,4.06833991338867,2.74190821385867,0.0061083,"(Intercept)"
-1.70464237942407,1.19385127954656,1.20998419957951,1.40881375146589,0.1588902,"human_impact"
1.97025268667339,0.588145031097213,0.59609274799267,3.30527873943807,0.0009488,"log10(area)"
-14.1249701939418,3.38803663115134,3.43381204300295,4.11349544385346,3.9e-05,"log10(depth)"
-2.10657459246487,1.52270885429163,1.54328567002623,1.36499329539493,0.1722552,"eutro"
0.077625441199669,0.438367551859595,0.444341662203793,0.174697643283485,0.8613172,"log10(RT)"
