"term","estimate","std.error","statistic","p.value"
"(Intercept)",-3.59655505005655,0.705907627222709,-5.09493722883641,3.48856824033417e-07
"human_impact",-0.449118177454699,0.29692727794197,-1.51255277240804,0.130393298233501
"log10(area)",1.45482579078885,0.119944040151614,12.1292044936113,7.39644422541725e-34
"depth",-5.14557202902107,0.330360509987366,-15.5756268484325,1.06602856995214e-54
"eutro",-0.788294528227076,0.280934605918619,-2.80597160912042,0.00501651120791845
"log10(RT)",-0.384439013387568,0.112416016135624,-3.41978862623776,0.000626698108475157
