"term","estimate","std.error","statistic","p.value"
"(Intercept)",-3.50408441577781,0.713806395223732,-4.90901235856748,9.15362102965392e-07
"human_impact",-0.285939616803434,0.298207690081341,-0.958860640801848,0.337628955115917
"log10(area)",1.42710235865139,0.11892624250233,11.999894460833,3.5574976452929e-33
"depth",-5.42034022890226,0.335932266530648,-16.1352176284851,1.44298072020206e-58
"eutro",-1.03293000904529,0.284521461454389,-3.63041158218877,0.000282969629295182
"log10(RT)",-0.240700674593725,0.111328209665824,-2.1620816082127,0.0306118863982512
