"term","estimate","std.error","statistic","p.value"
"(Intercept)",-3.98790041596936,0.686031602468132,-5.81299812081851,6.13637505402533e-09
"human_impact",-0.387396853911336,0.293785295536859,-1.31863935941182,0.18728970867641
"log10(area)",1.39946445340187,0.113593547209446,12.3199291489817,7.07564263380056e-35
"depth",-4.63657821127563,0.304949112053066,-15.2044325692898,3.3048189263184e-52
"eutro",-0.48382780813059,0.280022948332107,-1.7278148487915,0.0840214243635354
"log10(RT)",-0.38035372378079,0.109016365788004,-3.48895985507749,0.000484903967374306
