"term","estimate","std.error","statistic","p.value"
"(Intercept)",-3.46226780294819,0.694569285502983,-4.98476951862468,6.20357168535355e-07
"human_impact",-0.471655263659123,0.292928981167508,-1.61013519993576,0.107368344073763
"log10(area)",1.41015842302756,0.117411477772273,12.0103966816827,3.13338417901221e-33
"depth",-5.31579967091834,0.33076090781541,-16.0714266568798,4.04664792145942e-58
"eutro",-0.812398151260112,0.278112851576012,-2.92110971016409,0.00348786980420776
"log10(RT)",-0.247676263679221,0.109465964777336,-2.26258695278499,0.0236611631623453
