"term","estimate","std.error","statistic","p.value"
"(Intercept)",-4.18687956175649,0.709140666062104,-5.90415944555324,3.54449234867446e-09
"human_impact",-0.195857560292532,0.295420079092307,-0.662979851925821,0.507343458105559
"log10(area)",1.48085648755002,0.118596683570597,12.4864915524261,8.84696836093613e-36
"depth",-5.13978009513284,0.325085412429348,-15.8105528535516,2.63147437052279e-56
"eutro",-0.610069266051543,0.278017724917823,-2.19435385363242,0.0282099806648379
"log10(RT)",-0.306027821457781,0.110218250199384,-2.77656214741369,0.005493713121836
