"term","estimate","std.error","statistic","p.value"
"(Intercept)",-2.86723824193028,0.490804788022279,-5.84191171704732,5.160515406119e-09
"human_impact",-2.51073873377419,0.193010995635235,-13.0082678736042,1.09802787045945e-38
"log10(area)",1.75023325277991,0.0918096805497196,19.0637113896945,5.05579789115885e-81
"depth",-6.07832585641184,0.251874217283285,-24.1323860852955,1.14317205242782e-128
"eutro",-1.54633597381891,0.189098312312316,-8.17741816365326,2.89990252374025e-16
"log10(RT)",-0.189560784637725,0.0768251003066003,-2.46743295981664,0.0136085701305755
