"estimate","std.error","Adjusted.SE","statistic","p.value","term"
-8.22962532781983,3.45493189924392,3.50149617699022,2.35031681082507,0.0187574,"(Intercept)"
-1.86499192707546,1.0911942097395,1.10594007266506,1.68634085442013,0.0917302,"human_impact"
1.61283764879609,0.51629121548199,0.523268362571656,3.08223803340533,0.0020545,"log10(area)"
-12.0954204496633,3.23155513994967,3.27520941356792,3.69302200938868,0.0002216,"log10(depth)"
-2.85620898020266,1.33020149477447,1.34817822333993,2.11856928910096,0.0341269,"eutro"
0.143685434418938,0.486217235118979,0.492843445023269,0.291543766828742,0.7706355,"log10(RT)"
