"term","estimate","std.error","statistic","p.value"
"(Intercept)",-4.14262980207311,0.701869230879307,-5.90228153595392,3.58508684989926e-09
"human_impact",-0.253678634611077,0.296107976951738,-0.856709897593958,0.391605231977034
"log10(area)",1.43900865421269,0.117945524089229,12.2006211369585,3.08461915434511e-34
"depth",-5.06863210596632,0.323904331859862,-15.6485468312887,3.3989240662345e-55
"eutro",-0.692182895001829,0.281219571802646,-2.46136103033251,0.0138411007404684
"log10(RT)",-0.235084416341243,0.110883513097396,-2.12010252718772,0.0339973998901593
