"term","estimate","std.error","statistic","p.value"
"(Intercept)",-3.39386902351439,0.498509423590335,-6.80803383629394,9.89415973074175e-12
"human_impact",-2.50379387660521,0.195901349137025,-12.7808914417118,2.09652678751134e-37
"log10(area)",1.82947245652073,0.0933330307212727,19.6015541591509,1.49972839214729e-85
"depth",-6.09828508406302,0.252757477929248,-24.1270214199956,1.30144639036265e-128
"eutro",-1.41132104147264,0.187066542186834,-7.5444867103123,4.54072332445963e-14
"log10(RT)",-0.203602278779775,0.0768845581054314,-2.64815567386856,0.0080932247378961
