"estimate","std.error","Adjusted.SE","statistic","p.value","term"
-7.73103838001836,3.46712644116302,3.51380703076765,2.20018865928713,0.0277935,"(Intercept)"
-1.87421431607619,1.09475290207591,1.10954865233136,1.68916821460522,0.0911872,"human_impact"
1.53749921012998,0.500605903320865,0.507371961987233,3.03031961819102,0.002443,"log10(area)"
-13.7850643247697,3.26210595936114,3.30611922255438,4.16956056234388,3.05e-05,"log10(depth)"
-2.41774185491142,1.44877820064999,1.46835904372864,1.64656040035821,0.0996484,"eutro"
-0.192728868857392,0.444867833611833,0.450930530349553,0.427402572870797,0.6690861,"log10(RT)"
