"term","estimate","std.error","statistic","p.value"
"(Intercept)",-3.57103581459861,0.70449942907944,-5.06889809586479,4.00125369177646e-07
"human_impact",-0.416165872432146,0.295480049131301,-1.40843983766639,0.159000869866065
"log10(area)",1.42266157781639,0.118799989015964,11.9752669137471,4.78893895023817e-33
"depth",-5.18858737016425,0.329011460436326,-15.770232937428,4.98655339040216e-56
"eutro",-0.792011129108808,0.284268655671233,-2.78613597844146,0.00533404909296954
"log10(RT)",-0.311567985903905,0.110714019591567,-2.81416921771339,0.00489034781334816
