"term","estimate","std.error","statistic","p.value"
"(Intercept)",-3.00666779099348,0.491380537540229,-6.11881741601808,9.42723447809442e-10
"human_impact",-2.54272676315941,0.19175916051115,-13.2600015372489,3.94887678160902e-40
"log10(area)",1.72975217339561,0.091218675112652,18.9626978385668,3.46885904121373e-80
"depth",-5.90593959331922,0.246299660260095,-23.9786753545761,4.64217481522485e-127
"eutro",-1.39972267383609,0.185172156445525,-7.55903425603769,4.06072958518444e-14
"log10(RT)",-0.168025686837769,0.0763366693033016,-2.20111367670717,0.0277279773050121
