"estimate","std.error","Adjusted.SE","statistic","p.value","term"
-10.1037511932481,4.22031873890674,4.27563002216836,2.36310231260936,0.0181227,"(Intercept)"
-1.61363003061528,1.19223458651404,1.20834630340575,1.33540362234504,0.1817443,"human_impact"
1.92673612920553,0.601151563641092,0.60905003093173,3.16351043650387,0.0015588,"log10(area)"
-14.1765420352105,3.40058704261016,3.44637059062462,4.1134700005205,3.9e-05,"log10(depth)"
-3.01315949596129,1.55911775517927,1.57997867534865,1.90708871136908,0.0565091,"eutro"
-0.1643167888095,0.475547683440788,0.481978447110728,0.340921445335399,0.7331627,"log10(RT)"
