"term","estimate","std.error","statistic","p.value"
"(Intercept)",-3.07460364463494,0.496598677763995,-6.19132466980938,5.96606763322063e-10
"human_impact",-2.51122231968898,0.194599417740597,-12.904572628457,4.24162179704327e-38
"log10(area)",1.78994695425651,0.0923515260318546,19.3818882174086,1.09745337863431e-83
"depth",-6.0807874954134,0.252287580233639,-24.1026034249569,2.34742913375067e-128
"eutro",-1.52665939148344,0.188901760324478,-8.08176371073026,6.38367051999744e-16
"log10(RT)",-0.200195750246298,0.0771766843709253,-2.59399262715305,0.00948685212926379
