"estimate","std.error","Adjusted.SE","statistic","p.value","term"
-9.14956045917017,3.92627460223948,3.97830817531778,2.29986216651989,0.021456,"(Intercept)"
-2.6801567726862,1.26954472638889,1.28666458811245,2.08302676350021,0.0372488,"human_impact"
1.82244804983111,0.565657541882763,0.573307174142913,3.17883349803819,0.0014787,"log10(area)"
-14.0155460951627,3.3384127319679,3.38307664733993,4.14284024755483,3.43e-05,"log10(depth)"
-2.52950599536609,1.48534587371942,1.50543465585523,1.68024961131846,0.0929088,"eutro"
-0.42799556952927,0.502854181311654,0.509707120936071,0.839689209645064,0.4010827,"log10(RT)"
