"term","estimate","std.error","statistic","p.value"
"(Intercept)",-3.08428029316547,0.703402852814804,-4.38479923819348,1.16092796328241e-05
"human_impact",-0.520150671372713,0.299459029585261,-1.7369677317565,0.082392866707983
"log10(area)",1.41804838189397,0.119568760249907,11.8596895955946,1.91684415885386e-32
"depth",-5.51690760005288,0.341397558909982,-16.1597745972974,9.69153776595122e-59
"eutro",-0.867284545672965,0.279187268198082,-3.10646166378056,0.00189340857329953
"log10(RT)",-0.308490884238546,0.110748789934642,-2.78550117270446,0.00534450466681939
