"term","estimate","std.error","statistic","p.value"
"(Intercept)",-3.04479747654717,0.497221819497879,-6.1236199964474,9.14729070759763e-10
"human_impact",-2.4699063808328,0.194167369879595,-12.720501814308,4.54929158925341e-37
"log10(area)",1.7700207780104,0.0924554236757587,19.1445856569526,1.07389391320609e-81
"depth",-6.09315553377288,0.249342296683876,-24.436911084917,6.93351476353322e-132
"eutro",-1.50177367997085,0.185778608135282,-8.08367386883034,6.28442523505645e-16
"log10(RT)",-0.187877902387509,0.0765934203141672,-2.45292482848893,0.0141699946928366
