"estimate","std.error","Adjusted.SE","statistic","p.value","term"
-13.6358959700959,4.3948393218565,4.4536997132153,3.06170079891884,0.0022008,"(Intercept)"
-3.06146052539381,1.33350394286944,1.35152965949783,2.26518190250542,0.0235015,"human_impact"
2.53192005702846,0.663370478368494,0.672329563667782,3.76589130368742,0.000166,"log10(area)"
-21.4587758167134,4.79033441694716,4.8546387489692,4.42026212996175,9.9e-06,"log10(depth)"
-2.9905594103456,1.71952272473118,1.74274509304273,1.71600506711183,0.0861611,"eutro"
0.28957376733635,0.538965631207301,0.546310700747471,0.53005325896079,0.596075,"log10(RT)"
