"estimate","std.error","Adjusted.SE","statistic","p.value","term"
-4.99668501441976,3.62866240600799,3.67742794394669,1.35874450582904,0.1742276,"(Intercept)"
-2.95260394709292,1.19927682636603,1.21548948318355,2.42914808226856,0.0151343,"human_impact"
1.21105137781069,0.519292004242317,0.526305469953141,2.30104273459008,0.0213892,"log10(area)"
-13.0118385978542,3.37701316490601,3.42257394829649,3.80176989435992,0.0001437,"log10(depth)"
-2.693627050296,1.50976996751652,1.53018141991466,1.76033182421351,0.0783516,"eutro"
-0.330275704529228,0.491682638529552,0.498383331417156,0.662694122594525,0.5075265,"log10(RT)"
