"term","estimate","std.error","statistic","p.value"
"(Intercept)",-4.16129790362415,0.697741031033515,-5.96395756955888,2.46200696104032e-09
"human_impact",-0.32654890146899,0.29817561364719,-1.09515629891642,0.273448167496343
"log10(area)",1.43449071706512,0.115564765544802,12.4128726459363,2.22523184656937e-35
"depth",-4.82710629564582,0.316510704146239,-15.251004886759,1.62118760014048e-52
"eutro",-0.74698169722521,0.280910549570973,-2.65914433746278,0.00783393935825791
"log10(RT)",-0.292255141239759,0.110707323326425,-2.63988986869489,0.00829329726168286
