"estimate","std.error","Adjusted.SE","statistic","p.value","term"
-6.15745460292392,3.38144535358154,3.4269789174147,1.79675882207326,0.0723739,"(Intercept)"
-2.09821490471372,1.22455547876368,1.24110074330214,1.690608047765,0.0909117,"human_impact"
1.32892097218287,0.504226108247276,0.511040122037546,2.60042394887585,0.0093109,"log10(area)"
-15.5292671123607,3.56551181651471,3.61363985114794,4.29740310380612,1.73e-05,"log10(depth)"
-3.4492030560208,1.41836279569744,1.43752962366168,2.39939615799706,0.0164221,"eutro"
0.160305936377331,0.475288218108369,0.481765486437723,0.332746825769251,0.7393254,"log10(RT)"
