"term","estimate","std.error","statistic","p.value"
"(Intercept)",-3.63049899508077,0.698030813642839,-5.20105835462213,1.98156868108092e-07
"human_impact",-0.32490271287635,0.293214921055059,-1.10807018860865,0.267831504502306
"log10(area)",1.35270132443797,0.113685863141433,11.8985886816474,1.20365502745716e-32
"depth",-4.76990944386811,0.30904942599188,-15.4341313806337,9.64907241392611e-54
"eutro",-0.765730096387321,0.280775053784044,-2.72720131673905,0.00638740557492764
"log10(RT)",-0.304833827565514,0.108509819326383,-2.80927412337325,0.00496533483046178
