"term","estimate","std.error","statistic","p.value"
"(Intercept)",-11.9578209856132,4.0122687452269,-2.98031406790447,0.00287952986498513
"human_impact",-1.39014816635243,1.23653180959109,-1.12423162555934,0.260914776208785
"log10(area)",2.39748325857661,0.643497842407001,3.72570520144843,0.00019476992983837
"log10(depth)",-23.369067558978,4.9174437251124,-4.75227961219705,2.01135955399016e-06
"eutro",-5.05498741600498,1.72250283480142,-2.93467581816069,0.003338963303365
