"estimate","std.error","Adjusted.SE","statistic","p.value","term"
-7.13770704400325,3.64924561925353,3.69822018791745,1.93003841883807,0.0536021,"(Intercept)"
-1.88290180711431,1.19854288702911,1.21474257041908,1.55004183846518,0.1211315,"human_impact"
1.48434990525139,0.544926957560301,0.552292207965119,2.68761696044993,0.0071964,"log10(area)"
-17.3335575377701,3.8252448039391,3.8767910724627,4.47110953718717,7.8e-06,"log10(depth)"
-3.69363150358321,1.5309365225945,1.55162952124144,2.38048545288568,0.0172898,"eutro"
0.249114081477521,0.534932557363839,0.542222663830066,0.459431333463394,0.6459245,"log10(RT)"
