"term","estimate","std.error","statistic","p.value"
"(Intercept)",-3.89992776305659,0.691729284749701,-5.63793936303818,1.72097082524927e-08
"human_impact",-0.255773262175577,0.289498262272539,-0.883505345309422,0.376963295757203
"log10(area)",1.44304736979785,0.115563782013188,12.487020973692,8.78830813016593e-36
"depth",-5.04557069342003,0.322396900926328,-15.6501836057445,3.3126242363862e-55
"eutro",-0.704638743447413,0.280080247258905,-2.51584590610579,0.0118747088157825
"log10(RT)",-0.326048471235355,0.110063540629227,-2.96236582406268,0.00305284833022681
