"estimate","std.error","Adjusted.SE","statistic","p.value","term"
-8.18771867505756,3.6557907365301,3.70363602777089,2.21072443773194,0.0270549,"(Intercept)"
-1.21260931544897,1.1597643118593,1.17539370710832,1.03166224909627,0.3022304,"human_impact"
1.49281719613428,0.519006027078034,0.525902309454073,2.83858269739097,0.0045314,"log10(area)"
-13.0283986167457,3.20516582866264,3.24782145531939,4.01142698143315,6.04e-05,"log10(depth)"
-2.70179118598606,1.40910433123983,1.42772232868008,1.89237860311665,0.0584406,"eutro"
0.0955956494644135,0.460182450385467,0.466384032319135,0.204971960530157,0.837594,"log10(RT)"
