"term","estimate","std.error","statistic","p.value"
"(Intercept)",-3.6937729744965,0.697852647652084,-5.29305575743555,1.20289224755152e-07
"human_impact",-0.329833332982833,0.304391696164244,-1.08358190167205,0.278550218905664
"log10(area)",1.43201943813535,0.116101439184389,12.3342091897849,5.92679478729953e-35
"depth",-5.04048818323365,0.318448885025913,-15.8282488030175,1.98674001429156e-56
"eutro",-0.646793784499,0.281905833064128,-2.29436112573048,0.0217697641651647
"log10(RT)",-0.397600775460296,0.113235943313146,-3.5112594448987,0.000445988899479962
