"term","estimate","std.error","statistic","p.value"
"(Intercept)",-7.19243664515914,3.22754675272652,-2.2284531243686,0.0258503138965616
"human_impact",-1.37414656311392,1.09725923265882,-1.25234449819498,0.210444360942124
"log10(area)",1.43931372010321,0.480904063803821,2.99293316159283,0.00276310254617265
"log10(depth)",-13.0076651145448,3.15274239376328,-4.12582554802968,3.69407218575583e-05
"eutro",-2.82859480622931,1.40109649852301,-2.01884367651416,0.0435034698400385
