"term","estimate","std.error","statistic","p.value"
"(Intercept)",-4.09074447422325,0.700048692667737,-5.84351419704005,5.11109402704238e-09
"human_impact",-0.386501954195832,0.291928682444738,-1.32396019109564,0.185516266125229
"log10(area)",1.4695878287533,0.11799507103543,12.4546543839278,1.31921734813106e-35
"depth",-4.87157815923204,0.31578814063151,-15.4267292922714,1.08217170864839e-53
"eutro",-0.673881444516695,0.274132132352602,-2.45823588330724,0.0139621434055842
"log10(RT)",-0.368099294978598,0.108907335394092,-3.37993114647967,0.000725039908086757
