"term","estimate","std.error","statistic","p.value"
"(Intercept)",-3.77303422802262,0.68450940556584,-5.51202685798552,3.54724772956396e-08
"human_impact",-0.449034638394029,0.294995821800642,-1.52217287571444,0.127965769633281
"log10(area)",1.38712168532667,0.115931239491516,11.9650379950279,5.41727864070514e-33
"depth",-4.72840722625775,0.313995393741181,-15.0588426470844,3.02028106898091e-51
"eutro",-0.488644635841428,0.278257347405235,-1.7560888882111,0.0790732321535318
"log10(RT)",-0.385344085287603,0.10951763162783,-3.51855751042083,0.000433899758166375
