"term","estimate","std.error","statistic","p.value"
"(Intercept)",-3.63352370002586,0.692506767926635,-5.24691435277179,1.54667755878344e-07
"human_impact",-0.533656394297002,0.29127928359755,-1.83211242387679,0.0669346727584965
"log10(area)",1.45459645624539,0.117395070014414,12.390609384762,2.93802287474187e-35
"depth",-5.27492876407066,0.329673557874412,-16.0004605709995,1.26833320408476e-57
"eutro",-0.686289461865258,0.277256169653309,-2.47529013591806,0.0133127976885474
"log10(RT)",-0.306475325500575,0.1110233044623,-2.76045940971469,0.00577201300959831
