"term","estimate","std.error","statistic","p.value"
"(Intercept)",-3.5662953040523,0.691749583704802,-5.15547155800557,2.5299344239375e-07
"human_impact",-0.453708395244287,0.293485174358453,-1.54593292910306,0.122120766873101
"log10(area)",1.45402901913781,0.117722386359518,12.3513382976903,4.79077751867159e-35
"depth",-5.29710375240612,0.334429707235617,-15.8392141541246,1.668934790889e-56
"eutro",-0.853721473981623,0.284242959375457,-3.00349206839611,0.00266900505850588
"log10(RT)",-0.327964403030255,0.112765012329935,-2.90838794989599,0.00363297341376344
