"term","estimate","std.error","statistic","p.value"
"(Intercept)",-4.14832917899125,0.707955869509718,-5.8595872393347,4.64019069231984e-09
"human_impact",-0.2803037394549,0.294244598550314,-0.952621529285167,0.340781864949837
"log10(area)",1.48167430397228,0.118363695062841,12.5179794630916,5.95313651043982e-36
"depth",-5.13803463367719,0.325764946385046,-15.7722145697167,4.83251745236936e-56
"eutro",-0.597419654318636,0.280589030712233,-2.12916254353271,0.0332408146802575
"log10(RT)",-0.312328483905733,0.112736296336256,-2.77043413750403,0.00559816207588678
