"term","estimate","std.error","statistic","p.value"
"(Intercept)",-4.13035692028124,0.701623141904197,-5.88685958828483,3.93602833051134e-09
"human_impact",-0.209317874437246,0.298598235068113,-0.701001713521509,0.483301945852531
"log10(area)",1.45459240156811,0.117228445429193,12.4081863940327,2.35936574334161e-35
"depth",-4.92990013992291,0.321852373508459,-15.3172713507839,5.8627511779354e-53
"eutro",-0.783801109702283,0.276579633359316,-2.83390754475408,0.00459826334258997
"log10(RT)",-0.326501012267069,0.109981097266164,-2.9687011712286,0.00299061273466404
