"estimate","std.error","Adjusted.SE","statistic","p.value","term"
-7.10559010717378,3.45603508019377,3.50195480943319,2.02903535135105,0.0424547,"(Intercept)"
-1.48208881702286,1.12375512801736,1.13889925073204,1.30133443855567,0.193144,"human_impact"
1.43929563479264,0.517541158837254,0.524381038546649,2.74475148602194,0.0060557,"log10(area)"
-13.5382570026242,3.2543279733928,3.29796542438709,4.10503303112713,4.04e-05,"log10(depth)"
-3.11254520657528,1.36949235980388,1.38730770007792,2.24358677343207,0.024859,"eutro"
-0.124377916405767,0.422312267040336,0.428003496950234,0.290600234091614,0.7713571,"log10(RT)"
