"estimate","std.error","Adjusted.SE","statistic","p.value","term"
-7.0411643453683,3.43820819503267,3.48462624836117,2.02063689001935,0.0433174,"(Intercept)"
-2.74324679083418,1.16158794757296,1.17728529609269,2.33014614209383,0.0197984,"human_impact"
1.480786989331,0.511036209174785,0.517942000523998,2.85898225637793,0.00425,"log10(area)"
-13.9534456398135,3.3339065186161,3.37894472174068,4.12952764513571,3.64e-05,"log10(depth)"
-2.49788979693218,1.32091601363369,1.33876649572083,1.86581439326149,0.0620673,"eutro"
0.0912442287594361,0.454430978844278,0.460624002939974,0.198088306681939,0.842976,"log10(RT)"
