"term","estimate","std.error","statistic","p.value"
"(Intercept)",-2.6617900047273,0.48932645511945,-5.43970181231572,5.33698222955141e-08
"human_impact",-2.49628435756599,0.191547812040647,-13.0321736958095,8.02873298308482e-39
"log10(area)",1.6751751282343,0.0902331914618485,18.5649548807391,6.17389308255048e-77
"depth",-5.92157651618928,0.245938105443967,-24.077507247198,4.3013428302713e-128
"eutro",-1.46497097031392,0.18553236485838,-7.89603997896622,2.8790437381027e-15
"log10(RT)",-0.158481380716856,0.0759208267674065,-2.08745593883461,0.036846939952121
