"term","estimate","std.error","statistic","p.value"
"(Intercept)",-9.15503791677529,4.33557479260254,-2.11160880730182,0.0347200165173865
"human_impact",-2.69498974035883,1.43334673676548,-1.88020781799133,0.0600797605366755
"log10(area)",1.83091242823624,0.586382803509142,3.1223842467401,0.00179392634034214
"log10(depth)",-22.5384388645958,4.86339039243712,-4.63430591540513,3.58137057000226e-06
"eutro",-3.85228842519953,1.63923330741334,-2.35005499691702,0.0187706374002246
"log10(RT)",0.229949826174945,0.536956112432126,0.428246966280717,0.668471325696837
