"estimate","std.error","Adjusted.SE","statistic","p.value","term"
-9.22113543932622,4.05800172810883,4.11247971084845,2.24223244554896,0.0249464,"(Intercept)"
-1.8937236766871,1.21013764030087,1.22649489285757,1.54401268828358,0.1225853,"human_impact"
1.9289899336296,0.599081385617708,0.60717758001531,3.17697819735203,0.0014882,"log10(area)"
-22.1169678683463,4.62754232394742,4.68991804019146,4.71585381211552,2.4e-06,"log10(depth)"
-4.30907382716038,1.68498669067961,1.70775200979632,2.52324330607833,0.0116278,"eutro"
0.266208209522091,0.514911408247495,0.521928664787829,0.510047114638373,0.6100185,"log10(RT)"
