"term","estimate","std.error","statistic","p.value"
"(Intercept)",-7.7853491599365,3.46216168951493,-2.24869600501739,0.0245318435318558
"human_impact",-2.78004917691081,1.22285241430297,-2.27341349159902,0.0230012738728352
"log10(area)",1.46182083739426,0.495132860014123,2.95238097780981,0.00315333609294752
"log10(depth)",-14.0771722198372,3.25634656012807,-4.32299571311092,1.53924725677036e-05
"eutro",-1.49547069488297,1.49538444031544,-1.00005768053031,0.317282594668544
