"term","estimate","std.error","statistic","p.value"
"(Intercept)",-3.51275348420073,0.683171855050198,-5.14182991912426,2.72075367766812e-07
"human_impact",-0.559830739921489,0.29601051501991,-1.89125288297219,0.0585905950571516
"log10(area)",1.4328182080784,0.115320700745697,12.4246401453805,1.92088832986294e-35
"depth",-5.07379538804712,0.321289960778684,-15.7919512198582,3.53474573022023e-56
"eutro",-0.540623870024312,0.276016083545966,-1.95866799890406,0.0501516804585795
"log10(RT)",-0.406397314895695,0.109035437126083,-3.72720397704974,0.000193615759529441
