"estimate","std.error","Adjusted.SE","statistic","p.value","term"
-9.58550966449142,3.67985017720471,3.72925544528371,2.57035480811966,0.0101594,"(Intercept)"
-2.04876727169525,1.14202659214015,1.15746160664777,1.77005203449372,0.0767185,"human_impact"
1.82915632953513,0.543398279746741,0.550741511622264,3.32126104703306,0.0008961,"log10(area)"
-15.8234445884089,3.68630773798592,3.73599343358679,4.23540481794086,2.28e-05,"log10(depth)"
-2.92863612508739,1.47022996991124,1.49010115434128,1.96539417243928,0.0493686,"eutro"
0.220414212521773,0.525670879264495,0.532834766792519,0.413663346047388,0.6791207,"log10(RT)"
