"estimate","std.error","Adjusted.SE","statistic","p.value","term"
-7.69395193940095,3.93977634319665,3.99232497533773,1.92718578445636,0.0539565,"(Intercept)"
-2.2655315367414,1.26600379036908,1.28312292629467,1.76563873212341,0.0774565,"human_impact"
1.67743961447907,0.583245147424837,0.59113223830546,2.83767236124292,0.0045444,"log10(area)"
-21.1434002853569,4.54827446016742,4.60946926289249,4.58694896949789,4.5e-06,"log10(depth)"
-4.3197701244151,1.65616935594246,1.67856053242276,2.57349677951746,0.0100677,"eutro"
0.401207034488466,0.515624763507796,0.522651741714392,0.767637419847553,0.4427026,"log10(RT)"
