"estimate","std.error","Adjusted.SE","statistic","p.value","term"
-12.1227853792602,4.73085968133311,4.79481001518903,2.52831401887825,0.0114612,"(Intercept)"
-2.32460669777115,1.31124372989352,1.32896283936034,1.7491886371255,0.0802584,"human_impact"
2.49394199735942,0.717360395896815,0.727054471130683,3.43019965681657,0.0006031,"log10(area)"
-26.9043885293838,5.65060968427115,5.72697624272278,4.69783484147868,2.6e-06,"log10(depth)"
-4.75325657700411,1.87403073665215,1.89935592369941,2.50256232530978,0.0123298,"eutro"
-0.0126846163466304,0.590541225243112,0.598589171372871,0.0211908550192081,0.9830934,"log10(RT)"
