"estimate","std.error","Adjusted.SE","statistic","p.value","term"
-13.9837068264329,4.05417777559745,4.10664875407102,3.40513826817316,0.0006613,"(Intercept)"
-1.99522568417136,1.12846354637412,1.14345301403248,1.74491269836705,0.0810001,"human_impact"
2.31263069386544,0.608619868399805,0.616693380246777,3.75004948640768,0.0001768,"log10(area)"
-13.4012206077439,3.1335018063264,3.17483041669879,4.22108234104628,2.43e-05,"log10(depth)"
-1.40049185006143,1.43604357029182,1.45539620282707,0.962275322239402,0.3359113,"eutro"
0.0714813706195026,0.424499380201143,0.430220084423792,0.166150705667868,0.8680384,"log10(RT)"
