"estimate","std.error","Adjusted.SE","statistic","p.value","term"
-11.2694231883698,4.36780499202998,4.42676700697238,2.54574572608405,0.0109045,"(Intercept)"
-2.36265826848824,1.22246262159231,1.23898499435585,1.90693049492225,0.0565296,"human_impact"
2.11278463598911,0.658317846509288,0.667211918307005,3.16658707378927,0.0015424,"log10(area)"
-18.833714990816,4.07770878672732,4.13278260963146,4.55715114241044,5.2e-06,"log10(depth)"
-2.20489798138736,1.61566041611248,1.63749108080188,1.34650991827548,0.1781381,"eutro"
-0.221627622142888,0.534265900602302,0.541546921813385,0.409249158689264,0.6823568,"log10(RT)"
