"estimate","std.error","Adjusted.SE","statistic","p.value","term"
-8.79118847827885,3.56857530810672,3.61677581868229,2.43066999974629,0.0150709,"(Intercept)"
-1.69737847733471,1.15756793438372,1.17321027310226,1.44678112376771,0.1479582,"human_impact"
1.63963546743182,0.532128277674524,0.539318934896701,3.04019636867723,0.0023642,"log10(area)"
-15.8988912071426,3.59473984557916,3.64331176046139,4.3638569116383,1.28e-05,"log10(depth)"
-2.12780654528963,1.40024948303032,1.41917194334132,1.49932963040397,0.1337881,"eutro"
-0.111212721420027,0.479008427286786,0.485536394943773,0.229051256668218,0.8188291,"log10(RT)"
