"estimate","std.error","Adjusted.SE","statistic","p.value","term"
-7.32667368290769,3.31040295697999,3.35488810538266,2.18388019294968,0.0289711,"(Intercept)"
-1.36951118119204,1.12475909553676,1.13991674807385,1.20141333435634,0.2295909,"human_impact"
1.42948057007528,0.481908839361082,0.488391027319128,2.92691816621196,0.0034234,"log10(area)"
-14.038853319745,3.21000401860662,3.25326230722307,4.31531551838754,1.59e-05,"log10(depth)"
-3.06436390130705,1.43807248642261,1.45734778140474,2.10269912261664,0.0354921,"eutro"
-0.103195860101798,0.41578499465848,0.421388260730458,0.244894957260822,0.8065378,"log10(RT)"
