"term","estimate","std.error","statistic","p.value"
"(Intercept)",-3.84439714581421,0.71262843141887,-5.3946727022382,6.86485707938606e-08
"human_impact",-0.327677604693821,0.29666644019656,-1.10453209495727,0.269362389076674
"log10(area)",1.4907174126341,0.120195195691044,12.4024708646918,2.53387760510712e-35
"depth",-5.22678089344816,0.331904993511857,-15.747822405876,7.1087328156609e-56
"eutro",-0.802443622811939,0.283998237115259,-2.82552325311185,0.0047203461719679
"log10(RT)",-0.382613797209623,0.11228816687616,-3.40742758434733,0.000655783072506652
