"term","estimate","std.error","statistic","p.value"
"(Intercept)",-10.3708983998857,4.40277614762706,-2.35553615540396,0.018495997008967
"human_impact",-2.73572090535207,1.26945497877213,-2.1550357839379,0.0311590341141786
"log10(area)",1.98060174239874,0.594900190701938,3.32930090350413,0.000870642865848129
"log10(depth)",-21.7652298432414,4.92298886961091,-4.42114138782556,9.81809018870957e-06
"eutro",-5.07528102396537,1.92390150909329,-2.63801499191987,0.0083392895056299
"log10(RT)",0.666393437410405,0.575683775653689,1.15756855689344,0.247040146992517
