"term","estimate","std.error","statistic","p.value"
"(Intercept)",-3.31665095694674,0.696360942307182,-4.76283311634053,1.90893706860019e-06
"human_impact",-0.490664089438534,0.299727560522089,-1.63703360673225,0.101623447742192
"log10(area)",1.39791558335227,0.115533960027807,12.0996076219998,1.06117173029037e-33
"depth",-5.22413332107844,0.331902606243735,-15.7399587192216,8.04961728979408e-56
"eutro",-0.891525337611669,0.280443087026267,-3.17898846095702,0.00147789974446186
"log10(RT)",-0.284245262765542,0.110643146506529,-2.56902728944688,0.0101984425911645
