"term","estimate","std.error","statistic","p.value"
"(Intercept)",-9.07318082033873,4.20304140772101,-2.15871792356631,0.0308720573899105
"human_impact",-2.51204645746845,1.22162398095941,-2.05631724378527,0.0397519472443174
"log10(area)",1.84853663715378,0.589163420758275,3.13756179019846,0.00170359362054895
"log10(depth)",-20.904142619034,4.71820156807843,-4.43053191293554,9.40009342628309e-06
"eutro",-3.64794635055118,1.76598972424223,-2.0656668045543,0.0388599517699771
"log10(RT)",0.0881667400609611,0.529086870709332,0.166639440405615,0.867653758611635
