"term","estimate","std.error","statistic","p.value"
"(Intercept)",-3.64095101176285,0.679495754392854,-5.35831311413583,8.40025671682233e-08
"human_impact",-0.455225541269795,0.294424121079254,-1.54615572800591,0.122066962663958
"log10(area)",1.41856262498436,0.114867538885993,12.3495518293666,4.89835389646931e-35
"depth",-4.89294931379415,0.314303886524064,-15.5675749603546,1.20904866420348e-54
"eutro",-0.677257514015051,0.277501419272738,-2.44055513586192,0.0146647071922743
"log10(RT)",-0.390396252355373,0.10930104042653,-3.57175238983923,0.000354600592214233
