"term","estimate","std.error","statistic","p.value"
"(Intercept)",-4.0918317147639,0.687520165336712,-5.95158065328881,2.65565095740037e-09
"human_impact",-0.367475664598912,0.297366203941303,-1.23576808570838,0.216544781051041
"log10(area)",1.44613543234363,0.114655348666199,12.6128911487054,1.79292960988374e-36
"depth",-4.65339127695923,0.305648237637403,-15.224662549763,2.42607150411638e-52
"eutro",-0.684979294220907,0.28245393615848,-2.42510089799767,0.0153041326519049
"log10(RT)",-0.422526518305114,0.11333272894874,-3.72819504325376,0.000192856097244594
