"term","estimate","std.error","statistic","p.value"
"(Intercept)",-14.8136277335922,6.44933685794742,-2.29692262318994,0.0216231841704586
"human_impact",-5.77114652086114,2.00308729658555,-2.88112581548422,0.00396257428881347
"log10(area)",3.40263201397303,1.04079118405828,3.26927443861063,0.00107823666611649
"log10(depth)",-53.0831784251472,13.0935239654111,-4.054155211796,5.03158018618255e-05
"eutro",-13.1059299097266,3.73193702125279,-3.51183040739712,0.000445031889589229
"log10(RT)",1.34069461219047,0.738873544978852,1.81451159173501,0.0695989997597637
