"term","estimate","std.error","statistic","p.value"
"(Intercept)",-4.32024509947785,0.715033537793868,-6.04201743152823,1.52199017358672e-09
"human_impact",-0.422200125753682,0.30169640352641,-1.39942047972317,0.161686929080582
"log10(area)",1.53540282646755,0.120649154757187,12.7261797196809,4.23036675524068e-37
"depth",-5.22046355061768,0.329421757831249,-15.8473550289654,1.46623450560881e-56
"eutro",-0.597822285267493,0.277993402798614,-2.15049090823415,0.0315164043864574
"log10(RT)",-0.312010229593868,0.112553712963336,-2.7721007275478,0.00556957991559778
