"term","estimate","std.error","statistic","p.value"
"(Intercept)",-7.69565415778338,4.21554889208368,-1.82554024512323,0.0679195437545977
"human_impact",-2.3984375395753,1.15656340020863,-2.07376226771714,0.0381013950584732
"log10(area)",1.71176049515956,0.589120396543483,2.90562082929548,0.0036652530420478
"log10(depth)",-16.4477279545019,3.92673367166596,-4.18865380995492,2.80614091239959e-05
"eutro",-4.14003753817645,1.58146608594316,-2.61784781537531,0.00884862587223733
"log10(RT)",0.0420600852136359,0.461759430827847,0.091086575401893,0.927423799574843
