"term","estimate","std.error","statistic","p.value"
"(Intercept)",-3.6247601942228,0.696893860798457,-5.20130883355721,1.97889950851711e-07
"human_impact",-0.441963700962318,0.296187748225081,-1.49217414835963,0.135653497588304
"log10(area)",1.42684186074157,0.11766513729365,12.1262924053765,7.6641484226002e-34
"depth",-5.23024791477441,0.333705293800461,-15.6732542514049,2.30470674163561e-55
"eutro",-0.821918025307252,0.282958554773949,-2.90472937269512,0.00367570766705074
"log10(RT)",-0.276507666150514,0.110136447038428,-2.51059184843722,0.0120528962764538
