"estimate","std.error","Adjusted.SE","statistic","p.value","term"
-5.95880562044159,3.82794893040859,3.87968908466955,1.53589772025485,0.1245635,"(Intercept)"
-2.33579876854308,1.26325233947613,1.28032318597733,1.82438215141754,0.0680943,"human_impact"
1.25068282805061,0.52888841778856,0.536035379200313,2.33320947941244,0.0196372,"log10(area)"
-15.3077140548831,3.56858706855932,3.61681259812915,4.23237688975129,2.31e-05,"log10(depth)"
-2.64922933149585,1.62452929566811,1.64648191669598,1.60902425020986,0.107611,"eutro"
-0.0199016784471004,0.459876555850949,0.466143792734036,0.0426942903827436,0.9659452,"log10(RT)"
