"estimate","std.error","Adjusted.SE","statistic","p.value","term"
-6.29643413858539,3.64781733467018,3.69711315029008,1.70306774032365,0.0885554,"(Intercept)"
-1.76147752063903,1.10989476502723,1.12489318713245,1.56590647075511,0.1173705,"human_impact"
1.42141107384269,0.54250274574167,0.549833743854708,2.58516522445064,0.0097332,"log10(area)"
-13.9827206742815,3.33773645920857,3.38284045349378,4.13342599703165,3.57e-05,"log10(depth)"
-3.62574940244236,1.46486524469541,1.4846603973486,2.44214057902902,0.0146005,"eutro"
-0.0428932602968286,0.448081646852706,0.454188141711079,0.0944394103624884,0.9247601,"log10(RT)"
