"term","estimate","std.error","statistic","p.value"
"(Intercept)",-7.71045511301551,3.53612450244191,-2.1804817979941,0.0292217666305541
"human_impact",-1.14089214704736,1.12844201138245,-1.01103303097485,0.312000620826715
"log10(area)",1.53537249829319,0.535781458022568,2.86566934204827,0.00416128642826837
"log10(depth)",-13.8000159515481,3.18018894715553,-4.33936982388776,1.42891880036788e-05
"eutro",-3.21170897445139,1.40360495908607,-2.28818582725913,0.0221267017106663
