"estimate","std.error","Adjusted.SE","statistic","p.value","term"
-4.36234854449853,3.62503172258614,3.67260403275428,1.18780802547531,0.23490905,"(Intercept)"
-2.92707871619374,1.34576843226446,1.3639643200678,2.14600827391749,0.03187232,"human_impact"
1.08899108190126,0.502342038803673,0.509136283796037,2.13889898748115,0.03244385,"log10(area)"
-13.7172118038354,3.28668405422234,3.33077922095481,4.11831913611588,3.816e-05,"log10(depth)"
-2.32516348721434,1.42581798522617,1.44511058445676,1.60898654554414,0.10761928,"eutro"
-0.56934761966317,0.519585507524261,0.526666463087756,1.08104020203827,0.27967923,"log10(RT)"
