"estimate","std.error","Adjusted.SE","statistic","p.value","term"
-4.15531422510091,0.699967056304577,0.700340695734718,5.9332754049679,0,"(Intercept)"
-0.43406684392801,0.297855806353755,0.298040513924672,1.45640214550737,0.14528148,"human_impact"
1.45448193812602,0.115998579749327,0.11606707251879,12.5313916045445,0,"log10(area)"
-4.85337183672587,0.314783178176876,0.314978329767099,15.4085896649288,0,"depth"
-0.551694445791748,0.276854698432041,0.277018973958463,1.99154028299329,0.04642152,"eutro"
-0.393241788085742,0.11061749595568,0.110685995262417,3.55276913898128,0.0003812,"log10(RT)"
