"estimate","std.error","Adjusted.SE","statistic","p.value","term"
-9.28791528970819,3.43625919330931,3.481009346972,2.66816729400264,0.0076266,"(Intercept)"
-2.64846248669266,1.21621119878647,1.23220289696935,2.14937206624547,0.0316049,"human_impact"
1.70738212883266,0.509285598913043,0.516042224723274,3.30860934829167,0.0009376,"log10(area)"
-12.9650385758838,3.13538153021154,3.17553135558975,4.08279343646286,4.45e-05,"log10(depth)"
-1.84355724984027,1.35503386717151,1.3732947842124,1.34243373748599,0.1794554,"eutro"
-0.181959082453813,0.459967799905189,0.466166489132846,0.390330679479536,0.696292,"log10(RT)"
