"term","estimate","std.error","statistic","p.value"
"(Intercept)",-3.92542912607079,0.692108789451734,-5.67169379423772,1.41392534226609e-08
"human_impact",-0.495650325364003,0.29511571568458,-1.67951179493862,0.0930523420804512
"log10(area)",1.44556841002754,0.115267359155791,12.5410039807866,4.45317708729894e-36
"depth",-4.80525556374654,0.315475690750076,-15.2317776127902,2.17593891197954e-52
"eutro",-0.612953034085916,0.279146464747411,-2.19581155949997,0.0281054339402858
"log10(RT)",-0.388552619387282,0.109997756347383,-3.53236858904829,0.000411854865072409
