"estimate","std.error","Adjusted.SE","statistic","p.value","term"
-6.565174590963,3.61054381243211,3.65925115097993,1.79413063495379,0.0727923,"(Intercept)"
-1.79397206764495,1.20734845982857,1.22366520351868,1.46606446149351,0.1426307,"human_impact"
1.44052006319077,0.528777474911434,0.535923310944027,2.68792201006016,0.0071898,"log10(area)"
-19.819198555559,4.31759186918482,4.37592894193229,4.52914085638862,5.9e-06,"log10(depth)"
-3.79303470548445,1.5919466892111,1.61346053550714,2.35086921682421,0.0187296,"eutro"
0.170457526552103,0.552705598218896,0.560237917200099,0.304259175109029,0.7609304,"log10(RT)"
