"term","estimate","std.error","statistic","p.value"
"(Intercept)",-2.68982931709342,0.493365377250148,-5.45200259508607,4.98057291055961e-08
"human_impact",-2.44899225078354,0.189883396910348,-12.8973480074185,4.65854755196812e-38
"log10(area)",1.71234149903053,0.0912044850693487,18.7747510194102,1.2151626537385e-78
"depth",-5.98196612728762,0.248061315523642,-24.1148689978526,1.74561382764662e-128
"eutro",-1.60889394890673,0.186318035942752,-8.6352023880344,5.86231540360037e-18
"log10(RT)",-0.188579421807718,0.0764977281904939,-2.46516368875844,0.0136950671507847
