"term","estimate","std.error","statistic","p.value"
"(Intercept)",-3.19420051930908,0.681318015581261,-4.6882666335837,2.75528878560979e-06
"human_impact",-0.451552048902604,0.291781935309905,-1.54756684447584,0.12172661918627
"log10(area)",1.34271392066104,0.112273408773272,11.9593226511235,5.80333583688041e-33
"depth",-4.9570756765167,0.315995901646637,-15.6871517974937,1.85179946972995e-55
"eutro",-0.808934756165917,0.277659083978443,-2.91341001553085,0.0035750485530199
"log10(RT)",-0.326172614909495,0.108369059898797,-3.00983154429963,0.00261392620378157
