"estimate","std.error","Adjusted.SE","statistic","p.value","term"
-2.28464588147874,4.03349442550577,4.08624294824536,0.559106717445612,0.5760889,"(Intercept)"
-3.79462627840201,1.3752224835972,1.39372827822003,2.72264424687446,0.0064762,"human_impact"
1.06471226422798,0.554139768061755,0.561636388053917,1.89573234013064,0.0579954,"log10(area)"
-22.0933710761926,5.12485194933953,5.19272429081447,4.25467824572817,2.09e-05,"log10(depth)"
-6.16955767988706,2.0177778090576,2.04504550380727,3.01683149269841,0.0025543,"eutro"
0.597798591311211,0.550997451849941,0.558506492066899,1.07035209044554,0.2844609,"log10(RT)"
