"term","estimate","std.error","statistic","p.value"
"(Intercept)",-4.0437744337795,0.71440077524331,-5.66037240427445,1.51044858244849e-08
"human_impact",-0.266819069016897,0.29817201300369,-0.894849474063801,0.370867559140669
"log10(area)",1.46840321497648,0.118246187279137,12.4181865712938,2.08227966894946e-35
"depth",-5.00618823784698,0.325668234306355,-15.372049559914,2.52067266889323e-53
"eutro",-0.755316977336863,0.283286821239489,-2.66626232040043,0.00766998195403739
"log10(RT)",-0.358330651537412,0.1091683556614,-3.28236739819386,0.00102939387795291
