"estimate","std.error","Adjusted.SE","statistic","p.value","term"
-9.74764356604909,3.78627959726698,3.83735500575203,2.54019853556363,0.011079,"(Intercept)"
-2.03422873027911,1.14766693571159,1.16317643706204,1.74885654958519,0.0803158,"human_impact"
1.94831786131593,0.579095264519743,0.586921418149565,3.31955488599913,0.0009016,"log10(area)"
-14.4967321480795,3.45284112726746,3.49948205637485,4.14253649955753,3.43e-05,"log10(depth)"
-3.41316181001687,1.38063184599922,1.39928980134546,2.43921009553205,0.0147194,"eutro"
-0.148332335961367,0.521002216248931,0.528102478839624,0.280877939234996,0.778804,"log10(RT)"
