"term","estimate","std.error","statistic","p.value"
"(Intercept)",-3.78221278565452,0.70093083114972,-5.39598576288997,6.8148350530918e-08
"human_impact",-0.326979570584604,0.297229004750578,-1.10009307758841,0.2712915696583
"log10(area)",1.41965073255535,0.116613822052817,12.1739490873762,4.27869502988107e-34
"depth",-5.08888265572732,0.324481823937301,-15.6831054324653,1.9736438956946e-55
"eutro",-0.67779910803212,0.282210455254679,-2.40175052132794,0.016316832150766
"log10(RT)",-0.280285784545122,0.109709432146716,-2.55480116030764,0.010624847312599
