"estimate","std.error","Adjusted.SE","statistic","p.value","term"
-7.24633682790372,3.41628322550624,3.45945104484027,2.09464933423803,0.0362022,"(Intercept)"
-1.65289980635987,1.18479780469465,1.2008142960226,1.37648245181182,0.1686723,"human_impact"
1.37702679205813,0.48949825068458,0.495908283270773,2.77677715519475,0.0054901,"log10(area)"
-14.3878712730381,3.35233520884718,3.39656864571738,4.23600191068692,2.28e-05,"log10(depth)"
-2.59142938356306,1.47578601702308,1.49492816917457,1.73348087018384,0.0830102,"eutro"
0.249716729776639,0.425844338873162,0.431613577143764,0.578565510911771,0.5628824,"log10(RT)"
