"term","estimate","std.error","statistic","p.value"
"(Intercept)",-3.65550221090139,0.69003128273343,-5.29758911280196,1.17341643624169e-07
"human_impact",-0.406571040163304,0.294547013449208,-1.38032647285155,0.167486147599808
"log10(area)",1.41974160023634,0.116564590959346,12.1798703066825,3.97914110267956e-34
"depth",-4.95205834227276,0.321847838870838,-15.3863339882798,2.02166557233057e-53
"eutro",-0.747883834632189,0.280172246937957,-2.66937158410913,0.00759933261923999
"log10(RT)",-0.366347778511813,0.110838241322305,-3.30524712537178,0.000948926903723157
