"term","estimate","std.error","statistic","p.value"
"(Intercept)",-8.9650815200022,4.54059926097348,-1.97442694338988,0.0483332168989574
"human_impact",-2.6668064998106,1.35402427634737,-1.96954112743429,0.0488909846093046
"log10(area)",1.89315104164479,0.633957818387915,2.98624133457154,0.00282429658096163
"log10(depth)",-24.2851983689003,5.28663008864577,-4.59370108399644,4.35453011729619e-06
"eutro",-4.74229919478271,1.81090466808155,-2.61874591101841,0.00882536561557177
"log10(RT)",0.221404040493201,0.610946845411902,0.362394931991064,0.717056926181906
