"estimate","std.error","Adjusted.SE","statistic","p.value","term"
-7.72511390650969,3.63930374136066,3.68847252926151,2.09439377553298,0.0362249,"(Intercept)"
-1.82931150806269,1.17999579269717,1.19594162069046,1.52959933529746,0.1261159,"human_impact"
1.62032815022817,0.542520481756834,0.549851779472934,2.94684533308477,0.0032103,"log10(area)"
-17.9320392132912,4.05219728101732,4.10695087139152,4.36626581978456,1.26e-05,"log10(depth)"
-3.45561390200744,1.54746773313708,1.56837870627156,2.20330325079606,0.0275734,"eutro"
-0.07343558108862,0.497308262863212,0.504085622238519,0.145680768998153,0.8841734,"log10(RT)"
