"term","estimate","std.error","statistic","p.value"
"(Intercept)",-3.51069217513624,0.69371664046913,-5.06070053727141,4.17718852172778e-07
"human_impact",-0.541382197988276,0.297311241610199,-1.82092743973023,0.0686178874500013
"log10(area)",1.44037987670203,0.116875634209236,12.3240390218837,6.72402677935452e-35
"depth",-5.1394309862468,0.328861738562024,-15.6279383813982,4.69757364765072e-55
"eutro",-0.742996311396931,0.287881052015918,-2.58091425675299,0.00985390525937336
"log10(RT)",-0.373970334178262,0.112210631866764,-3.33275312648007,0.000859912079738572
