"term","estimate","std.error","statistic","p.value"
"(Intercept)",-3.75397465649575,0.695483135698088,-5.39765015686213,6.75193596485335e-08
"human_impact",-0.338373958824045,0.29755989670731,-1.13716250935818,0.255470356370346
"log10(area)",1.41733351421651,0.116321026030104,12.1846717019991,3.75161008883046e-34
"depth",-4.81615472704745,0.317071868027581,-15.1894734686097,4.15241643147982e-52
"eutro",-0.597545515736098,0.279344410078451,-2.13909959955269,0.0324276028435858
"log10(RT)",-0.437605088456704,0.112757163578093,-3.88095154729243,0.000104048570643102
