"term","estimate","std.error","statistic","p.value"
"(Intercept)",-3.11159865459891,0.49120656451273,-6.33460315760554,2.37952922668109e-10
"human_impact",-2.38868351813708,0.189922554983409,-12.5771450281181,2.82039623769275e-36
"log10(area)",1.73835031999766,0.0908830105235902,19.1273408526277,1.49508561437631e-81
"depth",-5.89814631024337,0.245788096372009,-23.9968753462996,2.99771265277459e-127
"eutro",-1.37255503689424,0.184465651479616,-7.44070793605668,1.00147142817353e-13
"log10(RT)",-0.183831171992109,0.0767642859467721,-2.39474867413704,0.0166317611029443
