"term","estimate","std.error","statistic","p.value"
"(Intercept)",-2.46863553151326,0.489779669653642,-5.04029808599243,4.64807296571458e-07
"human_impact",-2.54401698650025,0.192844183740885,-13.1920856369644,9.74513085498743e-40
"log10(area)",1.66426376771786,0.0897112109485665,18.5513465944855,7.95343027391365e-77
"depth",-5.9670960136431,0.247795036129898,-24.0807729922203,3.97552083197335e-128
"eutro",-1.45067561866314,0.187174313901018,-7.75039901805269,9.16042417705386e-15
"log10(RT)",-0.175136592316568,0.0761250917526287,-2.30064211791929,0.0214118682988118
