"term","estimate","std.error","statistic","p.value"
"(Intercept)",-4.00996469598823,0.703905930006578,-5.6967337893442,1.22124388403169e-08
"human_impact",-0.380326657240438,0.293519200892341,-1.29574711325252,0.195062624040245
"log10(area)",1.46201779997716,0.118089333782162,12.3806084186581,3.32810204549208e-35
"depth",-5.04137528524877,0.327736574817666,-15.3824006004014,2.14832389491119e-53
"eutro",-0.859536161766221,0.278667578684912,-3.08444981587934,0.00203929011006319
"log10(RT)",-0.280805024762753,0.108821446367014,-2.58041989090738,0.00986802485019868
