"estimate","std.error","Adjusted.SE","statistic","p.value","term"
-4.86066009081703,3.27925362021469,3.32358157291719,1.46247654350505,0.1436107,"(Intercept)"
-2.12580278706772,1.1154786648339,1.13055270715659,1.88032169894516,0.0600642,"human_impact"
1.09532343827014,0.465112413744951,0.471397577588522,2.32356611562022,0.0201488,"log10(area)"
-13.1785713740359,3.26396350030549,3.30807765298474,3.98375514617847,6.78e-05,"log10(depth)"
-2.72938807863772,1.36639822458187,1.38486287259505,1.97087244712049,0.0487385,"eutro"
0.00664941652869734,0.469118025825808,0.475511206249055,0.0139837220265522,0.988843,"log10(RT)"
