"estimate","std.error","Adjusted.SE","statistic","p.value","term"
-10.227627700445,3.79702817498257,3.84828062598542,2.65771358548625,0.0078673,"(Intercept)"
-2.23818424891159,1.1945611296396,1.2107042800508,1.84866303505401,0.0645065,"human_impact"
1.85739467308205,0.567606824963278,0.575277620027073,3.22869273620384,0.0012436,"log10(area)"
-17.316597923506,3.84132930886076,3.89322666823247,4.44787817385617,8.7e-06,"log10(depth)"
-2.27097000125452,1.50208782845623,1.52238774450655,1.49171589790392,0.1357736,"eutro"
0.142525957515059,0.478515499765045,0.48503674976377,0.293845688155535,0.7688758,"log10(RT)"
