"term","estimate","std.error","statistic","p.value"
"(Intercept)",-3.85832815518078,0.692428607626844,-5.57216745911814,2.51589409978142e-08
"human_impact",-0.487748546377676,0.294351799074415,-1.65702587146195,0.0975142446125108
"log10(area)",1.39251141694869,0.114790791206071,12.1308634805807,7.24811067450481e-34
"depth",-4.79662642284758,0.311326181909256,-15.4070768909686,1.46699083735285e-53
"eutro",-0.590906614140838,0.27646589136433,-2.13735810672621,0.0325688760648968
"log10(RT)",-0.306862183245029,0.109868721951523,-2.79298946774338,0.00522233922839134
