"term","estimate","std.error","statistic","p.value"
"(Intercept)",-3.62316209150007,0.684341239149406,-5.29437930118522,1.19421333334976e-07
"human_impact",-0.328271573171109,0.291644123911971,-1.12558953277658,0.2603393006574
"log10(area)",1.42545769489702,0.115624706493139,12.3283140613343,6.37669477792239e-35
"depth",-5.03837365345445,0.321950477908974,-15.649529971746,3.34682256016042e-55
"eutro",-0.67130898048261,0.277288146879563,-2.42097972104875,0.0154787407446403
"log10(RT)",-0.383137070459348,0.109963864811058,-3.48420884549358,0.000493594170750114
