"term","estimate","std.error","statistic","p.value"
"(Intercept)",-4.03824392603163,0.700219076053229,-5.76711498463183,8.0640036224357e-09
"human_impact",-0.353612226001353,0.295121957621255,-1.19819016128634,0.230842994763327
"log10(area)",1.47270650245246,0.117067617191131,12.579964791186,2.72151147726329e-36
"depth",-5.03807985526472,0.321009438514641,-15.6944913475961,1.64959572995488e-55
"eutro",-0.719588373765902,0.277892850528855,-2.58944543696054,0.00961306558708867
"log10(RT)",-0.332409263873862,0.111981318977667,-2.96843497566015,0.00299320424727637
