"term","estimate","std.error","statistic","p.value"
"(Intercept)",-4.8174483711996,4.41901116381529,-1.09016433600505,0.275640760285296
"human_impact",-4.02459714456892,1.48339872484364,-2.71309195374504,0.00666586065821016
"log10(area)",1.4202121335254,0.590293849230717,2.40594093158221,0.0161308726474229
"log10(depth)",-18.6538004916843,4.2725503548942,-4.36596387221427,1.26563399171296e-05
"eutro",-3.88016649488215,1.70412625421541,-2.27692430961847,0.022790745933576
"log10(RT)",-0.240474053293519,0.549819153951318,-0.43736936329943,0.661843498839831
