"term","estimate","std.error","statistic","p.value"
"(Intercept)",-3.76815334188411,0.696113588986768,-5.41312998553709,6.19324973840757e-08
"human_impact",-0.491992864707704,0.292828574179718,-1.68013953585606,0.0929301701799232
"log10(area)",1.40045375477398,0.115927236629886,12.0804549084969,1.33976444768716e-33
"depth",-4.96906603019296,0.322027846443605,-15.4305476531613,1.02000987171084e-53
"eutro",-0.912984366023675,0.28031027247435,-3.25704926175054,0.00112576893757775
"log10(RT)",-0.228060700783661,0.10832531695626,-2.10533148844373,0.0352624629600057
