"term","estimate","std.error","statistic","p.value"
"(Intercept)",-5.53950625773416,3.82894890964719,-1.4467433200211,0.147968826709508
"human_impact",-2.53792790205401,1.19274029114678,-2.12781266876957,0.0333526185607907
"log10(area)",1.28959313277976,0.529312744316484,2.43635383169368,0.014836164177914
"log10(depth)",-17.9431578222074,4.00325124753413,-4.48214631376429,7.38960494446968e-06
"eutro",-4.04378709870119,1.54152350916085,-2.62324062829407,0.00870977338136701
"log10(RT)",0.214805661029526,0.456301748175397,0.470753535107995,0.637816749290587
