"term","estimate","std.error","statistic","p.value"
"(Intercept)",-3.4697552225106,0.69613844112665,-4.98428906884533,6.21900465047765e-07
"human_impact",-0.475134286430169,0.297762323520832,-1.59568302937738,0.110559579441568
"log10(area)",1.47320084507132,0.118154347634049,12.4684438158311,1.10972053646701e-35
"depth",-5.26801659617308,0.329656120958439,-15.980339090495,1.75190332528282e-57
"eutro",-0.816652275317055,0.280843649724678,-2.90785380448392,0.00363918423621448
"log10(RT)",-0.414043761092243,0.111592626529741,-3.71031468626554,0.000207001776530532
