"estimate","std.error","Adjusted.SE","statistic","p.value","term"
-7.16519431653751,3.39070590155711,3.43652344905144,2.0850124908984,0.0370682,"(Intercept)"
-1.5338866979279,1.06824199472148,1.08267754991112,1.41675302868691,0.1565551,"human_impact"
1.42974721249725,0.489529998334266,0.496145155529289,2.88171152446705,0.0039552,"log10(area)"
-13.0613330865151,3.09731973136259,3.13917395605407,4.16075479389271,3.17e-05,"log10(depth)"
-2.56143159161437,1.40943296339797,1.42847903817036,1.79311808095912,0.072954,"eutro"
-0.0532603434775778,0.442354247006923,0.448382688372242,0.118783228832782,0.9054471,"log10(RT)"
