"estimate","std.error","Adjusted.SE","statistic","p.value","term"
-7.61491944113721,3.9612144097896,4.01474828815014,1.89673645633358,0.0578627,"(Intercept)"
-2.10522242604641,1.1617008901897,1.17739927495725,1.78802762225487,0.0737716,"human_impact"
1.52458528480257,0.540498613806807,0.547802640252197,2.78309225399258,0.0053843,"log10(area)"
-15.4466199522773,3.6441139058495,3.69335952577414,4.18226816113702,2.89e-05,"log10(depth)"
-2.74539394152317,1.75478876772519,1.77850196436988,1.54365527647637,0.1226719,"eutro"
0.0458993757486491,0.477142963816912,0.4836455087788,0.094902929760569,0.9243919,"log10(RT)"
