"term","estimate","std.error","statistic","p.value"
"(Intercept)",-3.67329318161057,3.47370366866773,-1.05745726520748,0.290302948324954
"human_impact",-2.34988974159381,1.10974936674791,-2.11749590673803,0.0342177823274968
"log10(area)",1.02248497339101,0.482887864046889,2.11743771073884,0.0342227165366867
"log10(depth)",-13.7231185179743,3.47316217648001,-3.9511885194726,7.77640359404856e-05
"eutro",-3.24571924159247,1.47120929532205,-2.20615737809214,0.0273729823922806
"log10(RT)",-0.0742929610029572,0.439106010371537,-0.169191400819352,0.865646093435615
