"term","estimate","std.error","statistic","p.value"
"(Intercept)",-3.60584125666417,0.691814375252818,-5.21215138865313,1.86663119706615e-07
"human_impact",-0.220204813932993,0.297213282196326,-0.74089829467155,0.458755109571749
"log10(area)",1.36442563418411,0.114069053658528,11.9614004887653,5.6599203979897e-33
"depth",-4.79046310316019,0.311224805316892,-15.3922920709437,1.84383374044481e-53
"eutro",-0.83076122339108,0.27799432420732,-2.98841073737722,0.00280432402793125
"log10(RT)",-0.359211437194369,0.110192553155786,-3.25985220332022,0.00111470284276024
