"term","estimate","std.error","statistic","p.value"
"(Intercept)",-3.75159767030459,0.70227412212914,-5.34207021459167,9.18910458374917e-08
"human_impact",-0.208799348944191,0.296052530669976,-0.705278041270823,0.480637222998903
"log10(area)",1.47416453111359,0.117326694746006,12.5646131454135,3.30487559061971e-36
"depth",-5.23340390823171,0.32589658734691,-16.0584802401163,4.98619054008947e-58
"eutro",-0.688115534410343,0.282448702936555,-2.43624958180427,0.0148404410265837
"log10(RT)",-0.414361053295617,0.112303657070112,-3.68964879778517,0.000224563851092117
