"estimate","std.error","Adjusted.SE","statistic","p.value","term"
-7.57146533380918,3.85863791662895,3.91047749674098,1.93619969431336,0.0528432,"(Intercept)"
-1.68088397988791,1.21162190539536,1.22799835571956,1.36879986203482,0.1710618,"human_impact"
1.76343822036307,0.567393095388501,0.575061850697488,3.06651922436553,0.0021657,"log10(area)"
-20.7349146812176,4.50406036172198,4.56475395967453,4.54239480690346,5.6e-06,"log10(depth)"
-5.07440367943926,1.77808378677936,1.80210294023901,2.81582342835879,0.0048652,"eutro"
-0.271795555980487,0.599314917702528,0.607482432460613,0.447413030331719,0.6545769,"log10(RT)"
