"term","estimate","std.error","statistic","p.value"
"(Intercept)",-8.3119915084881,3.58448417737316,-2.31888079209752,0.0204015008906674
"human_impact",-1.57769375665659,1.17893860145844,-1.33823233432586,0.180820711770659
"log10(area)",1.59496941419684,0.524577740013806,3.04048245385873,0.00236199453731008
"log10(depth)",-18.1455631781438,3.85877962266081,-4.70240981671599,2.57108791787187e-06
"eutro",-3.16079614168151,1.60887331638248,-1.9646022527047,0.0494602910466744
