"term","estimate","std.error","statistic","p.value"
"(Intercept)",-2.97654509477893,0.491224066395789,-6.0594447593304,1.36592226421154e-09
"human_impact",-2.34254371814717,0.191110612044277,-12.2575282088702,1.53098938551932e-34
"log10(area)",1.72281257954801,0.0899917624714575,19.1441142192813,1.08365661231307e-81
"depth",-5.90066767881743,0.245449139221946,-24.0402867067372,1.05481888074929e-127
"eutro",-1.39504703469016,0.184828610789593,-7.54778726480971,4.42715278820523e-14
"log10(RT)",-0.197607902322776,0.0772030308497402,-2.55958736526004,0.0104796511350601
