"term","estimate","std.error","statistic","p.value"
"(Intercept)",-3.58915285512298,0.682826171883992,-5.2563199872965,1.46966490470606e-07
"human_impact",-0.468599751331277,0.29718582911868,-1.57679036285456,0.114843769855143
"log10(area)",1.41963994883838,0.116061368531768,12.2318043186765,2.10216617776019e-34
"depth",-4.83462102161983,0.312853260954127,-15.4533182964927,7.16574596673872e-54
"eutro",-0.591943697316091,0.279159875717511,-2.12044691521175,0.0339683737962192
"log10(RT)",-0.463906501848011,0.112575013662542,-4.12086560556527,3.77451570250587e-05
