"estimate","std.error","Adjusted.SE","statistic","p.value","term"
-5.35611539956457,3.24293652451196,3.28626083508271,1.62985096690591,0.103133,"(Intercept)"
-1.36241318477009,1.10610269259329,1.12100892482667,1.21534552901151,0.2242343,"human_impact"
1.24199377719078,0.474548626780669,0.480800332801456,2.58317994489338,0.0097894,"log10(area)"
-13.7335470960025,3.21491006387467,3.25821816736694,4.21504834561185,2.5e-05,"log10(depth)"
-3.72347828922009,1.45171375343621,1.47107959108581,2.53111953410472,0.0113699,"eutro"
-0.233755459467295,0.445130123044691,0.451128854475873,0.518156746455234,0.6043489,"log10(RT)"
