"term","estimate","std.error","statistic","p.value"
"(Intercept)",-6.92138215470968,3.7874292992641,-1.82746174458082,0.0676303730484726
"human_impact",-2.36364892105136,1.17699045804955,-2.00821417445328,0.0446205374067416
"log10(area)",1.46788585993456,0.520204560783797,2.82174738668742,0.00477627834335967
"log10(depth)",-13.9291260658245,3.41575006752899,-4.07791137830557,4.54420799562893e-05
"eutro",-3.17939634096721,1.43487189607896,-2.21580501343393,0.026704858966651
"log10(RT)",0.0287496908629071,0.49628815542686,0.057929431820067,0.953804839278716
