"term","estimate","std.error","statistic","p.value"
"(Intercept)",-3.56039113231457,0.69524584996961,-5.1210534122141,3.03833564525122e-07
"human_impact",-0.504936241996603,0.293696213271191,-1.71924668817694,0.0855694627911825
"log10(area)",1.4401696758572,0.11858504495005,12.1446146642169,6.12705686043389e-34
"depth",-5.07929348599427,0.324827832089262,-15.6368789377583,4.08252783070898e-55
"eutro",-0.816483559585751,0.284473365731082,-2.87015818682157,0.00410266497701709
"log10(RT)",-0.378215578530442,0.111301603307131,-3.39811437834167,0.000678520454992423
