"term","estimate","std.error","statistic","p.value"
"(Intercept)",-3.78669340086382,0.680193874589917,-5.56707953764916,2.59044172654589e-08
"human_impact",-0.497802343601026,0.287766570951563,-1.72988245978306,0.0836512777143296
"log10(area)",1.3770644074547,0.113177906227399,12.1672546644207,4.64441805761921e-34
"depth",-4.70220874558878,0.306937997887444,-15.3197348583511,5.64472935731307e-53
"eutro",-0.706847508460064,0.276237482534951,-2.55883995891336,0.0105022077981073
"log10(RT)",-0.291713424573297,0.107896705235638,-2.70363607430104,0.00685853596495016
