"term","estimate","std.error","statistic","p.value"
"(Intercept)",-5.00150607693524,3.54774846979655,-1.40976907453139,0.158607880989862
"human_impact",-2.54073519037731,1.11607882810784,-2.27648363752655,0.0228170788368611
"log10(area)",1.12303598731072,0.491302900929937,2.28583219269628,0.0222640775541592
"log10(depth)",-14.0695189919673,3.49457535552598,-4.02610261922645,5.67089480256354e-05
"eutro",-2.8060977818123,1.4067097563654,-1.99479513745792,0.04606522792897
"log10(RT)",0.0874074142439314,0.446563768047687,0.195733331940619,0.844818893884406
