"term","estimate","std.error","statistic","p.value"
"(Intercept)",-3.39726684359998,0.504979829180879,-6.72752978888414,1.72567513745666e-11
"human_impact",-2.47871624264699,0.193484638454106,-12.8109200939739,1.42435538096205e-37
"log10(area)",1.85078068931377,0.093977035270247,19.6939676165728,2.42898175307523e-86
"depth",-6.12863761683792,0.252248815775537,-24.2960015411588,2.16068769983784e-130
"eutro",-1.71233839603727,0.189378260601902,-9.04189525553215,1.5397859313347e-19
"log10(RT)",-0.172530918384611,0.0776163496122937,-2.2228682390557,0.0262246859981631
