"term","estimate","std.error","statistic","p.value"
"(Intercept)",-3.6018868548103,0.690239849338545,-5.21831195092834,1.80561172092113e-07
"human_impact",-0.474390636844006,0.295715232672659,-1.60421440774791,0.108666799974687
"log10(area)",1.44786997605822,0.115600656982834,12.5247556012871,5.46594614886296e-36
"depth",-5.15176751562637,0.323539591472236,-15.9231440337294,4.37812890022061e-57
"eutro",-0.694035251638027,0.279313556745982,-2.484788993859,0.0129628244316048
"log10(RT)",-0.376620271873305,0.109360504299822,-3.44384176247731,0.000573511250407789
