"term","estimate","std.error","statistic","p.value"
"(Intercept)",-3.84955053792665,0.708368429939657,-5.43439031896802,5.49841052190144e-08
"human_impact",-0.282449870289114,0.29521543958633,-0.956758463191819,0.338689181895045
"log10(area)",1.49612790063468,0.119620352714359,12.5073021997125,6.8097930962993e-36
"depth",-5.27544013926517,0.331890673555585,-15.8951141433073,6.85035726526152e-57
"eutro",-0.731960537718869,0.283473092636152,-2.58211645737526,0.00981964427491865
"log10(RT)",-0.388251085364421,0.112550973496382,-3.44955777194502,0.000561505568724547
