"term","estimate","std.error","statistic","p.value"
"(Intercept)",-3.80959452267127,0.691098603300436,-5.51237479641549,3.54024023085666e-08
"human_impact",-0.521509901697608,0.294434447523696,-1.77122584019533,0.0765231538848686
"log10(area)",1.46155924910241,0.116534651574862,12.5418425279583,4.40629932041668e-36
"depth",-5.05805391364035,0.323936826219579,-15.6143220042903,5.8160072789218e-55
"eutro",-0.725606854583343,0.278959613814451,-2.60111793482041,0.00929205039929492
"log10(RT)",-0.340040923341339,0.109648403410285,-3.1011935674883,0.00192742249963081
