"term","estimate","std.error","statistic","p.value"
"(Intercept)",-3.63534948254599,0.706028802630131,-5.14901016644564,2.61864689620235e-07
"human_impact",-0.434977693461032,0.300126792325945,-1.4493131056045,0.147250162775884
"log10(area)",1.48315166923844,0.11870428261363,12.4945085095703,7.99890910576052e-36
"depth",-5.11160034383184,0.327092109628198,-15.6274033930141,4.73717379102835e-55
"eutro",-0.85109563257111,0.282302053849055,-3.01484038449888,0.0025711452594903
"log10(RT)",-0.454999597901207,0.112826626700012,-4.03273244276795,5.51320380832226e-05
