"estimate","std.error","Adjusted.SE","statistic","p.value","term"
-5.68851929669859,3.57028433715477,3.61853449823511,1.57205059105367,0.1159388,"(Intercept)"
-2.09364120768,1.10639864778468,1.12134970588185,1.86707250797691,0.0618915,"human_impact"
1.25341792788739,0.502930452407072,0.509726724726731,2.45899982693542,0.0139325,"log10(area)"
-15.6015655800011,3.50512654100153,3.55249478052956,4.39172090146616,1.12e-05,"log10(depth)"
-3.00864119439435,1.48152971772141,1.50155014465929,2.00369012323396,0.0451033,"eutro"
0.0419110661042503,0.463944309856841,0.47026698243808,0.0891218556041593,0.9289851,"log10(RT)"
