"term","estimate","std.error","statistic","p.value"
"(Intercept)",-6.20536206162816,3.71211600428719,-1.67165090058109,0.0945931813693884
"human_impact",-3.33885648385675,1.3005514842664,-2.56726206094031,0.0102505111486767
"log10(area)",1.40324040941396,0.511928207285188,2.74108828043584,0.00612360521489359
"log10(depth)",-15.8041001168537,4.03794734834639,-3.91389454925057,9.08193099053499e-05
"eutro",-3.25509060219275,1.65919035123993,-1.96185482862782,0.0497793881469305
"log10(RT)",0.0280360229148742,0.481492657433149,0.0582273114284546,0.953567566249228
