"term","estimate","std.error","statistic","p.value"
"(Intercept)",-3.60641458179332,0.694106966639492,-5.19576197203973,2.0388299613113e-07
"human_impact",-0.40648165088519,0.298068147946833,-1.36372052393097,0.172655542009289
"log10(area)",1.43511009889585,0.115743070077796,12.3991017166838,2.64269473245757e-35
"depth",-5.11223275931275,0.326333589267361,-15.6656652194156,2.59698180212162e-55
"eutro",-0.731385052822316,0.278639877913412,-2.62483984094192,0.0086689733687724
"log10(RT)",-0.361627926405157,0.11084126013397,-3.26257501915866,0.00110404947170292
