"estimate","std.error","Adjusted.SE","statistic","p.value","term"
-14.12247397952,4.54347471013359,4.60485016646529,3.06686938097716,0.0021631,"(Intercept)"
-2.11455239038799,1.22752995258218,1.24411829631578,1.69963933224825,0.0891988,"human_impact"
2.65588409815434,0.703324528604313,0.71282895642534,3.72583643553559,0.0001947,"log10(area)"
-20.5741799868353,4.39378229497601,4.45315192330505,4.62013880082616,3.8e-06,"log10(depth)"
-3.38991768645692,1.54027184227542,1.56108678172043,2.17151136384678,0.0298925,"eutro"
0.0952114042598788,0.496829187680447,0.503600018178348,0.189061558425441,0.8500446,"log10(RT)"
