"term","estimate","std.error","statistic","p.value"
"(Intercept)",-3.09179061245714,0.494500083727872,-6.25235609496596,4.04306230774579e-10
"human_impact",-2.38952702789081,0.190793182901551,-12.5241740378314,5.50615670270895e-36
"log10(area)",1.79043185900446,0.0922401475095508,19.4105485230179,6.28525278446507e-84
"depth",-6.21900701313065,0.252481470300837,-24.6315383292111,5.80431565635906e-134
"eutro",-1.54361065349472,0.185989558523368,-8.29944791390414,1.04596313491347e-16
"log10(RT)",-0.15409359019807,0.0760533141449425,-2.02612590825954,0.0427518837494543
