"term","estimate","std.error","statistic","p.value"
"(Intercept)",-2.95859184024716,0.503020074847098,-5.88165758821152,4.06177961344016e-09
"human_impact",-2.68990187468932,0.195077943655304,-13.7888570295896,2.97435047718928e-43
"log10(area)",1.76770348183471,0.0927941871623766,19.0497221419859,6.60518475800495e-81
"depth",-6.05199770489451,0.251650253030903,-24.049241484972,8.50171148295052e-128
"eutro",-1.45993284865942,0.188230434450125,-7.75609349744262,8.75854627320884e-15
"log10(RT)",-0.188224415734396,0.0782137699118503,-2.40653808078208,0.0161045249355263
