"term","estimate","std.error","statistic","p.value"
"(Intercept)",-3.75585277409363,0.684971831906331,-5.48322222775322,4.17647831846922e-08
"human_impact",-0.326460055048446,0.290211649363208,-1.12490334473056,0.260629994489033
"log10(area)",1.41620667303216,0.11607155075121,12.2011523397985,3.06456024098091e-34
"depth",-4.9706745677382,0.317946131736531,-15.6337004026116,4.29140996829534e-55
"eutro",-0.768975697239382,0.276708531124733,-2.77900971868752,0.005452489374833
"log10(RT)",-0.309862618658375,0.109659149886391,-2.82568868151358,0.00471790928206262
