"term","estimate","std.error","statistic","p.value"
"(Intercept)",-3.79610840767305,0.679149928621024,-5.5894998257319,2.27724595290382e-08
"human_impact",-0.394980212147188,0.294432277385351,-1.34149766341766,0.179758927842636
"log10(area)",1.33973107532649,0.110716824008085,12.1005193865446,1.0494507566893e-33
"depth",-4.71690749602249,0.310280058489633,-15.20209683788,3.42480576431343e-52
"eutro",-0.631888893864354,0.276669772910441,-2.28391011861241,0.022376813839371
"log10(RT)",-0.250853226522249,0.109141505833995,-2.29842189371839,0.0215377886113007
