"term","estimate","std.error","statistic","p.value"
"(Intercept)",-3.08427169644036,0.488954092761167,-6.30789626695464,2.82853678258191e-10
"human_impact",-2.40087353068554,0.191411711548032,-12.5429813634109,4.34341870457659e-36
"log10(area)",1.75679629113064,0.0912650323374481,19.2493909894753,1.42832055410519e-82
"depth",-6.05015837648003,0.250382058231237,-24.1637057352268,5.35907333444298e-129
"eutro",-1.47252937432934,0.185488329957744,-7.93866317446923,2.04371928190243e-15
"log10(RT)",-0.164608542932187,0.0762938587220915,-2.15755954265979,0.0309620930662027
