"term","estimate","std.error","statistic","p.value"
"(Intercept)",-4.07780690868243,0.696452694277727,-5.85510967534043,4.76695328404982e-09
"human_impact",-0.185939010990152,0.293865099631298,-0.632735943204698,0.526906093775981
"log10(area)",1.48062684482331,0.11721964062024,12.6312180875912,1.42061945854128e-36
"depth",-4.95030027748071,0.317386734962906,-15.5970610367798,7.62231776898458e-55
"eutro",-0.771543114562849,0.279066417543757,-2.76472934777927,0.00569700428489883
"log10(RT)",-0.399115900979777,0.111329641145165,-3.58499225250678,0.000337088211706404
