"estimate","std.error","Adjusted.SE","statistic","p.value","term"
-8.87785404276459,3.36156138984976,3.40406542997763,2.60801509999851,0.0091069,"(Intercept)"
-2.03320257938303,1.13684634549138,1.15202557921642,1.76489360658638,0.0775816,"human_impact"
1.53641101618134,0.478023782691212,0.484371993493437,3.17196501205671,0.0015141,"log10(area)"
-13.141577728376,3.29313044982602,3.3336831136425,3.94205966205859,8.08e-05,"log10(depth)"
-1.94457931449653,1.51288129635738,1.53326942134436,1.26825676389707,0.2047063,"eutro"
-0.146454292188695,0.455195406685207,0.461329781449006,0.317461170030453,0.7508937,"log10(RT)"
