"estimate","std.error","Adjusted.SE","statistic","p.value","term"
-9.65721767456492,3.71162338079494,3.76017233748628,2.56829123981612,0.0102201,"(Intercept)"
1.62163449676417,0.516192671531546,0.523040367304155,3.10040027144056,0.0019326,"log10(area)"
-12.7841413515698,3.14260898818282,3.18427898356767,4.01476799537407,5.95e-05,"log10(depth)"
-1.95949017453373,1.45312906631783,1.47239945109713,1.33081425225584,0.1832501,"eutro"
-1.19513733958241,1.11104519146525,1.12601803056659,1.06138383857054,0.2885155,"human_impact"
0.21090132385653,0.473014472503931,0.479388983319342,0.439937777452094,0.6599822,"log10(RT)"
