"estimate","std.error","Adjusted.SE","statistic","p.value","term"
-10.7572973078582,3.65042735787013,3.69868934690085,2.90840789775214,0.0036327,"(Intercept)"
-1.65488217453201,1.13772565313045,1.15293163368735,1.43536886852458,0.151182,"human_impact"
1.74420969352903,0.540468090440618,0.547679823067581,3.18472512600451,0.0014489,"log10(area)"
-13.0239489381871,3.08229529795077,3.12318490366108,4.17008577459504,3.04e-05,"log10(depth)"
-0.948063917949217,1.53274389507321,1.55339969548599,0.610315503926122,0.5416528,"eutro"
-0.240650934553751,0.44000399514565,0.445933645058965,0.539656375382777,0.589434,"log10(RT)"
