"term","estimate","std.error","statistic","p.value"
"(Intercept)",-3.51106554102006,0.686706448626085,-5.11290602854358,3.17240135815921e-07
"human_impact",-0.528859406441284,0.291668895353825,-1.81321839546765,0.0697981436955974
"log10(area)",1.34989060756673,0.114378673124317,11.8019432355151,3.81400720351889e-32
"depth",-4.71888187206926,0.309634712161959,-15.2401577947145,1.91407540264014e-52
"eutro",-0.667433076250868,0.27905716383247,-2.39174320803876,0.0167685700358308
"log10(RT)",-0.343869112608175,0.109085695524329,-3.15228418314006,0.00161998525475291
