"term","estimate","std.error","statistic","p.value"
"(Intercept)",-3.25656423858543,0.682166035432629,-4.7738586640716,1.80729239495023e-06
"human_impact",-0.353072420605049,0.29112066701527,-1.2128043818563,0.225204619721087
"log10(area)",1.38585334004119,0.115616761308546,11.9866127052527,4.17636561619354e-33
"depth",-5.12364645360512,0.323483274570716,-15.8389841342015,1.67505046012515e-56
"eutro",-0.95144099986143,0.277169944075552,-3.43269903609059,0.00059760506576854
"log10(RT)",-0.33120989484192,0.110732560828796,-2.99107951954624,0.00277993092153723
