"term","estimate","std.error","statistic","p.value"
"(Intercept)",-2.85418139071176,0.502547446110051,-5.67942671444147,1.35146938506702e-08
"human_impact",-2.51266449343522,0.193576450509402,-12.9802178251697,1.5842936743513e-38
"log10(area)",1.74973775304762,0.0928364513300134,18.8475294777014,3.07889234414058e-79
"depth",-5.99607369180604,0.249717485425238,-24.0114290819303,2.11254894475564e-127
"eutro",-1.52182883831628,0.186430489392924,-8.1629825854764,3.26851642545057e-16
"log10(RT)",-0.219803878365583,0.0768216432611714,-2.86122333543834,0.00422009653308033
