"estimate","std.error","Adjusted.SE","statistic","p.value","term"
-9.2717258099296,3.89693774839131,3.94846562008791,2.3481845106513,0.0188652,"(Intercept)"
-2.13254275624679,1.20719926276427,1.22347623909436,1.74301934774421,0.0813302,"human_impact"
1.74640022245443,0.566717837942568,0.574382393996872,3.04048355365145,0.002362,"log10(area)"
-15.9068714765057,3.69376894324644,3.7434003188623,4.24931081945843,2.14e-05,"log10(depth)"
-2.71820962092789,1.43447964422102,1.45385201198773,1.86966045960311,0.061531,"eutro"
0.473762225657135,0.569333425311121,0.577092349736572,0.820946986861627,0.4116765,"log10(RT)"
