"term","estimate","std.error","statistic","p.value"
"(Intercept)",-3.93687376912357,0.692979651518637,-5.68108134271486,1.33845797826976e-08
"human_impact",-0.364575930999905,0.288160232354146,-1.26518474815721,0.205805108508627
"log10(area)",1.43023973150894,0.11585869021688,12.3446910096396,5.20336232676151e-35
"depth",-4.81216627483676,0.31518473592875,-15.2677643498719,1.25399042344496e-52
"eutro",-0.644765769808663,0.278935228203913,-2.3115250589191,0.0208038706625393
"log10(RT)",-0.370887006491078,0.111581175353936,-3.32392095095451,0.000887613517691669
