"term","estimate","std.error","statistic","p.value"
"(Intercept)",-3.80213901699944,0.694396712343309,-5.47545653574418,4.36385067705286e-08
"human_impact",-0.293171856574447,0.297263151004799,-0.986236792496742,0.324016928512042
"log10(area)",1.40561871512253,0.115531329384526,12.1665588253051,4.6841699761693e-34
"depth",-4.9234065551427,0.31994175000805,-15.3884466626154,1.95673448503969e-53
"eutro",-0.856147085030298,0.278759220640633,-3.07127808387015,0.00213144538721478
"log10(RT)",-0.296153555990386,0.111196206710777,-2.6633422555563,0.00773686772811192
