"term","estimate","std.error","statistic","p.value"
"(Intercept)",-5.01779104202145,3.66177316593706,-1.37031727926199,0.170587881466593
"human_impact",-2.59081447541204,1.15763420895666,-2.2380251510942,0.0252194150219977
"log10(area)",1.15419239215551,0.487880613389475,2.36572710716446,0.0179947028321083
"log10(depth)",-13.1586485016923,3.16912384817949,-4.15214082253407,3.29379464989792e-05
"eutro",-2.76972548318643,1.43468783479478,-1.93054225178024,0.0535396852775169
"log10(RT)",-0.0252016608817026,0.462053212357097,-0.0545427673863363,0.956502735833678
