"term","estimate","std.error","statistic","p.value"
"(Intercept)",-3.73203582067071,0.696796813297414,-5.35598864611593,8.50898522834157e-08
"human_impact",-0.493924121016987,0.296929508481897,-1.66343898773234,0.0962245942981783
"log10(area)",1.43260892223444,0.116524025506278,12.2945368219987,9.69106546209125e-35
"depth",-5.04799732324753,0.324614496041425,-15.5507452218133,1.57265193181237e-54
"eutro",-0.684387565979071,0.282441972716202,-2.42310857482483,0.0153883266997135
"log10(RT)",-0.339661569266418,0.112511799510358,-3.01889731338932,0.00253696504637557
