"term","estimate","std.error","statistic","p.value"
"(Intercept)",-3.84081546230413,0.681157107013094,-5.63866312596559,1.71375426649153e-08
"human_impact",-0.274259452107209,0.295694221445606,-0.927510354332912,0.353661618276389
"log10(area)",1.42511476547119,0.114184784780569,12.4807763854865,9.50552313069681e-36
"depth",-4.84436343440641,0.310243352857332,-15.6147211206621,5.77972801577015e-55
"eutro",-0.626993315720425,0.275561339588831,-2.27533120812945,0.0228860686661655
"log10(RT)",-0.401169777484069,0.109588694680245,-3.66068579112647,0.000251541078338244
