"term","estimate","std.error","statistic","p.value"
"(Intercept)",-4.11874863034092,0.699212494817511,-5.89055353110628,3.84904160201404e-09
"human_impact",-0.35144041140918,0.297089689680523,-1.18294381668749,0.236831414669403
"log10(area)",1.48429550549876,0.11809103371096,12.5690787763932,3.12342122346747e-36
"depth",-4.9504336552809,0.319426917323935,-15.4978600324424,3.58639642074935e-54
"eutro",-0.548445573598241,0.278204056110444,-1.97137878313505,0.0486805660265828
"log10(RT)",-0.412482439986389,0.111754899256353,-3.69095621517409,0.000223412596539736
