"term","estimate","std.error","statistic","p.value"
"(Intercept)",-3.39373210596481,0.697027307215454,-4.86886535266801,1.12240850409228e-06
"human_impact",-0.408691326697376,0.295666355080732,-1.38227200922398,0.166888197095485
"log10(area)",1.39160026916694,0.116892993807961,11.9049074186015,1.11587082001306e-32
"depth",-4.95596653671531,0.319456683428631,-15.513735644922,2.80097724669745e-54
"eutro",-0.759320040015792,0.280719755036046,-2.70490418431111,0.00683240937692233
"log10(RT)",-0.399654123697146,0.111015485854784,-3.59998535897887,0.000318235098525454
