"term","estimate","std.error","statistic","p.value"
"(Intercept)",-3.29247695186357,0.679905241955689,-4.84255268041918,1.28181636176774e-06
"human_impact",-0.297179211274923,0.293188064200727,-1.01361292481355,0.310767487933522
"log10(area)",1.3407316552762,0.113671994305491,11.7947403269182,4.15480212145586e-32
"depth",-4.94197105311893,0.317436875204434,-15.5683584332672,1.19433174915873e-54
"eutro",-0.924076222198441,0.280506553153141,-3.29431242090785,0.000986627712293642
"log10(RT)",-0.309490368884101,0.109591899022084,-2.82402596949008,0.00474245421153202
