"term","estimate","std.error","statistic","p.value"
"(Intercept)",-3.650000418993,0.696776512494108,-5.23840909322251,1.61966722698118e-07
"human_impact",-0.430978243862743,0.2931915361954,-1.46995458823721,0.141574053539673
"log10(area)",1.44841516519525,0.117465160195641,12.3305937078098,6.19883002753661e-35
"depth",-5.12150752441411,0.325825446420656,-15.7185621340391,1.12855882257614e-55
"eutro",-0.569911784358794,0.276516514828607,-2.06104067495586,0.0392991597598827
"log10(RT)",-0.393439155328423,0.113113765659339,-3.47826060811494,0.000504679002263573
