"estimate","std.error","Adjusted.SE","statistic","p.value","term"
-7.1703064631418,3.66803279295535,3.71761039194172,1.92874069824104,0.0537631,"(Intercept)"
-2.23242582811588,1.26567223571897,1.28277551933342,1.74030903651478,0.0818048,"human_impact"
1.52843165844161,0.548789283111024,0.556205170097289,2.74796377418474,0.0059967,"log10(area)"
-16.6912029343453,3.85227620778113,3.90433505560613,4.27504368775391,1.91e-05,"log10(depth)"
-3.47226716191762,1.46614477142508,1.48595717827876,2.33672087774406,0.0194537,"eutro"
0.00116644283969566,0.497745215671417,0.504528529876821,0.0023119462441112,0.9981553,"log10(RT)"
