"term","estimate","std.error","statistic","p.value"
"(Intercept)",-3.65845815474955,0.685461109305132,-5.33722206130442,9.43814215228145e-08
"human_impact",-0.457188740355553,0.290099731699688,-1.57597091757684,0.115032505691893
"log10(area)",1.35082159289235,0.112679275505515,11.9881991327343,4.0971585140738e-33
"depth",-4.66244197316637,0.310631528920174,-15.0095580747199,6.35698248823859e-51
"eutro",-0.81467655050366,0.279293428482714,-2.91691986785891,0.00353506579061797
"log10(RT)",-0.293917702022971,0.109636833519348,-2.68082990531738,0.0073439834715182
