"estimate","std.error","Adjusted.SE","statistic","p.value","term"
-5.26596670485014,3.45799200467961,3.50473393839166,1.50252966342624,0.1329604,"(Intercept)"
-1.73123095492689,1.10575119794442,1.12069356765298,1.54478530518607,0.1223982,"human_impact"
1.20761008495287,0.497390334200552,0.504111708616921,2.39552080285154,0.0165968,"log10(area)"
-15.242329873072,3.4997795444392,3.54707805210504,4.29715096458797,1.73e-05,"log10(depth)"
-3.38004349694784,1.49197922180502,1.51214075861636,2.23527041228664,0.0253996,"eutro"
0.0111604636156197,0.452394358537506,0.458559627398147,0.0243380859299451,0.9805829,"log10(RT)"
