"estimate","std.error","Adjusted.SE","statistic","p.value","term"
-7.0889926247461,3.8778169634316,3.92770385006718,1.80486943398873,0.07109512,"(Intercept)"
-2.17405337293946,1.22493527721588,1.24150666267612,1.75114112416698,0.0799216,"human_impact"
1.34129132083877,0.539741286744818,0.547046485504414,2.45187814268107,0.01421128,"log10(area)"
-14.539278140273,3.46982241270989,3.51599194319788,4.13518528345922,3.547e-05,"log10(depth)"
-2.77527588206159,1.43364602181508,1.45304799178848,1.9099684922627,0.05613727,"eutro"
0.603929888276367,0.51321063567827,0.52020471394513,1.16094658907698,0.24566362,"log10(RT)"
