"term","estimate","std.error","statistic","p.value"
"(Intercept)",-3.90932786822838,0.701797019102417,-5.57045379478574,2.54076692816833e-08
"human_impact",-0.29431679373156,0.29723099905716,-0.990195486558118,0.322078578210584
"log10(area)",1.45499289745218,0.117496462880467,12.3832910521944,3.21868223868879e-35
"depth",-5.10647812293714,0.323693150684481,-15.7756755499429,4.57477057357026e-56
"eutro",-0.656988876613293,0.280467758769107,-2.34247558256475,0.0191562874066647
"log10(RT)",-0.339002831022424,0.110491153930796,-3.06814454336093,0.0021539240629876
