"term","estimate","std.error","statistic","p.value"
"(Intercept)",-3.40183380185426,0.674462744927172,-5.04376828437216,4.56452014674516e-07
"human_impact",-0.349829488937065,0.293385369596384,-1.19238900500843,0.233108749477703
"log10(area)",1.41530940295104,0.114890832816661,12.3187322108593,7.18143818111957e-35
"depth",-4.98881172087711,0.313276973138084,-15.9246039404185,4.27713374763673e-57
"eutro",-0.710052620280476,0.276265736783534,-2.57017981508446,0.0101645739763335
"log10(RT)",-0.462409167779506,0.111477170723828,-4.14801671747728,3.35367915252832e-05
