"term","estimate","std.error","statistic","p.value"
"(Intercept)",-3.17943482335601,0.503934505540951,-6.30922230646427,2.80441056850675e-10
"human_impact",-2.4275760396598,0.192219773514778,-12.6291691810425,1.4580958196211e-36
"log10(area)",1.83837798414292,0.094487966822431,19.4562127429172,2.58172658388651e-84
"depth",-6.23659155007236,0.256038976778534,-24.3579771663704,4.7721273825497e-131
"eutro",-1.63062487624397,0.188099929644224,-8.66892868768305,4.36205040696163e-18
"log10(RT)",-0.207500002223403,0.0775495045781016,-2.67571022345379,0.00745710895777308
