"estimate","std.error","Adjusted.SE","statistic","p.value","term"
-10.2622884064128,3.75010858788079,3.80052122147751,2.70023183883793,0.0069291,"(Intercept)"
-2.7777089708205,1.26052523107438,1.27755344631934,2.17424091244335,0.029687,"human_impact"
1.93402945007291,0.570906297223214,0.578623336571395,3.34246707285073,0.0008304,"log10(area)"
-13.4660313530383,3.34621282002932,3.39129728720274,3.97076110191022,7.16e-05,"log10(depth)"
-2.24477829505879,1.36911260847029,1.38760966189253,1.61773037238526,0.1057207,"eutro"
-0.252069444163137,0.488349620018149,0.495004890245517,0.509226169539684,0.6105937,"log10(RT)"
