"term","estimate","std.error","statistic","p.value"
"(Intercept)",-3.96303583484674,0.709238692121155,-5.58773213992922,2.30054122115768e-08
"human_impact",-0.443359903708982,0.294588792280681,-1.50501280200284,0.132320785419462
"log10(area)",1.41914916205035,0.118651855835674,11.9606149609306,5.713720108456e-33
"depth",-4.93448476875055,0.322274684272106,-15.3114253447976,6.41427064082543e-53
"eutro",-0.648261914622285,0.276918481261577,-2.34098465248312,0.0192329577143775
"log10(RT)",-0.270488996251967,0.109700003952706,-2.46571546495643,0.0136739907264888
