"term","estimate","std.error","statistic","p.value"
"(Intercept)",-3.75775056183951,0.685707733192931,-5.48010526925503,4.25072849169139e-08
"human_impact",-0.324864105728783,0.29304179121352,-1.10859309309939,0.267605759068301
"log10(area)",1.43980392245126,0.116120334471935,12.3992402278107,2.63813090326118e-35
"depth",-4.88218850856756,0.316035939205675,-15.4482066844627,7.75717784979051e-54
"eutro",-0.783760955416819,0.27662718258281,-2.83327526998253,0.00460736915282599
"log10(RT)",-0.415998186637681,0.111472269640621,-3.7318535630326,0.000190075991094373
