"estimate","std.error","Adjusted.SE","statistic","p.value","term"
-11.9147387062316,3.99886932393591,4.05291340134796,2.93979602482227,0.0032843,"(Intercept)"
-2.44624467172509,1.19104612878004,1.20714104859908,2.02647791205844,0.0427158,"human_impact"
2.2671803967407,0.617322432359492,0.625664527028226,3.62363582846758,0.0002905,"log10(area)"
-19.6247567679082,4.40795344610603,4.46752298247245,4.39276011447563,1.12e-05,"log10(depth)"
-2.88459714578856,1.54935551233777,1.57029276986473,1.83698046704822,0.0662128,"eutro"
-0.0475899054282865,0.541041907736601,0.548415272950203,0.0867771336350214,0.9308487,"log10(RT)"
