"term","estimate","std.error","statistic","p.value"
"(Intercept)",-8.97521314919099,3.74211305988882,-2.39843452230105,0.0164653199796579
"human_impact",-3.1003964681415,1.22837880871293,-2.52397423836222,0.0116036431675121
"log10(area)",1.66163428008454,0.544223641118721,3.05321958573656,0.00226400204687656
"log10(depth)",-12.8525499550789,3.24278528023583,-3.96342922653956,7.3880773117217e-05
"eutro",-1.29996043450799,1.44008636915277,-0.902696159309377,0.366687175396466
