"estimate","std.error","Adjusted.SE","statistic","p.value","term"
-6.08319990049907,3.65529769134865,3.70470004886975,1.64202224748397,0.1005854,"(Intercept)"
-1.89749938229348,1.18648674421594,1.2025200542541,1.57793574883079,0.1145804,"human_impact"
1.38788600231512,0.523521103100932,0.530595551654445,2.61571360330401,0.0089041,"log10(area)"
-16.9471547569103,3.78221134384499,3.83332462719554,4.42100693394936,9.8e-06,"log10(depth)"
-3.83420081286412,1.52902933938623,1.54969145057567,2.47417046241032,0.0133546,"eutro"
-0.0303497062099163,0.460560770353114,0.46683733176973,0.0650113093887841,0.948165,"log10(RT)"
