"term","estimate","std.error","statistic","p.value"
"(Intercept)",-3.80066901493462,0.692595906260026,-5.48757071848431,4.07498896475612e-08
"human_impact",-0.28848000813614,0.294260573877711,-0.980355622687076,0.326910607136178
"log10(area)",1.47041262764818,0.116647425818291,12.6056157461952,1.96630919231965e-36
"depth",-4.86205778652204,0.315836311268705,-15.3942330664619,1.78933430429892e-53
"eutro",-0.669066079114854,0.278504675240539,-2.4023513376822,0.0162900543368421
"log10(RT)",-0.502477227979297,0.111653025263799,-4.50034584188034,6.78429915398512e-06
