"estimate","std.error","Adjusted.SE","statistic","p.value","term"
-7.31286337535392,3.5152084768351,3.56266151462513,2.05264051758321,0.0401075,"(Intercept)"
-1.6995716047221,1.11155036063631,1.12657239842579,1.50862173358498,0.1313955,"human_impact"
1.47819205784441,0.516289608324713,0.523266407283498,2.8249320752661,0.0047291,"log10(area)"
-16.0763571767159,3.58491946313011,3.6333541901693,4.42466006210278,9.7e-06,"log10(depth)"
-2.98032283941505,1.4096280875946,1.42867879549346,2.08606920520974,0.0369724,"eutro"
0.144163895816561,0.456145954925046,0.46236235086088,0.311798518084657,0.7551937,"log10(RT)"
