"term","estimate","std.error","statistic","p.value"
"(Intercept)",-3.03629366075408,0.486378211190601,-6.24265970574949,4.30192160180349e-10
"human_impact",-2.4498701949552,0.189639396601345,-12.9185719785075,3.53643960812278e-38
"log10(area)",1.68837899273643,0.0893733028662007,18.891312490309,1.34460776291231e-79
"depth",-5.67826093999715,0.240765152648181,-23.5842308471215,5.59478326274147e-123
"eutro",-1.41913416329487,0.184868054329857,-7.67647048831231,1.63531706781859e-14
"log10(RT)",-0.166444123126469,0.0754418046908469,-2.20625850360474,0.0273659050790093
