"estimate","std.error","Adjusted.SE","statistic","p.value","term"
-8.31748197979977,3.77463009338058,3.82545002821502,2.17424928268656,0.0296864,"(Intercept)"
-1.83835437034795,1.17149570103713,1.1873299899627,1.54830955664289,0.1215478,"human_impact"
1.75446020756058,0.567963499383607,0.575640495599186,3.04784013802635,0.0023049,"log10(area)"
-18.6376413390617,4.16884451071903,4.22510024447048,4.41117139491623,1.03e-05,"log10(depth)"
-4.34387325662566,1.70223476004973,1.72524142225703,2.51783501171844,0.0118079,"eutro"
0.226562181004281,0.46268884178749,0.468994404742918,0.48308077604566,0.6290384,"log10(RT)"
