"term","estimate","std.error","statistic","p.value"
"(Intercept)",-2.96241635628764,0.490939713155346,-6.03417543316617,1.5977641392214e-09
"human_impact",-2.27485922347363,0.190626462661184,-11.9335961634924,7.9081798459066e-33
"log10(area)",1.7214864850271,0.0901131730292906,19.1036052461225,2.35640183591781e-81
"depth",-5.99237461696465,0.247286588033635,-24.2325095938871,1.01109526711462e-129
"eutro",-1.54447923064731,0.187531764275003,-8.23582733633559,1.78320964635925e-16
"log10(RT)",-0.155888698203228,0.0766490236070082,-2.0337988778891,0.0419718777289417
