"estimate","std.error","Adjusted.SE","statistic","p.value","term"
-5.50190435698465,3.22440016216315,3.2679443445725,1.68359793707086,0.0922594,"(Intercept)"
-1.95169319692127,1.08462624661529,1.09928244040086,1.77542469996117,0.0758278,"human_impact"
1.17263284435429,0.477496398831028,0.48394597938949,2.42306557817381,0.0153901,"log10(area)"
-12.5621014139225,3.16319401525695,3.20593924093989,3.91838412079189,8.91e-05,"log10(depth)"
-2.40464245432155,1.31577411098479,1.33355610490169,1.80318056771883,0.0713599,"eutro"
-0.152336514340579,0.460858335291556,0.467138951948504,0.32610535624392,0.7443446,"log10(RT)"
