"term","estimate","std.error","statistic","p.value"
"(Intercept)",-3.57627971410944,0.676054038963916,-5.28993173325354,1.2236202222346e-07
"human_impact",-0.434700767563168,0.294015754609139,-1.47849481107247,0.139275384950323
"log10(area)",1.37953862470714,0.113231996977981,12.1832932521309,3.81557652853113e-34
"depth",-4.87554265855562,0.316921798095231,-15.3840559023037,2.09408636120143e-53
"eutro",-0.596839222806977,0.276559382923457,-2.15808704986937,0.0309210644190607
"log10(RT)",-0.356217831971191,0.110573860351843,-3.22153744870365,0.00127504798265282
