"estimate","std.error","Adjusted.SE","statistic","p.value","term"
-7.86490686945295,3.38368207176818,3.42920799563089,2.29350534568726,0.0218189,"(Intercept)"
-2.28416576432539,1.30770512751079,1.32537515732818,1.72341072766901,0.0848143,"human_impact"
1.54403823658523,0.495337068754514,0.502031908339892,3.07557788844741,0.002101,"log10(area)"
-13.1040349073272,3.34019336813189,3.38519770496443,3.87098067805906,0.0001084,"log10(depth)"
-2.39274102355134,1.44043581442094,1.45989621879838,1.63898021841632,0.1012174,"eutro"
-0.231700327894485,0.47654325813201,0.483037630253732,0.47967345271377,0.6314596,"log10(RT)"
