"term","estimate","std.error","statistic","p.value"
"(Intercept)",-9.72446038975883,4.39612146942607,-2.21205452519682,0.0269628977068076
"human_impact",-2.76769586407784,1.31735826859457,-2.10094393458399,0.0356458881077058
"log10(area)",1.85499394348933,0.600822783552944,3.08742277135347,0.00201900225918218
"log10(depth)",-22.7646952127686,5.14786392572962,-4.42216335575384,9.77175298037479e-06
"eutro",-5.14632868737439,1.78888285761762,-2.87683940033284,0.00401679971044927
"log10(RT)",0.71841941172557,0.575361147862771,1.24864081350331,0.21179647754024
