"term","estimate","std.error","statistic","p.value"
"(Intercept)",-3.34926749321298,0.687721790759518,-4.87009069396225,1.11547037656647e-06
"human_impact",-0.481411323778835,0.292714657100493,-1.64464372419028,0.100043304386257
"log10(area)",1.36999504188512,0.114080724650246,12.0089966651712,3.18688009692671e-33
"depth",-5.0277391409498,0.318862685634766,-15.7677250034478,5.18852944986207e-56
"eutro",-0.655850222722298,0.279002145533757,-2.35069956708611,0.0187381563862921
"log10(RT)",-0.338996925140991,0.11187980962399,-3.0300098496798,0.00244545763389803
