"term","estimate","std.error","statistic","p.value"
"(Intercept)",-2.68490901993265,0.483237985680926,-5.55608023270226,2.75900091321367e-08
"human_impact",-2.48505731120061,0.190036647437137,-13.0767267509423,4.4729008103075e-39
"log10(area)",1.66096578388453,0.089264560424143,18.6072252637823,2.8078726701933e-77
"depth",-5.80134214520567,0.244339072464075,-23.7429981488476,1.29787181565554e-124
"eutro",-1.51917301795539,0.184768090872571,-8.22205290308011,2.00048902102319e-16
"log10(RT)",-0.158651676191635,0.0757046934615285,-2.09566499694313,0.0361119190049818
