"term","estimate","std.error","statistic","p.value"
"(Intercept)",-10.5025563065818,4.07600211375195,-2.57668078020554,0.0099754027196346
"human_impact",-3.45748914820938,1.32761136956826,-2.6042931142822,0.00920639840726835
"log10(area)",2.01890921532027,0.603226343894743,3.34685186705399,0.000817348747449541
"log10(depth)",-16.934327667508,4.02785158067685,-4.20430776266644,2.61882404497774e-05
"eutro",-3.08085632022115,1.48048404589926,-2.08097907488751,0.0374358214066483
"log10(RT)",0.132673133014601,0.472049237876814,0.281057826957499,0.778666047065348
