"estimate","std.error","Adjusted.SE","statistic","p.value","term"
-9.20189991244217,3.73641587935211,3.78682605778146,2.42997691788177,0.0150998,"(Intercept)"
-2.59138545912534,1.18438976019444,1.20039378801394,2.15877946470616,0.0308673,"human_impact"
1.72110366517477,0.565169799312754,0.572807976669807,3.00467824345067,0.0026586,"log10(area)"
-15.6003206782859,3.70850274873262,3.75860577449872,4.15056050414504,3.32e-05,"log10(depth)"
-1.87677880324406,1.36900543705565,1.38750688852124,1.35262665632188,0.1761749,"eutro"
0.155547530538865,0.468547675769859,0.474933083413951,0.327514624630371,0.7432787,"log10(RT)"
