"term","estimate","std.error","statistic","p.value"
"(Intercept)",-3.62036334550368,0.69425921329085,-5.21471415315158,1.84100904244059e-07
"human_impact",-0.483917412735011,0.297022081308706,-1.6292304282659,0.10326424774587
"log10(area)",1.40911552471769,0.115134887871403,12.2388230949733,1.92808092173604e-34
"depth",-4.95659525776735,0.32198682996599,-15.393782591328,1.80183806747374e-53
"eutro",-0.578543366788932,0.280319178212228,-2.06387365459141,0.0390296972505678
"log10(RT)",-0.371310997868737,0.11040889464496,-3.36305330347484,0.00077085478009364
