"term","estimate","std.error","statistic","p.value"
"(Intercept)",-7.12707013658461,4.19286637643029,-1.69980855498964,0.0891669418306058
"human_impact",-3.6419088834089,1.3011404175747,-2.79901295372666,0.0051259081049825
"log10(area)",1.66364045840448,0.587313227856841,2.83262896099795,0.00461669395377214
"log10(depth)",-23.4316385577924,5.26278612413973,-4.45232582230815,8.49451387715394e-06
"eutro",-5.08580865081276,1.82650077145546,-2.78445469626608,0.00536178107591473
"log10(RT)",0.347787308173886,0.514852129341352,0.675509118742129,0.499352359895619
