"term","estimate","std.error","statistic","p.value"
"(Intercept)",-3.45376808185891,0.70383661317085,-4.90705941866161,9.2452031176605e-07
"human_impact",-0.576140796420923,0.294980838350367,-1.95314651501738,0.0508022365750493
"log10(area)",1.49263315686256,0.121300299714343,12.3052717955161,8.48503168434049e-35
"depth",-5.34573736419509,0.336725381201104,-15.8756591057281,9.34243377191258e-57
"eutro",-0.668624405889357,0.278749407282035,-2.39865767754926,0.0164552901394542
"log10(RT)",-0.439329000225346,0.112902074223624,-3.89123940588702,9.97334662814332e-05
