"term","estimate","std.error","statistic","p.value"
"(Intercept)",-5.47319686587496,3.88670677259465,-1.40818363362699,0.15907670121895
"human_impact",-3.5855328961745,1.41436191969552,-2.53508868292098,0.0112418862160137
"log10(area)",1.18550594800861,0.512747179098362,2.31206722598311,0.0207739789225241
"log10(depth)",-16.4613970796406,3.99164626873729,-4.12396188724606,3.72410543438811e-05
"eutro",-3.01619407220329,1.49077027138585,-2.02324538535328,0.0430478545657922
"log10(RT)",0.300406061875958,0.505193639876344,0.594635478683951,0.552087159199991
