"term","estimate","std.error","statistic","p.value"
"(Intercept)",-10.9008587401304,4.22219114780049,-2.58180133455329,0.00982861454041985
"human_impact",-2.69552011515449,1.24078772714404,-2.17242648052207,0.0298235094528369
"log10(area)",1.9616755494071,0.608872049955702,3.22181901690154,0.00127379568743141
"log10(depth)",-16.7054718819823,3.93059907945933,-4.25010832808727,2.13667153921788e-05
"eutro",-2.84899444383157,1.45186777846711,-1.96229607550046,0.0497280238586023
"log10(RT)",0.374155655093616,0.468349714075283,0.798880929888801,0.424359457663065
