"term","estimate","std.error","statistic","p.value"
"(Intercept)",-4.21182310102432,0.695063883833925,-6.05962012842932,1.36443394800031e-09
"human_impact",-0.250260327902982,0.295414300240192,-0.847150350201403,0.396911323567718
"log10(area)",1.48475315703519,0.117826330468742,12.6012000130062,2.07956273333776e-36
"depth",-5.10042847528982,0.326531912342476,-15.6200000137822,5.3205620717945e-55
"eutro",-0.683884732283248,0.279275289426474,-2.44878354145721,0.0143339560876825
"log10(RT)",-0.309187968085348,0.111469311092965,-2.77374969894168,0.00554142958043194
