"term","estimate","std.error","statistic","p.value"
"(Intercept)",-2.64081286195375,0.498551387043371,-5.2969722491696,1.17738580120899e-07
"human_impact",-2.49106373763479,0.193327679624828,-12.8851892417524,5.4541554409246e-38
"log10(area)",1.73309746892975,0.0924103011362511,18.7543752982088,1.7830033655967e-78
"depth",-6.08177645163947,0.250617730210829,-24.2671436155904,4.35936688675493e-130
"eutro",-1.69485714367917,0.188637897180689,-8.98471181565245,2.59413232691203e-19
"log10(RT)",-0.19708043664941,0.0778869675888789,-2.53033906377875,0.0113952348017336
