"estimate","std.error","Adjusted.SE","statistic","p.value","term"
-4.38350247964501,3.80486535516249,3.85465299542926,1.13719768934917,0.2554557,"(Intercept)"
-1.94535708971808,1.24386859718204,1.26065275288823,1.54313476511367,0.1227981,"human_impact"
1.30736104918179,0.533562205623794,0.540758724606724,2.41764208267299,0.0156214,"log10(area)"
-21.1479515926755,4.74305115875283,4.8062829767636,4.40006376963594,1.08e-05,"log10(depth)"
-6.06344501063967,1.84312630273893,1.86801382590746,3.2459315485495,0.0011707,"eutro"
0.432529782533042,0.561249514549437,0.568898270750306,0.760293719934479,0.447079,"log10(RT)"
