"estimate","std.error","Adjusted.SE","statistic","p.value","term"
-9.20162750982341,4.42277469549829,4.482414986784,2.05282811541403,0.0400893,"(Intercept)"
-2.79291693250092,1.50561017232728,1.52595405733746,1.83027589793503,0.0672087,"human_impact"
1.96582387147459,0.626546239505974,0.635012831843082,3.0957230671527,0.0019633,"log10(area)"
-23.9872928757299,5.15791601125407,5.22757512300196,4.58860797048767,4.5e-06,"log10(depth)"
-4.46547795843932,1.88613158378146,1.91161953301685,2.33596585581654,0.019493,"eutro"
0.161240307839732,0.600197484050605,0.608377026498072,0.265033524963722,0.7909836,"log10(RT)"
