"term","estimate","std.error","statistic","p.value"
"(Intercept)",-2.98138193452341,0.48711882206139,-6.12044084420058,9.33168221930279e-10
"human_impact",-2.23453515310886,0.188687204618234,-11.8425367402625,2.35228699849792e-32
"log10(area)",1.7000650733254,0.0900601193487352,18.8770022249507,1.76313460038595e-79
"depth",-5.8044298339672,0.242391137075643,-23.946543194588,1.00391220021103e-126
"eutro",-1.44051827781486,0.184193719785455,-7.82066988762024,5.25429679354349e-15
"log10(RT)",-0.195687766120805,0.0755522344659356,-2.59009898918391,0.00959483371758581
