"term","estimate","std.error","statistic","p.value"
"(Intercept)",-3.6462008116228,0.705843295303733,-5.16573697856518,2.39493376599994e-07
"human_impact",-0.304503131548605,0.297536998229328,-1.02341266249486,0.306112774910875
"log10(area)",1.45378486399374,0.118444425066421,12.2739830361664,1.24951944779842e-34
"depth",-5.36260087632528,0.333958733347985,-16.057675218026,5.05131728154799e-58
"eutro",-0.793947121865552,0.284068517357667,-2.79491416102934,0.00519134973483799
"log10(RT)",-0.314865495418216,0.110551260257559,-2.84814026257731,0.00439755384309016
