"term","estimate","std.error","statistic","p.value"
"(Intercept)",-3.81316542827658,0.702068655965324,-5.43132839769579,5.59360888170824e-08
"human_impact",-0.168336981201758,0.300702582946729,-0.559812222270067,0.575607526039766
"log10(area)",1.46221251855851,0.11810641060995,12.3804669958815,3.33397189272952e-35
"depth",-5.09251431449296,0.324755701336387,-15.6810620830889,2.03817492556682e-55
"eutro",-0.866993368011462,0.285355766116063,-3.03828928993441,0.00237925429339464
"log10(RT)",-0.412476747650095,0.11224334768074,-3.67484359806628,0.0002379951610377
