"term","estimate","std.error","statistic","p.value"
"(Intercept)",-3.87973777809371,0.685908599208935,-5.65634806527903,1.54627733521757e-08
"human_impact",-0.346970185391413,0.292099841690566,-1.18784790632983,0.234893336482019
"log10(area)",1.39479326049439,0.112944661392629,12.3493509413931,4.91059995980251e-35
"depth",-4.81507213265702,0.317265094720724,-15.1768102220496,5.03687200664908e-52
"eutro",-0.66100941498927,0.277611731760633,-2.38105720819903,0.017263030771619
"log10(RT)",-0.299890476019568,0.109112553430769,-2.74845071983259,0.00598776352044676
