"estimate","std.error","Adjusted.SE","statistic","p.value","term"
-10.0707154204895,4.04886426744189,4.10341551574543,2.4542275530827,0.0141188,"(Intercept)"
-2.26433843595507,1.26170620604605,1.27875567650067,1.77073578445529,0.0766046,"human_impact"
2.01594122668068,0.614876483017327,0.623186220670565,3.23489377623189,0.0012169,"log10(area)"
-17.7914209579457,3.92948835077051,3.9825313077674,4.46736499553584,7.9e-06,"log10(depth)"
-3.6659438288123,1.5033906200446,1.52370913340967,2.40593414348634,0.0161312,"eutro"
0.180483616562783,0.495705482832664,0.502460999385164,0.359199254834966,0.719446,"log10(RT)"
