"term","estimate","std.error","statistic","p.value"
"(Intercept)",-9.33003044134744,4.11066104321629,-2.2697153434104,0.0232248598555619
"human_impact",-2.73003653393009,1.3438534949059,-2.03149863008039,0.0422044383666257
"log10(area)",1.74524607084794,0.587061007913902,2.9728529868635,0.00295045732927783
"log10(depth)",-19.8525305069356,4.3905920239011,-4.52160674434433,6.13719979071277e-06
"eutro",-3.76872290329104,1.63950902728727,-2.29868993739349,0.0215225523386178
"log10(RT)",0.419423154023255,0.486045191366977,0.86293036423969,0.38817575479113
