"term","estimate","std.error","statistic","p.value"
"(Intercept)",-3.4700112002969,0.504850008436866,-6.87335078202904,6.2711103153951e-12
"human_impact",-2.40523327367551,0.194408227258949,-12.3720755422134,3.7013170325814e-35
"log10(area)",1.92484424133223,0.0952294124579754,20.212707310167,7.56807971904078e-91
"depth",-6.540490469864,0.261634556841043,-24.9985726229495,6.33583953778442e-138
"eutro",-1.64154999399202,0.190981048269302,-8.59535544949613,8.30074536353715e-18
"log10(RT)",-0.191510815195246,0.07867955480754,-2.43406073742671,0.0149304895170204
