"term","estimate","std.error","statistic","p.value"
"(Intercept)",-3.92473825248301,0.692074339428403,-5.67097785437981,1.41984752998631e-08
"human_impact",-0.519533896328055,0.292613159633653,-1.77549737331876,0.075815798878255
"log10(area)",1.48033314013539,0.117166569259563,12.634432752366,1.36374056587351e-36
"depth",-5.00519993223111,0.323767188926032,-15.4592562292487,6.53487192839653e-54
"eutro",-0.555556301400042,0.279715786789504,-1.98614567942894,0.0470171504055454
"log10(RT)",-0.399409024494263,0.110073383457312,-3.6285704313719,0.000284995002498737
