"estimate","std.error","Adjusted.SE","statistic","p.value","term"
-10.5344731505055,3.81654174917088,3.86556973292354,2.72520582432703,0.0064261,"(Intercept)"
-1.4019800673457,1.14861531907305,1.16409446654061,1.20435248825813,0.2284534,"human_impact"
1.88505070595513,0.55231802121811,0.559703814019213,3.36794329203985,0.0007573,"log10(area)"
-16.1650757508052,3.67447655763047,3.72345792290941,4.34141491202195,1.42e-05,"log10(depth)"
-2.8041354882663,1.4304033014104,1.44912890659314,1.93504903222085,0.0529843,"eutro"
0.328636224834774,0.50033139415536,0.507074037496587,0.6481030392667,0.5169183,"log10(RT)"
