"term","estimate","std.error","statistic","p.value"
"(Intercept)",-3.23278418530569,0.493829882226694,-6.54635189496627,5.89595629375355e-11
"human_impact",-2.40531019795798,0.191261225432469,-12.5760471968076,2.8598540357784e-36
"log10(area)",1.74087992979499,0.0910334085202481,19.1235279233533,1.60850582627171e-81
"depth",-5.8429933691586,0.244160296117922,-23.9309726522309,1.45833036189311e-126
"eutro",-1.34034817820541,0.183764576639545,-7.29383324423027,3.01258276321985e-13
"log10(RT)",-0.184012862332147,0.0762946891188067,-2.41186987531466,0.0158709447138578
