"estimate","std.error","Adjusted.SE","statistic","p.value","term"
-8.91005244333181,3.92397010208164,3.97649285577615,2.24068111436169,0.0250467,"(Intercept)"
-1.86901943651164,1.29770193720866,1.31523560732765,1.42105294754693,0.1553014,"human_impact"
1.90367978614664,0.586488826929147,0.594414609342556,3.20261271547847,0.0013619,"log10(area)"
-22.2285901561016,4.74398634411581,4.80788697962637,4.6233595444935,3.8e-06,"log10(depth)"
-4.9163512256051,1.79872390056307,1.8230388983536,2.69678898790646,0.0070012,"eutro"
0.296350252526355,0.545165000769994,0.552594555846729,0.536288766132094,0.591759,"log10(RT)"
