"term","estimate","std.error","statistic","p.value"
"(Intercept)",-2.8108302474391,0.496184817277836,-5.66488564253104,1.47122622444265e-08
"human_impact",-2.51816352183827,0.192638834273021,-13.0719412383349,4.76342239387871e-39
"log10(area)",1.73294056132939,0.0918811875564383,18.860667862667,2.40167045654772e-79
"depth",-5.9818970555536,0.248633981424857,-24.0590486516481,6.71241078834681e-128
"eutro",-1.54472779357634,0.187000429634077,-8.26055745753672,1.44993706069686e-16
"log10(RT)",-0.201205173803186,0.0766668342450907,-2.62440957402738,0.00867993374943409
