"term","estimate","std.error","statistic","p.value"
"(Intercept)",-2.95023741345536,0.492915333790164,-5.98528228117831,2.16014895279599e-09
"human_impact",-2.44710412234472,0.192915547711679,-12.6848465630257,7.17542301982024e-37
"log10(area)",1.73893985416433,0.0915923829124208,18.9856383125994,2.24195199136193e-80
"depth",-5.99901925484801,0.247325251626836,-24.2555873910495,5.77288145806156e-130
"eutro",-1.39074443193176,0.184812167566994,-7.52517786161245,5.26486053500826e-14
"log10(RT)",-0.203622271218803,0.0771242122520712,-2.64018607481251,0.00828605188201635
