"term","estimate","std.error","statistic","p.value"
"(Intercept)",-3.85284018407979,0.696067092705831,-5.53515634405671,3.10950855033688e-08
"human_impact",-0.331135465607058,0.293883817261013,-1.12675637839888,0.259845498356133
"log10(area)",1.38790353563539,0.114513948520477,12.1199517924859,8.28078327572047e-34
"depth",-4.9195855516822,0.315364832018637,-15.5996644273623,7.31777489011416e-55
"eutro",-0.622971827049674,0.277642323658843,-2.2437927288606,0.0248457404626567
"log10(RT)",-0.266025578669911,0.110021103692723,-2.4179504635119,0.015608201484486
