"term","estimate","std.error","statistic","p.value"
"(Intercept)",-3.56998947184535,0.680163179478747,-5.24872498182166,1.53155516587108e-07
"human_impact",-0.198207208271402,0.296335061814592,-0.668861818300171,0.503583628310345
"log10(area)",1.39078417493792,0.114153406406411,12.183466255807,3.80748928099821e-34
"depth",-4.88595045229221,0.316527830055162,-15.4360848821436,9.36129615870868e-54
"eutro",-0.749641397544881,0.274295571176262,-2.73296938164256,0.00627661668279624
"log10(RT)",-0.407345723095269,0.114567771070353,-3.55550011394678,0.000377260781385839
