"term","estimate","std.error","statistic","p.value"
"(Intercept)",-3.54806904453469,0.684592307741111,-5.18274746066304,2.18640990437654e-07
"human_impact",-0.325594769452592,0.294575493781215,-1.10530161648279,0.269028917728198
"log10(area)",1.34678617387135,0.113664670867663,11.8487667591927,2.18380926335594e-32
"depth",-4.59602936412041,0.304784642323287,-15.0795962981802,2.20613744174848e-51
"eutro",-0.721252247514532,0.273038641713049,-2.64157572345579,0.00825213579700701
"log10(RT)",-0.399457722115895,0.107220201439374,-3.72558264910333,0.00019486458977463
