"estimate","std.error","Adjusted.SE","statistic","p.value","term"
-4.18064159930835,3.23147675990312,3.27508692842518,1.27649790392544,0.2017796,"(Intercept)"
-1.72292602625908,1.07590232894802,1.09044087521446,1.58002700139082,0.1141007,"human_impact"
1.01246539880165,0.461941621141193,0.468184001011814,2.16253737123346,0.0305768,"log10(area)"
-12.0578112154465,3.09521088382109,3.13700096223775,3.84373844974697,0.0001212,"log10(depth)"
-3.17362587913364,1.36824451383937,1.38673287232286,2.28856324276616,0.0221047,"eutro"
-0.105439003088101,0.421322414074509,0.427064231828783,0.246892610595339,0.8049913,"log10(RT)"
