"term","estimate","std.error","statistic","p.value"
"(Intercept)",-2.6970390529159,0.491140897900083,-5.49137541680471,3.98815599489309e-08
"human_impact",-2.56057183195983,0.193509850658185,-13.232255739181,5.71461542178028e-40
"log10(area)",1.72340564104844,0.0908600621130155,18.9676916454756,3.15457992937099e-80
"depth",-6.0973099696176,0.252323464977323,-24.1646569420944,5.2370937095708e-129
"eutro",-1.58225003082846,0.188117727258645,-8.41095655303663,4.06680359172111e-17
"log10(RT)",-0.161814658898985,0.0776817644857846,-2.0830456152756,0.0372470658708985
