"estimate","std.error","Adjusted.SE","statistic","p.value","term"
-6.74978682563096,3.49469426255383,3.53931262040076,1.90708975147459,0.056509,"(Intercept)"
-1.50490675951646,1.07269807200701,1.08719396200223,1.38421184454055,0.1662936,"human_impact"
1.29507986662095,0.49304107010438,0.499546340990916,2.59251196606102,0.0095278,"log10(area)"
-11.9939636737139,3.022683979207,3.06279287378565,3.91602180361912,9e-05,"log10(depth)"
-2.68210921707013,1.37622214669331,1.39437972668057,1.92351420904197,0.0544155,"eutro"
0.220171332752666,0.40935004718837,0.414884827531451,0.530680608550273,0.5956401,"log10(RT)"
