"estimate","std.error","Adjusted.SE","statistic","p.value","term"
-7.58414207802421,3.53153119468569,3.57801600185376,2.1196501284776,0.0340356,"(Intercept)"
-1.71130678474592,1.16050978577348,1.17620522203148,1.45493894491493,0.1456862,"human_impact"
1.57294162693311,0.518784231805283,0.525589039202386,2.99272151740483,0.002765,"log10(area)"
-15.0591833413141,3.56072920434796,3.60834505968233,4.17343216688923,3e-05,"log10(depth)"
-2.8362091257338,1.50229117171252,1.52191546373153,1.86357862399256,0.0623809,"eutro"
-0.427220510732807,0.499402891790669,0.506171488381258,0.844023261956264,0.3986564,"log10(RT)"
