"term","estimate","std.error","statistic","p.value"
"(Intercept)",-3.94520890167263,0.718028505277528,-5.49450178185858,3.9181497081276e-08
"human_impact",-0.45797498383354,0.300679123345247,-1.52313529033302,0.127724861342661
"log10(area)",1.4751625222224,0.119905519554091,12.3027073958587,8.75882473273866e-35
"depth",-5.16491693561707,0.331576663062663,-15.5768409269532,1.04597769450234e-54
"eutro",-0.733949354540248,0.283530805667059,-2.5886053291934,0.00963654708471019
"log10(RT)",-0.295030556098679,0.110705843993619,-2.66499531962997,0.00769893942807087
