"estimate","std.error","Adjusted.SE","statistic","p.value","term"
-6.46220609628995,3.90957796918174,3.96241066685606,1.63087742276278,0.1029162,"(Intercept)"
-2.88111379102353,1.17689538983763,1.19279909838173,2.41542250906488,0.015717,"human_impact"
1.41985461216582,0.554903549295981,0.562402166742235,2.52462507459824,0.0115822,"log10(area)"
-16.1097447021455,3.86778506530471,3.9200528286866,4.10957336703623,3.96e-05,"log10(depth)"
-2.89896774883163,1.64467272156781,1.66689782156484,1.73913944293847,0.0820102,"eutro"
0.0496816215755114,0.483609543865311,0.49020021593103,0.101349652572372,0.9192729,"log10(RT)"
