"term","estimate","std.error","statistic","p.value"
"(Intercept)",-2.81960755099246,0.489005561655039,-5.76600303164141,8.11735995498443e-09
"human_impact",-2.32939446649369,0.191498549305926,-12.1640319205364,4.83139030555187e-34
"log10(area)",1.74253498618644,0.0909729464057563,19.1544305755956,8.8892227476868e-82
"depth",-6.11711788314233,0.249929544096114,-24.4753692696286,2.70272571252794e-132
"eutro",-1.54903256801945,0.186386377681377,-8.3108679254848,9.50046189039424e-17
"log10(RT)",-0.191965216625414,0.0774709786011999,-2.47789843489135,0.0132158759310988
