"term","estimate","std.error","statistic","p.value"
"(Intercept)",-3.91861127614878,0.711138091436514,-5.51033803889355,3.58145220220494e-08
"human_impact",-0.41543671376524,0.296069268017267,-1.40317404959778,0.160564943949563
"log10(area)",1.45711357032841,0.11827416626242,12.3197957455515,7.087356862387e-35
"depth",-5.04320447771258,0.324859710074046,-15.5242534587101,2.37754930815669e-54
"eutro",-0.592579885579394,0.279985021979437,-2.11646995039225,0.0343048582940987
"log10(RT)",-0.347441337855486,0.110837348979645,-3.13469548896637,0.00172032586993357
