"term","estimate","std.error","statistic","p.value"
"(Intercept)",-2.62357690181296,0.497051785689004,-5.27827678594134,1.30404388983508e-07
"human_impact",-2.44734815700455,0.192380190320963,-12.7214145745539,4.49645563316624e-37
"log10(area)",1.71678601520398,0.0907987344956716,18.9075984895562,9.87527304372307e-80
"depth",-6.08688037919079,0.249625744235657,-24.3840249643663,2.52670492053475e-131
"eutro",-1.56733123918574,0.189084214744127,-8.28906443251591,1.14142703393151e-16
"log10(RT)",-0.202179185343738,0.0779908640880113,-2.59234447147018,0.00953242715596675
