"term","estimate","std.error","statistic","p.value"
"(Intercept)",-8.07661933981299,4.17053123678789,-1.9365924581909,0.0527951806005126
"human_impact",-3.57627875465694,1.4412854957649,-2.48131183250338,0.0130899802320733
"log10(area)",1.78657419552284,0.584027629204091,3.05905766471626,0.00222034407389182
"log10(depth)",-24.3897889631937,5.44472838647803,-4.47952353762324,7.48098408315283e-06
"eutro",-5.10896792503887,1.79474419642862,-2.84662735514357,0.00441850514061974
"log10(RT)",0.321299679178033,0.538430041354444,0.596734309938928,0.550684781817421
