"term","estimate","std.error","statistic","p.value"
"(Intercept)",-2.84393542568483,0.489035348899211,-5.81539848210638,6.04896147140817e-09
"human_impact",-2.45503387404653,0.190974318692434,-12.8553089800539,8.0304344434707e-38
"log10(area)",1.71572466062205,0.0904210451715432,18.9748377423314,2.75360299016113e-80
"depth",-6.00262435763352,0.247236394072608,-24.2788865294269,3.27660805108118e-130
"eutro",-1.43736980420851,0.186439267751366,-7.70958726423114,1.2622528833973e-14
"log10(RT)",-0.165131835366221,0.076908150211889,-2.14713050452088,0.0317828934011146
