"estimate","std.error","Adjusted.SE","statistic","p.value","term"
-6.95815499915437,3.56744565046133,3.61566176790988,1.92444853689307,0.0542984,"(Intercept)"
-2.40636969688018,1.14769165640658,1.16320070847712,2.06874847938378,0.0385697,"human_impact"
1.42658353481397,0.499844999883603,0.506599499253206,2.81599870690148,0.0048626,"log10(area)"
-14.7505096427094,3.44906956950898,3.49567873332093,4.21964109633618,2.45e-05,"log10(depth)"
-2.40157257888277,1.47065696428031,1.4905304157764,1.61122010893808,0.1071318,"eutro"
-0.0357183340532755,0.488648121506765,0.495307459737851,0.0721134587235573,0.9425116,"log10(RT)"
