"term","estimate","std.error","statistic","p.value"
"(Intercept)",-6.5244093519204,3.60990842315623,-1.80736145827654,0.0707059392335329
"human_impact",-2.95075779769996,1.32843258412781,-2.22123262629642,0.0263352094589259
"log10(area)",1.25974876104554,0.513172939321215,2.45482305187766,0.0140953951474443
"log10(depth)",-15.538695244181,3.62942971079357,-4.28130491078816,1.85800569142333e-05
"eutro",-2.94398676721434,1.44506671366744,-2.03726702675392,0.0416232902253676
"log10(RT)",0.355266446913838,0.506716521504033,0.701114788717246,0.483231381834303
