"term","estimate","std.error","statistic","p.value"
"(Intercept)",-10.7353257706682,4.31042403694418,-2.49054981102946,0.0127545615974966
"human_impact",-2.62635459306445,1.25590175691901,-2.09121022292974,0.0365092233277005
"log10(area)",2.03212882285053,0.61839904514402,3.28611248482324,0.00101580436488369
"log10(depth)",-24.2268398648502,5.17819064896545,-4.67863033773978,2.88797567388083e-06
"eutro",-4.57134431763296,1.72083716267413,-2.65646536278263,0.00789645623625859
"log10(RT)",0.482642557749353,0.505145338566969,0.955452858614011,0.339348734091381
