"term","estimate","std.error","statistic","p.value"
"(Intercept)",-3.57217835823954,0.696850851492237,-5.12617348545972,2.95690161575927e-07
"human_impact",-0.344350410850405,0.293848027782413,-1.17186565262704,0.241250998948152
"log10(area)",1.38226812723494,0.116181519777942,11.8974870519586,1.21964683895136e-32
"depth",-5.04670411522092,0.322904941374164,-15.6290705671583,4.61485246000015e-55
"eutro",-0.945358026799528,0.27736076172297,-3.40840579225031,0.000653436435550896
"log10(RT)",-0.24579058879284,0.108757903710309,-2.25997909492201,0.0238225483176698
