"estimate","std.error","Adjusted.SE","statistic","p.value","term"
-6.01068252088644,3.29748394069472,3.3418453460194,1.79861181429176,0.0720801,"(Intercept)"
-1.9896824104727,1.11319253897096,1.12823636936983,1.76353330249761,0.0778106,"human_impact"
1.23901337892023,0.48231115953339,0.488828974705795,2.53465617431114,0.0112558,"log10(area)"
-14.3592928771123,3.51224023705916,3.55958630177901,4.03397801310107,5.48e-05,"log10(depth)"
-2.80909475466759,1.40384785881855,1.42281864219937,1.97431680423117,0.0483457,"eutro"
0.177537672051306,0.505174605686148,0.512059168251632,0.346713198510806,0.7288068,"log10(RT)"
