"estimate","std.error","Adjusted.SE","statistic","p.value","term"
-4.4405843766472,3.60152799261455,3.65014159283767,1.21655126621952,0.223775,"(Intercept)"
-2.01713607647169,1.15957263948757,1.17524293145314,1.71635669740006,0.0860968,"human_impact"
1.21795997949692,0.522992595786321,0.530060272510009,2.29777639008764,0.0215745,"log10(area)"
-17.5359491233491,3.99566292747708,4.04963199513394,4.33025745164509,1.49e-05,"log10(depth)"
-4.8788063503973,1.63942030049682,1.6615744870785,2.93625497282133,0.003322,"eutro"
0.114943104562792,0.50074808107232,0.507572318583242,0.226456605993853,0.8208463,"log10(RT)"
