"term","estimate","std.error","statistic","p.value"
"(Intercept)",-3.47430896380959,0.70007168163131,-4.96279031843389,6.94875875236646e-07
"human_impact",-0.495090534708997,0.295626661962406,-1.67471543812228,0.093990076951563
"log10(area)",1.428228034623,0.117278162875689,12.1781242100191,4.06524169011861e-34
"depth",-5.10058889071832,0.323911525484869,-15.7468582912669,7.21792115677703e-56
"eutro",-0.787778862140492,0.283149393337921,-2.78220218964173,0.0053991391997438
"log10(RT)",-0.386117967162569,0.114186760555767,-3.38146003339849,0.00072101720706579
