"term","estimate","std.error","statistic","p.value"
"(Intercept)",-3.14480819883047,0.495390639941706,-6.34813810612273,2.17936398217158e-10
"human_impact",-2.44730457658281,0.193525985882996,-12.6458706070741,1.1791115454423e-36
"log10(area)",1.82646625840941,0.0937952828067566,19.4729010218182,1.86409473691561e-84
"depth",-6.17542195418905,0.253659232246102,-24.3453467059209,6.49402053102716e-131
"eutro",-1.6575981651647,0.187316790305618,-8.84917023434066,8.81723908522606e-19
"log10(RT)",-0.202663046156841,0.0769023603777255,-2.63532933399457,0.00840556839282453
