"term","estimate","std.error","statistic","p.value"
"(Intercept)",-4.15219990892991,0.700291688196181,-5.92924345514536,3.04333585450275e-09
"human_impact",-0.224414036750591,0.29517425793841,-0.760276449301404,0.447089356099744
"log10(area)",1.50550826834772,0.118967281221757,12.6548093970596,1.05230653715697e-36
"depth",-5.19455589366976,0.325292958360049,-15.9688544131355,2.10618721881674e-57
"eutro",-0.647580342097965,0.279529792654842,-2.31667736003219,0.020521313755107
"log10(RT)",-0.351704776501803,0.11186070102052,-3.14413170392421,0.00166580449314927
