"term","estimate","std.error","statistic","p.value"
"(Intercept)",-2.92390762632835,0.494271952612882,-5.9155847522232,3.30698568726718e-09
"human_impact",-2.64745126897011,0.193866899893573,-13.656025192663,1.85855153873426e-42
"log10(area)",1.75018490105009,0.0916713980622027,19.0919407584743,2.94617883407395e-81
"depth",-6.05423268143081,0.251408802659922,-24.0812279338536,3.93213088638543e-128
"eutro",-1.47938124060385,0.187393965540769,-7.89449775682345,2.91486638179242e-15
"log10(RT)",-0.164584927432588,0.0771135570239108,-2.134318967825,0.0328166796377905
