"term","estimate","std.error","statistic","p.value"
"(Intercept)",-4.49712629930607,0.726879430771617,-6.18689442695078,6.13610292053105e-10
"human_impact",-0.325376691312745,0.295764248406456,-1.10012177964658,0.271279065524375
"log10(area)",1.51352503255362,0.121581064517691,12.4486904153844,1.42158579601063e-35
"depth",-5.17756314315247,0.331490451088115,-15.6190415927733,5.40113920227252e-55
"eutro",-0.627538764347806,0.280861269534367,-2.2343371351564,0.0254608986718467
"log10(RT)",-0.234564940640949,0.110636446656468,-2.12014166876929,0.0339940998482718
