"estimate","std.error","Adjusted.SE","statistic","p.value","term"
-5.21672223623375,3.26727839904768,3.31135186301017,1.57540559023876,0.1151629,"(Intercept)"
-1.71221892920381,0.991674021489575,1.00507288051961,1.70357688719908,0.0884602,"human_impact"
1.15841482939573,0.467653654736241,0.473973669657914,2.4440489072564,0.0145235,"log10(area)"
-11.7791865310812,3.10694361106298,3.14890018009468,3.74073036850824,0.0001835,"log10(depth)"
-2.75490171055037,1.37315245524628,1.391707005247,1.9795127136415,0.0477583,"eutro"
-0.137262953239737,0.462963581451101,0.469272888582072,0.292501349597423,0.7699033,"log10(RT)"
