"term","estimate","std.error","statistic","p.value"
"(Intercept)",-4.04704982354425,0.698946544854456,-5.79021364843714,7.02969485489819e-09
"human_impact",-0.310292985139305,0.29826919935641,-1.04031185857889,0.298195036530125
"log10(area)",1.50099797796586,0.11921213462004,12.5909831473946,2.36706648804995e-36
"depth",-5.25655166046258,0.332049252681492,-15.8306384309341,1.91270572951424e-56
"eutro",-0.483577067289968,0.279093074372458,-1.73267311765902,0.0831537851803234
"log10(RT)",-0.35800481180626,0.112053950802793,-3.19493252349776,0.00139863536592196
