"estimate","std.error","Adjusted.SE","statistic","p.value","term"
-12.3952055202164,4.30312578809459,4.36120666750894,2.84215045633147,0.004481,"(Intercept)"
-2.67513855019079,1.28851625481598,1.30592892875065,2.04845645983969,0.0405153,"human_impact"
2.38986604726822,0.654506856166205,0.663351130958508,3.60271647357408,0.0003149,"log10(area)"
-22.1507342926303,4.79698307344885,4.86176234803807,4.55611210646054,5.2e-06,"log10(depth)"
-3.23685751113685,1.7199593477432,1.74320036231188,1.85684765854686,0.0633328,"eutro"
-0.12612274698193,0.612716993828322,0.621067153221661,0.203074251033392,0.839077,"log10(RT)"
