"term","estimate","std.error","statistic","p.value"
"(Intercept)",-6.381996407369,3.7187986554047,-1.71614464743709,0.0861355712611254
"human_impact",-2.64753491379911,1.12493852549179,-2.35349297210857,0.0185979594307757
"log10(area)",1.39407295909244,0.511631096092912,2.7247619813149,0.00643478571620004
"log10(depth)",-14.9202431224532,3.54081790716075,-4.2137843610312,2.5112706183987e-05
"eutro",-3.53501069324286,1.50143209060658,-2.3544259612932,0.0185513389551672
"log10(RT)",0.172738089751598,0.475039008116744,0.363629274228246,0.716134863501397
