"term","estimate","std.error","statistic","p.value"
"(Intercept)",-3.64593290718527,0.695226154045933,-5.24424014540798,1.56927699331343e-07
"human_impact",-0.372704124633542,0.293307436930703,-1.27069442402716,0.203837380042401
"log10(area)",1.42527217263601,0.1159598850936,12.2910795529468,1.01146165251748e-34
"depth",-5.06579155586881,0.322600036438267,-15.7030098688107,1.44233279341153e-55
"eutro",-0.867998028909454,0.281048769476832,-3.08842493964737,0.00201220517746126
"log10(RT)",-0.324222077455372,0.110366611620325,-2.93768262607114,0.00330675347591716
