"term","estimate","std.error","statistic","p.value"
"(Intercept)",-3.99478550851708,0.697766288435806,-5.72510534647963,1.03369576712751e-08
"human_impact",-0.205037468369897,0.297100655781854,-0.690127956231928,0.490113723920876
"log10(area)",1.44708582536025,0.116154308466415,12.4583052016418,1.26020307833029e-35
"depth",-5.04135061409269,0.322401876798729,-15.636852564726,4.08421861113121e-55
"eutro",-0.697747990156307,0.281354063080693,-2.47996415092179,0.0131395592472221
"log10(RT)",-0.337313811790945,0.110610121969259,-3.04957453970346,0.00229165757125223
