"estimate","std.error","Adjusted.SE","statistic","p.value","term"
-5.63480447878721,3.13679014208753,3.17917561489787,1.77241057473581,0.0763264,"(Intercept)"
-1.72786148311034,1.02621739265537,1.04008495585163,1.66126956590344,0.0966593,"human_impact"
1.09476546469891,0.465131849436669,0.471417381047592,2.32228489807929,0.0202176,"log10(area)"
-11.3504203460466,2.93297115310421,2.97260381296354,3.81834279312545,0.0001344,"log10(depth)"
-1.83985156715373,1.25449973662285,1.27145220830179,1.44704736453376,0.1478837,"eutro"
0.053267362905293,0.42373708756615,0.42951181269649,0.124018388623304,0.9013007,"log10(RT)"
