"term","estimate","std.error","statistic","p.value"
"(Intercept)",-3.30424290612021,0.678884493971802,-4.8671650854607,1.13210458013807e-06
"human_impact",-0.490717120971718,0.291057920110709,-1.68597755658072,0.0918001222616961
"log10(area)",1.30992911508237,0.111198060087604,11.7801435928863,4.940883059051e-32
"depth",-4.75274532666584,0.313115655282211,-15.1788811785287,4.88035182028432e-52
"eutro",-0.724599252499633,0.275612089249971,-2.62905467779553,0.00856225927611651
"log10(RT)",-0.30944948663876,0.107454623480102,-2.87981546644257,0.00397907993371096
