"estimate","std.error","Adjusted.SE","statistic","p.value","term"
-6.16993665462741,3.40495763862634,3.45076247646572,1.78799227611478,0.0737773,"(Intercept)"
-1.63754898139448,1.16581960359137,1.18157647699466,1.38590181277101,0.1657769,"human_impact"
1.30909466197853,0.501760604634621,0.508542189655837,2.57421053475324,0.0100469,"log10(area)"
-15.6528337674006,3.58052200939465,3.62879078617694,4.31351232124665,1.61e-05,"log10(depth)"
-3.32153190445073,1.46310921273375,1.48288204015614,2.23991646975573,0.0250963,"eutro"
0.19875478687933,0.467817206901299,0.474192659653417,0.41914353339969,0.6751112,"log10(RT)"
