"term","estimate","std.error","statistic","p.value"
"(Intercept)",-3.82979246658979,0.703165417220549,-5.44650287513865,5.13697732309854e-08
"human_impact",-0.334549373006553,0.297596618267722,-1.12417061374531,0.26094065340399
"log10(area)",1.49781131376944,0.118085080903787,12.6841706192319,7.23759072660004e-37
"depth",-5.21069120884889,0.326891807018152,-15.9401095315905,3.33768281188753e-57
"eutro",-0.748957143846519,0.28344506738736,-2.6423361350049,0.00823362964858256
"log10(RT)",-0.412779447632395,0.112734326290175,-3.66152405585779,0.000250719314035045
