"estimate","std.error","Adjusted.SE","statistic","p.value","term"
-9.60544125716624,3.93598352519226,3.98917451262642,2.40787692460266,0.0160456,"(Intercept)"
-2.00941777835792,1.25602813581133,1.27300129658987,1.57848839882627,0.1144535,"human_impact"
1.88577724109199,0.589110888002009,0.597071694203773,3.15837655577824,0.0015865,"log10(area)"
-22.393915185653,4.73486598722076,4.79885073071569,4.66651630614757,3.1e-06,"log10(depth)"
-3.38349134500673,1.64458653010489,1.66681024605499,2.02991993420654,0.0423647,"eutro"
-0.0494673303389708,0.533390660192927,0.540659753553144,0.0914943825832754,0.9270998,"log10(RT)"
