"term","estimate","std.error","statistic","p.value"
"(Intercept)",-3.76043096019713,0.69654986172846,-5.39865294189532,6.71431160694055e-08
"human_impact",-0.492737448078605,0.293246667688667,-1.68028319626715,0.0929022288824732
"log10(area)",1.46049996253754,0.117855185062379,12.392326750533,2.87576675738789e-35
"depth",-4.96140951954455,0.321940469288018,-15.410953243986,1.3815871997167e-53
"eutro",-0.653419005635447,0.279870598110188,-2.33471829498213,0.0195581418915913
"log10(RT)",-0.414048637212506,0.111258645785045,-3.72149628724101,0.000198045778199896
