"term","estimate","std.error","statistic","p.value"
"(Intercept)",-3.62927694462972,0.697604118808985,-5.20248783912853,1.96638230469477e-07
"human_impact",-0.535733933796203,0.296856556692646,-1.80468957723201,0.0711232717264152
"log10(area)",1.403374690335,0.116230080922462,12.0741092081937,1.44722956051302e-33
"depth",-5.04847705642537,0.322756051356202,-15.6417735165986,3.78050647942819e-55
"eutro",-0.566314872947077,0.280002303848186,-2.02253647617888,0.0431209592371034
"log10(RT)",-0.315377874751174,0.109419431322379,-2.88228398685409,0.00394803731791058
