"estimate","std.error","Adjusted.SE","statistic","p.value","term"
-7.19203263378674,3.39548323539134,3.44112503295501,2.09002363032728,0.0366157,"(Intercept)"
-1.82006636085984,1.10396613664598,1.11888634980985,1.62667670507301,0.1038058,"human_impact"
1.50733993623819,0.507988817194698,0.514855177642582,2.92769695575365,0.0034148,"log10(area)"
-13.748109060056,3.42788601122733,3.47406122678988,3.95735945988481,7.58e-05,"log10(depth)"
-3.21012747839269,1.47573952650711,1.49568656996697,2.14625680463493,0.0318525,"eutro"
-0.240593437496071,0.445952193665317,0.45202966815423,0.532251430483501,0.5945519,"log10(RT)"
