"term","estimate","std.error","statistic","p.value"
"(Intercept)",-2.73736394063482,0.498178461062664,-5.49474566763837,3.91273894984347e-08
"human_impact",-2.37114597340729,0.19106110964702,-12.4104061668432,2.29485665764786e-35
"log10(area)",1.721646254031,0.0910878056643785,18.9009521249701,1.12012827802235e-79
"depth",-6.04010793209125,0.248527852034229,-24.3035453879807,1.79823094843892e-130
"eutro",-1.57066855251144,0.186717175803694,-8.41201965352542,4.03010339610185e-17
"log10(RT)",-0.196228913725789,0.0767649865900228,-2.55622937542847,0.0105813342687541
