"term","estimate","std.error","statistic","p.value"
"(Intercept)",-3.71606179097537,0.693224572298267,-5.36054539823279,8.29710720658146e-08
"human_impact",-0.439839948714395,0.295905876626994,-1.48641843050937,0.137168477802907
"log10(area)",1.44041531820176,0.116914233969323,12.3202733259982,7.04550902186086e-35
"depth",-4.90034518679467,0.316691445612608,-15.4735634785317,5.23283654822941e-54
"eutro",-0.631874823760303,0.279787512078471,-2.25840967334912,0.0239201301997177
"log10(RT)",-0.427215239743117,0.113342960214032,-3.76922606341303,0.00016375452306452
