"term","estimate","std.error","statistic","p.value"
"(Intercept)",-3.51011825635428,0.681904100000636,-5.14752478589145,2.63946137092437e-07
"human_impact",-0.545578540711628,0.288896455447003,-1.88849163921886,0.0589599792868412
"log10(area)",1.30244208633454,0.111253923833606,11.7069316879331,1.17453543147136e-31
"depth",-4.50554994320662,0.304079428236635,-14.8170166240263,1.13724302724906e-49
"eutro",-0.614698285859049,0.278993931573293,-2.20326758504267,0.0275758942318536
"log10(RT)",-0.313519690208149,0.108202533228405,-2.89752634114711,0.00376118152071744
