"term","estimate","std.error","statistic","p.value"
"(Intercept)",-6.70050246635777,4.02589250340818,-1.66435205626712,0.0960420951513719
"human_impact",-2.90191838853708,1.21548722546002,-2.38745280719737,0.0169655808033569
"log10(area)",1.57918443269437,0.566294355071148,2.78862824351474,0.00529317860949817
"log10(depth)",-20.1248230752475,4.68076021509399,-4.29947746743174,1.71201280078394e-05
"eutro",-5.01067268698547,1.80610655057033,-2.77429517400467,0.0055321458302323
"log10(RT)",0.186556140929226,0.485889217193072,0.383947892498913,0.701017068629487
