"term","estimate","std.error","statistic","p.value"
"(Intercept)",-7.01649042021653,3.63846978060544,-1.92841794581265,0.0538031614292259
"human_impact",-1.37715752519166,1.08380268237805,-1.27067181838851,0.203845425359721
"log10(area)",1.40467039821499,0.528211914047983,2.65929328903283,0.00783047645432332
"log10(depth)",-12.8486923305237,3.13408326047776,-4.09966528092971,4.13748100029871e-05
"eutro",-2.88317945122872,1.44328643498722,-1.99764882516494,0.0457547459285657
