"term","estimate","std.error","statistic","p.value"
"(Intercept)",-3.86200003110605,0.677702909418054,-5.69866231564855,1.20751133499861e-08
"human_impact",-0.225098455027796,0.29119136342362,-0.773025863065613,0.439507074561059
"log10(area)",1.38692881465621,0.112207425958359,12.3604013086523,4.28014610764642e-35
"depth",-4.65350874865347,0.30671636234711,-15.172026405905,5.41779798925209e-52
"eutro",-0.896213772661667,0.276583476459519,-3.2403012071939,0.00119403496894765
"log10(RT)",-0.340272706391049,0.10883033303675,-3.12663479837139,0.00176819423584258
