"estimate","std.error","Adjusted.SE","statistic","p.value","term"
-8.7521605196585,3.65595543889341,3.70316542289983,2.36342683087729,0.0181068,"(Intercept)"
-2.80987946449851,1.21164744431344,1.2274533654986,2.28919447653078,0.0220681,"human_impact"
1.60929115265491,0.526662976492867,0.533745794343679,3.01508914863447,0.002569,"log10(area)"
-13.4821753946399,3.37808453862772,3.42162102730096,3.94028891191228,8.14e-05,"log10(depth)"
-2.0146286228359,1.55346742360338,1.57440250163752,1.27961472415123,0.2006807,"eutro"
0.104469170977884,0.449600933333133,0.455659914989612,0.229270048870254,0.818659,"log10(RT)"
