"term","estimate","std.error","statistic","p.value"
"(Intercept)",-3.87973935649088,0.701129588634966,-5.53355530757784,3.13803970314456e-08
"human_impact",-0.326906708229292,0.293352169586963,-1.11438312758884,0.26511485851083
"log10(area)",1.49873216449589,0.118597255968255,12.6371571775409,1.31731170222562e-36
"depth",-5.23958746230873,0.329164667021416,-15.9178307614888,4.76616729690565e-57
"eutro",-0.690031913306773,0.281397881972459,-2.45215745218121,0.0142002510722454
"log10(RT)",-0.38212928382763,0.110446257373956,-3.459866299804,0.000540443658261649
