"term","estimate","std.error","statistic","p.value"
"(Intercept)",-8.19737952493608,4.26385819728951,-1.9225263002759,0.0545395675275
"human_impact",-1.5944416072952,1.28046427078063,-1.24520585515686,0.213056090902662
"log10(area)",1.76296648214126,0.630986770529353,2.7939832726798,0.00520631716357198
"log10(depth)",-20.4902423770245,4.35642446778856,-4.70345406617961,2.55796665344843e-06
"eutro",-4.45929324201546,1.74645464205816,-2.55334042730149,0.0106695156080638
