"term","estimate","std.error","statistic","p.value"
"(Intercept)",-6.61588712130529,3.71583966918387,-1.78045548524928,0.0750014482198082
"human_impact",-2.63963519968322,1.26918926765288,-2.07978058667697,0.0375456625250325
"log10(area)",1.46255689483147,0.540112954650449,2.70787227419496,0.00677160776908628
"log10(depth)",-16.6359753935696,4.00126386494121,-4.15768016184406,3.21495708923374e-05
"eutro",-4.1026310106386,1.62226936817616,-2.52894561847703,0.0114405752028028
"log10(RT)",0.142470397853948,0.44965490855078,0.316843862136688,0.751362080367374
