"estimate","std.error","Adjusted.SE","statistic","p.value","term"
-6.84061847923828,3.48996584752904,3.53702424886411,1.93400383993271,0.0531127,"(Intercept)"
-2.1308553652151,1.14791556835901,1.16342637314191,1.83153434923482,0.0670208,"human_impact"
1.39704304387118,0.511811601197088,0.518727258203296,2.69321309373655,0.0070767,"log10(area)"
-12.2159204522309,3.12352162191667,3.16570212272958,3.85883446345794,0.0001139,"log10(depth)"
-2.68098898266517,1.35640894589986,1.37473953347086,1.95017959212708,0.0511547,"eutro"
0.118935064479654,0.427828655620439,0.43365914098881,0.274259327748665,0.7838853,"log10(RT)"
