"term","estimate","std.error","statistic","p.value"
"(Intercept)",-3.66796368526752,0.503452181778752,-7.28562476839052,3.20182994480547e-13
"human_impact",-2.34765633137548,0.191918176625562,-12.2325898080818,2.08193277537637e-34
"log10(area)",1.89313961831679,0.0947798099053285,19.9740811910022,9.25714551978813e-89
"depth",-6.17725526058138,0.253541418534442,-24.3638901142388,4.13094153523886e-131
"eutro",-1.43784753682144,0.186293590896857,-7.71818037270813,1.18002136181154e-14
"log10(RT)",-0.2152161541177,0.0772408800515061,-2.78629857627448,0.00533137399723995
