"estimate","std.error","Adjusted.SE","statistic","p.value","term"
-4.80960551649527,3.52106135697798,3.5684766622095,1.34780355086232,0.1777216,"(Intercept)"
-2.35054761075956,1.21760121031239,1.23405074411796,1.90474145570052,0.0568137,"human_impact"
1.24667291976891,0.507437607553715,0.514295654757673,2.42403937936501,0.0153489,"log10(area)"
-13.7023849565637,3.24729171930879,3.29115568917767,4.16339615947714,3.14e-05,"log10(depth)"
-4.07226136090945,1.46288421824407,1.48265069069195,2.7466087504461,0.0060215,"eutro"
-0.178618504261113,0.460100119400503,0.466370403026691,0.382997083652607,0.7017219,"log10(RT)"
