"term","estimate","std.error","statistic","p.value"
"(Intercept)",-3.08185112936519,0.495965096466322,-6.21384680358139,5.17029377143785e-10
"human_impact",-2.47551038826623,0.190306750394579,-13.0080009412885,1.10186952117231e-38
"log10(area)",1.75763360458539,0.0915518564228656,19.1982300879528,3.82919237889489e-82
"depth",-6.01300751915298,0.248610788563192,-24.1864303391829,3.09097141689986e-129
"eutro",-1.45114162818223,0.186097867154685,-7.79773379657296,6.30287921553201e-15
"log10(RT)",-0.174334641177186,0.0766192076752831,-2.27533860590189,0.0228856252235562
