"estimate","std.error","Adjusted.SE","statistic","p.value","term"
-13.6836907306544,4.42591919160583,4.48562185583925,3.05056716112648,0.0022841,"(Intercept)"
-2.53252823402889,1.49285629913946,1.51303190333919,1.67381020085546,0.0941679,"human_impact"
2.6578352709691,0.694395929674433,0.703780181581077,3.77651337808084,0.000159,"log10(area)"
-25.18536885173,5.42552753974586,5.498801613756,4.5801559359271,4.6e-06,"log10(depth)"
-4.34229113198374,1.82381082905903,1.8484526780861,2.34914920109277,0.0188164,"eutro"
0.209446613348811,0.610486249006086,0.618806007618935,0.338468939813185,0.7350098,"log10(RT)"
