"term","estimate","std.error","statistic","p.value"
"(Intercept)",-3.835586871783,0.684471413600382,-5.60372105477343,2.09798249873023e-08
"human_impact",-0.220550651587813,0.295339271275635,-0.746770487498012,0.455202113064774
"log10(area)",1.36074575324652,0.112131743099918,12.1352412406002,6.87072187644311e-34
"depth",-4.88495647288857,0.314810542564447,-15.5171311389248,2.65665748292143e-54
"eutro",-0.716463477196395,0.280027756017563,-2.55854450782179,0.0105111363927472
"log10(RT)",-0.234208547183353,0.108702947931612,-2.15457401698709,0.0311951841134526
