"estimate","std.error","Adjusted.SE","statistic","p.value","term"
-7.43420518172145,3.55594806114483,3.60366539381171,2.06295656485967,0.0391168,"(Intercept)"
-2.1836507925894,1.19070726498606,1.20678475053409,1.80947827822897,0.0703767,"human_impact"
1.47106058312908,0.514387763034845,0.521340757244445,2.82168727974461,0.0047772,"log10(area)"
-16.7322190505255,3.89059676191767,3.94314630366823,4.24336754508952,2.2e-05,"log10(depth)"
-2.89676329908519,1.49737127043662,1.51761194010031,1.90876417254185,0.0562925,"eutro"
0.259583160494871,0.508619502048061,0.51555101195466,0.503506257335599,0.6146084,"log10(RT)"
