"estimate","std.error","Adjusted.SE","statistic","p.value","term"
-5.076681536786,3.74970438801465,3.80038828713216,1.33583232902156,0.1816041,"(Intercept)"
-2.20286970988558,1.15447914923518,1.17007993656647,1.88266599660684,0.0597456,"human_impact"
1.32950334906133,0.535646407858088,0.542884859410739,2.44896008060421,0.0143269,"log10(area)"
-17.002226887625,3.80039540123354,3.85175322697395,4.41415269507868,1.01e-05,"log10(depth)"
-4.33976572405627,1.65317359557805,1.67551342118292,2.59011098878121,0.0095945,"eutro"
-0.0354044395613276,0.482812372682044,0.489392180830961,0.072343696830654,0.9423284,"log10(RT)"
