"term","estimate","std.error","statistic","p.value"
"(Intercept)",-3.81678009329406,0.698450187309621,-5.46464180644868,4.63842456288024e-08
"human_impact",-0.472197406032889,0.29892150377066,-1.57967024813033,0.114182402493808
"log10(area)",1.40258894398036,0.115669950879813,12.1257849018862,7.71177757271203e-34
"depth",-4.72965346997709,0.313360916946846,-15.0933100274894,1.79221179324497e-51
"eutro",-0.631010663267781,0.284643564496029,-2.21684500187105,0.026633685120058
"log10(RT)",-0.361413458881368,0.111043520874386,-3.25470100403431,0.00113511802136258
