"estimate","std.error","Adjusted.SE","statistic","p.value","term"
-11.9883703428367,4.5043935687167,4.56521591824827,2.62602482719739,0.0086389,"(Intercept)"
-3.08836394093745,1.311457356378,1.32918016964651,2.32351039495179,0.0201517,"human_impact"
2.27906341244493,0.669724922290521,0.678775428438108,3.35761036266317,0.0007862,"log10(area)"
-20.9620612122027,4.63246666993975,4.69505117884571,4.46471410293685,8e-06,"log10(depth)"
-3.0952386767545,1.67018338608117,1.69275334001911,1.82852315430643,0.0674711,"eutro"
0.120790563641391,0.509049633674678,0.515987005451729,0.234096134912628,0.8149103,"log10(RT)"
