"term","estimate","std.error","statistic","p.value"
"(Intercept)",-3.54809157399328,0.693304781369453,-5.11765051870103,3.09365153975968e-07
"human_impact",-0.280698212795015,0.296057507706067,-0.948120569445914,0.343068077800483
"log10(area)",1.41793666349421,0.116333550739611,12.1885445297545,3.57753787463038e-34
"depth",-5.1014341429955,0.321483571061285,-15.8684132011928,1.04858530272683e-56
"eutro",-0.783015968647849,0.286115424688129,-2.73671358159509,0.00620562968649232
"log10(RT)",-0.378935534683109,0.112489407585558,-3.36863303680299,0.000755419308873545
