"term","estimate","std.error","statistic","p.value"
"(Intercept)",-3.49146867593795,0.689102522781886,-5.0666897312217,4.0479326738129e-07
"human_impact",-0.280167681724635,0.291494330461863,-0.961142816331004,0.336480363926851
"log10(area)",1.39223500889365,0.114904975486063,12.1164031670893,8.64714674850627e-34
"depth",-4.90730441399246,0.313675480287686,-15.6445266601385,3.62051240966157e-55
"eutro",-0.702844119848417,0.277852790939432,-2.52955573155149,0.0114207034642225
"log10(RT)",-0.421303550685248,0.111387707105367,-3.78231639409472,0.000155375693549092
