"term","estimate","std.error","statistic","p.value"
"(Intercept)",-3.70692073604219,0.689980431460359,-5.37250125803773,7.76518877155876e-08
"human_impact",-0.51738839795747,0.292489979441372,-1.76890982366518,0.076908924540052
"log10(area)",1.40984680882637,0.115139217381487,12.2447141893902,1.79307628771877e-34
"depth",-4.72174445374941,0.309508743198226,-15.255609276037,1.51078212856191e-52
"eutro",-0.636550133756169,0.274484595681591,-2.31907416216021,0.0203910154660543
"log10(RT)",-0.42479892138625,0.109805910945625,-3.86863437248481,0.000109446615827137
