"term","estimate","std.error","statistic","p.value"
"(Intercept)",-4.00114560851497,0.709510099779132,-5.63930747393238,1.70735427961471e-08
"human_impact",-0.246455731604173,0.29630295669315,-0.831769396953407,0.405539120899132
"log10(area)",1.44367529513389,0.118355040338233,12.1978353520744,3.19196913951335e-34
"depth",-5.183870334294,0.331126032153385,-15.6552787486449,3.05770577145231e-55
"eutro",-0.802544056658239,0.280393632193864,-2.8622050022283,0.00420704694097483
"log10(RT)",-0.231561610719899,0.10921153530344,-2.1203035931737,0.0339804508485894
