"term","estimate","std.error","statistic","p.value"
"(Intercept)",-3.92693063359736,0.686175805723308,-5.72292202791662,1.04707328263783e-08
"human_impact",-0.231852138172521,0.289754327830529,-0.800167990271145,0.42361347298221
"log10(area)",1.40866595183182,0.11418299588612,12.3369153252622,5.73097270243794e-35
"depth",-4.79581977366478,0.309050793721833,-15.5179014941516,2.62495960473552e-54
"eutro",-0.751469857329446,0.27638620227371,-2.71891234492687,0.00654969624272117
"log10(RT)",-0.328876575206992,0.108287249780492,-3.03707570257489,0.00238885452948111
