"term","estimate","std.error","statistic","p.value"
"(Intercept)",-3.75246286103093,0.706568212521742,-5.31082886907465,1.09127766848112e-07
"human_impact",-0.309187647781458,0.298075856287773,-1.03727840165276,0.299606128548016
"log10(area)",1.46650486783114,0.119251257887197,12.2976050216455,9.32996481801849e-35
"depth",-5.22900086370665,0.333249176656892,-15.6909640892837,1.74386781910169e-55
"eutro",-0.698686094906703,0.283833286119029,-2.46160732048073,0.0138316009780238
"log10(RT)",-0.379095110526018,0.113413331313735,-3.34259743660407,0.00082998210840301
