"estimate","std.error","Adjusted.SE","statistic","p.value","term"
-4.78567224786821,3.53557122231148,3.58336364424492,1.3355251442466,0.1817045,"(Intercept)"
-2.12873739533725,1.14429229469751,1.15975554087962,1.83550525977457,0.0664309,"human_impact"
1.12716514982613,0.497674600993662,0.504399870984517,2.23466581707498,0.0254393,"log10(area)"
-14.9135436232977,3.46008906438855,3.50684816757387,4.25269156537659,2.11e-05,"log10(depth)"
-3.04941675481026,1.51027647461266,1.53068552481975,1.99219023461357,0.0463502,"eutro"
0.0207565625248925,0.442402471671967,0.44843157024713,0.0462870232652299,0.9630815,"log10(RT)"
