"estimate","std.error","Adjusted.SE","statistic","p.value","term"
-9.12315447983732,4.07120650197905,4.12613217215674,2.21106695064221,0.0270312,"(Intercept)"
-1.68737918321384,1.22637318560738,1.24294746923932,1.35756274900862,0.1746025,"human_impact"
1.94066469401219,0.619498423235756,0.627870984261351,3.09086538900226,0.0019957,"log10(area)"
-20.0481357930714,4.34833466957197,4.40703389925413,4.54912221039744,5.4e-06,"log10(depth)"
-4.78359410518612,1.71542828695362,1.73860049331252,2.75140500856068,0.005934,"eutro"
0.182396100900335,0.515053364775304,0.522072555911292,0.349369256887977,0.7268121,"log10(RT)"
