"estimate","std.error","Adjusted.SE","statistic","p.value","term"
-6.59777386168374,3.61340650872401,3.66220189227725,1.8015866016554,0.0716105,"(Intercept)"
-2.65601260411052,1.37053069841001,1.38905207232007,1.9121044178526,0.0558628,"human_impact"
1.39132891482243,0.531085219191411,0.538261719004478,2.58485577870132,0.009742,"log10(area)"
-16.7234220980081,3.80845335560404,3.85990994456674,4.33259385275249,1.47e-05,"log10(depth)"
-2.64365051345511,1.58026038105808,1.60161608914997,1.65061435843729,0.0988173,"eutro"
0.125628999861495,0.509903749038081,0.516852760772072,0.243065355158075,0.8079548,"log10(RT)"
