"term","estimate","std.error","statistic","p.value"
"(Intercept)",-3.81052810016368,0.704214837312197,-5.41103069442198,6.26630290653086e-08
"human_impact",-0.555152098223259,0.292037502018518,-1.90096167234048,0.0573070330494718
"log10(area)",1.45598460867244,0.117622946686782,12.3784061672047,3.42068429989042e-35
"depth",-5.13895132250579,0.325686731165231,-15.7788169758093,4.35269832555865e-56
"eutro",-0.677246656745914,0.280812582336397,-2.41173900083513,0.0158766423251721
"log10(RT)",-0.302064249316627,0.110392705442105,-2.73627001083911,0.00621400151528323
