"term","estimate","std.error","statistic","p.value"
"(Intercept)",-3.77382912865152,0.679059766252887,-5.5574329627506,2.73771076299731e-08
"human_impact",-0.411035554595885,0.288365006463765,-1.42540025794543,0.154041533551237
"log10(area)",1.41935929437399,0.113702985390342,12.4830433387595,9.23866824858477e-36
"depth",-4.73298611800449,0.307889592731162,-15.3723484968105,2.5090675626787e-53
"eutro",-0.696196229933484,0.271846704157407,-2.56098830438778,0.0104374869865201
"log10(RT)",-0.413549682365656,0.111331893671912,-3.71456613847207,0.000203552628456927
