"term","estimate","std.error","statistic","p.value"
"(Intercept)",-4.33493750041136,0.710982680128259,-6.09710703449112,1.08005206164009e-09
"human_impact",-0.284168587359229,0.295993778283562,-0.960049190922506,0.337030458283672
"log10(area)",1.57671914727592,0.122384821549727,12.8832899971609,5.59008107371792e-38
"depth",-5.24749284749157,0.329237568999273,-15.9383173173143,3.43478679564842e-57
"eutro",-0.642641122701209,0.281197271645558,-2.2853746728782,0.0222908677866077
"log10(RT)",-0.413614268731536,0.113722995872356,-3.63703282312209,0.000275796797690137
