"estimate","std.error","Adjusted.SE","statistic","p.value","term"
-8.06427780649845,3.75606616041963,3.80590172944829,2.1188875540587,0.0341,"(Intercept)"
-1.33608492059431,1.12624264781025,1.14147678270768,1.17048803868354,0.2418046,"human_impact"
1.68202458157833,0.530554262808399,0.53771983574847,3.12806868884995,0.0017596,"log10(area)"
-15.6341309203521,3.55888461692812,3.60671291433657,4.33473117813369,1.46e-05,"log10(depth)"
-3.51724531748218,1.62925603716543,1.65129299112362,2.12999469893521,0.0331721,"eutro"
-0.523579578171484,0.566862694593573,0.574587947690308,0.911226175690138,0.3621762,"log10(RT)"
