"estimate","std.error","Adjusted.SE","statistic","p.value","term"
-13.3537577457763,4.22184761626095,4.2760728626625,3.1229022925165,0.0017908,"(Intercept)"
-1.67352245248741,1.16694773754069,1.18241362734744,1.4153443547853,0.1569676,"human_impact"
2.19516844532134,0.616195893205012,0.624382144595557,3.51574506785945,0.0004385,"log10(area)"
-15.7325014881025,3.61327645434857,3.65973679432029,4.29880681925498,1.72e-05,"log10(depth)"
-1.86576789114999,1.53655835368528,1.55726555909535,1.19810515313384,0.2308761,"eutro"
-0.000784443215193483,0.443496415414207,0.449473130421865,0.00174525052133199,0.9986075,"log10(RT)"
