"term","estimate","std.error","statistic","p.value"
"(Intercept)",-4.03051761364587,0.695173575666508,-5.79785790876984,6.71673229491497e-09
"human_impact",-0.392091684978569,0.289307218129163,-1.35527792052363,0.175329026891023
"log10(area)",1.55880932051272,0.12102709496929,12.8798375347955,5.84584868682957e-38
"depth",-5.15016822675968,0.326719799604218,-15.7632571793889,5.5687405277299e-56
"eutro",-0.697635250471614,0.277406039895222,-2.51485241898524,0.0119082220113853
"log10(RT)",-0.495628450338544,0.113314329426435,-4.37392563541851,1.22031963913212e-05
