"estimate","std.error","Adjusted.SE","statistic","p.value","term"
-5.86420618846302,3.32794094214678,3.37290724149901,1.73862065232983,0.0821015,"(Intercept)"
-2.6854839298381,1.15352571387188,1.16911368116769,2.29702549298362,0.0216173,"human_impact"
1.26596338360148,0.491275838708464,0.497914673310316,2.54253078180021,0.0110053,"log10(area)"
-12.1149279473659,3.21269199449957,3.25610555781923,3.72068034412247,0.0001987,"log10(depth)"
-2.68990719754021,1.4166508876013,1.43579469661047,1.87346227416103,0.0610046,"eutro"
0.0598902769948128,0.448947229300569,0.455065520390286,0.131608030736866,0.8952943,"log10(RT)"
