"term","estimate","std.error","statistic","p.value"
"(Intercept)",-3.42429266503706,0.673657825277294,-5.08313350865855,3.71258549858398e-07
"human_impact",-0.277297789287524,0.291835570388839,-0.950185026856236,0.342018245382793
"log10(area)",1.33188852137989,0.111167930834321,11.9808699449922,4.47601844780693e-33
"depth",-4.77185711713208,0.313256303455038,-15.2330761248895,2.13314248460208e-52
"eutro",-0.900014720543691,0.274520215483384,-3.27850070698406,0.00104360102821406
"log10(RT)",-0.318931217749654,0.108741419531812,-2.93293226373921,0.00335777140312103
