"estimate","std.error","Adjusted.SE","statistic","p.value","term"
-7.9279217498866,3.49941944302071,3.5458233231482,2.23584793357603,0.0253617,"(Intercept)"
-2.84864303694446,1.16169763178787,1.17734278101711,2.41955281237934,0.0155396,"human_impact"
1.6060168924491,0.516529475124321,0.523514340610101,3.06776102938738,0.0021567,"log10(area)"
-11.8806327210525,3.23500204165485,3.27823685106322,3.62409223641035,0.00029,"log10(depth)"
-1.8693742127583,1.34748844732741,1.36563362598369,1.368869495588,0.1710401,"eutro"
-0.450496652014116,0.514160345730471,0.521167366726835,0.864399194530228,0.3873686,"log10(RT)"
