"estimate","std.error","Adjusted.SE","statistic","p.value","term"
-6.31810074510499,3.83098352822628,3.8824233726874,1.62736006318951,0.1036606,"(Intercept)"
-2.18590685510857,1.23135941757859,1.24800181585828,1.7515253802778,0.0798555,"human_impact"
1.3982408278194,0.536476696829332,0.543725888617127,2.57159141599011,0.0101232,"log10(area)"
-17.7494041005536,3.88789575884702,3.94034528656242,4.50453013878849,6.7e-06,"log10(depth)"
-3.67965071335602,1.5961676465395,1.61774148216022,2.27456040036908,0.0229323,"eutro"
0.22823582087517,0.467514900718943,0.473886233616653,0.481625767292916,0.6300718,"log10(RT)"
