"term","estimate","std.error","statistic","p.value"
"(Intercept)",-9.57162086313598,4.17893071729517,-2.29044736815624,0.0219953963009457
"human_impact",-2.39003432530426,1.26855129836,-1.88406596437537,0.0595560533514126
"log10(area)",1.87791048743504,0.5985426536471,3.13747145001676,0.00170411869549155
"log10(depth)",-23.4546935870535,5.13439584433644,-4.56815062534096,4.92046394728446e-06
"eutro",-4.50126008884211,1.881283295659,-2.39265404589974,0.0167270046987188
"log10(RT)",0.374760390585026,0.513600604256203,0.729672799212834,0.465590211544433
