"term","estimate","std.error","statistic","p.value"
"(Intercept)",-3.69261245334255,4.33297605102957,-0.852211600030684,0.394096659478815
"human_impact",-2.9803340962712,1.27298895849998,-2.34120969893019,0.0192213676585282
"log10(area)",1.16929134142676,0.565269644008371,2.06855498755466,0.0385878655720034
"log10(depth)",-19.1538248190181,4.49602870408932,-4.26016515455004,2.04275903812289e-05
"eutro",-5.06717903151421,1.73805495353256,-2.91543085056964,0.00355197809829361
"log10(RT)",0.105318677859223,0.49118072860481,0.214419401507016,0.830220013266529
