"term","estimate","std.error","statistic","p.value"
"(Intercept)",-3.39324452530538,0.685219467129324,-4.9520550540123,7.34338208551442e-07
"human_impact",-0.380720795842697,0.293354160873029,-1.29781965495108,0.19434931397254
"log10(area)",1.36352407159782,0.113815423497897,11.9801344114228,4.51590920348329e-33
"depth",-4.97030397137043,0.317198973337979,-15.6693570570751,2.45045632698828e-55
"eutro",-0.774045731970645,0.278872265999194,-2.77562822246685,0.00550951695840632
"log10(RT)",-0.34092995181484,0.109247193577736,-3.12072045651449,0.00180409203376057
