"estimate","std.error","Adjusted.SE","statistic","p.value","term"
-8.15246381656943,3.69897773595868,3.74890836506141,2.17462338971731,0.0296584,"(Intercept)"
-3.00540072913828,1.28555684234442,1.30292952911026,2.30664871889932,0.0210744,"human_impact"
1.66838242287936,0.545248170589667,0.552616037272242,3.01906262278349,0.0025356,"log10(area)"
-18.189382417364,4.08319485360331,4.13834576906647,4.39532688479706,1.11e-05,"log10(depth)"
-2.76917903219378,1.61609485248848,1.63793287272053,1.6906547748775,0.0909028,"eutro"
-0.110123993269336,0.544734651210048,0.552158341446316,0.199442777557029,0.8419164,"log10(RT)"
