"term","estimate","std.error","statistic","p.value"
"(Intercept)",-3.22927813629895,0.693783365833104,-4.65459146951612,3.24623703458014e-06
"human_impact",-0.443949866849109,0.294048226439724,-1.50978590221191,0.131098063464075
"log10(area)",1.38889829182109,0.116139404115286,11.9588894260418,5.83368932191138e-33
"depth",-5.24148114177161,0.331634815650669,-15.8049785318463,2.87488226485147e-56
"eutro",-0.852237805576938,0.279170484450137,-3.05275039105775,0.00226754467135204
"log10(RT)",-0.306261329885327,0.109383812218971,-2.79987800454638,0.00511219228895509
