"term","estimate","std.error","statistic","p.value"
"(Intercept)",-2.70462060429491,0.487002363140769,-5.55360878919006,2.79831373096746e-08
"human_impact",-2.39292770384224,0.189462613865454,-12.6300785945113,1.44134206722386e-36
"log10(area)",1.69268616544303,0.090146770873891,18.7770027593222,1.16471950697646e-78
"depth",-5.99756808935077,0.247552874283338,-24.2274225525098,1.14396722756398e-129
"eutro",-1.50393328268133,0.187788550140417,-8.00865271901179,1.15971884461653e-15
"log10(RT)",-0.154388866125225,0.0762348902091705,-2.02517332551564,0.042849569681072
