"estimate","std.error","Adjusted.SE","statistic","p.value","term"
-6.08031122906888,3.31563182853735,3.36029767461462,1.80945613092632,0.0703802,"(Intercept)"
-2.95295773608329,1.13622030566457,1.15157655874681,2.56427391965743,0.0103392,"human_impact"
1.34669411697746,0.484747576312945,0.491299218585772,2.74108743924726,0.0061236,"log10(area)"
-13.9835282795648,3.45006269898311,3.49660459787652,3.99917345188442,6.36e-05,"log10(depth)"
-2.794206533182,1.46796687791009,1.487806463299,1.87807124253664,0.0603714,"eutro"
0.17037526554194,0.438833983281916,0.444814450193276,0.383025473808036,0.7017009,"log10(RT)"
