"estimate","std.error","Adjusted.SE","statistic","p.value","term"
-4.66287895347196,3.21196591605809,3.25492431615687,1.43256140559897,0.1519832,"(Intercept)"
-1.76553012945495,1.11315149931558,1.12819879038726,1.56491049671213,0.1176039,"human_impact"
1.0143542673817,0.465086298333221,0.471373747089021,2.15191082160572,0.0314044,"log10(area)"
-13.7658615651806,3.37988263539702,3.42543053745283,4.01872448285492,5.85e-05,"log10(depth)"
-2.91815929992219,1.38218243803369,1.40086780982195,2.0831082557983,0.0372414,"eutro"
0.272579783941869,0.455871305457114,0.4620839584466,0.589892332246737,0.5552628,"log10(RT)"
