"term","estimate","std.error","statistic","p.value"
"(Intercept)",-3.78561860379144,0.690187171598649,-5.48491591784151,4.1366612489926e-08
"human_impact",-0.478964066322279,0.295870945280916,-1.61882764753235,0.105484351701028
"log10(area)",1.40341794773262,0.114947396425248,12.2092190982793,2.7754015982715e-34
"depth",-4.79667948244542,0.315547355852676,-15.2011398399577,3.47521065176763e-52
"eutro",-0.437343318283268,0.2787574186568,-1.56890288477566,0.11667056960506
"log10(RT)",-0.400851572632016,0.112522735048177,-3.56240516603502,0.000367472670382004
