"estimate","std.error","Adjusted.SE","statistic","p.value","term"
-9.45301551476522,3.74859480334482,3.79919542558857,2.48816248069175,0.0128405,"(Intercept)"
-1.90293379324576,1.17452460703049,1.19039911150476,1.59856788774001,0.1099166,"human_impact"
1.79592003807664,0.559153014877298,0.566706665844534,3.16904696259443,0.0015294,"log10(area)"
-15.3890266515005,3.66859288000856,3.71814912723972,4.13889441355599,3.49e-05,"log10(depth)"
-2.39921241713021,1.44824648198416,1.46781360100363,1.63454843005251,0.1021437,"eutro"
-0.203932930058061,0.494722457697796,0.501464577500007,0.406674647040365,0.684247,"log10(RT)"
