"term","estimate","std.error","statistic","p.value"
"(Intercept)",-4.23076889952836,0.702377484746082,-6.0234973236049,1.70687933646227e-09
"human_impact",-0.24145976434466,0.296472346313614,-0.814442788162238,0.415391334822823
"log10(area)",1.4923262039284,0.11697235706466,12.7579390667786,2.81551873889054e-37
"depth",-4.98424390987401,0.320178995353488,-15.5670546232155,1.21892244801891e-54
"eutro",-0.623569960220483,0.27941085125871,-2.23173136408761,0.0256327230162112
"log10(RT)",-0.370199794592977,0.112076091616842,-3.30311121000357,0.000956184590295879
