"term","estimate","std.error","statistic","p.value"
"(Intercept)",-3.51679558706861,0.682404279807818,-5.1535368272588,2.55618845963559e-07
"human_impact",-0.598229328664174,0.293931064435944,-2.03527085445079,0.0418236271050351
"log10(area)",1.39688779382235,0.114311321608718,12.2200301261832,2.42994641590976e-34
"depth",-4.87117401852022,0.316885275489129,-15.3720428031921,2.52093559013196e-53
"eutro",-0.438149503027464,0.275947147890118,-1.58780225263258,0.112331061946024
"log10(RT)",-0.415539866244529,0.109569823909906,-3.79246631432214,0.000149158488743739
