"term","estimate","std.error","statistic","p.value"
"(Intercept)",-3.91833340192201,0.691386807886557,-5.66735343692722,1.45020007741841e-08
"human_impact",-0.339984766473834,0.291758288187564,-1.16529600096661,0.243899197300601
"log10(area)",1.44297941377324,0.115408371611163,12.5032473262422,7.16629852847001e-36
"depth",-4.89824535441665,0.313311018139167,-15.6338113594235,4.28394207320134e-55
"eutro",-0.567628734283297,0.277421680290071,-2.04608642586904,0.0407478682674963
"log10(RT)",-0.393942049534173,0.110702809463418,-3.55855512108167,0.000372900538995495
