"term","estimate","std.error","statistic","p.value"
"(Intercept)",-4.10668104644989,0.699942063991322,-5.86717281003533,4.43288598966868e-09
"human_impact",-0.0962551785904352,0.299601503687982,-0.321277354771489,0.748000215788055
"log10(area)",1.47336584694993,0.118312873798146,12.4531321034737,1.34462836532698e-35
"depth",-5.05542908557549,0.321641919885652,-15.717569051238,1.14638493998806e-55
"eutro",-0.631252266433524,0.28009205925988,-2.25373139139166,0.0242130712724692
"log10(RT)",-0.392732879371958,0.113930764837348,-3.44711878246968,0.000566599408858414
