"term","estimate","std.error","statistic","p.value"
"(Intercept)",-2.59181565524509,0.492196674355992,-5.26581301801016,1.39570286239876e-07
"human_impact",-2.47147066116703,0.19221491048732,-12.8578509070974,7.77071942132218e-38
"log10(area)",1.70860133321603,0.0907276105807656,18.832209095764,4.11242371947463e-79
"depth",-5.99414205871149,0.248719138288244,-24.1000435268668,2.49708369017019e-128
"eutro",-1.60712735885402,0.187905204616289,-8.55286239748305,1.20073009146544e-17
"log10(RT)",-0.221383991476534,0.0771888951668057,-2.86808084243364,0.00412969997297937
