"term","estimate","std.error","statistic","p.value"
"(Intercept)",-3.84157989187663,0.692283355011698,-5.54914380660172,2.87071979651718e-08
"human_impact",-0.169144637089939,0.296682952734999,-0.570119164349229,0.568596877781496
"log10(area)",1.369517651355,0.11414908947425,11.9976222119927,3.6565072324021e-33
"depth",-4.82397183837775,0.313735881083794,-15.3759009703112,2.3751625355735e-53
"eutro",-0.758486085414264,0.279594469480945,-2.71280789932062,0.00667157698181249
"log10(RT)",-0.288241823573377,0.10904162145796,-2.64341101791582,0.00820753355637033
