"term","estimate","std.error","statistic","p.value"
"(Intercept)",-3.65397136553841,0.684157135065777,-5.34083645153698,9.25186962031177e-08
"human_impact",-0.494508525713248,0.299237677662132,-1.65256103301134,0.0984202341136645
"log10(area)",1.42954073371698,0.113394992731969,12.6067359702202,1.93856645588576e-36
"depth",-4.77026935531919,0.311266776215384,-15.3253405754373,5.17824215056744e-53
"eutro",-0.663673884055869,0.282309934290779,-2.35086974790014,0.018729588887073
"log10(RT)",-0.46741454266322,0.111338320216742,-4.19814617063835,2.69108916860154e-05
