"estimate","std.error","Adjusted.SE","statistic","p.value","term"
-8.15180468865806,3.86682143530145,3.91736512961766,2.08094073922941,0.0374393,"(Intercept)"
-2.18751973515698,1.17282057422507,1.18867868627886,1.84029524581195,0.0657249,"human_impact"
1.62868356550038,0.538633955363296,0.545894317616937,2.98351441467697,0.0028496,"log10(area)"
-18.3622911354598,4.0240759555789,4.07791510213156,4.50286253528469,6.7e-06,"log10(depth)"
-3.36842361790266,1.6354841911257,1.65760176126027,2.03210668365944,0.0421429,"eutro"
0.42681056322997,0.518976809704979,0.526049469882734,0.811350619410592,0.4171643,"log10(RT)"
