"term","estimate","std.error","statistic","p.value"
"(Intercept)",-4.05650691793445,0.702381584266867,-5.77536058575419,7.67884583800181e-09
"human_impact",-0.534816693141102,0.295667611354578,-1.80884436645219,0.0704751854645947
"log10(area)",1.48074015628564,0.118576040182855,12.4876843079108,8.71535548511197e-36
"depth",-4.92278885037956,0.319132693833275,-15.4255234437101,1.10257567052385e-53
"eutro",-0.618242236609493,0.281325900112752,-2.19760155876764,0.0279775120565484
"log10(RT)",-0.381089168609233,0.112927665622819,-3.37463071168123,0.000739148045118015
