"term","estimate","std.error","statistic","p.value"
"(Intercept)",-3.34723438689273,0.686851368591298,-4.87330234743182,1.09748064035381e-06
"human_impact",-0.537402142222499,0.297273526868753,-1.80776992786096,0.0706423159656574
"log10(area)",1.38985150581416,0.115373861263042,12.0465024798418,2.02355381734371e-33
"depth",-5.03180973270977,0.325521222067288,-15.4577010394415,6.69454755224623e-54
"eutro",-0.649154255525866,0.280837857669238,-2.3114912672864,0.0208057349648222
"log10(RT)",-0.391236218187229,0.111716388312815,-3.50204857224471,0.000461695441080842
