"term","estimate","std.error","statistic","p.value"
"(Intercept)",-4.22290134844057,0.728012361117736,-5.80059017398693,6.60819260538687e-09
"human_impact",-0.173168646854891,0.300456020610647,-0.576352727107756,0.564376790223049
"log10(area)",1.54997792024797,0.122324207674515,12.6710644582486,8.55456104569251e-37
"depth",-5.53494196255954,0.343707407972729,-16.1036446528924,2.40510418210357e-58
"eutro",-0.751537456085782,0.28778255566827,-2.61147676008579,0.00901521150352792
"log10(RT)",-0.296104226341083,0.113882668561041,-2.60008155834855,0.0093201606732569
