"estimate","std.error","Adjusted.SE","statistic","p.value","term"
-5.92770121427738,3.21293076605374,3.25612324340561,1.82047814875629,0.0686862,"(Intercept)"
-2.0336453903141,1.119276807285,1.13440642610786,1.79269558379665,0.0730216,"human_impact"
1.2783001758445,0.485128610139793,0.491685433889476,2.59983332378287,0.0093269,"log10(area)"
-13.0896365259715,3.2546607291066,3.29852049800515,3.96833566257592,7.24e-05,"log10(depth)"
-2.92860798527444,1.39810774292902,1.41699226871291,2.06677767404798,0.0387551,"eutro"
-0.258854507336993,0.46028474748772,0.466557547241209,0.554817961616139,0.5790192,"log10(RT)"
