"term","estimate","std.error","statistic","p.value"
"(Intercept)",-3.82182486190372,0.694889306206415,-5.49990455712734,3.79996882652125e-08
"human_impact",-0.439007669225278,0.287565305012395,-1.52663642509431,0.126851444174854
"log10(area)",1.42211579701085,0.115954376448534,12.2644426244839,1.4057626442403e-34
"depth",-4.91224240503433,0.323067545142943,-15.2050011797405,3.27624858203367e-52
"eutro",-0.795892078960051,0.27489360052397,-2.89527321641179,0.00378828650611767
"log10(RT)",-0.30097802152809,0.110860393561093,-2.71492831533407,0.00662901176687382
