"estimate","std.error","Adjusted.SE","statistic","p.value","term"
-8.38360819270889,3.51466364692419,3.56191615965819,2.35367926052291,0.0185886,"(Intercept)"
-2.0620135231823,1.16520708853117,1.18095522839806,1.74605562818785,0.0808013,"human_impact"
1.60925020157298,0.509037148905696,0.515916753305891,3.11920516490544,0.0018134,"log10(area)"
-14.3886124931009,3.49753447365831,3.54468309668355,4.05920983643448,4.92e-05,"log10(depth)"
-2.42527184400546,1.54442805033996,1.56530271561107,1.54939477189795,0.1212868,"eutro"
0.201823751313359,0.458191777492667,0.46443605407275,0.434556597282917,0.6638843,"log10(RT)"
