"term","estimate","std.error","statistic","p.value"
"(Intercept)",-4.07459394195736,0.698117516368678,-5.83654448774145,5.32945371485642e-09
"human_impact",-0.362233833613047,0.294097381401177,-1.23167990101526,0.218068680682143
"log10(area)",1.43660951165791,0.116400617088121,12.341940683788,5.38422372034866e-35
"depth",-5.03175580008703,0.320125971362542,-15.7180493000007,1.13772959167218e-55
"eutro",-0.679092836058321,0.279524112305987,-2.42946066604421,0.0151213055955628
"log10(RT)",-0.235974260381035,0.109698343564498,-2.15111963146729,0.0314667583676746
