"term","estimate","std.error","statistic","p.value"
"(Intercept)",-10.4863158560665,3.94597226788939,-2.65747327759994,0.00787288316863322
"human_impact",-4.20324653897223,1.385151788669,-3.03450248077948,0.00240932773982837
"log10(area)",2.04548422144631,0.61165078764888,3.34420270970128,0.000825194184517001
"log10(depth)",-16.4573683037102,3.87442928973796,-4.24768838788725,2.15987525605268e-05
"eutro",-1.8915941874111,1.44896071145379,-1.30548342164033,0.191728288663233
