"term","estimate","std.error","statistic","p.value"
"(Intercept)",-3.19523098854512,0.491400688534955,-6.50229245317355,7.91051200349819e-11
"human_impact",-2.29763846321971,0.190636411112321,-12.0524639013791,1.88237650925607e-33
"log10(area)",1.75312821667256,0.091280642262295,19.205914564393,3.30256022461196e-82
"depth",-5.92843763846785,0.246130699829096,-24.0865428107275,3.45892786828857e-128
"eutro",-1.45446523448065,0.184659028218716,-7.87649132842795,3.36702279296152e-15
"log10(RT)",-0.182968505019644,0.0759610483750227,-2.40871484706637,0.0160088005863785
