"estimate","std.error","Adjusted.SE","statistic","p.value","term"
-4.46945062151952,3.09878344704936,3.14063836788697,1.42310259825507,0.1547064,"(Intercept)"
-1.66098689897752,1.07861227944107,1.09318770145504,1.51939771803757,0.1286624,"human_impact"
0.961378773355982,0.44111323267999,0.447074260632627,2.15037826600796,0.0315253,"log10(area)"
-11.2215178133483,2.91985874255785,2.95930960487515,3.7919377529347,0.0001495,"log10(depth)"
-2.53799195973262,1.35565692368796,1.37397650297913,1.84718730941149,0.06472,"eutro"
0.0793988485267655,0.438392367221181,0.44436681575124,0.178678618007366,0.8581901,"log10(RT)"
