"estimate","std.error","Adjusted.SE","statistic","p.value","term"
-5.76910953575107,3.26162030930548,3.30539218008199,1.74536309806601,0.0809217,"(Intercept)"
-1.79963299688241,1.06284710744601,1.0772080004814,1.67064577693273,0.0947917,"human_impact"
1.25706992294592,0.476039672261382,0.482470631218272,2.60548485567241,0.0091744,"log10(area)"
-12.6145287636143,3.08247311482892,3.12402975090773,4.03790289127337,5.39e-05,"log10(depth)"
-2.61391216206364,1.3202206740786,1.33807026767752,1.95349394213847,0.0507611,"eutro"
-0.318456574097267,0.460900327884895,0.467181516820483,0.681654908491673,0.4954572,"log10(RT)"
