"term","estimate","std.error","statistic","p.value"
"(Intercept)",-3.82703044313037,0.719021894123894,-5.32255064053854,1.02322286296614e-07
"human_impact",-0.246318123428264,0.302872586799393,-0.813273086320658,0.416061504155747
"log10(area)",1.4649056460316,0.12011705578041,12.1956506219203,3.27874719487837e-34
"depth",-5.43044169112522,0.340184397687524,-15.963229730816,2.30488965015982e-57
"eutro",-0.727808815537674,0.283805344344435,-2.56446479969871,0.0103335060342036
"log10(RT)",-0.268725168711185,0.111425133937353,-2.41171052899313,0.0158778820830185
