"term","estimate","std.error","statistic","p.value"
"(Intercept)",-2.65743507977774,0.503683477809822,-5.2760020863363,1.32032585028912e-07
"human_impact",-2.50160451486952,0.192590924328542,-12.9892128800525,1.4086836566808e-38
"log10(area)",1.73576509088536,0.0919094700201449,18.8855956900297,1.4983804904341e-79
"depth",-6.25068415243817,0.254347538512752,-24.5753671884849,2.31705321508783e-133
"eutro",-1.54627786403267,0.190049690510177,-8.13617670137623,4.07956266421421e-16
"log10(RT)",-0.178387230541733,0.07739280837516,-2.30495874599878,0.021168883979265
