"term","estimate","std.error","statistic","p.value"
"(Intercept)",-3.92640586982367,0.685900885889391,-5.7244507925258,1.03768878268449e-08
"human_impact",-0.356795050038627,0.291585174906075,-1.22363919960457,0.221088365156759
"log10(area)",1.45491617419233,0.115670582126111,12.5781002174442,2.7865056665061e-36
"depth",-4.94290980506056,0.316474356701966,-15.6186739948585,5.4323656424453e-55
"eutro",-0.728395255624174,0.27891295535545,-2.61155045557457,0.00901326866789291
"log10(RT)",-0.363197404921853,0.110272034793749,-3.29364925206261,0.000988958214022348
