"term","estimate","std.error","statistic","p.value"
"(Intercept)",-3.79451535718025,0.688268705377872,-5.51313074026371,3.52506172455109e-08
"human_impact",-0.274668159900476,0.293247525146526,-0.93664272107065,0.348942368965067
"log10(area)",1.38159158152387,0.114130272630716,12.1053910560101,9.88969427064228e-34
"depth",-4.83449576061679,0.312667467010154,-15.4621003804652,6.25260257914023e-54
"eutro",-0.744039347889776,0.27636402679463,-2.69224383694005,0.00709730341546787
"log10(RT)",-0.29751066557714,0.110049014225718,-2.70343780605726,0.00686262894590601
