"term","estimate","std.error","statistic","p.value"
"(Intercept)",-4.31361352294577,0.72488968780613,-5.95071718567396,2.6697005013468e-09
"human_impact",-0.457733529672732,0.295420538985382,-1.54943028418001,0.121278318442654
"log10(area)",1.54933491595336,0.121909738780651,12.7088691309644,5.27923580768476e-37
"depth",-5.19641500598983,0.332000690749218,-15.6518198629744,3.22853321595795e-55
"eutro",-0.592956251629108,0.279345354157219,-2.12266373077171,0.0337820403328038
"log10(RT)",-0.342253809452216,0.113138531151008,-3.02508620158242,0.00248562273111262
