"term","estimate","std.error","statistic","p.value"
"(Intercept)",-4.11345922915608,0.696712693086344,-5.90409686801313,3.54583784235505e-09
"human_impact",-0.260405805288151,0.297109481174324,-0.876464137929554,0.380777763991159
"log10(area)",1.47465888147439,0.117941041091902,12.5033564891572,7.1564622356348e-36
"depth",-5.00672722472942,0.32067424175224,-15.6131256360707,5.92612037226348e-55
"eutro",-0.522798184377991,0.278455732139866,-1.8774911917252,0.0604508034556554
"log10(RT)",-0.386437280432901,0.110657441651972,-3.49219424074779,0.00047906972890406
