"term","estimate","std.error","statistic","p.value"
"(Intercept)",-3.58751828521494,0.695052804124484,-5.1615046568065,2.44972795779115e-07
"human_impact",-0.431845508855095,0.293381244684752,-1.47196017700152,0.141031631713221
"log10(area)",1.40282377989418,0.11645652748749,12.0459008194699,2.03837369906112e-33
"depth",-4.95859591226402,0.316958263450271,-15.6443181455087,3.63239016048265e-55
"eutro",-0.603320021095075,0.279088189748943,-2.16175403781077,0.0306371399630719
"log10(RT)",-0.377412757336687,0.110152822527063,-3.42626497150322,0.000611943097210226
