"term","estimate","std.error","statistic","p.value"
"(Intercept)",-3.21989817318164,0.49356433422724,-6.52376590018997,6.85636948703311e-11
"human_impact",-2.31474205075055,0.191755912165505,-12.0712943064446,1.49760118463783e-33
"log10(area)",1.74217356070546,0.0909567036412989,19.1538775149106,8.9841484776079e-82
"depth",-5.89864064866111,0.245960342097231,-23.9820801937627,4.27760015905023e-127
"eutro",-1.24344799524046,0.185834435246673,-6.69116029862782,2.21407965142366e-11
"log10(RT)",-0.205960408622538,0.0771566109275324,-2.6693812253623,0.0075991144590023
