"term","estimate","std.error","statistic","p.value"
"(Intercept)",-3.75189881104496,0.70463483255006,-5.32460025779155,1.01175286937555e-07
"human_impact",-0.411082536348793,0.297376671821249,-1.38236309469457,0.166860241816804
"log10(area)",1.45519196755905,0.118723138824999,12.257020678202,1.54060623658318e-34
"depth",-5.32840381564327,0.336299086691604,-15.8442411130589,1.54069715940376e-56
"eutro",-0.737341065992501,0.285209220817371,-2.58526377190534,0.00973045252696024
"log10(RT)",-0.278875149243544,0.109835684562625,-2.53902136044445,0.0111163036001348
