"term","estimate","std.error","statistic","p.value"
"(Intercept)",-3.45613638036805,0.6886001111594,-5.01907612903073,5.1920572498054e-07
"human_impact",-0.481846449538832,0.294098004274774,-1.63838734889423,0.101340916544253
"log10(area)",1.42018407380887,0.11448672765315,12.4047922665016,2.46150307477063e-35
"depth",-5.22911323198837,0.327175823273253,-15.9825783570233,1.69008196127966e-57
"eutro",-0.707413141385911,0.281208837324599,-2.5156149007129,0.0118824938249585
"log10(RT)",-0.314692772372131,0.110344690515081,-2.85190679228124,0.00434578413678783
