"estimate","std.error","Adjusted.SE","statistic","p.value","term"
-6.01256323143873,3.16107217290568,3.20334260414371,1.87696539972375,0.0605228,"(Intercept)"
-1.36262705872961,1.05089364654488,1.06509958309982,1.27934240173476,0.2007765,"human_impact"
1.23131087210956,0.461050737147638,0.467282026227326,2.63504864942215,0.0084125,"log10(area)"
-11.1645373779482,2.93448884004432,2.97399231867182,3.75405723405978,0.000174,"log10(depth)"
-2.51341342219102,1.27337382010886,1.29058548665865,1.94749859515179,0.051475,"eutro"
-0.247209792180201,0.431794365607932,0.437678896009878,0.564819995740944,0.5721962,"log10(RT)"
