"term","estimate","std.error","statistic","p.value"
"(Intercept)",-3.46536229927302,0.70117930158686,-4.94219137876781,7.72493297647979e-07
"human_impact",-0.423029144328497,0.296871031264972,-1.42495932501721,0.154168959157034
"log10(area)",1.44223992581808,0.117605205339369,12.263402131362,1.42393510420433e-34
"depth",-5.40409761486708,0.337297092364335,-16.0217734964338,9.00449597398889e-58
"eutro",-0.797245195821829,0.280645393654325,-2.84075639168981,0.00450066781537999
"log10(RT)",-0.29846212719127,0.11074029146652,-2.69515388878586,0.00703561289689278
