"estimate","std.error","Adjusted.SE","statistic","p.value","term"
-15.2545417677133,5.17604677763978,5.2458976682612,2.90789922571432,0.0036387,"(Intercept)"
-1.95234327033727,1.37405587534715,1.39262550545657,1.40191549177263,0.1609405,"human_impact"
2.79061124062175,0.774925404212861,0.785397828820955,3.55311809915624,0.0003807,"log10(area)"
-26.7904507720273,5.5470812925807,5.6220128928446,4.76527736286851,1.9e-06,"log10(depth)"
-3.18009075479882,1.81260615984139,1.83709544659841,1.73104275049352,0.0834441,"eutro"
0.178984299827806,0.588148259383185,0.596163593970331,0.300226819681837,0.7640041,"log10(RT)"
