"estimate","std.error","Adjusted.SE","statistic","p.value","term"
-10.3214264147717,3.88607471591486,3.93858701938217,2.62059118256851,0.0087777,"(Intercept)"
-1.79263861256748,1.25844226832628,1.27544797998194,1.40549723760029,0.1598735,"human_impact"
2.10029089130599,0.596070802081545,0.60412573187058,3.4765790968757,0.0005079,"log10(area)"
-24.1860156921997,5.24146165448906,5.31229114411112,4.55284076796334,5.3e-06,"log10(depth)"
-4.54209817551895,1.90236242844282,1.9280696183452,2.35577498462804,0.0184841,"eutro"
0.0671640484583974,0.587592833746271,0.595600598945518,0.112766925650021,0.9102153,"log10(RT)"
