"term","estimate","std.error","statistic","p.value"
"(Intercept)",-3.71402435927876,0.695168347505529,-5.34262581517956,9.16097440492682e-08
"human_impact",-0.301282928776874,0.294829401908577,-1.02188902065574,0.306833429517496
"log10(area)",1.46986511731937,0.119301363624412,12.3206061746858,7.01648852137948e-35
"depth",-5.29593480175522,0.329840294426719,-16.0560577080488,5.1847476354242e-58
"eutro",-0.728794922478477,0.278297289151614,-2.61876400125995,0.00882489764855451
"log10(RT)",-0.354951771059614,0.111773013595539,-3.1756482145506,0.00149502127596306
