"term","estimate","std.error","statistic","p.value"
"(Intercept)",-8.31598925539616,4.44493262181947,-1.87089208384719,0.0613600404752087
"human_impact",-3.2029618211624,1.43447108217692,-2.23285213690168,0.0255586967954492
"log10(area)",1.80308788544458,0.600685114429026,3.00171894081058,0.00268459911820159
"log10(depth)",-25.4252138456688,5.62278610234156,-4.52181772219305,6.13108459760654e-06
"eutro",-5.59514019647535,1.93690322951714,-2.8887040463401,0.0038683296308228
"log10(RT)",0.478439125846262,0.620897964479255,0.770559984437261,0.440967787413771
