"term","estimate","std.error","statistic","p.value"
"(Intercept)",-3.6730347787308,0.685517212288565,-5.35804894886382,8.41254513426438e-08
"human_impact",-0.365750667100916,0.297073008166397,-1.2311810802281,0.218255145954279
"log10(area)",1.42561151098668,0.114721435088806,12.4267231305389,1.87149899106653e-35
"depth",-4.87422012874833,0.314103203880811,-15.5178937003072,2.62527840507025e-54
"eutro",-0.80395849295435,0.281117746040368,-2.85986389788036,0.00423822857494424
"log10(RT)",-0.401907888290298,0.110140005066495,-3.6490636444737,0.000263197897542807
