"estimate","std.error","Adjusted.SE","statistic","p.value","term"
-7.0758299180419,3.56009284104596,3.60777133981081,1.96127449651866,0.049847,"(Intercept)"
-1.78089039373199,1.13059041061171,1.14587957887068,1.55416889049296,0.1201441,"human_impact"
1.42049961509329,0.5172394858852,0.524231641872666,2.70967927464082,0.0067348,"log10(area)"
-15.1695225536738,3.42686446955003,3.47292166912426,4.36794261400632,1.25e-05,"log10(depth)"
-3.07482486413181,1.57985794783032,1.60122266390696,1.92029811558455,0.0548203,"eutro"
0.35667920813507,0.440673265567407,0.446678798374454,0.798513852533612,0.4245724,"log10(RT)"
