"term","estimate","std.error","statistic","p.value"
"(Intercept)",-12.3048437741246,4.61319755220711,-2.66731342737263,0.00764603288879376
"human_impact",-2.99927127208473,1.27561913823256,-2.3512278721691,0.018711570847327
"log10(area)",2.44053243448292,0.687206271642833,3.55138265640182,0.000383212828259177
"log10(depth)",-23.7141924080062,5.28247878807753,-4.48921677859431,7.14855219381337e-06
"eutro",-4.70492231740748,1.84850870104151,-2.54525300030049,0.0109198587835213
"log10(RT)",0.222865278089508,0.556691694056787,0.40033878800206,0.68890700268088
