"estimate","std.error","Adjusted.SE","statistic","p.value","term"
-6.43164148175127,3.25487814740718,3.29886987369788,1.94964994922388,0.0512179,"(Intercept)"
-2.16799220610216,1.09519997684296,1.1099996383317,1.9531467680121,0.0508022,"human_impact"
1.27454551074066,0.471647372220022,0.478020937518073,2.66629641236681,0.0076692,"log10(area)"
-11.599702029949,3.00860705208311,3.04926587037479,3.80409663278174,0.0001423,"log10(depth)"
-2.02396126251511,1.26234143556985,1.27939980127285,1.5819615264138,0.1136584,"eutro"
0.0334811430086308,0.426621036969715,0.43243506480823,0.0774246718949089,0.9382857,"log10(RT)"
