"estimate","std.error","Adjusted.SE","statistic","p.value","term"
-7.37782638261281,3.72292443282723,3.77317812696157,1.95533476935369,0.0505436,"(Intercept)"
-3.13512177642868,1.17172361699944,1.18755802012626,2.63997356196152,0.0082912,"human_impact"
1.54446328733068,0.544910106629661,0.552273631444332,2.79655446031622,0.0051651,"log10(area)"
-14.184810108815,3.57555182608504,3.62385333760429,3.91428923505842,9.07e-05,"log10(depth)"
-2.5930977921312,1.51432961825907,1.53479425031668,1.68954098674539,0.0911158,"eutro"
0.100751679049654,0.460970542555758,0.467252688382863,0.215625680824545,0.8292795,"log10(RT)"
