"term","estimate","std.error","statistic","p.value"
"(Intercept)",-3.9688093791558,0.702955860308192,-5.64588703679884,1.64331725450616e-08
"human_impact",-0.173714592499132,0.294568169215758,-0.589726286318105,0.555374169200738
"log10(area)",1.46593985063175,0.11651833645863,12.5811944727878,2.67947468499732e-36
"depth",-5.14318632428571,0.32615944061714,-15.7689328708501,5.09025672689458e-56
"eutro",-0.894538779781632,0.281004381194662,-3.18336239448862,0.00145575289231715
"log10(RT)",-0.297922572137979,0.111500688292903,-2.6719348256879,0.00754152942522638
