"estimate","std.error","Adjusted.SE","statistic","p.value","term"
-7.74973933373288,4.14531756786054,4.20081458833262,1.84481823007782,0.065064,"(Intercept)"
-2.20627554901993,1.3013499424238,1.31894316122965,1.67276014150832,0.0943745,"human_impact"
1.86774156156283,0.610106408567429,0.61835422730211,3.02050423381404,0.0025235,"log10(area)"
-20.4002177041845,4.42695580476156,4.48671974285139,4.54680008411218,5.4e-06,"log10(depth)"
-5.02291378431805,1.71572244896268,1.73891562385326,2.88853220674836,0.0038704,"eutro"
-0.328829800092561,0.532003879760486,0.53925407395882,0.609786399347021,0.5420033,"log10(RT)"
