"term","estimate","std.error","statistic","p.value"
"(Intercept)",-3.8149578682202,0.70473924552636,-5.41328994012652,6.18771744168088e-08
"human_impact",-0.490343152204412,0.301196802595793,-1.62798259469724,0.103528576431883
"log10(area)",1.51611432720468,0.119646846576465,12.6715778191091,8.49875440388479e-37
"depth",-5.2201580324153,0.332324397028691,-15.7080192699924,1.33278421937793e-55
"eutro",-0.69599988432612,0.28323005436008,-2.4573659243142,0.0139960043490831
"log10(RT)",-0.437421425454111,0.110553576864419,-3.95664652253229,7.60092740174301e-05
