"estimate","std.error","Adjusted.SE","statistic","p.value","term"
-5.47275941882067,3.63465221616247,3.68377278106706,1.4856397894431,0.1373744,"(Intercept)"
-2.10358827229639,1.10843296850306,1.12341179310709,1.87249972379083,0.0611375,"human_impact"
1.26303903668466,0.510172832060278,0.517066925924419,2.44269933611898,0.0145779,"log10(area)"
-14.3866206964769,3.40760430921099,3.45365329800194,4.16562389305262,3.11e-05,"log10(depth)"
-3.28500413822802,1.52360628201302,1.54419525228922,2.127324335027,0.0333931,"eutro"
-0.0419653526619498,0.478910903080325,0.485437541669118,0.0864485110023775,0.9311099,"log10(RT)"
