"term","estimate","std.error","statistic","p.value"
"(Intercept)",-3.7145924643363,0.696515501236527,-5.33310810418687,9.65457945186827e-08
"human_impact",-0.484883612637889,0.292781642360605,-1.65612710116805,0.097696082100942
"log10(area)",1.43988883497219,0.117214257373747,12.2842465347964,1.10065696709668e-34
"depth",-5.07719448923813,0.328009300496302,-15.4788125871918,4.82292649791772e-54
"eutro",-0.704455740572328,0.27690870300027,-2.54400000050429,0.0109591084436285
"log10(RT)",-0.340680084556079,0.109975580658645,-3.09777936625333,0.00194976528561444
