"term","estimate","std.error","statistic","p.value"
"(Intercept)",-2.34544924925061,0.484511170141099,-4.84085691681282,1.2928043462986e-06
"human_impact",-2.45509213703107,0.191824429528155,-12.7986416697291,1.66844060031971e-37
"log10(area)",1.66258234205205,0.0891274432355387,18.6539889589148,1.17198081269049e-77
"depth",-6.07363640611843,0.249031477157353,-24.3890309588484,2.23587496366858e-131
"eutro",-1.65565080277753,0.187907137078569,-8.81100541745396,1.24028372530416e-18
"log10(RT)",-0.174046696679927,0.0768795819444509,-2.26388713723345,0.0235810572716145
