"estimate","std.error","Adjusted.SE","statistic","p.value","term"
-6.22599540157078,3.31233368092719,3.3570887339767,1.85458172092927,0.063656,"(Intercept)"
-2.03122994331431,1.13236487859295,1.14766694601898,1.76987753316432,0.0767475,"human_impact"
1.25027750384127,0.48437758462858,0.49092308885028,2.54678896193162,0.0108719,"log10(area)"
-14.1675593176792,3.32434097324794,3.36926166531201,4.20494479949131,2.61e-05,"log10(depth)"
-2.07221111150735,1.33983531130811,1.35794089367759,1.5259950717703,0.1270111,"eutro"
-0.0552707884117835,0.44921514147148,0.455337083691087,0.121384333478274,0.9033866,"log10(RT)"
