"term","estimate","std.error","statistic","p.value"
"(Intercept)",-3.57778905030561,0.709325179321226,-5.04393352246328,4.56057801949227e-07
"human_impact",-0.539566808329295,0.299129752133356,-1.80378850475812,0.0712644685962737
"log10(area)",1.43880211608141,0.119716872570578,12.01837372784,2.8451598741813e-33
"depth",-4.98359224351595,0.320983312604591,-15.5260166115086,2.31309030576673e-54
"eutro",-0.83525594625069,0.281564455341725,-2.96648220471213,0.00301227792561697
"log10(RT)",-0.406897390591399,0.112649219838651,-3.61207464351908,0.000303757097579002
