"estimate","std.error","Adjusted.SE","statistic","p.value","term"
-8.10297444580829,3.61027477418211,3.65821658138872,2.21500675685316,0.0267596,"(Intercept)"
-1.58074731666625,1.14115917929951,1.15657489490979,1.36674877141402,0.1717041,"human_impact"
1.61167718691087,0.526348927292055,0.533459160139151,3.02118195231754,0.0025179,"log10(area)"
-13.9426282307637,3.23887857571517,3.28245581080017,4.24762099915822,2.16e-05,"log10(depth)"
-2.49901169912847,1.38230686217343,1.40099509492354,1.7837405057188,0.0744658,"eutro"
-0.338644078965072,0.499068222638564,0.505869566895633,0.669429633894025,0.5032215,"log10(RT)"
