"term","estimate","std.error","statistic","p.value"
"(Intercept)",-3.19115531810127,0.680910557753976,-4.68659985039369,2.77781324874989e-06
"human_impact",-0.696798526591245,0.297316890717025,-2.34362240540996,0.0190974945563669
"log10(area)",1.31794597690962,0.112417966689259,11.7236240409207,9.64555743303244e-32
"depth",-4.87397246499983,0.316081655997979,-15.4199788963109,1.20143620605947e-53
"eutro",-0.667674655104183,0.280764049111423,-2.37806320722783,0.0174038423801146
"log10(RT)",-0.288417767690305,0.108285931741787,-2.66348327110533,0.0077336257131458
