"estimate","std.error","Adjusted.SE","statistic","p.value","term"
-3.91547516429,3.22540953685537,3.26892617028697,1.19778635561729,0.2310002,"(Intercept)"
-2.17404171117062,1.14083343902963,1.15625053845362,1.8802514151286,0.0600738,"human_impact"
0.955603034202723,0.457224718518014,0.463403285784907,2.06214125690571,0.0391943,"log10(area)"
-13.2044269052071,3.13976198377485,3.18216627302445,4.14950878498789,3.33e-05,"log10(depth)"
-2.79637932081488,1.37275582187126,1.39130644411828,2.00989460850736,0.0444423,"eutro"
-0.111898232737569,0.448579701395804,0.454692983783923,0.246096237963383,0.8056077,"log10(RT)"
