"term","estimate","std.error","statistic","p.value"
"(Intercept)",-3.60753833614473,0.700912087282798,-5.14691985143237,2.64798396470837e-07
"human_impact",-0.275385333921131,0.298117798181028,-0.923746705501649,0.355618208733628
"log10(area)",1.46326802666078,0.117565307480356,12.4464270797341,1.46246821224537e-35
"depth",-5.20738949384565,0.327417500849065,-15.904432354232,5.90359716225415e-57
"eutro",-0.84064805568155,0.284732961859334,-2.9524086364713,0.00315305361928627
"log10(RT)",-0.396727373436294,0.11367171704233,-3.49011507663386,0.000482812594277638
