"term","estimate","std.error","statistic","p.value"
"(Intercept)",-8.56527871967563,4.05848904658603,-2.11045998186953,0.0348187546347514
"human_impact",-2.43039346606381,1.26164679075519,-1.92636598759073,0.0540586912385497
"log10(area)",1.71004834158082,0.551540258391463,3.10049595757177,0.00193196850901228
"log10(depth)",-23.044376388105,5.02419863791237,-4.58667701038195,4.50356584423947e-06
"eutro",-5.15444946875585,1.76364153040966,-2.92261742529876,0.0034710271158878
"log10(RT)",0.481718533408874,0.568062117098541,0.848003270961495,0.396436149088373
