"term","estimate","std.error","statistic","p.value"
"(Intercept)",-3.36315171284786,0.493577253903426,-6.8138304313065,9.50337153263328e-12
"human_impact",-2.35445839360321,0.189873882143294,-12.4001172095188,2.60941628069982e-35
"log10(area)",1.78080736863767,0.0917246266182234,19.4147137393075,5.79580752595244e-84
"depth",-5.9168251957606,0.246186105806876,-24.0339525919555,1.22861259300926e-127
"eutro",-1.52855950214701,0.186062087591541,-8.21531953087952,2.11600055273098e-16
"log10(RT)",-0.159438675829894,0.0764266799438963,-2.08616514477582,0.0369636663386047
