"term","estimate","std.error","statistic","p.value"
"(Intercept)",-10.2955674233865,4.31035654022633,-2.38856515169994,0.0169143090143958
"human_impact",-2.64892625791243,1.25495334741449,-2.11077667816885,0.0347915116223487
"log10(area)",1.90477930029141,0.594487457188877,3.2040697869362,0.00135499628183121
"log10(depth)",-19.4581366149006,4.53321281496902,-4.29235012983471,1.76791876846514e-05
"eutro",-3.26665674203794,1.61536206586272,-2.02224430737347,0.0431511190079714
"log10(RT)",0.322827382131938,0.521973766986462,0.618474342102925,0.536262705972389
