"estimate","std.error","Adjusted.SE","statistic","p.value","term"
-5.044737071312,3.04565059826298,3.0866461001454,1.63437495185287,0.1021801,"(Intercept)"
-1.83071319065023,1.0804975180064,1.09510142096307,1.67172935365223,0.0945777,"human_impact"
1.0628154252284,0.450449139076928,0.456537196668519,2.32799305945728,0.0199125,"log10(area)"
-11.6971349205803,3.08334048803881,3.12497598343319,3.74311194152906,0.0001818,"log10(depth)"
-2.34725088458867,1.311094297738,1.32881419185191,1.76642520751333,0.0773245,"eutro"
0.197454610420336,0.436915167394311,0.442869484519278,0.445852824189655,0.6557036,"log10(RT)"
