"estimate","std.error","Adjusted.SE","statistic","p.value","term"
-9.15837655099742,3.62438765735047,3.67321745123659,2.49328461289822,0.0126567,"(Intercept)"
-2.60648222130116,1.1507385499529,1.16629040874199,2.2348483720385,0.0254273,"human_impact"
1.74385972396304,0.543876552553361,0.551227186835248,3.1635952754345,0.0015583,"log10(area)"
-13.8534462107645,3.32047969903135,3.36530207988086,4.11655354613961,3.85e-05,"log10(depth)"
-1.95540265567847,1.34059216442993,1.35871047529953,1.43916065359501,0.150105,"eutro"
-0.177565838959646,0.438357227934496,0.444331197583362,0.399624964273036,0.6894328,"log10(RT)"
