"term","estimate","std.error","statistic","p.value"
"(Intercept)",-2.6082283345644,0.489157627762225,-5.33208149384564,9.70933449055548e-08
"human_impact",-2.42902060034838,0.192209557378819,-12.6373559851715,1.31398584417017e-36
"log10(area)",1.69198640507972,0.0901978920274558,18.758602524377,1.64672290547641e-78
"depth",-5.93248163894819,0.244755542432662,-24.2383955026488,8.76467600546126e-130
"eutro",-1.6935657787028,0.185253624693123,-9.14187661109589,6.13778430826046e-20
"log10(RT)",-0.182410395031458,0.0762347935149523,-2.39274465924382,0.0167228745845889
