"estimate","std.error","Adjusted.SE","statistic","p.value","term"
-10.3792233248773,3.7083263583054,3.75754081327534,2.76223834700813,0.0057407,"(Intercept)"
-2.47957812510271,1.21021021970952,1.22644664189652,2.02175784938219,0.0432014,"human_impact"
1.76065589689425,0.542289351814603,0.549582743169593,3.20362296446951,0.0013571,"log10(area)"
-12.603528325778,3.14408643237108,3.18590001133319,3.95603386199928,7.62e-05,"log10(depth)"
-0.97339353668576,1.38348979143649,1.40213419060643,0.694222809205417,0.4875425,"eutro"
0.030269970791481,0.440264036006808,0.446197190323007,0.0678398955617991,0.9459131,"log10(RT)"
