"estimate","std.error","Adjusted.SE","statistic","p.value","term"
-6.47149503127749,3.76799398710645,3.81892202827208,1.69458684502276,0.0901538,"(Intercept)"
-2.51911520569405,1.3155758727384,1.33335351347358,1.88930780939812,0.0588506,"human_impact"
1.48793748226838,0.542470350305727,0.549800846380901,2.70632082882888,0.0068033,"log10(area)"
-17.4016201299026,3.99252006771981,4.04647630592036,4.30043791543829,1.7e-05,"log10(depth)"
-3.81614970288914,1.7466502244004,1.77025356831211,2.15570795687068,0.0311065,"eutro"
0.0161905733660795,0.511791334883709,0.518766070798422,0.0312097769639423,0.9751022,"log10(RT)"
