"estimate","std.error","Adjusted.SE","statistic","p.value","term"
-4.99934267652628,3.23583369654595,3.2791069624117,1.52460494086762,0.1273577,"(Intercept)"
-1.58172449936126,1.1106690323153,1.12565546834738,1.40515863320369,0.1599741,"human_impact"
1.11812028560037,0.457394259481882,0.46357715735516,2.41193999285807,0.0158679,"log10(area)"
-13.064443488039,3.1673806736683,3.21011357583195,4.06977609340602,4.71e-05,"log10(depth)"
-3.33293364641059,1.37232019494805,1.39086863228806,2.39629650783606,0.0165617,"eutro"
0.269108927335619,0.483449149115401,0.490037635307803,0.549159713348518,0.5828958,"log10(RT)"
