"term","estimate","std.error","statistic","p.value"
"(Intercept)",-3.57087342264992,0.697338208166268,-5.12071958890643,3.04371959196251e-07
"human_impact",-0.374833416414746,0.297647805855809,-1.25931859412506,0.20791527971791
"log10(area)",1.38249346648848,0.114068036947783,12.1199023274272,8.28578257176608e-34
"depth",-5.09072939606424,0.326361230927746,-15.5984501639268,7.45828045000185e-55
"eutro",-0.678912029043452,0.279841613817093,-2.42605815404994,0.0152638241775675
"log10(RT)",-0.276288501679812,0.109247134658624,-2.52902286676131,0.0114380574853847
