"term","estimate","std.error","statistic","p.value"
"(Intercept)",-3.83094369128962,0.710232709538612,-5.39392742665755,6.89340694493745e-08
"human_impact",-0.395945885874683,0.300428506307668,-1.317937138326,0.187524692106282
"log10(area)",1.49441639231757,0.119295346742903,12.5270300403102,5.31146940534866e-36
"depth",-5.33523388917023,0.335641448084825,-15.8956348198745,6.79367447661809e-57
"eutro",-0.626677454406617,0.283408804834362,-2.21121377923624,0.0270210366371152
"log10(RT)",-0.355148523248322,0.113617112992906,-3.12583653899477,0.00177300072892935
