"term","estimate","std.error","statistic","p.value"
"(Intercept)",-3.73602398403494,0.697600540748156,-5.35553481657019,8.53037181996653e-08
"human_impact",-0.401007027357408,0.294783269146562,-1.36034527508423,0.173720687390021
"log10(area)",1.50108191468385,0.118363016983986,12.6820180233066,7.43915769832514e-37
"depth",-5.24343535528048,0.329759411841084,-15.9007905976232,6.25701053978575e-57
"eutro",-0.79858931912043,0.284560526475223,-2.80639528262175,0.00500991932489375
"log10(RT)",-0.397216409472961,0.11434843699153,-3.47373711371658,0.000513263638545171
