"term","estimate","std.error","statistic","p.value"
"(Intercept)",-7.27276059261153,4.03157366000124,-1.80395081572422,0.0712390177291684
"human_impact",-3.49952978038266,1.21740856450727,-2.87457299250976,0.00404574242567698
"log10(area)",1.52057770260989,0.543974640067501,2.79530991080982,0.00518499839880801
"log10(depth)",-19.0202398355028,4.4110424758535,-4.31196025420783,1.61813526093953e-05
"eutro",-3.63579343573284,1.65365052678153,-2.19864679800824,0.0279030466298476
"log10(RT)",0.408902522503841,0.503612251209209,0.811939188377639,0.416826526448312
