"term","estimate","std.error","statistic","p.value"
"(Intercept)",-3.61378644920917,0.708930434311293,-5.0975191278392,3.44133652569417e-07
"human_impact",-0.401146955636533,0.299161322401376,-1.34090514247134,0.179951252387381
"log10(area)",1.4640707436933,0.118606087614135,12.3439763771351,5.2497677396052e-35
"depth",-5.19200413460137,0.325612763265364,-15.945333599746,3.06996384627928e-57
"eutro",-0.763203117731298,0.28012347220352,-2.72452398125639,0.00643942537066317
"log10(RT)",-0.407475141909811,0.11198933191705,-3.63851748139392,0.000274212017610825
