"term","estimate","std.error","statistic","p.value"
"(Intercept)",-3.64020254551479,0.692841109947952,-5.25402216070616,1.48812963350624e-07
"human_impact",-0.332666207298113,0.296314050792077,-1.12268117697714,0.261572925049049
"log10(area)",1.42975640294823,0.116017268789174,12.3236516241938,6.75641525214081e-35
"depth",-5.13625794536697,0.327467260424407,-15.6847983481165,1.92172427076987e-55
"eutro",-0.840108532816791,0.282310281303581,-2.97583399703883,0.00292192980299199
"log10(RT)",-0.333189147706247,0.109988791093005,-3.02930093507897,0.00245120382943133
