"estimate","std.error","Adjusted.SE","statistic","p.value","term"
-5.94246837007213,3.20562816271949,3.24876657472352,1.8291459953776,0.0673777,"(Intercept)"
-1.67490374873119,1.08489465348185,1.09955235489869,1.52325966223364,0.1276938,"human_impact"
1.21183440567322,0.457810691009211,0.463997320878545,2.61172716122304,0.0090086,"log10(area)"
-12.7134331214675,3.09777655863577,3.13960544359721,4.04937287498811,5.14e-05,"log10(depth)"
-2.62675202404707,1.37956674511384,1.39821143114688,1.87865151545248,0.0602921,"eutro"
0.159526534863747,0.427174553382794,0.432996124590144,0.368424856030174,0.7125565,"log10(RT)"
