"term","estimate","std.error","statistic","p.value"
"(Intercept)",-3.49675285962218,0.69443325062297,-5.03540528407198,4.7683886445636e-07
"human_impact",-0.515741478922802,0.291779486629171,-1.7675727820382,0.0771323515681289
"log10(area)",1.37066730130535,0.11528702417741,11.8891723599014,1.34735076433355e-32
"depth",-4.91524783613574,0.321387525460518,-15.2938351577046,8.40512213940138e-53
"eutro",-0.722596768204167,0.276548559337272,-2.61291098364719,0.00897746814059308
"log10(RT)",-0.305171510738395,0.108557135699106,-2.81116030533687,0.00493631848773251
