"estimate","std.error","Adjusted.SE","statistic","p.value","term"
-6.2414138591119,3.55449729716806,3.60235053785784,1.73259481372498,0.0831677,"(Intercept)"
-3.02878807040184,1.27974221749579,1.29703095129668,2.33517023427535,0.0195345,"human_impact"
1.31690356271745,0.493578003900555,0.500249007632568,2.6324961021906,0.008476,"log10(area)"
-12.3244563552115,3.175011377844,3.21780472075633,3.83008212888526,0.0001281,"log10(depth)"
-2.28330291872555,1.56712343765195,1.5883021648383,1.43757464371272,0.1505548,"eutro"
-0.203729406221838,0.455575848695093,0.461784475174654,0.441178552277627,0.6590837,"log10(RT)"
