"term","estimate","std.error","statistic","p.value"
"(Intercept)",-4.00465134551948,0.708085862512618,-5.65560132963129,1.55301572627226e-08
"human_impact",-0.229125203794023,0.300320310413683,-0.762936091396581,0.445501510654975
"log10(area)",1.49211483186512,0.119164454933497,12.5214757428954,5.69660251735916e-36
"depth",-5.26632270432961,0.332838702166092,-15.8224469391833,2.17858454050938e-56
"eutro",-0.805526255613345,0.281377188085345,-2.86279872613205,0.00419917216533124
"log10(RT)",-0.318365500366092,0.110734606510244,-2.8750316671477,0.00403986977789602
