"term","estimate","std.error","statistic","p.value"
"(Intercept)",-5.52984438481117,3.84285005749364,-1.43899561577425,0.150151764927644
"human_impact",-2.62573516042377,1.17301366473205,-2.23845232103375,0.025191573339255
"log10(area)",1.40082394852515,0.530769061063955,2.63923437006129,0.00830935130731074
"log10(depth)",-14.9181927845928,3.62293212276691,-4.11771247130058,3.82651689231099e-05
"eutro",-4.19330107582986,1.5313094752571,-2.73837597401781,0.00617434443612553
"log10(RT)",0.0341777239486892,0.463982922129017,0.0736615989913214,0.941279655306328
