"term","estimate","std.error","statistic","p.value"
"(Intercept)",-5.36300339133883,4.11493374000709,-1.30330249043806,0.192471511203768
"human_impact",-3.97642770470373,1.38830458058855,-2.86423293584321,0.00418020485364745
"log10(area)",1.34259718278999,0.572810969549583,2.34387477573223,0.0190845777733743
"log10(depth)",-21.3741816969448,4.94948103552794,-4.31846925839668,1.57115100807472e-05
"eutro",-4.74499779329109,1.891677347993,-2.50835471404538,0.0121294836872956
"log10(RT)",0.358342525779841,0.491682553478557,0.728808706440037,0.466118685082387
