"term","estimate","std.error","statistic","p.value"
"(Intercept)",-3.97788553213764,0.694679340100738,-5.72621827440671,1.02694076178393e-08
"human_impact",-0.396295275515588,0.293922703693509,-1.34829759843536,0.177562684251127
"log10(area)",1.41155111340914,0.11485729282395,12.2896080754117,1.03004204455635e-34
"depth",-4.85947108570375,0.315009381640354,-15.4264328903442,1.087151950611e-53
"eutro",-0.634636511073049,0.275874540881716,-2.30045334754234,0.0214225494440317
"log10(RT)",-0.276700610541416,0.108568488252082,-2.54862727662701,0.0108147815775995
