"estimate","std.error","Adjusted.SE","statistic","p.value","term"
-8.10073881559999,3.45474355827279,3.50088213213471,2.31391361087054,0.0206725,"(Intercept)"
-1.37706387756872,1.10108013427416,1.11591868073006,1.23401812457142,0.2171962,"human_impact"
1.57599987322352,0.513217360181738,0.520070993763128,3.03035526326878,0.0024427,"log10(area)"
-15.8048861026255,3.56628315676354,3.61424593429601,4.37294151807741,1.23e-05,"log10(depth)"
-3.09054585338617,1.41835351326309,1.43711248021468,2.15052467773746,0.0315137,"eutro"
-0.0918311610476061,0.455361037586627,0.461497644451206,0.198985113254062,0.8422744,"log10(RT)"
