"term","estimate","std.error","statistic","p.value"
"(Intercept)",-3.84522777786949,0.699282789466678,-5.49881655288861,3.82348650986734e-08
"human_impact",-0.221365769139565,0.292670642830962,-0.756364789438136,0.449430512737586
"log10(area)",1.44054173094482,0.118696733475725,12.1363216051723,6.78063161236853e-34
"depth",-4.95006983287989,0.319605799113376,-15.4880476093111,4.17786149374296e-54
"eutro",-0.730734416370262,0.276768013180267,-2.64024157984728,0.00828469482573578
"log10(RT)",-0.394253325142031,0.111970227018443,-3.52105497720472,0.000429833489371575
