"term","estimate","std.error","statistic","p.value"
"(Intercept)",-3.75699539362833,3.358996586789,-1.1184874103191,0.263358880518452
"human_impact",-2.14756160880416,1.1260360236937,-1.90718730450521,0.0564963368959279
"log10(area)",0.886388965459981,0.458011736294055,1.93529749397273,0.0529537996967762
"log10(depth)",-12.6879568797752,3.14047653269266,-4.04013745929715,5.34198827778949e-05
"eutro",-3.03070878706788,1.40086872738094,-2.16344952801828,0.030506621716429
"log10(RT)",0.109299404729494,0.420523199404471,0.259912901081985,0.794930959565435
