"estimate","std.error","Adjusted.SE","statistic","p.value","term"
-7.00421884253475,3.48978002734821,3.53652167033126,1.98053892933693,0.047643,"(Intercept)"
-2.23057735978938,1.18541596013946,1.20143444447751,1.85659514761078,0.0633688,"human_impact"
1.5766065444311,0.525962885246441,0.533071571449804,2.95758886586876,0.0031006,"log10(area)"
-18.4366849876308,4.15330602418281,4.20918704504614,4.3801058946357,1.19e-05,"log10(depth)"
-4.01706805511569,1.64836206438234,1.67061362542848,2.40454644567225,0.0161925,"eutro"
-0.297260377292835,0.564960404355016,0.572659732878311,0.519087269850004,0.6036999,"log10(RT)"
