"term","estimate","std.error","statistic","p.value"
"(Intercept)",-8.21207447774901,3.51062181520925,-2.33920795517518,0.0193246735776536
"human_impact",-2.36315795448619,1.19145417207538,-1.98342329052391,0.0473201676986697
"log10(area)",1.53740505283799,0.512009871254428,3.00268635265045,0.00267608076621792
"log10(depth)",-12.9669197198698,3.08736404967779,-4.19999699135677,2.66918527113776e-05
"eutro",-1.65822343753021,1.36806866047705,-1.21209080029066,0.225477624916224
