"term","estimate","std.error","statistic","p.value"
"(Intercept)",-3.93451983809828,0.700525844693792,-5.61652345577358,1.94837811574924e-08
"human_impact",-0.351677222206781,0.291407175919888,-1.20682416655197,0.227499867082831
"log10(area)",1.49659998439698,0.120364863210082,12.4338610495062,1.71163021582985e-35
"depth",-5.23565282679548,0.336759098331252,-15.5471755707263,1.66278748218938e-54
"eutro",-0.721091106712213,0.278544441474603,-2.58878297084223,0.00963157763920286
"log10(RT)",-0.355893929735198,0.110171091523482,-3.23037490882389,0.00123627989509533
