"term","estimate","std.error","statistic","p.value"
"(Intercept)",-8.8038157829348,3.94767295978964,-2.23012794438877,0.0257389501370688
"human_impact",-2.31131312796111,1.15494412835049,-2.00123371445003,0.0453672092779256
"log10(area)",1.76155353309525,0.559927216884239,3.14604019947015,0.00165497256900324
"log10(depth)",-15.3789095363732,3.77872719937501,-4.06986499023185,4.7040389979745e-05
"eutro",-3.45132164933387,1.63043432522366,-2.11681120541941,0.0342758739717769
"log10(RT)",0.133270378930854,0.467097750176885,0.28531582282378,0.775402191585019
