"term","estimate","std.error","statistic","p.value"
"(Intercept)",-3.79779271786553,0.684561797915153,-5.54777191691354,2.89332971156722e-08
"human_impact",-0.344308185228684,0.292733922169432,-1.17618136865396,0.239522408011769
"log10(area)",1.44577932310615,0.11629805322567,12.4316726119284,1.75914590091851e-35
"depth",-4.92933497904986,0.317156340837043,-15.5422873338755,1.79462061215669e-54
"eutro",-0.777502565470064,0.274453229836861,-2.83291461329212,0.00461257052110233
"log10(RT)",-0.384700925385392,0.110779610346919,-3.47266906049459,0.000515310345591271
