"term","estimate","std.error","statistic","p.value"
"(Intercept)",-3.65673278074683,0.693260759166063,-5.2746859423366,1.32983624375054e-07
"human_impact",-0.280974563775099,0.295612855383371,-0.950481545908116,0.341867626386971
"log10(area)",1.39844953645753,0.117244104412879,11.927674687444,8.4912328667017e-33
"depth",-5.00254090873525,0.321371081947883,-15.5662447237443,1.2344509020877e-54
"eutro",-0.623166072124589,0.278136512727951,-2.24050436964425,0.0250581974179045
"log10(RT)",-0.35507905661095,0.1107110729172,-3.20725874345479,0.00134006408236163
