"term","estimate","std.error","statistic","p.value"
"(Intercept)",-3.86368460238459,0.694665151263821,-5.56193814437834,2.66794864321907e-08
"human_impact",-0.443448341140788,0.294839838022477,-1.50403128734246,0.132573310950581
"log10(area)",1.44708991133503,0.116884521556528,12.3805093443035,3.33221311494105e-35
"depth",-5.11722153086821,0.329254584447561,-15.5418383602893,1.80723900749846e-54
"eutro",-0.694631697814581,0.282436499682453,-2.45942609611564,0.013915934551438
"log10(RT)",-0.282940622319477,0.10925545699774,-2.58971615784216,0.0096055096573971
