"estimate","std.error","Adjusted.SE","statistic","p.value","term"
-5.30698896541094,3.36518495299876,3.4106403826314,1.55600953780899,0.1197058,"(Intercept)"
-1.97650464592254,1.13444644748657,1.14977673989552,1.71903342391684,0.0856083,"human_impact"
1.26201271831385,0.481352043304354,0.48785682375868,2.58685060217197,0.0096858,"log10(area)"
-16.6355790683367,3.84627399863385,3.89824629104151,4.26745203517968,1.98e-05,"log10(depth)"
-3.76999828080758,1.53948522176878,1.56028919559501,2.41621764186472,0.0156827,"eutro"
0.0782380606878552,0.481794717719571,0.488360657179958,0.160205494725233,0.8727192,"log10(RT)"
