"term","estimate","std.error","statistic","p.value"
"(Intercept)",-3.61450660289233,0.689556987169935,-5.2417808392123,1.59034194787626e-07
"human_impact",-0.235610034337644,0.296829745351801,-0.793754797243786,0.427338192566574
"log10(area)",1.39630724928552,0.115884319680034,12.0491474009671,1.95966418625543e-33
"depth",-5.11898883732712,0.325079595374848,-15.7468783342874,7.21563432183489e-56
"eutro",-0.805021496100775,0.281947230310863,-2.85522044395752,0.00430069662355692
"log10(RT)",-0.299176478688753,0.10874437043524,-2.75119049833408,0.00593791013704549
