"term","estimate","std.error","statistic","p.value"
"(Intercept)",-3.83897609422757,0.702163626085214,-5.4673525537503,4.56806913048057e-08
"human_impact",-0.431448853316483,0.292727212664655,-1.47389390070388,0.140510160224549
"log10(area)",1.43019934043226,0.116420947810652,12.2847251059865,1.09416310782736e-34
"depth",-4.96194405862409,0.32203456540576,-15.4081101585232,1.44372499842925e-53
"eutro",-0.775578235458107,0.280659201576427,-2.76341638222365,0.00571997461444496
"log10(RT)",-0.297662604466962,0.109800777581135,-2.71093348357219,0.00670940842332843
