"estimate","std.error","Adjusted.SE","statistic","p.value","term"
-4.34589240991744,3.1433036966514,3.18568145115707,1.36419553447159,0.172506,"(Intercept)"
-1.68817277048372,1.02428956076704,1.03813026688404,1.62616660387987,0.1039142,"human_impact"
0.992292958928054,0.440011289825216,0.445958080016215,2.2250812428199,0.0260758,"log10(area)"
-11.8196571086117,3.06028866104988,3.10160622056807,3.81081809490533,0.0001385,"log10(depth)"
-3.03705678289101,1.42211788680167,1.44133657563752,2.1071114368604,0.0351079,"eutro"
0.145149795087315,0.431308659804356,0.437186570966231,0.332008814375331,0.7398826,"log10(RT)"
