"estimate","std.error","Adjusted.SE","statistic","p.value","term"
-10.279644530207,4.00991894027942,4.06405313568042,2.52940701979427,0.0114255,"(Intercept)"
-3.46316286385864,1.42556170588131,1.44482647049213,2.39694034860742,0.0165326,"human_impact"
1.99300990515635,0.594542014814012,0.602576386390519,3.30748092718111,0.0009414,"log10(area)"
-20.9962503906845,4.59265516636491,4.65469637961841,4.51076690686444,6.5e-06,"log10(depth)"
-2.80480615328575,1.65724895440549,1.67964426194972,1.66988106757198,0.0949429,"eutro"
0.114228395978298,0.51117843937165,0.518144822694107,0.220456503616817,0.8255156,"log10(RT)"
