"term","estimate","std.error","statistic","p.value"
"(Intercept)",-2.79845953877826,0.487138991590887,-5.74468393433076,9.20928411585847e-09
"human_impact",-2.40416663320763,0.192005558829052,-12.5213386938871,5.70644822964909e-36
"log10(area)",1.70546459480921,0.0897661583221429,18.9989705105662,1.73922499568936e-80
"depth",-5.87557613237893,0.24359321050535,-24.1204429310228,1.52568841616053e-128
"eutro",-1.49008950311365,0.184576048739865,-8.07303825868398,6.85701095603281e-16
"log10(RT)",-0.215845038782902,0.0766229738606553,-2.81697548277665,0.00484782261468467
