"term","estimate","std.error","statistic","p.value"
"(Intercept)",-3.7484597675733,0.70110548297975,-5.34649900560193,8.96717734911131e-08
"human_impact",-0.379857614600484,0.29142967668273,-1.30342804797475,0.192428666062532
"log10(area)",1.43758630391172,0.117382281120281,12.2470469153571,1.74225182142187e-34
"depth",-5.0974248296025,0.328265110788087,-15.5283783200864,2.22946767163198e-54
"eutro",-0.851824419634668,0.280020833671482,-3.04200372688705,0.00235008984710454
"log10(RT)",-0.296262934392103,0.111510601446318,-2.65681406565389,0.00788829364577108
