"term","estimate","std.error","statistic","p.value"
"(Intercept)",-2.84201332758463,0.486664881368827,-5.83977483559321,5.2271419594903e-09
"human_impact",-2.32437180721784,0.189810571826882,-12.2457447172005,1.77044445763525e-34
"log10(area)",1.68621819610694,0.0896088509017302,18.8175406685679,5.42446209684879e-79
"depth",-5.91613808443577,0.245302937235826,-24.1176813906154,1.63095478215873e-128
"eutro",-1.42354834327963,0.184743884367195,-7.70552350436777,1.30307988867494e-14
"log10(RT)",-0.165343870158833,0.0761865171478322,-2.17025106736406,0.0299878313394437
