"term","estimate","std.error","statistic","p.value"
"(Intercept)",-4.00787860151161,0.719240079683753,-5.57237939697945,2.51283441556071e-08
"human_impact",-0.272661436102442,0.302311790564206,-0.901921276684487,0.367098688020422
"log10(area)",1.51559336650202,0.121794161757454,12.4438917648634,1.50965195645105e-35
"depth",-5.31567194680603,0.33506779186742,-15.8644670595774,1.11661291126608e-56
"eutro",-0.740476081265173,0.279995081098315,-2.6446038921847,0.00817865953382027
"log10(RT)",-0.344280501964909,0.111612856287754,-3.08459538995493,0.00203829235366398
