"term","estimate","std.error","statistic","p.value"
"(Intercept)",-3.65795164598017,0.699601264570836,-5.22862354776346,1.70776695029279e-07
"human_impact",-0.507757694408456,0.300783947651704,-1.68811433712686,0.0913892827964346
"log10(area)",1.44757355478361,0.118202656027183,12.2465399969583,1.75317321072739e-34
"depth",-5.16287162221148,0.328772772389587,-15.7034646898728,1.43202696968548e-55
"eutro",-0.779089260125543,0.280092315922022,-2.78154456883581,0.0054100901638886
"log10(RT)",-0.317949748781578,0.110062667857748,-2.88880648606952,0.00386706973406856
