"term","estimate","std.error","statistic","p.value"
"(Intercept)",-5.52565151791492,3.77518494576065,-1.46367703762963,0.143282212394528
"human_impact",-2.42875555288902,1.19784215739895,-2.02760901166055,0.0426001685393008
"log10(area)",1.18754002343744,0.505629978665863,2.34863452236523,0.018842391494326
"log10(depth)",-12.8499997378701,3.28581167166593,-3.91075357382095,9.20086081514968e-05
"eutro",-2.91443813432903,1.43213419921414,-2.03503144881833,0.0418477087003804
"log10(RT)",0.11574328432435,0.552013945181539,0.209674565895769,0.833921677741742
