"estimate","std.error","Adjusted.SE","statistic","p.value","term"
-7.21857220373703,3.84546193333823,3.89402996965663,1.85375363312203,0.0637744,"(Intercept)"
-1.40783577087296,1.18534470657047,1.2013188322923,1.17190851673123,0.2412338,"human_impact"
1.64886395070965,0.565887039376103,0.573295603715924,2.87611476526634,0.004026,"log10(area)"
-19.6320293135378,4.29081752802215,4.34847134713892,4.51469671668751,6.3e-06,"log10(depth)"
-5.31854797741108,1.74035791969856,1.76367420144899,3.01560683545833,0.0025647,"eutro"
0.150293188148388,0.441713060828874,0.447665742717562,0.335726355195353,0.7370772,"log10(RT)"
