"estimate","std.error","Adjusted.SE","statistic","p.value","term"
-4.97717917344926,3.39109859206782,3.43692713795151,1.44814800363088,0.1475757,"(Intercept)"
-2.21312016115045,1.08513389398364,1.09979759348573,2.01229769392033,0.0441886,"human_impact"
1.09449696650574,0.484338601390908,0.49088364768159,2.22964641758791,0.0257709,"log10(area)"
-12.6834930951252,3.14948047032206,3.19204318585532,3.97347164704058,7.08e-05,"log10(depth)"
-2.52446184243772,1.43674553120625,1.45616063615426,1.73364241537586,0.0829815,"eutro"
0.0399415833080043,0.464009391343493,0.470332950860777,0.0849219329305026,0.9323235,"log10(RT)"
