"term","estimate","std.error","statistic","p.value"
"(Intercept)",-4.0109527521742,0.714296696532865,-5.6152475177934,1.96281069561047e-08
"human_impact",-0.424176443550379,0.301371970518357,-1.40748472003152,0.159283705040683
"log10(area)",1.52845290622564,0.121571614865748,12.5724488229716,2.99307142261629e-36
"depth",-5.42356130637116,0.339361496189406,-15.9816637045475,1.71506658043595e-57
"eutro",-0.710363682797629,0.28339622969553,-2.50660950415895,0.0121895294006153
"log10(RT)",-0.305666326593847,0.112235036151398,-2.72344837294409,0.00646043120579923
