"term","estimate","std.error","statistic","p.value"
"(Intercept)",-6.66938462625391,3.69466948498717,-1.80513700977966,0.0710532448958433
"human_impact",-2.79762307615814,1.34521008380514,-2.07969231708748,0.0375537632409463
"log10(area)",1.46624620401074,0.515401560593217,2.84486178567858,0.00444306975701726
"log10(depth)",-16.7883679458562,4.03657292547175,-4.15906469567725,3.19553388810624e-05
"eutro",-3.78998932877796,1.64203116870389,-2.30811046770174,0.0209929931271944
"log10(RT)",0.0125505760765496,0.493870419799447,0.025412690400948,0.979725788901358
