"estimate","std.error","Adjusted.SE","statistic","p.value","term"
-3.62391324090833,3.34880674954306,3.39406420882443,1.06772088503402,0.2856464,"(Intercept)"
-1.60480815920712,1.09855068535658,1.11339587079856,1.44136349100711,0.149482,"human_impact"
0.966061891984399,0.464779108281054,0.471059765889356,2.05082658706902,0.0402838,"log10(area)"
-13.0377802693286,3.26029348751792,3.30435107216249,3.94564015281711,7.96e-05,"log10(depth)"
-3.9105409508543,1.52937003431044,1.55003685311358,2.52286966145298,0.0116402,"eutro"
-0.0447219021548588,0.484915056193168,0.491523519892116,0.0909862912860707,0.9275035,"log10(RT)"
