"term","estimate","std.error","statistic","p.value"
"(Intercept)",-2.76342133309888,0.494112725243919,-5.59269412002031,2.2357296679106e-08
"human_impact",-2.36177553770714,0.189881108239931,-12.4381807100201,1.62155225600179e-35
"log10(area)",1.71254372199562,0.0911925791141905,18.7794197579519,1.11289573378354e-78
"depth",-5.96138829776643,0.245374883873676,-24.2950223904557,2.21279336730205e-130
"eutro",-1.60917629405503,0.185076697997796,-8.694645579176,3.47914063641884e-18
"log10(RT)",-0.183344808443063,0.0773246270828422,-2.37110498116771,0.0177349929081248
