"term","estimate","std.error","statistic","p.value"
"(Intercept)",-9.95475334372133,4.20686103106674,-2.36631380742261,0.0179662087515195
"human_impact",-2.74012902352856,1.29948216163789,-2.10863150293256,0.0349764014566512
"log10(area)",1.88863023383372,0.564639301151271,3.34484374357736,0.000823289391558794
"log10(depth)",-22.6295595331511,4.90659138529583,-4.61207338376857,3.98672187120138e-06
"eutro",-4.20316453403748,1.69859096825762,-2.47450069650906,0.0133422560622093
"log10(RT)",0.43700662211837,0.524083603617688,0.833849063587878,0.404366043449918
