"estimate","std.error","Adjusted.SE","statistic","p.value","term"
-8.74453739812821,3.60498636569918,3.65371837789423,2.39332550944115,0.0166964,"(Intercept)"
-1.99521516271901,1.21006747352235,1.22642000480836,1.62686123423988,0.1037666,"human_impact"
1.81768720646097,0.548197096381214,0.555605031957179,3.27154561588106,0.0010696,"log10(area)"
-18.0763127140174,4.1515624653289,4.20767363766525,4.29603488070133,1.74e-05,"log10(depth)"
-4.23979756463409,1.64156167830191,1.66374458007638,2.54834643214251,0.0108235,"eutro"
-0.00873593814238646,0.489656091383891,0.496329166314339,0.0176010976893785,0.9859571,"log10(RT)"
