"estimate","std.error","Adjusted.SE","statistic","p.value","term"
-7.12625549938067,3.49392299293463,3.54114630291095,2.01241487637001,0.0441762,"(Intercept)"
-1.97942089589234,1.06761600148481,1.08204288428349,1.8293368263339,0.0673492,"human_impact"
1.43214223792881,0.511952835925668,0.518870937619253,2.76011264862884,0.0057781,"log10(area)"
-12.3127645154162,3.12934946351423,3.17164260606768,3.88214122608287,0.0001035,"log10(depth)"
-2.35258149746858,1.43979238679616,1.45924871362076,1.61218678866007,0.1069213,"eutro"
-0.00823592675249006,0.430612334717311,0.436480756301575,0.0188689343884835,0.9849457,"log10(RT)"
