"term","estimate","std.error","statistic","p.value"
"(Intercept)",-4.19083831128773,0.695694304914702,-6.02396524117236,1.70194931969797e-09
"human_impact",-0.310323666438111,0.296828371373084,-1.04546497695823,0.295808119326648
"log10(area)",1.47874255587386,0.117341007999496,12.6020952187509,2.05609059201817e-36
"depth",-4.91394471810664,0.317176859646879,-15.4927592245458,3.88263097804935e-54
"eutro",-0.677014796578174,0.282598652564321,-2.39567595398948,0.0165897496104023
"log10(RT)",-0.373986474297588,0.111522010718711,-3.35347678801169,0.000798031071045562
