"term","estimate","std.error","statistic","p.value"
"(Intercept)",-13.5326677044719,5.05311095527636,-2.67808639553845,0.0074044116735066
"human_impact",-3.06770867904995,1.59882637774689,-1.91872533612628,0.0550191033196566
"log10(area)",2.90438184418593,0.762992375815467,3.8065673213075,0.00014090894883958
"log10(depth)",-34.8787765300475,7.75520000110793,-4.49746963651029,6.87669779397702e-06
"eutro",-8.67498664912744,2.55284265638211,-3.39816738310916,0.000678388999929424
"log10(RT)",0.532764389362694,0.603349330107587,0.883011487338013,0.377230064966166
