"term","estimate","std.error","statistic","p.value"
"(Intercept)",-3.811711502771,0.695654402132915,-5.47931773461662,4.26969022942509e-08
"human_impact",-0.418587145831796,0.296604799209313,-1.41126221473038,0.158167311473753
"log10(area)",1.42122293385124,0.115595462934329,12.2947985826973,9.65972419022776e-35
"depth",-5.04798983023943,0.324672931359792,-15.5479232872832,1.64349083527853e-54
"eutro",-0.639849106110113,0.277409107951326,-2.30651801894832,0.0210817044738152
"log10(RT)",-0.302379042309024,0.111367347995491,-2.71514988685253,0.00662457806257292
