"estimate","std.error","Adjusted.SE","statistic","p.value","term"
-8.38153317916644,3.37355170462378,3.41833938702841,2.45193125380466,0.01420918,"(Intercept)"
-1.35159167974193,1.13647436279301,1.15184913344349,1.17341033690872,0.24063129,"human_impact"
1.58244420737754,0.493285441564886,0.499751860346595,3.16645986326107,0.00154307,"log10(area)"
-13.2790601783856,3.34608657999414,3.39099661817722,3.91597564775031,9.004e-05,"log10(depth)"
-1.86208011563742,1.4103275710486,1.42899538916649,1.30306936590155,0.19255108,"eutro"
-0.47662767929628,0.450596112905594,0.456694908262888,1.04364570454532,0.29664934,"log10(RT)"
