"term","estimate","std.error","statistic","p.value"
"(Intercept)",-4.10240502255481,0.716362727620131,-5.72671478342213,1.02394101875863e-08
"human_impact",-0.206289445317397,0.301827718320929,-0.683467530632997,0.494311460569706
"log10(area)",1.48940792860265,0.12058318948567,12.3517045365569,4.76901525222972e-35
"depth",-5.182911360721,0.329435093696608,-15.732723865461,9.02438890673743e-56
"eutro",-0.74202220774528,0.283469262246108,-2.61764609632016,0.00885385782721034
"log10(RT)",-0.324263768202123,0.110117113892629,-2.94471728089695,0.00323249887490298
