"term","estimate","std.error","statistic","p.value"
"(Intercept)",-3.62774587949913,0.679168733477438,-5.34145007077191,9.22060136194359e-08
"human_impact",-0.404662969751378,0.293346573101891,-1.37947058822747,0.167749708452088
"log10(area)",1.40921955301176,0.114181672622135,12.3419067232912,5.38649555851832e-35
"depth",-5.02252490591277,0.3202231848659,-15.6844511680691,1.93225977940331e-55
"eutro",-0.680490320458554,0.279192589220271,-2.43735094244094,0.0147953125807812
"log10(RT)",-0.34225479717035,0.110388606172822,-3.10045401456129,0.00193224214621761
