"term","estimate","std.error","statistic","p.value"
"(Intercept)",-4.00460169362054,0.695142486145663,-5.76083576163607,8.36984531306009e-09
"human_impact",-0.319107237858414,0.293244909210586,-1.08819361508252,0.276509642836731
"log10(area)",1.40425030883262,0.114832144328078,12.2287214703632,2.18348271107662e-34
"depth",-4.7785296426896,0.312199344554591,-15.3060207397522,6.96998440876851e-53
"eutro",-0.678216015790939,0.280782250286211,-2.41545188522284,0.0157156986831275
"log10(RT)",-0.310684693907859,0.110265456694141,-2.81760673943109,0.00483830297802188
