"term","estimate","std.error","statistic","p.value"
"(Intercept)",-3.70995762820071,0.676523065059247,-5.48385978218763,4.16144658864209e-08
"human_impact",-0.269642088175831,0.298283280873271,-0.903979892491499,0.366006063570746
"log10(area)",1.36696462369126,0.112763536688919,12.1223993484907,8.03712186409548e-34
"depth",-4.81687204863265,0.311754920116283,-15.4508292822965,7.44790181570571e-54
"eutro",-0.783959096067777,0.281272326058484,-2.78718886800393,0.00531674818719505
"log10(RT)",-0.309010963111549,0.109628771497725,-2.81870314598903,0.00482180886220327
