"term","estimate","std.error","statistic","p.value"
"(Intercept)",-3.6131617844679,0.684830864144722,-5.27599145079471,1.32040243785366e-07
"human_impact",-0.485890304117184,0.296946557097276,-1.63628872773229,0.101779174136855
"log10(area)",1.37251717310655,0.1136202575173,12.0798632488364,1.34943972053613e-33
"depth",-4.92282129672267,0.315551025875565,-15.6007139671412,7.1984559408917e-55
"eutro",-0.541253879575555,0.278161465375673,-1.94582624464018,0.0516756149408566
"log10(RT)",-0.309702140366306,0.110334436672306,-2.80693997003059,0.00500145610910396
