"estimate","std.error","Adjusted.SE","statistic","p.value","term"
-5.63678635931012,3.32713536552574,3.37191959821369,1.67168468735028,0.0945865,"(Intercept)"
-2.06709689923637,1.12916894164045,1.1444305434466,1.80622311338446,0.0708835,"human_impact"
1.29220095383891,0.496834811832413,0.503549171505439,2.56618623753401,0.0102824,"log10(area)"
-12.914911963508,3.24307061416412,3.28684725452903,3.92927050251946,8.52e-05,"log10(depth)"
-3.2330579866961,1.43692207699284,1.4563423695119,2.21998484311053,0.0264198,"eutro"
-0.212714435314456,0.455346666717499,0.461552169885544,0.460867588093465,0.6448936,"log10(RT)"
