"estimate","std.error","Adjusted.SE","statistic","p.value","term"
-8.23371926048929,3.97713026059911,4.03087105091172,2.04266501123298,0.0410856,"(Intercept)"
-2.03534891077205,1.1662846893863,1.18204514620377,1.72188762612725,0.0850899,"human_impact"
1.65414984812992,0.582628140334651,0.590501394543175,2.80126323733682,0.0050903,"log10(area)"
-15.5871672930957,3.61313897652958,3.66196248802119,4.25650654371353,2.08e-05,"log10(depth)"
-2.99399574562126,1.54600168589419,1.5668932614235,1.91078474796762,0.0560322,"eutro"
-0.0568244455835154,0.470769045410011,0.477184726068813,0.11908270000939,0.9052098,"log10(RT)"
