"estimate","std.error","Adjusted.SE","statistic","p.value","term"
-7.20375847913804,3.64084755738487,3.6891571487858,1.95268409249224,0.050857,"(Intercept)"
-2.2337889432144,1.15553302105493,1.17115003974013,1.90734651190385,0.0564757,"human_impact"
1.4283807377282,0.504548798915476,0.511371037107987,2.79323746179737,0.0052183,"log10(area)"
-12.5266752129384,3.08925308492512,3.13083893257638,4.00106025340313,6.31e-05,"log10(depth)"
-2.01739599109346,1.45948250225029,1.47919893304292,1.36384359535968,0.1726168,"eutro"
-0.361724363310175,0.457313109860552,0.463545411883285,0.780342883430918,0.4351891,"log10(RT)"
