"estimate","std.error","Adjusted.SE","statistic","p.value","term"
-7.23322889083784,3.39290059261108,3.43832525960214,2.10370699241957,0.035404,"(Intercept)"
-2.16042010435919,1.18850459291342,1.20456613186759,1.7935255252525,0.0728889,"human_impact"
1.48472070496682,0.496108579229367,0.502814055848057,2.95282259455269,0.0031488,"log10(area)"
-16.9355316295312,3.8324063771182,3.884073141074,4.36025044184629,1.3e-05,"log10(depth)"
-3.38592932277331,1.47038031579003,1.49025621942444,2.27204508771049,0.0230838,"eutro"
0.258850935636543,0.503594413059436,0.510457440625177,0.507096018268474,0.6120874,"log10(RT)"
