"term","estimate","std.error","statistic","p.value"
"(Intercept)",-3.57910330320022,0.690450530903071,-5.18372156006449,2.17501571637956e-07
"human_impact",-0.555462339213709,0.292506686516918,-1.89897313400931,0.0575680084499108
"log10(area)",1.45179739825358,0.117575903922687,12.3477460076192,5.00953474920969e-35
"depth",-5.35009124964991,0.333865071693133,-16.0247108884974,8.5889418211529e-58
"eutro",-0.619547563354655,0.282305679234303,-2.1945982986777,0.028192425704463
"log10(RT)",-0.305187768407082,0.111511792440934,-2.73682057948028,0.00620361175959983
