"term","estimate","std.error","statistic","p.value"
"(Intercept)",-3.39521189868707,0.675357905526502,-5.02727793797009,4.97491054256892e-07
"human_impact",-0.452841106180428,0.292705441842227,-1.5470881010286,0.121842002801303
"log10(area)",1.37441526907304,0.112386199579048,12.2293953725727,2.16544437249902e-34
"depth",-4.81909675166772,0.307857299463249,-15.6536705807198,3.13598029219262e-55
"eutro",-0.769684921311089,0.277361803031244,-2.77502133638923,0.00551980864072358
"log10(RT)",-0.400799143486405,0.108630327867388,-3.68956949090394,0.000224633864097093
