"term","estimate","std.error","statistic","p.value"
"(Intercept)",-4.04089781099969,0.685738019647332,-5.89277201383393,3.79770213512404e-09
"human_impact",-0.191128172356722,0.291812836218646,-0.654968351746926,0.512488130705689
"log10(area)",1.44067787171774,0.115273242248513,12.4979383212961,7.6612443391558e-36
"depth",-4.76761048022596,0.309920163614368,-15.3833504236216,2.11703327001025e-53
"eutro",-0.694962981803055,0.280465460434674,-2.47789150480769,0.0132161326172329
"log10(RT)",-0.406302172098452,0.109139536663861,-3.72277713941395,0.000197043435895778
