"term","estimate","std.error","statistic","p.value"
"(Intercept)",-3.6786551170496,0.683499302615583,-5.38209052002292,7.36257217581327e-08
"human_impact",-0.426682069359443,0.292229303948862,-1.46009337049275,0.144264414380862
"log10(area)",1.40527425795979,0.115107456352008,12.2083686191653,2.80456244966887e-34
"depth",-4.84754930354374,0.315520479297335,-15.3636597990065,2.86910411335776e-53
"eutro",-0.747268505777468,0.282598018080723,-2.64428077327851,0.00818647177147225
"log10(RT)",-0.366972645406561,0.112306340792033,-3.26760397336882,0.00108462018698912
