"term","estimate","std.error","statistic","p.value"
"(Intercept)",-2.88108561322426,0.499555855448009,-5.76729425109124,8.05543362018344e-09
"human_impact",-2.44054872600721,0.190287285662613,-12.8256006044166,1.17869629811583e-37
"log10(area)",1.74919874917414,0.092051325913733,19.0024286104626,1.62832566586465e-80
"depth",-6.04362277767475,0.248080890804521,-24.3615006301994,4.37898682554273e-131
"eutro",-1.57196409497729,0.186641547261071,-8.42236960658314,3.68944975842437e-17
"log10(RT)",-0.19704731467861,0.0772246471050484,-2.5516117206799,0.0107225940613768
