"estimate","std.error","Adjusted.SE","statistic","p.value","term"
-8.00746302521519,3.47300583843049,3.51897283631005,2.2755114624902,0.0228753,"(Intercept)"
-1.12514386522923,1.09177773008601,1.1064909140434,1.0168577535966,0.3092211,"human_impact"
1.4702287309142,0.507480835074787,0.514293780528873,2.85873325048242,0.0042534,"log10(area)"
-12.9479953336288,3.15431133222711,3.19656806070386,4.05059272561768,5.11e-05,"log10(depth)"
-2.60878893995032,1.40061977207361,1.41927100608331,1.83811895597702,0.0660449,"eutro"
0.117457491394147,0.450520546591417,0.456591921282363,0.257248290912072,0.7969871,"log10(RT)"
