"term","estimate","std.error","statistic","p.value"
"(Intercept)",-10.0748393093162,4.23304252601041,-2.38004679787887,0.0173104395168966
"human_impact",-2.39726857820287,1.20168396693783,-1.99492432632823,0.0460511338973421
"log10(area)",1.87894056742052,0.590199260577742,3.18356984314286,0.00145471013939283
"log10(depth)",-18.7055281065363,4.29922806836705,-4.35090388532031,1.35577476382955e-05
"eutro",-3.23434983071215,1.54838756320064,-2.08885030310272,0.0367212006088695
"log10(RT)",0.372598118819167,0.495644412133802,0.751744818861354,0.452204532029108
