"term","estimate","std.error","statistic","p.value"
"(Intercept)",-3.9113965838722,0.707501368636715,-5.52846504227839,3.23044779162483e-08
"human_impact",-0.408639035246524,0.295023918396194,-1.38510476529484,0.166020435020444
"log10(area)",1.50368589194091,0.118817610583534,12.6554126493206,1.04425440373716e-36
"depth",-5.09338393451575,0.32336524861804,-15.7511790654168,6.74125997381261e-56
"eutro",-0.689804404782582,0.281223120233179,-2.45287231082076,0.0141720635629121
"log10(RT)",-0.434271306277171,0.112298716335173,-3.86710837353672,0.000110133492887198
