"term","estimate","std.error","statistic","p.value"
"(Intercept)",-3.974092746328,0.69757090947528,-5.69704483421959,1.21901879368641e-08
"human_impact",-0.253720662044364,0.29435510224348,-0.861954354147716,0.388712636695108
"log10(area)",1.4462231795913,0.117396954594987,12.3190859982755,7.15000488051417e-35
"depth",-5.06281938488205,0.326605103741945,-15.5013480404221,3.39689564990301e-54
"eutro",-0.646996350670141,0.280090928166869,-2.30995111089311,0.0208908609309336
"log10(RT)",-0.325400770237934,0.110305457651667,-2.9499970098081,0.00317777004983181
