"term","estimate","std.error","statistic","p.value"
"(Intercept)",-6.12197879536095,3.67587313497097,-1.66544887991878,0.0958232344098475
"human_impact",-2.60468516236468,1.26960425175539,-2.0515724949435,0.0402112275364305
"log10(area)",1.45542891157631,0.521917504580957,2.78861869701968,0.00529333462066317
"log10(depth)",-16.8773124729118,4.04329500455479,-4.1741481771425,2.99103044689441e-05
"eutro",-3.52323556764708,1.46651197264562,-2.40245946392861,0.0162852393549356
"log10(RT)",-0.109604933202513,0.518538828563956,-0.211372663270083,0.832596486385119
