"term","estimate","std.error","statistic","p.value"
"(Intercept)",-9.25047205195344,3.81956818091746,-2.42186331380828,0.0154411572868855
"human_impact",-1.86739545468649,1.10856137170581,-1.68452149095996,0.0920809296906412
"log10(area)",1.54563676926791,0.523049258909504,2.95505010845514,0.00312618271971891
"log10(depth)",-12.2911483812563,3.05966887223735,-4.01714985983715,5.89062661691775e-05
"eutro",-0.85951780061847,1.62395063361468,-0.529275818382056,0.596614127898056
