"term","estimate","std.error","statistic","p.value"
"(Intercept)",-3.32056893778949,0.688889272548311,-4.82017803166854,1.43430165535268e-06
"human_impact",-0.594079068670751,0.294784817707493,-2.01529737281192,0.0438735000437599
"log10(area)",1.42529335809337,0.116390817232641,12.2457543643198,1.77023393982454e-34
"depth",-5.16590702602318,0.32760282716342,-15.768810882228,5.10009702867996e-56
"eutro",-0.796044469861735,0.281355658227427,-2.82931743714311,0.00466474053425219
"log10(RT)",-0.37758689601319,0.109514496317278,-3.44782570993407,0.000565118576262898
