"estimate","std.error","Adjusted.SE","statistic","p.value","term"
-7.75916889230723,3.69853620711952,3.74851520878828,2.06993128215569,0.0384588,"(Intercept)"
-1.90353211578142,1.23806330011858,1.25479368731584,1.51700804285469,0.1292647,"human_impact"
1.59268602446602,0.535056658266551,0.542287000529169,2.93697990715592,0.0033143,"log10(area)"
-18.1953003682427,3.96002234687611,4.01353435325775,4.53348564301531,5.8e-06,"log10(depth)"
-3.33387336231589,1.59806463064615,1.6196596229341,2.05837900451972,0.0395538,"eutro"
-0.0501121994100311,0.470305947539779,0.476715317061351,0.105119759354369,0.9162808,"log10(RT)"
