"term","estimate","std.error","statistic","p.value"
"(Intercept)",-5.27718919573932,3.59076798124605,-1.46965474330315,0.141655285699724
"human_impact",-2.32275480637342,1.15880660114403,-2.00443698204713,0.0450232711052547
"log10(area)",1.26013388712158,0.49551205481416,2.54309430997434,0.0109875568014714
"log10(depth)",-14.4037730971741,3.55388372925991,-4.05296689325672,5.05721613796271e-05
"eutro",-3.93446274119882,1.53622946058588,-2.56111657935418,0.010433633840429
"log10(RT)",0.0754634024928253,0.457067159240727,0.165103532308433,0.868862492788428
