"term","estimate","std.error","statistic","p.value"
"(Intercept)",-8.02617314124923,3.60622388011163,-2.22564472092642,0.0260379881804084
"human_impact",-1.31651948807705,1.2320650422311,-1.0685470676881,0.285273810810827
"log10(area)",1.76686225650981,0.564882279714348,3.12784153435169,0.00176095095425089
"log10(depth)",-19.0249359251845,4.03844882748242,-4.71095134243527,2.46563104142969e-06
"eutro",-4.86938793694878,1.57300759025716,-3.09559087134012,0.00196421175904178
