"term","estimate","std.error","statistic","p.value"
"(Intercept)",-3.76381681103896,0.502822690233173,-7.48537582759753,7.13426827892198e-14
"human_impact",-2.34578309081217,0.192964168417017,-12.1565734719343,5.29327201272754e-34
"log10(area)",1.93221919281884,0.095212660174131,20.2937213316493,1.46106296994296e-91
"depth",-6.25564165625712,0.254941791614467,-24.5375292008504,5.87671883414307e-133
"eutro",-1.60171019393705,0.187372263939199,-8.54827795888079,1.24938539646496e-17
"log10(RT)",-0.218586694366909,0.0775629225569449,-2.81818537983052,0.0048295916795715
