"term","estimate","std.error","statistic","p.value"
"(Intercept)",-3.69822095835106,0.698979101647712,-5.29088916912279,1.2172311605226e-07
"human_impact",-0.37162467938583,0.293923931122728,-1.26435665842621,0.206102041863074
"log10(area)",1.41634223448,0.116604366071598,12.1465626219376,5.9828505866323e-34
"depth",-5.18419704475893,0.328872390090274,-15.7635520675235,5.54281176478326e-56
"eutro",-0.850799021199479,0.276913640159138,-3.07243449875036,0.00212320424907647
"log10(RT)",-0.231320249433407,0.109909105871841,-2.1046504527399,0.0353217463967357
