"term","estimate","std.error","statistic","p.value"
"(Intercept)",-3.97268871232331,0.702193629906771,-5.65754023267165,1.53557827760834e-08
"human_impact",-0.254602411645922,0.293060601307979,-0.868770522238704,0.384972659413716
"log10(area)",1.4582134570763,0.117982487312854,12.3595754784314,4.32434362417567e-35
"depth",-5.0514831234318,0.322869751532757,-15.6455756522589,3.56134227595282e-55
"eutro",-0.622965788426433,0.280798729361013,-2.21854917165779,0.0265174107939179
"log10(RT)",-0.35427109671573,0.11215158495226,-3.15885947458107,0.00158387841977407
