"term","estimate","std.error","statistic","p.value"
"(Intercept)",-3.9191146634422,0.693214683110559,-5.65353671658618,1.57179515953363e-08
"human_impact",-0.378669060309839,0.292608750156426,-1.29411393236671,0.195626069786545
"log10(area)",1.46734429637142,0.116949730114725,12.5467950625622,4.13926845427505e-36
"depth",-5.05235899690195,0.322536090426541,-15.6644764628368,2.64599496011243e-55
"eutro",-0.575520092230289,0.277531159054506,-2.07371343164124,0.0381059330458883
"log10(RT)",-0.379030141156623,0.111127741687088,-3.41076076416535,0.000647819051310987
