"estimate","std.error","Adjusted.SE","statistic","p.value","term"
-14.66208095676,4.39075754410157,4.44524407300249,3.29837478346981,0.0009725,"(Intercept)"
-1.44320207111752,1.15225223830626,1.16728912746703,1.23637069613525,0.2163208,"human_impact"
2.37655087130112,0.61017675713928,0.618272943856866,3.84385390775132,0.0001211,"log10(area)"
-16.9146202194794,3.93231091724186,3.98177444193238,4.24801064604519,2.16e-05,"log10(depth)"
-2.38362435760744,1.50515094620201,1.5244910591829,1.56355417321046,0.1179223,"eutro"
0.49815074207586,0.517453990186381,0.524374060341398,0.949991198556875,0.3421167,"log10(RT)"
