"term","estimate","std.error","statistic","p.value"
"(Intercept)",-3.54701502925932,0.689846133127808,-5.14174807819379,2.72193937309912e-07
"human_impact",-0.446053818799584,0.289413647068594,-1.54123284550526,0.123260126245422
"log10(area)",1.45523694954383,0.117613161716192,12.3730790696318,3.65535204809829e-35
"depth",-5.15057752511345,0.327020598586778,-15.7500094714881,6.86710291771259e-56
"eutro",-0.755807203025898,0.277848074632604,-2.72021752904098,0.00652389837681936
"log10(RT)",-0.395971498449062,0.111322845072013,-3.55696531285123,0.000375163670945454
