"estimate","std.error","Adjusted.SE","statistic","p.value","term"
-6.34870056750803,3.56359266765431,3.6117451274617,1.75779307328085,0.0787827,"(Intercept)"
-2.14836390843248,1.17708214601854,1.1929885574144,1.80082524269025,0.0717304,"human_impact"
1.3602130562617,0.530189546573686,0.53735415405073,2.5313157924025,0.0113635,"log10(area)"
-13.5196250209725,3.3341496490183,3.37920159273792,4.00083411715563,6.31e-05,"log10(depth)"
-3.21232537416782,1.45642737333567,1.47610839486608,2.176212387478,0.0295394,"eutro"
-0.054437146844597,0.445827400532873,0.451903174330344,0.120461970476895,0.9041172,"log10(RT)"
