"term","estimate","std.error","statistic","p.value"
"(Intercept)",-3.90680910110567,0.68354223201964,-5.7155343416929,1.09359831860424e-08
"human_impact",-0.439765782112633,0.295131653750199,-1.49006647211367,0.136206758830145
"log10(area)",1.45525317745897,0.114488470031816,12.71091470656,5.14293176483781e-37
"depth",-4.85302856689993,0.31451538022226,-15.4301788468037,1.02585542562655e-53
"eutro",-0.690674891086512,0.276771750017355,-2.49546744219091,0.0125791298404869
"log10(RT)",-0.398882219498889,0.11098226591474,-3.59410772713291,0.000325505148229522
