"term","estimate","std.error","statistic","p.value"
"(Intercept)",-4.33782923351668,3.29947293513822,-1.31470368716177,0.18860950691668
"human_impact",-2.47531741443102,1.24280197266978,-1.99172311346879,0.0464014462617958
"log10(area)",1.31263479841503,0.453852731064366,2.89220425166698,0.00382549158115426
"log10(depth)",-11.1420791502821,2.96749507052876,-3.75470856242963,0.000173543287829599
"eutro",-1.55735525231525,1.38067365571918,-1.12796767423221,0.259333571325334
"log10(RT)",-1.01192520442142,0.614829568158736,-1.64586294613626,0.0997919791984103
