"term","estimate","std.error","statistic","p.value"
"(Intercept)",-3.81954939509156,0.682148546679328,-5.59929272544077,2.15228101375128e-08
"human_impact",-0.327707393498242,0.29208934344635,-1.1219423126898,0.26188696841591
"log10(area)",1.42747219776142,0.114161860189626,12.5039325339509,7.10477859758016e-36
"depth",-4.92240840328923,0.311744250879472,-15.789893123618,3.65198156287294e-56
"eutro",-0.614335171582533,0.278881662098888,-2.20285251801425,0.0276051451774478
"log10(RT)",-0.381650614685051,0.109632829881303,-3.48117087826935,0.000499226890935723
