"estimate","std.error","Adjusted.SE","statistic","p.value","term"
-9.17760433002412,3.92766090733859,3.98060977806034,2.3055774973492,0.0211343,"(Intercept)"
-1.91224507657984,1.14053433751298,1.15594890031803,1.65426436761498,0.0980738,"human_impact"
1.73541791783261,0.562112286528947,0.569709471114893,3.04614545802879,0.002318,"log10(area)"
-16.7694259052608,3.69786217536029,3.74777102977474,4.47450651921729,7.7e-06,"log10(depth)"
-2.44932067309919,1.60711483558642,1.62883175890863,1.50372846041528,0.1326513,"eutro"
0.187825068621053,0.499224365909766,0.506027838100637,0.371175367201238,0.7105069,"log10(RT)"
