"term","estimate","std.error","statistic","p.value"
"(Intercept)",-3.72282570684369,0.682949527269839,-5.45109932461052,5.00594001396968e-08
"human_impact",-0.455167309720709,0.298991109955152,-1.52234395794906,0.127922919118853
"log10(area)",1.3988322803369,0.113435997103444,12.3314672243,6.13198965643147e-35
"depth",-4.72035660758713,0.307953542979084,-15.3281451543739,4.9594712146432e-53
"eutro",-0.547968225520491,0.278450971097124,-1.9679163745109,0.0490776604335458
"log10(RT)",-0.416566440413433,0.110277578171965,-3.77743551607422,0.000158451512292195
