"estimate","std.error","Adjusted.SE","statistic","p.value","term"
-6.53867605682927,3.27823762693845,3.32251552394325,1.9679896180196,0.0490692,"(Intercept)"
-2.93898531242671,1.18687709636167,1.20291631631314,2.44321676626226,0.014557,"human_impact"
1.30410731482547,0.490031628135102,0.496653829115648,2.62578729564531,0.0086449,"log10(area)"
-11.8853400837619,3.16740692483279,3.21019820092534,3.70236955473215,0.0002136,"log10(depth)"
-1.92724210827037,1.35575793604281,1.3740794769513,1.40256960430439,0.1607452,"eutro"
0.0951467228181284,0.441013437611567,0.447023606312213,0.212844962714733,0.8314479,"log10(RT)"
