"estimate","std.error","Adjusted.SE","statistic","p.value","term"
-6.35017090595308,3.57525014486928,3.62353820079726,1.75247797982532,0.0796917,"(Intercept)"
-1.78940641563107,1.24343745252747,1.26024008537706,1.41989326985714,0.1556388,"human_impact"
1.46825874591627,0.528461991997174,0.535603396466119,2.74131709321441,0.0061193,"log10(area)"
-20.3066614890964,4.46916715375774,4.52955290409516,4.48314920237208,7.4e-06,"log10(depth)"
-4.88773854449581,1.72503461492864,1.74834538204502,2.79563671725931,0.0051798,"eutro"
0.0840486998882322,0.474553596026025,0.481020852863053,0.174729846716564,0.8612919,"log10(RT)"
