"term","estimate","std.error","statistic","p.value"
"(Intercept)",-4.11535250055361,0.702767712735908,-5.85592141752265,4.74372497524016e-09
"human_impact",-0.249726143554489,0.297947601483125,-0.838154569163845,0.401943898558158
"log10(area)",1.42518873073465,0.117001960021516,12.1808962044103,3.92940116394587e-34
"depth",-4.96458597184692,0.321291743909529,-15.4519562545774,7.31880254517268e-54
"eutro",-0.583590826351856,0.279591285524754,-2.08729977136639,0.0368610454471726
"log10(RT)",-0.281367296554064,0.109005000508907,-2.58123292730111,0.009844813249134
