"estimate","std.error","Adjusted.SE","statistic","p.value","term"
-9.20272485612705,3.72208460294504,3.77191891390809,2.43979922850253,0.0146954,"(Intercept)"
-1.79487181643797,1.15275672501281,1.16833459958293,1.53626522494386,0.1244733,"human_impact"
1.7711146380414,0.54454751698572,0.551909150170043,3.20906916925679,0.0013317,"log10(area)"
-12.9728033758057,3.38885025839173,3.43441563267826,3.77729569256854,0.0001585,"log10(depth)"
-2.54275929792843,1.4953823751664,1.51559042628366,1.6777351280606,0.0933988,"eutro"
-0.306603597276848,0.485515426461736,0.492132072057853,0.62301080276029,0.5332774,"log10(RT)"
