"term","estimate","std.error","statistic","p.value"
"(Intercept)",-7.56774290985226,4.12797469560299,-1.83328229165581,0.0667606014574677
"human_impact",-2.59175275465175,1.26135001676216,-2.05474509074387,0.0399036322610703
"log10(area)",1.78980776354743,0.57850306629669,3.09386046128494,0.00197570386002276
"log10(depth)",-20.0730082154394,4.74775668517055,-4.22789320230684,2.35889704759928e-05
"eutro",-4.94250939832889,1.74731738984184,-2.8286271441368,0.0046748127712826
"log10(RT)",0.0259056803282469,0.526173055571262,0.0492341446487056,0.960732700756396
