"estimate","std.error","Adjusted.SE","statistic","p.value","term"
-6.1129668559643,3.4993238353216,3.54644936903915,1.72368648748551,0.0847645,"(Intercept)"
-1.83490248990036,1.14087273778514,1.15628926168332,1.58688880949143,0.1125378,"human_impact"
1.40656407593072,0.521122052431461,0.528165159836948,2.66311408417198,0.0077421,"log10(area)"
-17.6946541416356,4.0435328537098,4.09813353880288,4.31773488445291,1.58e-05,"log10(depth)"
-4.09824196295232,1.47534340314101,1.49527545738396,2.74079397392261,0.0061291,"eutro"
0.216488337932612,0.515913589787557,0.522944504143301,0.413979564212589,0.6788891,"log10(RT)"
