"estimate","std.error","Adjusted.SE","statistic","p.value","term"
-3.82638282906922,3.15611301259916,3.19876074252228,1.19620788707443,0.2316154,"(Intercept)"
-2.05497908679043,1.13200332579462,1.14730042321372,1.79114296936646,0.0732704,"human_impact"
0.974612290323862,0.441883843183226,0.447855212712117,2.17617717213073,0.029542,"log10(area)"
-12.0381159244537,3.07814050748641,3.11973581445018,3.85869722323756,0.000114,"log10(depth)"
-3.25872064610063,1.48664466429539,1.50673423192489,2.16277069774776,0.0305588,"eutro"
0.0503894307398008,0.422886280210234,0.428649410465441,0.117553948540572,0.9064211,"log10(RT)"
