"estimate","std.error","Adjusted.SE","statistic","p.value","term"
-6.23391473775721,3.53653417924831,3.58433137416817,1.73921272533122,0.0819974,"(Intercept)"
-2.05290960681056,1.13617261247826,1.15152599772866,1.78277312962091,0.0746232,"human_impact"
1.43250667737343,0.508302299452155,0.515171202614656,2.78064198872726,0.0054252,"log10(area)"
-16.8470127385457,3.81970027791425,3.87131987246753,4.35174909166254,1.35e-05,"log10(depth)"
-4.02832683143365,1.53871610100842,1.55950926558801,2.58307335539606,0.0097924,"eutro"
0.040469988693294,0.472785895106237,0.479229061564528,0.0844481103904103,0.9327002,"log10(RT)"
