"estimate","std.error","Adjusted.SE","statistic","p.value","term"
-5.55330191175932,3.05897088605647,3.09973413028403,1.79154136398481,0.0732065,"(Intercept)"
-1.2329556344677,1.02526891324186,1.03908580079198,1.18657731010082,0.2353944,"human_impact"
1.18431943067586,0.443242972864517,0.449143676889885,2.63683870354524,0.0083683,"log10(area)"
-12.9149727253638,3.03592052554818,3.07680814223285,4.19752292906746,2.7e-05,"log10(depth)"
-3.04851026611953,1.33590939989078,1.35372459274114,2.25194273818033,0.0243259,"eutro"
-0.0887481114545527,0.413798978803069,0.419375480620916,0.211619695369778,0.8324037,"log10(RT)"
