"estimate","std.error","Adjusted.SE","statistic","p.value","term"
-10.8565684241156,3.84007673184305,3.89197992147345,2.78947184804733,0.0052794,"(Intercept)"
-2.93450251153296,1.26945918406678,1.28661360751568,2.28079548855323,0.0225606,"human_impact"
2.10675523233757,0.598762550073135,0.606853733483254,3.47160298453649,0.0005174,"log10(area)"
-19.2722514583447,4.28954515865218,4.34751540709296,4.4329345968279,9.3e-06,"log10(depth)"
-2.79639751136708,1.48158201413549,1.50160299869221,1.86227485813663,0.0625644,"eutro"
0.0189064093784777,0.518109614689161,0.525170456659358,0.0360005197145753,0.9712819,"log10(RT)"
