"term","estimate","std.error","statistic","p.value"
"(Intercept)",-4.11765084228338,0.720840380215136,-5.71229214580689,1.11464518780483e-08
"human_impact",-0.545761905321245,0.302380409250944,-1.8048851335085,0.0710926586225198
"log10(area)",1.53364220069156,0.122321454617902,12.5378021826361,4.63677286512303e-36
"depth",-5.36893495060681,0.337931459783792,-15.887644654457,7.71732399207405e-57
"eutro",-0.654712855567039,0.285576050558068,-2.29260420923817,0.021870801831439
"log10(RT)",-0.28506969063368,0.11304321073527,-2.52177630818775,0.0116763933396127
