"term","estimate","std.error","statistic","p.value"
"(Intercept)",-3.89182520428249,0.705550195789357,-5.51601463298919,3.46773398328652e-08
"human_impact",-0.299799012934979,0.298503023150274,-1.00434163034943,0.31521397405476
"log10(area)",1.43977060741495,0.119649365052018,12.0332490422244,2.37622033270107e-33
"depth",-4.98480851793249,0.326828840072503,-15.2520460459569,1.59553963787842e-52
"eutro",-0.808793525722997,0.28238238223468,-2.86417842119779,0.00418092438221595
"log10(RT)",-0.347861015245533,0.112967908341433,-3.07929057333842,0.00207494196499484
