"estimate","std.error","Adjusted.SE","statistic","p.value","term"
-11.3382707356968,3.80020204091839,3.84895271809454,2.94580670798937,0.0032211,"(Intercept)"
-1.69687819218885,1.20679332758485,1.22277422185011,1.38772813645138,0.1652198,"human_impact"
1.83038275795743,0.539774947634817,0.547029300035311,3.34604153349606,0.0008197,"log10(area)"
-12.864179189698,3.05457613901461,3.09500978053584,4.15642602184954,3.23e-05,"log10(depth)"
-1.44510924729721,1.50245764928552,1.52270530150717,0.949040661950042,0.3425999,"eutro"
0.203631315900547,0.468176564927979,0.474485878384832,0.429162015513961,0.6678053,"log10(RT)"
