"term","estimate","std.error","statistic","p.value"
"(Intercept)",-6.12253419540239,3.80814410966604,-1.60774750615709,0.107890489487188
"human_impact",-2.45438445837258,1.2243231546986,-2.00468679282374,0.04499654132758
"log10(area)",1.43661457216338,0.522297820655084,2.75056589430439,0.00594924248429854
"log10(depth)",-17.8437762958226,4.25419608421929,-4.19439441496669,2.73601556780327e-05
"eutro",-3.86000809466106,1.58848337332028,-2.4299959064682,0.0150989933653101
"log10(RT)",-0.0636784185197209,0.482143056045317,-0.132073702444313,0.894925996083071
