"estimate","std.error","Adjusted.SE","statistic","p.value","term"
-4.35336924332067,3.15729567168069,3.19996746457852,1.36044172058295,0.1736902,"(Intercept)"
-2.15284237442373,1.12157162840979,1.13672766450686,1.89389459027347,0.058239,"human_impact"
1.05818151464545,0.452920427842838,0.45904086374951,2.30520112305923,0.0211553,"log10(area)"
-12.7165526782328,3.23519616557227,3.27891784044559,3.87827731496458,0.0001052,"log10(depth)"
-3.34888698706527,1.43318245905372,1.45254946514166,2.3055235414917,0.0211373,"eutro"
0.027758855480832,0.417756368946733,0.42344958833419,0.0655540972185913,0.9477328,"log10(RT)"
