"term","estimate","std.error","statistic","p.value"
"(Intercept)",-2.73677063592291,0.492328601305463,-5.55882926294768,2.71590210366585e-08
"human_impact",-2.44613684109538,0.190732132554787,-12.8249855351077,1.18808745211754e-37
"log10(area)",1.68773492739215,0.0902485698634657,18.7009603581029,4.86211068130858e-78
"depth",-5.82081023723992,0.244825440158239,-23.7753488096569,6.0094255605563e-125
"eutro",-1.3916460390093,0.187438599079806,-7.42454353500997,1.13169516554243e-13
"log10(RT)",-0.221120148049187,0.0758402976939616,-2.91560232188794,0.00355002677805938
