"term","estimate","std.error","statistic","p.value"
"(Intercept)",-3.47044521500593,0.683898457190338,-5.07450364673078,3.88508781584078e-07
"human_impact",-0.397884974643273,0.29042447854448,-1.37001184141692,0.17068320526442
"log10(area)",1.32416161661311,0.111974622954072,11.8255510193254,2.88006636478072e-32
"depth",-4.63361839374296,0.301789214193444,-15.3538237147629,3.33911168007926e-53
"eutro",-0.785965737039144,0.276650388480326,-2.84100716921653,0.00449713013865618
"log10(RT)",-0.348246005667954,0.109332871695624,-3.18519032992611,0.001446588327683
