"term","estimate","std.error","statistic","p.value"
"(Intercept)",-3.72063058555967,0.692271431102618,-5.37452568226544,7.67845390346448e-08
"human_impact",-0.313469654621493,0.293548947565777,-1.06786161974317,0.285582937425409
"log10(area)",1.41245700591708,0.114318446226001,12.3554601426678,4.55144378606302e-35
"depth",-4.96095814336657,0.316367081946785,-15.6810187483445,2.03956599658331e-55
"eutro",-0.714126444869251,0.284326795652021,-2.51163961958495,0.0120171738656371
"log10(RT)",-0.352315111873815,0.110570327072143,-3.18634412326503,0.00144083105947677
