"term","estimate","std.error","statistic","p.value"
"(Intercept)",-3.71464437423698,0.696825191713237,-5.33081240232436,9.77743803493535e-08
"human_impact",-0.488327780980707,0.296089546159564,-1.64925708223939,0.0990949780794054
"log10(area)",1.46205102015371,0.117122667143189,12.4830748463598,9.23501227158618e-36
"depth",-5.16076304566167,0.328110294757014,-15.7287446572913,9.60974425520048e-56
"eutro",-0.896463888785246,0.281508384670415,-3.18450155520167,0.00145003531720068
"log10(RT)",-0.326724204738631,0.112492871094342,-2.90439919934681,0.00367958667582238
