"estimate","std.error","Adjusted.SE","statistic","p.value","term"
-8.89879683295166,3.5211903053693,3.56867293508944,2.49358711061837,0.012646,"(Intercept)"
-2.11202795168768,1.12720764357855,1.14243828128579,1.84870201417851,0.0645009,"human_impact"
1.65470382853046,0.521077605399814,0.528118826673118,3.13320363705694,0.0017291,"log10(area)"
-12.4080162527688,3.13518337968831,3.17752980494367,3.90492521375066,9.43e-05,"log10(depth)"
-2.04244855685172,1.26141469018124,1.27846167032011,1.59758294227179,0.1101358,"eutro"
0.12409992039517,0.499120055870634,0.505922106515405,0.245294520237359,0.8062284,"log10(RT)"
