"term","estimate","std.error","statistic","p.value"
"(Intercept)",-9.69820910463429,4.38933284002538,-2.20949503218312,0.027140227568539
"human_impact",-4.01837850071443,1.41703223988417,-2.83577069569207,0.00457152556029396
"log10(area)",1.85006686626669,0.624910057396917,2.9605330309024,0.00307107188140656
"log10(depth)",-20.4659638647899,4.65077849180355,-4.40054582278188,1.07978921485297e-05
"eutro",-3.77953501004844,1.61253661505597,-2.34384445894722,0.0190861290391303
"log10(RT)",0.587013027762067,0.524869525399,1.11839800056181,0.263397047906042
