"term","estimate","std.error","statistic","p.value"
"(Intercept)",-3.91076780052645,0.683467582460382,-5.72195068337882,1.05307879438035e-08
"human_impact",-0.636842596540482,0.29473504021373,-2.16072916229664,0.0307162668411426
"log10(area)",1.48058324619559,0.11541836311866,12.8279695378578,1.14321067885462e-37
"depth",-4.89166806691837,0.317685740785617,-15.3978206727868,1.69278935553964e-53
"eutro",-0.431328290519202,0.280334535514367,-1.53861988401745,0.123897121343212
"log10(RT)",-0.440358285362525,0.110869264264772,-3.97186982598607,7.13106864091233e-05
