"estimate","std.error","Adjusted.SE","statistic","p.value","term"
-8.68858133738807,4.40755007077366,4.46706051922164,1.9450332718801,0.051771,"(Intercept)"
-2.35480481215443,1.30412191621769,1.32174531696422,1.78158740714355,0.0748165,"human_impact"
2.05178232637658,0.639773136078929,0.648417851785293,3.16429031176022,0.0015546,"log10(area)"
-24.8730309646474,5.26190544881737,5.3329886454806,4.66399473505834,3.1e-06,"log10(depth)"
-5.78971741493918,1.9964504396746,2.02342915465194,2.86133932667146,0.0042186,"eutro"
0.101277433138936,0.591155970954355,0.599212294891041,0.169017615296682,0.8657828,"log10(RT)"
