"term","estimate","std.error","statistic","p.value"
"(Intercept)",-3.09616388976997,0.498152134085935,-6.21529785363895,5.12273835294781e-10
"human_impact",-2.27763706340566,0.191024161588133,-11.9232930770112,8.94996346289944e-33
"log10(area)",1.79207480538238,0.0919964795188812,19.4798193882471,1.62852968321644e-84
"depth",-6.1059809495222,0.250335585894907,-24.3911824509263,2.12138588653228e-131
"eutro",-1.59987119826822,0.187719669049463,-8.52266151101443,1.55927987752759e-17
"log10(RT)",-0.211403867844615,0.0769735856628793,-2.74644692752783,0.00602446323730642
