"term","estimate","std.error","statistic","p.value"
"(Intercept)",-2.68662202580815,0.491491250639275,-5.46626623019983,4.59613873926993e-08
"human_impact",-2.57419389066908,0.192038764872389,-13.4045534628368,5.6864504640821e-41
"log10(area)",1.68229412456239,0.0902209141869087,18.6463874781541,1.35103320657626e-77
"depth",-5.87082148012874,0.245333465869363,-23.9299659315736,1.49395268212791e-126
"eutro",-1.53065662638732,0.185788373400451,-8.23871051978115,1.74076551560426e-16
"log10(RT)",-0.155609075314728,0.0771268588256735,-2.01757309559883,0.043635741230174
