"term","estimate","std.error","statistic","p.value"
"(Intercept)",-3.56415933235344,0.674896994733355,-5.28104193701678,1.28451281759513e-07
"human_impact",-0.504140436820584,0.289667766210399,-1.7404091708789,0.0817871963388655
"log10(area)",1.34207937976762,0.11163279660901,12.0222678328862,2.7141837004277e-33
"depth",-4.72016618820574,0.309362259514479,-15.2577311647959,1.4624551256547e-52
"eutro",-0.677859395737836,0.276067062406292,-2.45541568715003,0.014072175882575
"log10(RT)",-0.301282440218946,0.108824106058867,-2.76852667235301,0.00563103762835369
