"term","estimate","std.error","statistic","p.value"
"(Intercept)",-7.59708644763068,4.32492891143846,-1.7565806521208,0.0789893131996021
"human_impact",-2.95300335262523,1.38389204369859,-2.13383938875248,0.0328559303856871
"log10(area)",1.76820602509182,0.648096064910948,2.72830853452996,0.00636600342967826
"log10(depth)",-27.0934501026758,5.91076479936252,-4.58374694685835,4.56716918693737e-06
"eutro",-6.12901496264879,1.9143942992284,-3.20154263158802,0.0013669384643853
"log10(RT)",0.388550939228966,0.574935360536256,0.675816736800734,0.499157007049013
