"term","estimate","std.error","statistic","p.value"
"(Intercept)",-4.01898356026524,0.702641413828428,-5.71982163471878,1.06635935558972e-08
"human_impact",-0.208583956076337,0.290915237048039,-0.716992200865346,0.473378908981509
"log10(area)",1.48699204012552,0.119407575969009,12.4530795308286,1.34551458122871e-35
"depth",-4.97701391474207,0.321913264476449,-15.4607295317158,6.387104187882e-54
"eutro",-0.775474274304373,0.279998700591965,-2.76956383249239,0.00561314041963543
"log10(RT)",-0.408341932226482,0.112817798160844,-3.61948149036121,0.000295193924294215
