"term","estimate","std.error","statistic","p.value"
"(Intercept)",-3.96839214901916,0.692045711677088,-5.73429194352241,9.79205417729114e-09
"human_impact",-0.309033409423633,0.298130041619522,-1.03657252299997,0.299935124282152
"log10(area)",1.45358077142955,0.116525569898068,12.4743502451958,1.03043299137091e-35
"depth",-4.99623875354783,0.320200421191909,-15.603473396287,6.89390880422894e-55
"eutro",-0.723462766657687,0.28182531483399,-2.56706097209133,0.0102564576104096
"log10(RT)",-0.354808744025204,0.111919548866902,-3.17021242148816,0.00152327533460177
