"term","estimate","std.error","statistic","p.value"
"(Intercept)",-3.74493276097041,0.679607743297642,-5.51043274286277,3.57952567990905e-08
"human_impact",-0.394027682663652,0.293344867143811,-1.34322337561298,0.179199654702948
"log10(area)",1.40205025802623,0.112817732292725,12.4275699354457,1.85178317686478e-35
"depth",-4.63854071696339,0.302888152176574,-15.3143683027234,6.13045824589142e-53
"eutro",-0.491740699866636,0.273240672195459,-1.79966143369343,0.0719141142448337
"log10(RT)",-0.45814247276552,0.108404700860546,-4.22622330146812,2.37646171914982e-05
