"term","estimate","std.error","statistic","p.value"
"(Intercept)",-3.66607616915782,0.679973185192759,-5.39150109002983,6.98715353604861e-08
"human_impact",-0.479268011122471,0.287799341194104,-1.6652852961162,0.0958558506488564
"log10(area)",1.4027674728585,0.114777349777312,12.2216402067142,2.38229101604273e-34
"depth",-4.74787963041144,0.311826661968998,-15.2260220483759,2.37616041720678e-52
"eutro",-0.698966838280134,0.273794227658243,-2.55289106807833,0.0106832902767465
"log10(RT)",-0.396274571049905,0.108963559686207,-3.63676234689005,0.000276086436936158
