"term","estimate","std.error","statistic","p.value"
"(Intercept)",-3.94867900167767,0.699716231625154,-5.64325768534268,1.66862313837575e-08
"human_impact",-0.296782488180404,0.294095299977445,-1.00913713413021,0.312908871114442
"log10(area)",1.47104347462049,0.117669157174821,12.5015212986948,7.3236224821075e-36
"depth",-5.16162238437077,0.330507777027898,-15.6172494057078,5.55508853706306e-55
"eutro",-0.894014337349295,0.280427761967054,-3.18803791421453,0.00143241753129423
"log10(RT)",-0.302471553190886,0.109884606056666,-2.7526289991421,0.0059118850144236
