"term","estimate","std.error","statistic","p.value"
"(Intercept)",-3.62625852596093,0.696945163318625,-5.20307581832389,1.96016851117977e-07
"human_impact",-0.336534019889106,0.295099867708388,-1.1404072204521,0.254116686118752
"log10(area)",1.42342217563571,0.117054143336645,12.1603741231268,5.05267580168295e-34
"depth",-5.24739043057696,0.329781278013904,-15.9117293200487,5.25419072490891e-57
"eutro",-0.688004563341114,0.280177821367597,-2.45559966161077,0.0140649746901087
"log10(RT)",-0.302452162887495,0.10984706851162,-2.75339312177913,0.00589810248021024
