"estimate","std.error","Adjusted.SE","statistic","p.value","term"
-5.99818572175769,3.32154507696237,3.36629913413582,1.78183384267112,0.0747763,"(Intercept)"
-1.65203352594462,1.09895020228002,1.11379571049641,1.48324644310968,0.1380089,"human_impact"
1.28479752218055,0.495920155501225,0.502622307764441,2.55618881679777,0.0105826,"log10(area)"
-14.9848271684394,3.45083195054675,3.49741367763569,4.28454525247049,1.83e-05,"log10(depth)"
-2.75137153245279,1.39775512677471,1.41664559372665,1.94217350100599,0.0521161,"eutro"
-0.190244184022536,0.500143742479802,0.506959744012898,0.37526487313694,0.7074635,"log10(RT)"
