"term","estimate","std.error","statistic","p.value"
"(Intercept)",-3.95473967754186,0.703096487390119,-5.62474674311315,1.85780330271725e-08
"human_impact",-0.339365148723149,0.294808668294502,-1.15113694141496,0.249675902426889
"log10(area)",1.45318766337587,0.117934871848416,12.3219505867924,6.90047524754793e-35
"depth",-5.05142295460261,0.322305597645832,-15.6727745081034,2.32217171106073e-55
"eutro",-0.640752639646893,0.279851220278666,-2.28961888752478,0.0220434191233269
"log10(RT)",-0.333681575835888,0.109702669198526,-3.04169058304346,0.00235253584768154
