"estimate","std.error","Adjusted.SE","statistic","p.value","term"
-4.85985176879193,3.78111479566351,3.83050139996357,1.26872470764223,0.2045393,"(Intercept)"
-1.49272594361572,1.21921753263854,1.23564814057957,1.20805097712977,0.2270277,"human_impact"
1.30104525418101,0.550633650164547,0.557933099966222,2.33190189694746,0.0197059,"log10(area)"
-20.5146707381013,4.31837941597359,4.37648716523807,4.68747421471881,2.8e-06,"log10(depth)"
-5.50270107807188,1.75563956854295,1.77903159452372,3.09308788838293,0.0019809,"eutro"
0.0587638022283281,0.507471396459732,0.514310261004658,0.114257495297757,0.9090337,"log10(RT)"
