"term","estimate","std.error","statistic","p.value"
"(Intercept)",-7.1514090662006,3.77153435247508,-1.89615376604152,0.0579397147398342
"human_impact",-2.40594124664134,1.15452589380485,-2.08392142571384,0.0371673150817525
"log10(area)",1.50167667685047,0.535278203431398,2.80541346018571,0.0050252073481172
"log10(depth)",-17.6996524559401,4.14532585545633,-4.26978555440768,1.95660999605804e-05
"eutro",-3.59671386938148,1.5051827758292,-2.38955290157375,0.0168688942697666
"log10(RT)",0.111592932628022,0.474893652507204,0.2349851004301,0.814220297607217
