"estimate","std.error","Adjusted.SE","statistic","p.value","term"
-14.0718134842097,4.65413882606636,4.71631795984725,2.98364393664958,0.0028484,"(Intercept)"
-1.95733718919058,1.26501907351601,1.28211855022426,1.52664290587498,0.1268498,"human_impact"
2.58715680437132,0.684287766775418,0.69353317229425,3.73040094940643,0.0001912,"log10(area)"
-23.0073337359604,4.76323164925764,4.82729548657495,4.76609186239902,1.9e-06,"log10(depth)"
-3.30536025739686,1.72778559549472,1.75114220146881,1.88754531449497,0.059087,"eutro"
0.355688284218129,0.55361339970667,0.56115809028389,0.633846843477186,0.5261808,"log10(RT)"
