"term","estimate","std.error","statistic","p.value"
"(Intercept)",-4.04679417943705,0.712537131419421,-5.67941515044355,1.35156075120897e-08
"human_impact",-0.0821326315119864,0.300695285265585,-0.273142398755749,0.784743755926155
"log10(area)",1.51252524768034,0.121196401261659,12.4799518132131,9.60447582195069e-36
"depth",-5.38557883543142,0.338647647114534,-15.9031928357381,6.0215955003544e-57
"eutro",-0.95156394974193,0.283419063356527,-3.35744511492126,0.000786663596903874
"log10(RT)",-0.309902756141412,0.112996918917791,-2.74257704643148,0.00609591472754796
