"estimate","std.error","Adjusted.SE","statistic","p.value","term"
-8.66653924965575,3.89438701806014,3.94582673739996,2.19638109486947,0.0280647,"(Intercept)"
-1.76561508710599,1.19033406716139,1.20643164886379,1.46350196363701,0.1433301,"human_impact"
1.74038196135373,0.570297931709897,0.578003815911102,3.01102157709873,0.0026037,"log10(area)"
-18.8364270297282,4.15050919014065,4.20614918048356,4.47830693146329,7.5e-06,"log10(depth)"
-4.1632914133723,1.61491846192853,1.636746467433,2.54363855136454,0.0109705,"eutro"
0.41731897134014,0.477275913113173,0.483780269919397,0.862620898966527,0.3883459,"log10(RT)"
