"estimate","std.error","Adjusted.SE","statistic","p.value","term"
-5.11344518381288,3.58563132072398,3.63410505083876,1.40707137308337,0.1594062,"(Intercept)"
-2.15887732288339,1.13231986030574,1.14762113645537,1.88117598596298,0.059948,"human_impact"
1.21733415781124,0.513257835426884,0.520193884143888,2.34015469023568,0.0192758,"log10(area)"
-15.5941357408916,3.57001088333531,3.61825927340671,4.30984475200674,1.63e-05,"log10(depth)"
-3.4567272859687,1.47676893922524,1.49672492643354,2.30952743882308,0.0209143,"eutro"
0.0251635611062134,0.480956296289875,0.487510809671588,0.0516164167173336,0.9588343,"log10(RT)"
