"estimate","std.error","Adjusted.SE","statistic","p.value","term"
-4.29527059037946,3.73153055577031,3.78189600266993,1.13574529477995,0.2560632,"(Intercept)"
-2.02789417912563,1.17318212808585,1.18903569059718,1.70549479310175,0.0881022,"human_impact"
1.1712789735463,0.52216541834841,0.52922137512466,2.21321176468053,0.026883,"log10(area)"
-16.6963370762986,3.8431717642386,3.89509117856243,4.28650737836149,1.82e-05,"log10(depth)"
-4.44008638085054,1.63908562357353,1.66123583471356,2.67276101807431,0.007523,"eutro"
-0.0972499931795589,0.433026569043882,0.438927892019233,0.221562573141963,0.8246544,"log10(RT)"
