"estimate","std.error","Adjusted.SE","statistic","p.value","term"
-7.00933612533853,3.60834946356739,3.65712692848947,1.91662369460981,0.0552858,"(Intercept)"
-2.36195362974377,1.22808943828364,1.24468483469569,1.89763188552163,0.0577446,"human_impact"
1.49269237275366,0.526372655806488,0.533485796422071,2.7979983399084,0.005142,"log10(area)"
-15.4548502967268,3.62197849069687,3.6709360193932,4.21005711215893,2.55e-05,"log10(depth)"
-2.80077235011654,1.59158712711258,1.61309505596534,1.73627235404329,0.0825157,"eutro"
0.00657254764922036,0.473363723421041,0.479814764572835,0.0136980937947412,0.9890708,"log10(RT)"
