"estimate","std.error","Adjusted.SE","statistic","p.value","term"
-7.37366349150412,3.7625634325101,3.81306392806751,1.93378963232886,0.053139,"(Intercept)"
-2.03638849234848,1.27730579527279,1.29456214265433,1.57303263030166,0.1157113,"human_impact"
1.58032304339232,0.537343147440502,0.544606127260129,2.90177242651088,0.0037106,"log10(area)"
-19.2863798048111,4.14897003881443,4.20477638888821,4.58677894400721,4.5e-06,"log10(depth)"
-4.16977643126817,1.69976274800574,1.7227247540566,2.42045423765425,0.0155011,"eutro"
0.268657285516093,0.557377206158382,0.56497319021059,0.475522184364099,0.6344148,"log10(RT)"
