"term","estimate","std.error","statistic","p.value"
"(Intercept)",-3.44889817678828,0.692366340942212,-4.98131981993062,6.31520683026552e-07
"human_impact",-0.354257000774528,0.294565320556458,-1.20264327146627,0.229114395105924
"log10(area)",1.40697314648493,0.116442992214333,12.0829353465527,1.29994678969395e-33
"depth",-5.07721727908854,0.324303227278432,-15.6557716730012,3.03410553178018e-55
"eutro",-0.693559564730583,0.278947716564007,-2.48634250630777,0.0129063682742317
"log10(RT)",-0.395173320634719,0.111821644414261,-3.53396091342333,0.000409381614319512
