"term","estimate","std.error","statistic","p.value"
"(Intercept)",-9.4024686548611,4.80158857557369,-1.9581995639303,0.0502066002910548
"human_impact",-2.59419285838509,1.31465328907604,-1.97329050932381,0.0484624735917873
"log10(area)",2.00904199202166,0.661609036711553,3.03659998661349,0.00239262740570274
"log10(depth)",-25.4829416640265,5.531830302109,-4.60660220439357,4.09301931179818e-06
"eutro",-5.57824714224226,1.94907934178387,-2.86199079876186,0.00420989128595653
"log10(RT)",0.3608767357739,0.563707571755606,0.640184297418586,0.522052790180008
