"term","estimate","std.error","statistic","p.value"
"(Intercept)",-7.43145709560844,4.02767898333448,-1.8450966738804,0.065023476976216
"human_impact",-3.37509256973273,1.26579459437616,-2.66638251160816,0.00766724004361911
"log10(area)",1.59448656122369,0.55977844688596,2.84842435448131,0.00439362969057516
"log10(depth)",-21.516366340814,4.84114707927203,-4.44447689534966,8.81059754083113e-06
"eutro",-4.24046359350623,1.7545309672444,-2.41686449123559,0.0156548439032716
"log10(RT)",0.415848082646355,0.539168377527729,0.771276840368791,0.440542856785725
