"term","estimate","std.error","statistic","p.value"
"(Intercept)",-3.70532187654875,0.685308299901013,-5.40679556497994,6.41623069659601e-08
"human_impact",-0.303456115578873,0.29505630173961,-1.02846851190684,0.303729495289081
"log10(area)",1.38819985849225,0.1133098015358,12.2513660749256,1.65189661722091e-34
"depth",-4.81847877638077,0.31262959192145,-15.412740511114,1.34389603621458e-53
"eutro",-0.760827841727692,0.278171419640421,-2.7351042846572,0.00623605159976427
"log10(RT)",-0.360630641361636,0.107645106846103,-3.35018146135727,0.000807586358066862
