"estimate","std.error","Adjusted.SE","statistic","p.value","term"
-8.09680490799982,3.65291372340628,3.7015624338591,2.18740195597847,0.0287132,"(Intercept)"
-1.63793983653626,1.17770513428529,1.19360952934113,1.37225767411593,0.1699832,"human_impact"
1.58573845041548,0.518390500693629,0.525398957773971,3.01816063193958,0.0025431,"log10(area)"
-17.9075605242438,3.94282091577939,3.99591441078706,4.48146748986965,7.4e-06,"log10(depth)"
-3.32861866858283,1.64321923662672,1.6654356438613,1.99864742948906,0.0456465,"eutro"
0.344135519722474,0.471991602041057,0.478423943805785,0.71931082082751,0.4719494,"log10(RT)"
