"term","estimate","std.error","statistic","p.value"
"(Intercept)",-3.75218753362012,0.691160769636578,-5.42882017970012,5.67278035173771e-08
"human_impact",-0.361687503789319,0.289602166936819,-1.24891159349725,0.211697410746535
"log10(area)",1.40769942563235,0.115673447550456,12.1695986022921,4.51296307225367e-34
"depth",-4.76233904917341,0.311541697043923,-15.286361647128,9.42717708393347e-53
"eutro",-0.702775459319646,0.274192481813961,-2.56307340985548,0.0103750109344866
"log10(RT)",-0.400317853341302,0.111743927587806,-3.58245733779799,0.000340377217683661
