"term","estimate","std.error","statistic","p.value"
"(Intercept)",-10.0634462129784,4.7739746810364,-2.10798064199068,0.0350326639135764
"human_impact",-3.35570654986816,1.35001196779003,-2.4856865197732,0.0129301808759113
"log10(area)",1.94475509448769,0.651881585675807,2.98329502968175,0.00285162967057312
"log10(depth)",-23.0678511695857,5.14341157923747,-4.48493199780167,7.29371921551783e-06
"eutro",-4.77138536707392,1.78071375719645,-2.67947914019937,0.00737367974154109
"log10(RT)",0.704905135761111,0.561857502223133,1.25459771022363,0.209624835118504
