"term","estimate","std.error","statistic","p.value"
"(Intercept)",-3.97474413807563,0.693581819458708,-5.73075018197224,9.99874343325177e-09
"human_impact",-0.39394558979154,0.294324756531327,-1.33847249016448,0.180742462219001
"log10(area)",1.44208038167091,0.116933455409031,12.3324875385452,6.0548227223014e-35
"depth",-4.98689762003332,0.317772060892734,-15.6933167945079,1.68041000602692e-55
"eutro",-0.585582611679844,0.277265443763446,-2.11199276668406,0.0346870697167664
"log10(RT)",-0.326786680863938,0.110910291461094,-2.94640539267332,0.00321490748353366
