"term","estimate","std.error","statistic","p.value"
"(Intercept)",-3.21322185494175,0.68642724586482,-4.68108146099803,2.85365509264116e-06
"human_impact",-0.456160352412872,0.293035641758194,-1.55667191088409,0.119548400905773
"log10(area)",1.37912232799178,0.114927151720042,11.9999696098905,3.55426903879547e-33
"depth",-5.01393580766848,0.319624774645332,-15.6869435832442,1.85788229275227e-55
"eutro",-0.907540597309583,0.277875315500969,-3.2659993410117,0.00109078503263812
"log10(RT)",-0.368141580457018,0.109995454534301,-3.34687994168173,0.00081726597672116
