"estimate","std.error","Adjusted.SE","statistic","p.value","term"
-7.60543654023049,3.32495824297262,3.36982954566431,2.25692024987311,0.0240131,"(Intercept)"
-1.7818839366335,1.15943314457309,1.17509916500301,1.51636899225347,0.1294261,"human_impact"
1.52045957673765,0.490221507478877,0.49684618179369,3.06022192069296,0.0022117,"log10(area)"
-13.9240053191678,3.29617135640268,3.34069508587527,4.16799646817203,3.07e-05,"log10(depth)"
-2.88375923899232,1.46741897173855,1.48724993533207,1.93898763784342,0.0525028,"eutro"
-0.140207987667061,0.463235636051025,0.469548650765261,0.298601619743882,0.765244,"log10(RT)"
