"estimate","std.error","Adjusted.SE","statistic","p.value","term"
-8.89397256465385,3.87791339781625,3.92989748421231,2.26315638013049,0.0236261,"(Intercept)"
-1.98212510300991,1.17162488083184,1.18746306643085,1.66920989716975,0.0950758,"human_impact"
1.74952346162701,0.576065655759939,0.583851967352894,2.99651891139309,0.0027308,"log10(area)"
-18.1723899759355,3.9698575193972,4.02322504247051,4.51687136168165,6.3e-06,"log10(depth)"
-3.34408835799866,1.51661859098308,1.53710720254937,2.17557262919094,0.0295872,"eutro"
0.283179151036429,0.475352230171833,0.481830370863042,0.587715445436132,0.5567233,"log10(RT)"
