"term","estimate","std.error","statistic","p.value"
"(Intercept)",-3.85675432107694,0.695231602840827,-5.54743815631745,2.89885644746223e-08
"human_impact",-0.374261574476295,0.293292135893249,-1.27607094999818,0.201930439595505
"log10(area)",1.46019504643735,0.11703379417073,12.4766957850414,1.0005317293872e-35
"depth",-4.95893265864512,0.319562907758747,-15.5178606097453,2.62663237478269e-54
"eutro",-0.821064579141068,0.283277912347494,-2.89844193053032,0.00375021748021511
"log10(RT)",-0.383239513988344,0.110174370352528,-3.47848154486459,0.000504263159284052
