"term","estimate","std.error","statistic","p.value"
"(Intercept)",-3.72860496677959,0.688300647068987,-5.41711675364135,6.0567792350457e-08
"human_impact",-0.308971709296807,0.292452379338158,-1.05648553790547,0.290746444683823
"log10(area)",1.37585047713354,0.113835999066394,12.0862511720136,1.24854913011424e-33
"depth",-4.85031684896883,0.3132899016876,-15.4818805931555,4.59831779001126e-54
"eutro",-0.609042316299193,0.28035842747915,-2.17237028248236,0.0298277446638779
"log10(RT)",-0.328943127795975,0.110177212076662,-2.98558224151738,0.00283039018021334
