"estimate","std.error","Adjusted.SE","statistic","p.value","term"
-10.233083456848,4.42331408335376,4.48178251674485,2.28326194290222,0.0224149,"(Intercept)"
-1.0549539692389,1.22347204936609,1.23995999268366,0.850796780108725,0.3948823,"human_impact"
2.09564896156319,0.658025046989732,0.666738590277083,3.14313434398973,0.0016715,"log10(area)"
-18.8477138295673,4.12891894173063,4.18438834553653,4.50429364417672,6.7e-06,"log10(depth)"
-5.03683939844107,1.6844741558363,1.70689422804341,2.95087962434247,0.0031687,"eutro"
-0.0113711691603791,0.482421909757107,0.488923198533873,0.0232575774569046,0.9814448,"log10(RT)"
