"term","estimate","std.error","statistic","p.value"
"(Intercept)",-3.36042068876298,0.689105801420544,-4.87649455545971,1.07987667353435e-06
"human_impact",-0.582203678335004,0.29474626015555,-1.97527079063785,0.0482374261415776
"log10(area)",1.39228509757773,0.116434017457271,11.9577175810212,5.91658583066205e-33
"depth",-4.94002950162601,0.318765325439134,-15.4973866584158,3.61291304256607e-54
"eutro",-0.724245507382707,0.280096549843414,-2.5856994946478,0.00971816165114329
"log10(RT)",-0.393973206956271,0.111398479270761,-3.53661207527522,0.000405294496738249
