"term","estimate","std.error","statistic","p.value"
"(Intercept)",-3.33417723927857,0.684460010675935,-4.87125206333957,1.1089325783181e-06
"human_impact",-0.558061657252965,0.294179740132692,-1.89700914482162,0.0578267311589235
"log10(area)",1.4447617183648,0.116550065985686,12.3960609215119,2.74488674310092e-35
"depth",-5.1718996199664,0.326851362438906,-15.8233993010603,2.14587309432872e-56
"eutro",-0.729956335439594,0.281430533524308,-2.59373539288175,0.00949395238386723
"log10(RT)",-0.434833503357681,0.112316646470821,-3.87149649692085,0.000108169212174474
