"term","estimate","std.error","statistic","p.value"
"(Intercept)",-3.56852555638865,0.698979717125257,-5.10533491739241,3.30209150120875e-07
"human_impact",-0.351827285845863,0.298283246054796,-1.17950736589889,0.238196205370517
"log10(area)",1.34928623423516,0.114552615749708,11.7787466083121,5.02344884853203e-32
"depth",-4.86657574944256,0.314608462911267,-15.4686739969075,5.6458044548105e-54
"eutro",-0.810014491701824,0.281468946657565,-2.87781121619533,0.00400444700858437
"log10(RT)",-0.280731528934229,0.109506089013481,-2.56361569902901,0.0103588169401606
