"term","estimate","std.error","statistic","p.value"
"(Intercept)",-3.04864333206263,0.496754195203981,-6.13712649333696,8.40274787894699e-10
"human_impact",-2.43109068670299,0.190396886557136,-12.7685422312484,2.45713226364559e-37
"log10(area)",1.77000970261661,0.0920955511450194,19.2192747707155,2.553135200484e-82
"depth",-6.04702436623607,0.249126200998211,-24.2729361344032,3.78673552489358e-130
"eutro",-1.5532016320652,0.187650210719172,-8.27711104673174,1.26199527735517e-16
"log10(RT)",-0.173419770809644,0.0771408571166609,-2.24809235069011,0.0245703017437978
