"estimate","std.error","Adjusted.SE","statistic","p.value","term"
-5.08674050547794,3.26358309364081,3.3075967548321,1.53789620758536,0.124074,"(Intercept)"
-1.66524962732771,1.06563394360898,1.08003446889054,1.54184859399749,0.1231104,"human_impact"
1.14838050969847,0.477279748509581,0.483730010690075,2.37401129621919,0.017596,"log10(area)"
-14.3979682473925,3.33857755718787,3.38365775626913,4.25514909736849,2.09e-05,"log10(depth)"
-3.03082009078516,1.40194718041933,1.42089389542703,2.1330375903081,0.0329216,"eutro"
0.13640953146613,0.440130890708234,0.446129031984491,0.305762507450697,0.7597855,"log10(RT)"
