"estimate","std.error","Adjusted.SE","statistic","p.value","term"
-11.5575565360801,3.99437349892493,4.04761505727173,2.85539913567533,0.0042983,"(Intercept)"
-1.91180824690365,1.25222253251765,1.26915154150848,1.50636719444182,0.1319729,"human_impact"
2.16544885475749,0.599445659450523,0.607547631934576,3.56424540387424,0.0003649,"log10(area)"
-18.4212508275179,4.0774935595387,4.13205975151683,4.45812789148455,8.3e-06,"log10(depth)"
-3.49449036927904,1.67849674091134,1.70116264624642,2.054177698405,0.0399585,"eutro"
0.367912612376485,0.537761526095366,0.545090185988485,0.674957322354465,0.4997029,"log10(RT)"
