"term","estimate","std.error","statistic","p.value"
"(Intercept)",-11.2044986042585,4.21621698014686,-2.65747675155662,0.00787280202901134
"human_impact",-2.81587415530883,1.27924600869114,-2.2011983122698,0.0277219877367514
"log10(area)",2.05349749652692,0.59493524424604,3.45163194883388,0.000557207233326203
"log10(depth)",-23.590409333115,5.13966573312906,-4.58987229092678,4.43517284341732e-06
"eutro",-4.36653941576667,1.65395425977939,-2.64006056391734,0.00828912126220881
"log10(RT)",0.601146357702671,0.527483952166658,1.13964861913513,0.254432721189529
