"estimate","std.error","Adjusted.SE","statistic","p.value","term"
-6.05853454934833,3.71967552186249,3.76993253172615,1.60706710222591,0.1080396,"(Intercept)"
-2.23484016693833,1.21492182785396,1.23133948593763,1.81496670289637,0.069529,"human_impact"
1.41929265312966,0.546089823677546,0.553469410806986,2.56435608800903,0.0103367,"log10(area)"
-18.0193808389705,4.15755511612635,4.21373537766685,4.27634372449554,1.9e-05,"log10(depth)"
-4.03347776484396,1.5765232807134,1.59782761408536,2.52435101839997,0.0115912,"eutro"
0.0673439429051872,0.483215525760116,0.489800828113528,0.137492505197598,0.8906415,"log10(RT)"
