"term","estimate","std.error","statistic","p.value"
"(Intercept)",-3.77663267032021,0.688582301346851,-5.48464963873339,4.14289674528063e-08
"human_impact",-0.267851589208722,0.297282148796073,-0.901001255182869,0.367587652317575
"log10(area)",1.44512916282482,0.116181170698619,12.4385832414581,1.61340213499682e-35
"depth",-5.03381493617009,0.321952984351929,-15.6352485637083,4.18837332055397e-55
"eutro",-0.825139055981272,0.278971983121714,-2.95778467338518,0.00309858489950964
"log10(RT)",-0.369199399174808,0.110995215609637,-3.32626408396969,0.000880184935404945
