"term","estimate","std.error","statistic","p.value"
"(Intercept)",-4.21129472625155,0.698303302981418,-6.03075298122085,1.63197478201066e-09
"human_impact",-0.293890559147591,0.292690999717389,-1.00409838167679,0.315331195401671
"log10(area)",1.42997453992576,0.115932162666978,12.3345800425845,5.8995709643841e-35
"depth",-4.79011998288962,0.315597304462192,-15.1779496059145,4.95015040477585e-52
"eutro",-0.672444606679701,0.278622924918593,-2.41345756770077,0.015801967725377
"log10(RT)",-0.283845832189725,0.108668708157321,-2.61202913886487,0.00900065822943663
