"estimate","std.error","Adjusted.SE","statistic","p.value","term"
-12.7044433023008,4.56872501536417,4.62738381798455,2.74549157839994,0.006042,"(Intercept)"
-2.14099105169267,1.31126916069672,1.32897741991855,1.6110063418714,0.1071783,"human_impact"
2.30264583095546,0.648493683697895,0.657175331747911,3.50385311151445,0.0004586,"log10(area)"
-20.4189265208044,4.50624503917236,4.56576905942826,4.47217681293791,7.7e-06,"log10(depth)"
-3.18275521704797,1.67926449370636,1.70198477001702,1.87002567421103,0.0614803,"eutro"
0.522668983412534,0.535271676784448,0.54256640479903,0.963327214493006,0.3353833,"log10(RT)"
