"term","estimate","std.error","statistic","p.value"
"(Intercept)",-9.26703471267376,3.44187849932444,-2.69243516716022,0.00709323251794643
"human_impact",-1.52734841717158,1.17839862604398,-1.29612202816213,0.194933446913505
"log10(area)",1.90397349233355,0.536755199406223,3.54719152127412,0.00038936142944057
"log10(depth)",-20.6733490339454,4.39826713562213,-4.70033956475932,2.59729242177279e-06
"eutro",-4.12353929175622,1.62065825024786,-2.54436078126007,0.0109477943157956
