"term","estimate","std.error","statistic","p.value"
"(Intercept)",-3.53545578259113,0.70169290387579,-5.03846592015267,4.69277955982725e-07
"human_impact",-0.381484211055662,0.301181871114546,-1.26662408213333,0.205289737279515
"log10(area)",1.47445965180543,0.119172644463522,12.3724673430131,3.68330327425483e-35
"depth",-5.24400639553095,0.329296331426318,-15.9248855667994,4.25791976892434e-57
"eutro",-0.724658696569129,0.279492415365775,-2.59276694725601,0.00952072622661605
"log10(RT)",-0.436212585696228,0.113629925989448,-3.83888823210828,0.000123592671416671
