"estimate","std.error","Adjusted.SE","statistic","p.value","term"
-7.99263323865895,3.82862343225974,3.87476915412023,2.06273791308573,0.03913754,"(Intercept)"
-2.26416952586087,1.17111697877111,1.18643951868028,1.90837332220642,0.05634298,"human_impact"
1.3878366684237,0.530965856811208,0.538096726661453,2.5791583551053,0.00990414,"log10(area)"
-15.0630079597613,3.46208671493753,3.50728060086925,4.29478267465344,1.749e-05,"log10(depth)"
-2.28883225729371,1.47755336109922,1.49754070643652,1.52839401790961,0.12641474,"eutro"
0.461784176953021,0.436463598958232,0.442375770066182,1.04387312371095,0.29654409,"log10(RT)"
