"term","estimate","std.error","statistic","p.value"
"(Intercept)",-7.84420132949327,3.57925564293649,-2.19157336385666,0.0284103270009014
"human_impact",-2.23076730710371,1.14085863573573,-1.95534068571528,0.050542872018044
"log10(area)",1.6027528558687,0.519111264386169,3.08749388777742,0.00201851922724803
"log10(depth)",-15.1672403836324,3.57655915678027,-4.24073522029661,2.2278882510295e-05
"eutro",-2.98393556165083,1.41767420854311,-2.10481050136146,0.0353078066935288
"log10(RT)",0.0125137953976292,0.465072605991778,0.0269071866121706,0.978533761506365
