"term","estimate","std.error","statistic","p.value"
"(Intercept)",-3.42039442397483,0.684228284234992,-4.99890826319616,5.76558232101747e-07
"human_impact",-0.494035953075846,0.291651989592656,-1.69392279396364,0.0902799549392961
"log10(area)",1.4427431610442,0.116723791894748,12.3603177863271,4.28459565138169e-35
"depth",-5.18246419478003,0.326945846025262,-15.8511394403206,1.38054806823641e-56
"eutro",-0.732144920119631,0.279337123595174,-2.62100830242915,0.00876701268684345
"log10(RT)",-0.398618836402149,0.110486729885889,-3.60784355563643,0.000308752558545503
