"estimate","std.error","Adjusted.SE","statistic","p.value","term"
-5.56389518153198,3.40884886205541,3.45461931574508,1.61056680143409,0.1072742,"(Intercept)"
-1.90570470317251,1.19247789204506,1.20859721207369,1.57679058344238,0.1148437,"human_impact"
1.28551191954451,0.493024465255331,0.499688552647961,2.57262631439583,0.010093,"log10(area)"
-15.4249422145968,3.57119482128926,3.61938220980204,4.26176107425816,2.03e-05,"log10(depth)"
-3.36727851269875,1.44195886588545,1.46144919880148,2.30406812324386,0.0212188,"eutro"
-0.241347400490251,0.458054962372898,0.464297374424873,0.519812115649391,0.6031945,"log10(RT)"
