"term","estimate","std.error","statistic","p.value"
"(Intercept)",-3.71869074957536,0.694571592259301,-5.3539344122601,8.60620661618493e-08
"human_impact",-0.326896301159625,0.291594969532389,-1.12106289653709,0.262261090747608
"log10(area)",1.43822344206807,0.117569682756171,12.2329448234611,2.07285153925086e-34
"depth",-5.16120380496418,0.325663911750357,-15.8482521972548,1.44545367941765e-56
"eutro",-0.901434467501191,0.277766366627855,-3.24529740027493,0.00117328019271776
"log10(RT)",-0.277888846559474,0.10846069499603,-2.56211567305229,0.0104036661787623
