"term","estimate","std.error","statistic","p.value"
"(Intercept)",-3.46846237892184,0.497637405053083,-6.96985866356221,3.17259551777161e-12
"human_impact",-2.4847070223929,0.192258720455553,-12.9237676007904,3.30550585810985e-38
"log10(area)",1.81202990793928,0.0925600267800497,19.5768083802007,2.43827374361135e-85
"depth",-5.99501402028825,0.250210670616374,-23.9598655226015,7.29232886776598e-127
"eutro",-1.43369956127486,0.187132991464037,-7.66139391059959,1.83925777046119e-14
"log10(RT)",-0.170410432439236,0.0769957133406678,-2.21324571259253,0.0268807101015145
