"estimate","std.error","Adjusted.SE","statistic","p.value","term"
-3.44980265835728,3.74782451841304,3.79848035633943,0.908206002066005,0.3637694,"(Intercept)"
-2.53669689058244,1.36540548933772,1.38385645950292,1.83306359063687,0.0667931,"human_impact"
1.07320400310532,0.542871180993569,0.550207160393863,1.95054532248739,0.0511112,"log10(area)"
-17.8491368017225,4.07355458555153,4.12860749612654,4.32328256402881,1.54e-05,"log10(depth)"
-4.96841811128039,1.70773517725164,1.73081227374581,2.87057018640605,0.0040973,"eutro"
0.0332033563062719,0.595929373568391,0.604050749842578,0.0549678256585644,0.9561641,"log10(RT)"
