"term","estimate","std.error","statistic","p.value"
"(Intercept)",-3.66178489097589,0.684478054932181,-5.3497476867081,8.80769408859107e-08
"human_impact",-0.498769853823317,0.293896810221757,-1.69709175627655,0.0896793145274908
"log10(area)",1.37960768163073,0.114126480023772,12.0884099933983,1.21617605691803e-33
"depth",-4.7601666246036,0.309052314532094,-15.4024623041912,1.57553828490936e-53
"eutro",-0.433262169037224,0.277933926652922,-1.55886751306282,0.119027740860173
"log10(RT)",-0.403876422973678,0.110936665656575,-3.64060358749155,0.000271999646321164
