"term","estimate","std.error","statistic","p.value"
"(Intercept)",-3.40581270949581,0.700599658726317,-4.86128228450402,1.16627802423379e-06
"human_impact",-0.612157462205792,0.300369327240462,-2.03801589140201,0.0415483436433392
"log10(area)",1.39154566264146,0.116359738195673,11.9589961632726,5.82619627772362e-33
"depth",-5.19958426012325,0.329274176059791,-15.7910478202187,3.58573746214749e-56
"eutro",-0.714801751842052,0.282446679687355,-2.53074935288061,0.0113819151072549
"log10(RT)",-0.281313467059255,0.111790452977843,-2.51643552347902,0.0118548588857397
