"term","estimate","std.error","statistic","p.value"
"(Intercept)",-2.84989499149899,0.495088831428508,-5.756330602886,8.59619581196912e-09
"human_impact",-2.41066679240714,0.192135111423981,-12.546727011741,4.14282633576671e-36
"log10(area)",1.77087584826399,0.0921243073512628,19.2226774798075,2.39107395543094e-82
"depth",-6.25780552962998,0.253900035209265,-24.6467296645795,3.98957948578301e-134
"eutro",-1.52679682786683,0.186959433005964,-8.16646051669469,3.17569273751386e-16
"log10(RT)",-0.188517619967173,0.0780642884265172,-2.41490217571927,0.0157394362436858
