"estimate","std.error","Adjusted.SE","statistic","p.value","term"
-11.8810958366382,4.9907087082544,5.05739375160809,2.34925268234461,0.0188111,"(Intercept)"
-3.2848822165438,1.54410921605923,1.56498380275446,2.09898799640113,0.035818,"human_impact"
2.30209441743375,0.745941731605713,0.756023139329482,3.0450052355216,0.0023268,"log10(area)"
-27.3377492545558,5.90966918829271,5.98924442549082,4.5644737987656,5e-06,"log10(depth)"
-3.41222751900895,1.84431981906588,1.86925177670008,1.82545099677946,0.067933,"eutro"
0.392969985218651,0.617101788596349,0.625511704346357,0.628237621275679,0.5298483,"log10(RT)"
