"term","estimate","std.error","statistic","p.value"
"(Intercept)",-3.43091103161539,0.676507271612291,-5.07150650936634,3.94678762986299e-07
"human_impact",-0.52687092432499,0.290787226834834,-1.8118778120342,0.070005078481683
"log10(area)",1.42072929373038,0.115063185844198,12.3473835989047,5.03214779047874e-35
"depth",-5.06700890068037,0.32107103802378,-15.7815819572773,4.16614088411778e-56
"eutro",-0.650916893056618,0.279739733587748,-2.32686606478246,0.0199723948567991
"log10(RT)",-0.405817312723018,0.112027469167008,-3.622480412532,0.00029179156232513
