"term","estimate","std.error","statistic","p.value"
"(Intercept)",-3.67213977647864,0.700510725741303,-5.2420892950535,1.58768497836186e-07
"human_impact",-0.486496949238603,0.296074007911134,-1.64315994055319,0.100349845780927
"log10(area)",1.47673166293464,0.118493998333646,12.4625017612839,1.1956015743162e-35
"depth",-5.18637204806564,0.331323115338182,-15.6535170894186,3.14355471871604e-55
"eutro",-0.808704206270579,0.282097107225505,-2.86675823876532,0.00414699673489794
"log10(RT)",-0.382093307619775,0.110992696902068,-3.44250854591728,0.000576345654299795
