"term","estimate","std.error","statistic","p.value"
"(Intercept)",-3.1490485321197,0.685668596433316,-4.59266845309862,4.37614012991841e-06
"human_impact",-0.436122419728314,0.295984347358047,-1.4734644707436,0.140625837261117
"log10(area)",1.34125082330726,0.11340654241147,11.8269263376432,2.83327647566698e-32
"depth",-5.04271328506864,0.317405862734754,-15.8872720296369,7.76332718969187e-57
"eutro",-0.729318669357286,0.278103803808395,-2.62246923404098,0.00872951490851087
"log10(RT)",-0.339455124250077,0.111091996858683,-3.0556217715835,0.00224594380525034
