"estimate","std.error","Adjusted.SE","statistic","p.value","term"
-7.01234026918736,3.90848477180958,3.96128473639114,1.77021868808548,0.0766907,"(Intercept)"
-2.39037846247951,1.20842749769096,1.22475742609796,1.95171583494307,0.050972,"human_impact"
1.43448842357648,0.554581704000064,0.5620759910588,2.55212541790709,0.0107068,"log10(area)"
-15.1492957376375,3.58935831790124,3.63785804178921,4.16434494243942,3.12e-05,"log10(depth)"
-2.67347810943107,1.4722803604853,1.49217615722659,1.79166387057148,0.0731868,"eutro"
0.071118046703325,0.470855595194474,0.477272455361112,0.149009325605258,0.8815463,"log10(RT)"
