"term","estimate","std.error","statistic","p.value"
"(Intercept)",-3.51826285139217,0.710366307299679,-4.95274454213091,7.3174010447524e-07
"human_impact",-0.398679349878569,0.299434313026948,-1.33144176379909,0.183043695105486
"log10(area)",1.44436073283179,0.11963107229935,12.0734580495743,1.45873007421256e-33
"depth",-5.48017673587024,0.33900176282004,-16.1656290229364,8.81337343902343e-59
"eutro",-0.865190448059686,0.283649373953233,-3.05021102638617,0.00228680625874416
"log10(RT)",-0.252011931979987,0.109963437852083,-2.29177931231087,0.0219183810307187
