"term","estimate","std.error","statistic","p.value"
"(Intercept)",-3.569025732412,0.704075080262398,-5.06909821475556,3.99704946852956e-07
"human_impact",-0.416811189623267,0.301359854189597,-1.38310124533387,0.166633823904051
"log10(area)",1.47886016875251,0.11770215243264,12.5644275672771,3.31263888721409e-36
"depth",-5.10274290543104,0.325807108952307,-15.6618525662005,2.75746524220694e-55
"eutro",-0.838753073961082,0.283684151317264,-2.95664410601156,0.00311006863475281
"log10(RT)",-0.479885875742815,0.113034406380294,-4.24548499089988,2.18121110180553e-05
