"term","estimate","std.error","statistic","p.value"
"(Intercept)",-2.77516674779815,0.497556067956024,-5.57759602691336,2.43865170649787e-08
"human_impact",-2.48597805893125,0.193161014630207,-12.8699782597978,6.6420844849298e-38
"log10(area)",1.76056559220484,0.0920693514380178,19.1221678518076,1.65100611745517e-81
"depth",-6.09376540664764,0.250323777465388,-24.3435340755443,6.78750563772428e-131
"eutro",-1.56565487830173,0.187158941793114,-8.36537577794393,5.99236342439755e-17
"log10(RT)",-0.234441504986521,0.0766155300248953,-3.05997367518494,0.00221356447007859
