"estimate","std.error","Adjusted.SE","statistic","p.value","term"
-10.1687681461486,3.71807567431786,3.76832876513752,2.69848221318276,0.0069656,"(Intercept)"
-2.95245316635242,1.29293694097901,1.31040871167279,2.25307809697289,0.0242542,"human_impact"
1.94550938395698,0.565334132925084,0.572973603709435,3.39546075309881,0.0006851,"log10(area)"
-16.0778874882321,3.8876357499467,3.94017537762499,4.0805004720179,4.49e-05,"log10(depth)"
-2.15868506072831,1.49152011718845,1.51167600461408,1.4280077570454,0.1532896,"eutro"
0.00792967923206935,0.523322930470748,0.530454819952573,0.0149488305767084,0.988073,"log10(RT)"
