"term","estimate","std.error","statistic","p.value"
"(Intercept)",-3.25251544484787,0.48210933081334,-6.74642707985081,1.51530166548932e-11
"human_impact",-2.45542974507438,0.191837082432498,-12.7995573845238,1.64888350599175e-37
"log10(area)",1.74446696613819,0.0895275157340483,19.4852605015907,1.46432302380612e-84
"depth",-5.83812386285063,0.244180591837635,-23.9090413325421,2.46650753753668e-126
"eutro",-1.32230028891312,0.184890739215604,-7.1517929698532,8.5651683240774e-13
"log10(RT)",-0.177163663706032,0.0764749349680478,-2.31662392102789,0.0205242271366528
