"estimate","std.error","Adjusted.SE","statistic","p.value","term"
-6.01356896140103,3.57872016377832,3.62689081149775,1.6580507310386,0.0973072,"(Intercept)"
-1.87041533779786,1.18554590634113,1.20156876287854,1.5566444431503,0.1195549,"human_impact"
1.38886162651424,0.522477460618446,0.529538616995157,2.62277685128098,0.0087216,"log10(area)"
-19.6284235106761,4.40568932233978,4.46510298565789,4.39596210293994,1.1e-05,"log10(depth)"
-4.42797473469432,1.63999512922526,1.66214144715756,2.66401800055383,0.0077213,"eutro"
0.257162937112069,0.525309091007784,0.532468048054623,0.48296407277698,0.6291212,"log10(RT)"
