"term","estimate","std.error","statistic","p.value"
"(Intercept)",-3.49371887428335,0.673650149634746,-5.18625116639201,2.14569386277041e-07
"human_impact",-0.452362924584177,0.29065752283451,-1.55634342497901,0.119626450505901
"log10(area)",1.40018638583119,0.114365150779248,12.2431210582136,1.828630532101e-34
"depth",-4.85267298428636,0.314941098694701,-15.4081922124443,1.4418932361607e-53
"eutro",-0.56937756840626,0.273785070233112,-2.07965163301807,0.0375574974180964
"log10(RT)",-0.434038563124902,0.109125969475595,-3.97740854180425,6.96704060266935e-05
