"term","estimate","std.error","statistic","p.value"
"(Intercept)",-3.74674409603761,0.697066426671627,-5.37501729057254,7.6575333435543e-08
"human_impact",-0.624522696113192,0.295640938167494,-2.11243645749552,0.0346490307398926
"log10(area)",1.42917798682234,0.116335201452187,12.2850003178936,1.09044593848249e-34
"depth",-4.97026665811747,0.323729364195796,-15.3531536147934,3.37378905686231e-53
"eutro",-0.610973719587392,0.281046245905739,-2.17392592318173,0.0297106988477051
"log10(RT)",-0.338004783679669,0.1105383737444,-3.05780492538496,0.00222964669405009
