"estimate","std.error","Adjusted.SE","statistic","p.value","term"
-6.51994417597215,3.78618333488131,3.83730093410747,1.69909639299339,0.089301,"(Intercept)"
-1.85002745790552,1.2021192795012,1.21836433031125,1.51845175690009,0.1289006,"human_impact"
1.42788978468749,0.544176137410989,0.551529622230232,2.58896299878419,0.0096265,"log10(area)"
-15.7105608850602,3.53767505074309,3.58546729158238,4.38173314868719,1.18e-05,"log10(depth)"
-3.53045244473886,1.51378967228336,1.53424623397322,2.30109898043946,0.021386,"eutro"
0.0917496548728827,0.471373897667669,0.47779782130457,0.192026105565679,0.8477218,"log10(RT)"
