"term","estimate","std.error","statistic","p.value"
"(Intercept)",-3.81625895620768,0.691780848583556,-5.51657213989314,3.45675631539116e-08
"human_impact",-0.498395866767735,0.292614332430846,-1.70325172600874,0.088520970380664
"log10(area)",1.44146946619406,0.11626928200681,12.3976809808598,2.6899621235219e-35
"depth",-4.95688006307226,0.320151036836085,-15.4829424013709,4.52303471699339e-54
"eutro",-0.668479697602512,0.282547303619101,-2.36590365237986,0.0179861244573864
"log10(RT)",-0.36207868183614,0.11015366677425,-3.28703249232899,0.0010124915062238
