"term","estimate","std.error","statistic","p.value"
"(Intercept)",-2.78864866286948,0.486612656466919,-5.73073598848956,9.99958020323616e-09
"human_impact",-2.52705858316061,0.192759426468833,-13.1099092244353,2.88944055415839e-39
"log10(area)",1.73862265334518,0.0903426442355743,19.2447616300848,1.5618018569409e-82
"depth",-5.93725710062001,0.24829264150405,-23.9123361234334,2.27933825173065e-126
"eutro",-1.57725877003518,0.186913359722712,-8.43844855378481,3.21577444669488e-17
"log10(RT)",-0.239590701408527,0.077410029854977,-3.09508602253979,0.00196755823442348
