"estimate","std.error","Adjusted.SE","statistic","p.value","term"
-9.18847164700078,3.91420468832569,3.96699463150454,2.31622991723483,0.0205457,"(Intercept)"
-2.23830993814894,1.26924271460039,1.28639449051193,1.73998719262097,0.0818613,"human_impact"
2.02934415399285,0.598437359191831,0.606524159764605,3.34585872849722,0.0008203,"log10(area)"
-24.3309156602111,5.17318917489092,5.24307028971176,4.64058544245622,3.5e-06,"log10(depth)"
-5.33835014854411,1.8593012971627,1.88442698299673,2.83287715401673,0.0046131,"eutro"
0.142804366097113,0.588867819727997,0.596892960544826,0.23924618907679,0.8109147,"log10(RT)"
