"estimate","std.error","Adjusted.SE","statistic","p.value","term"
-7.75083900896755,3.4860561362835,3.53263674948507,2.19406623398155,0.0282306,"(Intercept)"
-1.26283909172857,1.1864157485305,1.20240430799369,1.05026161610791,0.2935978,"human_impact"
1.48221276887652,0.505979458960317,0.512712888675823,2.89092160859192,0.0038411,"log10(area)"
-16.1395813619418,3.56450548431034,3.61249299426528,4.46771284748868,7.9e-06,"log10(depth)"
-2.68603587288445,1.54491429488585,1.5654274207864,1.7158482323857,0.0861898,"eutro"
-0.109231072965345,0.477845284912729,0.484284897469708,0.225551268552985,0.8215504,"log10(RT)"
