"estimate","std.error","Adjusted.SE","statistic","p.value","term"
-5.76222092904808,3.36721290199442,3.41226885761318,1.68867729053409,0.0912813,"(Intercept)"
-1.80898520968388,1.03766131421544,1.05168968571946,1.72007506990654,0.0854188,"human_impact"
1.22095809756891,0.487329455397829,0.493917990354104,2.47198547413421,0.0134365,"log10(area)"
-12.4050919598941,3.1880799396409,3.23102309278685,3.83936963731024,0.0001234,"log10(depth)"
-2.42838214243255,1.37284854115041,1.39140945178966,1.74526782127943,0.0809383,"eutro"
-0.302225474012459,0.434755574191706,0.440680460196517,0.685815463380618,0.4928295,"log10(RT)"
