"term","estimate","std.error","statistic","p.value"
"(Intercept)",-3.73384217644257,0.694430859136166,-5.37683792031832,7.58053554042769e-08
"human_impact",-0.39843674449262,0.30072076036581,-1.32493926926742,0.185191294906213
"log10(area)",1.4138812879808,0.114611920463762,12.3362498617921,5.7785227654844e-35
"depth",-5.01071616517314,0.320638691480279,-15.6272973234776,4.74506452274774e-55
"eutro",-0.612484739109258,0.283181388911698,-2.16287073618473,0.0305511231189294
"log10(RT)",-0.336802131562519,0.111334530628839,-3.02513631359646,0.00248521091552456
