"term","estimate","std.error","statistic","p.value"
"(Intercept)",-3.78364699957368,0.69041116060709,-5.48028075943421,4.24651429287359e-08
"human_impact",-0.437256259219309,0.293092452131814,-1.49187144206177,0.135732850541433
"log10(area)",1.44326326157189,0.117396773398145,12.2938920704161,9.76869475939309e-35
"depth",-4.9212098779642,0.317868048747048,-15.4819268478298,4.59501244938374e-54
"eutro",-0.78214581956619,0.279618133705932,-2.79719276142783,0.00515487684222916
"log10(RT)",-0.380939415876364,0.110920865353852,-3.434335051941,0.0005940094710371
