"term","estimate","std.error","statistic","p.value"
"(Intercept)",-3.45169725545188,0.694856235600567,-4.9674984242871,6.78221092789144e-07
"human_impact",-0.369157998706218,0.298094656935551,-1.23839186686943,0.215570794872421
"log10(area)",1.34097554927941,0.114701791206875,11.6909730455808,1.41753146702871e-31
"depth",-4.8617051197831,0.31576131079225,-15.396772668523,1.72044264398457e-53
"eutro",-0.833319944206438,0.277510750221517,-3.0028384253268,0.00267474396954002
"log10(RT)",-0.287906113532196,0.110002018123801,-2.61728028669596,0.00886335282343021
