"estimate","std.error","Adjusted.SE","statistic","p.value","term"
-6.509176428564,3.39279572626613,3.43857033246247,1.89298917841316,0.0583593,"(Intercept)"
-2.14178823511057,1.11311660003269,1.12815942201685,1.8984801201958,0.0576329,"human_impact"
1.30648100841463,0.499103458470531,0.505848361223832,2.58275228025603,0.0098016,"log10(area)"
-12.6144426831836,3.14305891606717,3.18550506858155,3.95995059232493,7.5e-05,"log10(depth)"
-2.20750590302606,1.35494285813683,1.37325354197776,1.60750060753297,0.1079446,"eutro"
0.114959182886227,0.429897267305889,0.435755943890549,0.263815524487951,0.7919221,"log10(RT)"
