"term","estimate","std.error","statistic","p.value"
"(Intercept)",-3.89274347207006,0.697494660428398,-5.58103694970103,2.39088839972313e-08
"human_impact",-0.314596706604491,0.297735925308165,-1.05662998604846,0.290680489725042
"log10(area)",1.45332513958221,0.116510859729807,12.4737311436249,1.03847241841224e-35
"depth",-4.94541379315487,0.319376559864577,-15.4845859547484,4.40891882012253e-54
"eutro",-0.615805857771955,0.280582970678718,-2.19473710853637,0.0281824611867022
"log10(RT)",-0.403218365856802,0.110869100405586,-3.63688678253662,0.000275953149740738
