"estimate","std.error","Adjusted.SE","statistic","p.value","term"
-10.5587389274471,4.78336623411102,4.84034180468912,2.18140357716438,0.02915358,"(Intercept)"
-3.2646513901661,1.44567417419581,1.46508221457559,2.22830593238197,0.02586012,"human_impact"
1.99003459223432,0.638886963853397,0.647277991814141,3.07446663937515,0.00210879,"log10(area)"
-24.8729605020984,5.32210641176076,5.39045782383524,4.61425751113689,3.95e-06,"log10(depth)"
-3.16975764264804,1.73296269556964,1.75639710511752,1.80469304658525,0.07112273,"eutro"
0.756021930006948,0.611237642488372,0.619567641155614,1.22024114848351,0.22237347,"log10(RT)"
