"term","estimate","std.error","statistic","p.value"
"(Intercept)",-8.05027923089487,3.79337015269664,-2.12219712467872,0.0338211879139655
"human_impact",-2.30833110686074,1.2047437121402,-1.91603499034665,0.0553606420606722
"log10(area)",1.56498819366186,0.530519638436694,2.9499156681051,0.00317860677993797
"log10(depth)",-14.6744560405146,3.55397209504071,-4.12902961759087,3.64297479238067e-05
"eutro",-2.89648829471803,1.40036124355079,-2.06838650245248,0.0386036934113142
"log10(RT)",0.100884224889197,0.460170693323951,0.219232181346622,0.826469188092777
