"estimate","std.error","Adjusted.SE","statistic","p.value","term"
-7.59929759656283,3.28734842161816,3.33111307786742,2.28130880547228,0.0225302,"(Intercept)"
-1.24924242624374,1.04617730962743,1.0602759661437,1.1782238456157,0.2387074,"human_impact"
1.46044427769548,0.468697111330188,0.474931445486435,3.07506334140429,0.0021046,"log10(area)"
-12.0673110686248,2.96268425636065,3.00256312462157,4.01900328744817,5.84e-05,"log10(depth)"
-2.81284606773927,1.38112490881696,1.39938864844242,2.01005351220341,0.0444255,"eutro"
-0.0674610869890184,0.443974186281974,0.449957339899317,0.149927739825543,0.8808216,"log10(RT)"
