"term","estimate","std.error","statistic","p.value"
"(Intercept)",-3.44686327329316,0.684602776970682,-5.03483682690463,4.78256043348152e-07
"human_impact",-0.347195633056734,0.298448758456871,-1.16333415106804,0.244693954802585
"log10(area)",1.37465244875724,0.11404609935162,12.0534806238221,1.85929488276042e-33
"depth",-5.14313086617627,0.322587503055377,-15.943366737593,3.16815224519055e-57
"eutro",-0.592636515940094,0.282591238393738,-2.09715106281663,0.035980204966222
"log10(RT)",-0.309868289839938,0.109205932216879,-2.83746755830583,0.00454729676629458
