"term","estimate","std.error","statistic","p.value"
"(Intercept)",-5.36267091268263,3.64042585071196,-1.47308890019937,0.140727066018392
"human_impact",-2.65275602746294,1.20724931025899,-2.19735559583285,0.0279950599420985
"log10(area)",1.26749812613026,0.49884521333123,2.54086456531488,0.0110578744211874
"log10(depth)",-12.8978628299372,3.1890547675253,-4.04441559338471,5.24538013741334e-05
"eutro",-2.73215901027912,1.3807384552808,-1.97876650703081,0.0478423010629256
"log10(RT)",-0.095997964191753,0.444865533375206,-0.215790968258238,0.829150688753637
