"term","estimate","std.error","statistic","p.value"
"(Intercept)",-3.59063828885528,0.695667263944916,-5.16143057888604,2.45069771703411e-07
"human_impact",-0.255230974844591,0.299697972514408,-0.851627298987886,0.394420983020662
"log10(area)",1.35608857110339,0.113809899004609,11.9153833099217,9.84125474427251e-33
"depth",-4.97777209008859,0.318138154871974,-15.6465737097512,3.50593959294713e-55
"eutro",-0.826496949904219,0.279030683328191,-2.96202890680703,0.00305619089843544
"log10(RT)",-0.256287805736861,0.108765555905196,-2.3563324216377,0.0184563930464791
