"term","estimate","std.error","statistic","p.value"
"(Intercept)",-3.62931897984831,0.675354152031957,-5.37394931078557,7.7030520856886e-08
"human_impact",-0.421540081728081,0.291066710290978,-1.44825933995224,0.147544534489751
"log10(area)",1.4048874886944,0.112908554525515,12.4427019245642,1.53231412361991e-35
"depth",-4.85826827944145,0.314818601567554,-15.431960675929,9.97918944867367e-54
"eutro",-0.754047115765167,0.279473914682036,-2.69809479937712,0.00697375782996759
"log10(RT)",-0.373859293173873,0.110143330079675,-3.39429807418598,0.000688047593480914
