"term","estimate","std.error","statistic","p.value"
"(Intercept)",-3.75763471211675,0.704728504096417,-5.3320316835129,9.71199879447459e-08
"human_impact",-0.591704005302914,0.293334144973456,-2.01716716394015,0.0436780714973079
"log10(area)",1.55641456665446,0.121339116149931,12.8269812409981,1.15788397348298e-37
"depth",-5.40123603606239,0.337347882120222,-16.0108787466391,1.07283835312576e-57
"eutro",-0.590965191583093,0.281351401701762,-2.10045227430404,0.0356890747140489
"log10(RT)",-0.450804794471236,0.113670631371665,-3.96588625427137,7.31237303188274e-05
