"estimate","std.error","Adjusted.SE","statistic","p.value","term"
-5.64945678732683,3.78280737668034,3.83379593309098,1.47359350521612,0.1405911,"(Intercept)"
-2.12070724906238,1.21734752533432,1.23380084725053,1.71884081113114,0.0856434,"human_impact"
1.38806357520024,0.552794286008569,0.560265339788324,2.477511058822,0.0132302,"log10(area)"
-20.3115780889878,4.49099765452778,4.55162748821256,4.46248691080038,8.1e-06,"log10(depth)"
-4.94882115464942,1.72905740968266,1.75242162382026,2.82399000753087,0.004743,"eutro"
0.21680067636323,0.510090378267294,0.517041933400321,0.419309658188539,0.6749898,"log10(RT)"
