"estimate","std.error","Adjusted.SE","statistic","p.value","term"
-11.1558090817426,3.89514843392079,3.94662941813281,2.8266674926425,0.0047035,"(Intercept)"
-4.03577540670251,1.38194601099678,1.40042308684546,2.88182581722024,0.0039538,"human_impact"
2.04287842556045,0.571920895528265,0.579565990146404,3.52484179591767,0.0004237,"log10(area)"
-16.3386362340877,3.84443525737146,3.89479229186704,4.19499552471781,2.73e-05,"log10(depth)"
-1.37048305217049,1.67629921100985,1.698889613781,0.806693407890336,0.4198431,"eutro"
-0.123751404702457,0.522968462288757,0.530016170789792,0.233486092543274,0.815384,"log10(RT)"
