"estimate","std.error","Adjusted.SE","statistic","p.value","term"
-7.53948967225321,3.87829096803506,3.93055678572129,1.91817345055089,0.055089,"(Intercept)"
-2.01923245073487,1.32162804664263,1.33949058653744,1.50746296467417,0.131692,"human_impact"
1.58094608711709,0.561347919641976,0.568935109247392,2.77878102690556,0.0054563,"log10(area)"
-18.6457458411116,4.16902480557176,4.22522069653511,4.41296376693461,1.02e-05,"log10(depth)"
-4.07802791861814,1.72185798167786,1.74510766988161,2.3368345627034,0.0194478,"eutro"
0.233419364024771,0.495404713878653,0.502156131526223,0.464834240528598,0.6420502,"log10(RT)"
