"term","estimate","std.error","statistic","p.value"
"(Intercept)",-3.48386232558642,0.683193338923765,-5.09937981988313,3.4076814840683e-07
"human_impact",-0.398287574259531,0.293583826012054,-1.35664004270855,0.174895611966299
"log10(area)",1.45293907294491,0.115370608825676,12.5936673797075,2.28791320243221e-36
"depth",-5.03154961512921,0.317619729484903,-15.8414265489398,1.61123659189729e-56
"eutro",-0.865115970449997,0.284056646474754,-3.04557552581994,0.00232235443404449
"log10(RT)",-0.455204671260881,0.113620201339322,-4.00637092607705,6.16587946122511e-05
