"estimate","std.error","Adjusted.SE","statistic","p.value","term"
-8.15406435477082,3.46148310978819,3.50751077451173,2.32474392210696,0.0200857,"(Intercept)"
-1.25965180849876,1.11975943456397,1.13484970989635,1.10997235802598,0.2670109,"human_impact"
1.61495323539453,0.520941448761197,0.527911863851126,3.05913419640434,0.0022198,"log10(area)"
-14.4373540566388,3.38235908223662,3.42784612906919,4.21178591833675,2.53e-05,"log10(depth)"
-3.28032380064721,1.37608436875548,1.39429720882892,2.35267185495004,0.0186391,"eutro"
0.0126032388731816,0.424974690497718,0.430701800170521,0.029262099364785,0.9766556,"log10(RT)"
