"term","estimate","std.error","statistic","p.value"
"(Intercept)",-3.75683339796866,0.703740082157404,-5.33838201520598,9.37797022633894e-08
"human_impact",-0.52215698762961,0.299835218376662,-1.74147983834794,0.0815995043248595
"log10(area)",1.45211055575373,0.119124996089475,12.1898056950453,3.52260275990526e-34
"depth",-5.2656525911852,0.332853395984657,-15.8197352188888,2.27447169275703e-56
"eutro",-0.760280784725697,0.280163865417693,-2.71370036814778,0.0066536317140304
"log10(RT)",-0.278103422234519,0.113439329965011,-2.45156086800139,0.0142238127697319
