"term","estimate","std.error","statistic","p.value"
"(Intercept)",-10.8295540758406,4.56857975961177,-2.37044216051093,0.0177668235536297
"human_impact",-3.39815792725487,1.40177110485762,-2.42418888182177,0.0153426232929503
"log10(area)",2.22720995392736,0.65371413858656,3.40700900051353,0.00065678961146111
"log10(depth)",-25.7520321446152,5.73619637239545,-4.48939165830216,7.14268640996484e-06
"eutro",-5.07165872923276,1.81777803146181,-2.7900319188885,0.00527028455161912
"log10(RT)",0.315878235298654,0.571731602631851,0.552493921701324,0.580609997711154
