"term","estimate","std.error","statistic","p.value"
"(Intercept)",-3.08104469018806,0.50139004304196,-6.14500573544541,7.99606254469591e-10
"human_impact",-2.39366428813403,0.192219889059941,-12.4527399315458,1.35125319868251e-35
"log10(area)",1.81275530194843,0.0936097881014857,19.365018751919,1.52299434796724e-83
"depth",-6.30683221037074,0.256631143823196,-24.5754748095413,2.31092300691554e-133
"eutro",-1.63832865388874,0.189515243142941,-8.64483841362059,5.38814928438867e-18
"log10(RT)",-0.163796535441332,0.0787788365448783,-2.07919464954298,0.0375994632435227
