"estimate","std.error","Adjusted.SE","statistic","p.value","term"
-8.9070581605202,3.54415152241454,3.5919299336872,2.4797416221805,0.0131478,"(Intercept)"
-2.09812070292023,1.18493125639087,1.20094511462762,1.74705794408497,0.0806273,"human_impact"
1.76023177968779,0.538258510936506,0.545533029025039,3.22662732783317,0.0012526,"log10(area)"
-16.5846716206785,3.83206261803101,3.88379415901524,4.27022415237465,1.95e-05,"log10(depth)"
-3.21071231653439,1.44194981061977,1.46143565776774,2.19695769667928,0.0280235,"eutro"
0.164743529537465,0.498563124208294,0.505357584940922,0.325993978217867,0.7444289,"log10(RT)"
