"term","estimate","std.error","statistic","p.value"
"(Intercept)",-7.84747392864178,3.58856949760803,-2.18679725552829,0.0287573279199763
"human_impact",-1.41749941569462,1.17101403556174,-1.21048883501609,0.226091372435528
"log10(area)",1.62608326411593,0.52741897113339,3.08309589361486,0.0020485913045146
"log10(depth)",-19.477126873368,4.17071259657379,-4.66997579487215,3.01235227441791e-06
"eutro",-3.84851242194718,1.67556452235548,-2.29684525459934,0.0216275989223077
