"term","estimate","std.error","statistic","p.value"
"(Intercept)",-2.92636107535468,0.507843814708955,-5.76232493258143,8.29630799811378e-09
"human_impact",-2.46384418632481,0.193219972841842,-12.7514984609876,3.05809927259318e-37
"log10(area)",1.79719339865723,0.093504623673103,19.2203693043064,2.49984494910185e-82
"depth",-6.30545410670088,0.255480096197014,-24.680803712546,1.71929517794606e-134
"eutro",-1.66741712750042,0.190469539762816,-8.7542455847627,2.05473244097379e-18
"log10(RT)",-0.158352668524239,0.0786544091320287,-2.01327135085879,0.04408609057894
