"term","estimate","std.error","statistic","p.value"
"(Intercept)",-3.391391272032,0.707472554179791,-4.79367185623732,1.63756050306109e-06
"human_impact",-0.582209367443952,0.300111999408546,-1.93997363847949,0.0523828936873229
"log10(area)",1.45623496724595,0.120061144590881,12.129111147559,7.40487952679619e-34
"depth",-5.52959130108743,0.346015857890967,-15.9807453184121,1.74052335043604e-57
"eutro",-0.582601319669382,0.284582003559222,-2.04721771715315,0.0406367126193024
"log10(RT)",-0.314929456966216,0.111773397013808,-2.81757077605246,0.00483884486740109
