"term","estimate","std.error","statistic","p.value"
"(Intercept)",-3.55528835638553,0.688562271095394,-5.16335051400599,2.42568306949945e-07
"human_impact",-0.405102524881566,0.294897881304031,-1.37370442639402,0.16953346216311
"log10(area)",1.40322184711222,0.115511396772878,12.147908226504,5.88521011811124e-34
"depth",-5.16963746861512,0.323026802602678,-16.003741568695,1.20321516689297e-57
"eutro",-0.576327686422925,0.278452314602687,-2.06975362099347,0.0384754225679975
"log10(RT)",-0.315842341372363,0.109619689650294,-2.88125556987029,0.00396094324192077
