"estimate","std.error","Adjusted.SE","statistic","p.value","term"
-14.5946454094135,4.9000804730081,4.96586805339668,2.93899178401059,0.0032928,"(Intercept)"
-2.57454037774959,1.70960476688747,1.73271421158199,1.48584247796929,0.1373208,"human_impact"
2.97146171850229,0.765770644987778,0.77612053295885,3.82860856312358,0.0001289,"log10(area)"
-31.0587745012323,6.64334804285413,6.73280831973798,4.61304897247409,4e-06,"log10(depth)"
-5.94155774046942,2.27043160592015,2.30109254463182,2.58205944577518,0.0098213,"eutro"
0.342433169752093,0.652790840758928,0.661687129952396,0.517515233788405,0.6047965,"log10(RT)"
