"estimate","std.error","Adjusted.SE","statistic","p.value","term"
-4.43834215999254,3.36006615331346,3.40495211134798,1.30349620636381,0.1924054,"(Intercept)"
-1.31543823219577,1.08008482531087,1.09464043153589,1.20170806257364,0.2294767,"human_impact"
1.03369325186807,0.49437496247509,0.500974435892559,2.06336526938026,0.0390779,"log10(area)"
-14.087888178314,3.26750377690924,3.31151910872967,4.25420712239774,2.1e-05,"log10(depth)"
-3.63476181398365,1.43430972446741,1.45344773994973,2.50078603728082,0.0123918,"eutro"
-0.113625679588579,0.461269374636202,0.467485604346619,0.243057066425368,0.8079612,"log10(RT)"
