"term","estimate","std.error","statistic","p.value"
"(Intercept)",-3.93649021648666,0.699830463801656,-5.62491977714524,1.85594205358114e-08
"human_impact",-0.449978116459856,0.299367180618044,-1.50309768602849,0.132813855449403
"log10(area)",1.51880616310982,0.118765706964366,12.7882551447745,1.90707589022683e-37
"depth",-5.05274002691776,0.322140574461126,-15.6848917134079,1.91890078724181e-55
"eutro",-0.554316630770487,0.284668848125548,-1.94723319541454,0.0515067836441215
"log10(RT)",-0.488917708942311,0.114072373861867,-4.28603081000446,1.81893772172937e-05
