"term","estimate","std.error","statistic","p.value"
"(Intercept)",-4.12092381870422,0.711775399656273,-5.78964069381194,7.05371511997249e-09
"human_impact",-0.121555705390733,0.299357307584689,-0.406055580775639,0.684701762261387
"log10(area)",1.4983632678305,0.122039525497713,12.2776884105353,1.19360066171565e-34
"depth",-5.2639528962834,0.332704386740227,-15.8217117239078,2.2041768105168e-56
"eutro",-0.817908711808874,0.280695549098768,-2.91386420067914,0.00356985159715595
"log10(RT)",-0.320346131439226,0.113617512708339,-2.81951368062041,0.00480964807291224
