"estimate","std.error","Adjusted.SE","statistic","p.value","term"
-7.33109028524521,3.75824432272647,3.80855547282454,1.92490048722023,0.0542418,"(Intercept)"
-2.54903105411058,1.4042812881604,1.42324979753883,1.79099344227452,0.0732943,"human_impact"
1.65429034650401,0.545387488425887,0.552760108702062,2.99278171572195,0.0027645,"log10(area)"
-21.1129980173811,4.45672273870732,4.51685459113005,4.67427002384395,3e-06,"log10(depth)"
-3.78395940186569,1.65004531487555,1.67234425450968,2.2626677441931,0.0236562,"eutro"
-0.319095630098724,0.54716172959851,0.554618496265835,0.575342568354911,0.5650596,"log10(RT)"
