"estimate","std.error","Adjusted.SE","statistic","p.value","term"
-6.14673697083302,3.31805385190895,3.36290325565335,1.82780666095576,0.0675786,"(Intercept)"
-1.64043375974874,1.08578172302085,1.10045413779127,1.49068798363671,0.1360434,"human_impact"
1.30246468248845,0.486528402992908,0.493102957791531,2.64136457084301,0.0082573,"log10(area)"
-13.5775378390193,3.36728467233241,3.41279097004838,3.97842644280871,6.94e-05,"log10(depth)"
-3.09727312633706,1.41083810336907,1.42990315786662,2.16607195340285,0.0303057,"eutro"
0.000546540038537714,0.504769219427117,0.511648257354126,0.00106819485981253,0.9991477,"log10(RT)"
