"estimate","std.error","Adjusted.SE","statistic","p.value","term"
-8.36171753274411,3.66572579292706,3.71392978389398,2.25144739381072,0.0243572,"(Intercept)"
-0.705169492426165,1.2069713112162,1.22323688473346,0.576478277614906,0.5642919,"human_impact"
1.6323026844506,0.537139452304637,0.544322164702776,2.99878048387376,0.0027106,"log10(area)"
-13.6178551191883,3.25248550678866,3.29581233838272,4.13186605335385,3.6e-05,"log10(depth)"
-3.81271550411987,1.41613567416319,1.43493576552571,2.65706353951184,0.0078825,"eutro"
0.189353653017659,0.452164988972788,0.458258524752569,0.413202685361714,0.6794581,"log10(RT)"
