"term","estimate","std.error","statistic","p.value"
"(Intercept)",-3.88802637972798,0.703729364817451,-5.52488864911377,3.29694642886345e-08
"human_impact",-0.521219479160605,0.298787317782405,-1.74444980807448,0.0810806862728497
"log10(area)",1.47244583719166,0.119089857382016,12.3641582042403,4.08467965342538e-35
"depth",-5.17940251848924,0.331899577539221,-15.6053302534776,6.69623250910738e-55
"eutro",-0.619120958170539,0.281483142798942,-2.19949568565377,0.0278426955742079
"log10(RT)",-0.323129624463176,0.112411847031606,-2.87451574719099,0.00404647591066487
