"estimate","std.error","Adjusted.SE","statistic","p.value","term"
-6.69941749438923,3.3154818451164,3.36023615320318,1.99373412728833,0.0461811,"(Intercept)"
-2.10166223379832,1.08167886628582,1.09629684695669,1.91705580439505,0.0552308,"human_impact"
1.28339061877668,0.491216254547946,0.497854620914129,2.57784213475854,0.0099419,"log10(area)"
-11.2322366600351,3.03115085310961,3.07210257970185,3.65620495039758,0.000256,"log10(depth)"
-1.95966056369907,1.34719296290153,1.36539815922977,1.43523011983884,0.1512215,"eutro"
0.111151618261795,0.411466975103584,0.417074482095911,0.266503042102284,0.7898518,"log10(RT)"
