"term","estimate","std.error","statistic","p.value"
"(Intercept)",-3.34384037651554,0.498603755204029,-6.70640832848769,1.99473059507483e-11
"human_impact",-2.57393004496822,0.192299982427523,-13.384972855826,7.4024407668116e-41
"log10(area)",1.83593222146421,0.0929817664163678,19.7450779031557,8.84283980563159e-87
"depth",-6.07866863157505,0.251658680130649,-24.1544167219637,6.70992720732001e-129
"eutro",-1.52205446884507,0.187313516426132,-8.12570549037398,4.44767778485119e-16
"log10(RT)",-0.197505368339428,0.0770171710745404,-2.5644329126069,0.0103344555633638
