"term","estimate","std.error","statistic","p.value"
"(Intercept)",-3.81871898338485,0.69489765882551,-5.49536890056458,3.89894503372022e-08
"human_impact",-0.400956865748481,0.294966819320187,-1.35932870914963,0.174042450585317
"log10(area)",1.44946060313397,0.11592026684079,12.5039446736671,7.10369340353082e-36
"depth",-4.84590096510597,0.316225459987494,-15.3241961140561,5.27025268222354e-53
"eutro",-0.909518462745532,0.278108891396447,-3.27036815751785,0.00107407596965303
"log10(RT)",-0.389595859123066,0.109655748194534,-3.55289955645468,0.000381009915130946
