"estimate","std.error","Adjusted.SE","statistic","p.value","term"
-6.08913649269912,3.82152250004192,3.87316309503736,1.57213531764285,0.1159192,"(Intercept)"
-1.62487819184041,1.16457671074115,1.18031401608264,1.3766490694004,0.1686208,"human_impact"
1.39671881994499,0.540466728995739,0.547770271384372,2.54982589035926,0.0107777,"log10(area)"
-18.9214670994405,4.19759536502357,4.25431887608847,4.44759023725023,8.7e-06,"log10(depth)"
-4.28927457487829,1.77185160648412,1.79579526317702,2.38850979442387,0.0169169,"eutro"
0.0640431733657561,0.577498991543247,0.585369197000989,0.10940646295341,0.9128801,"log10(RT)"
