"term","estimate","std.error","statistic","p.value"
"(Intercept)",-4.01719917482767,0.699211698162728,-5.74532603699766,9.17440365468471e-09
"human_impact",-0.329695800774916,0.29565163791328,-1.11514958314427,0.264786326804224
"log10(area)",1.49401482323322,0.118095142213182,12.6509422422834,1.10541078442415e-36
"depth",-4.95865500853604,0.322880986876171,-15.3575317534499,3.15354081499138e-53
"eutro",-0.731447417182195,0.281904479410876,-2.59466404617186,0.00946834173535867
"log10(RT)",-0.430027124173133,0.113887334657393,-3.77589944893155,0.000159431301269318
