"estimate","std.error","Adjusted.SE","statistic","p.value","term"
-8.05680280454632,3.98039068841114,4.03402373255593,1.99721254476646,0.0458021,"(Intercept)"
-2.30284924557691,1.20779583772127,1.22411774351349,1.8812318159585,0.0599404,"human_impact"
1.71122616448798,0.590012695546053,0.597986813490927,2.86164531705672,0.0042145,"log10(area)"
-21.6724914044072,4.63619807922355,4.69879169847921,4.61235415296695,4e-06,"log10(depth)"
-3.86936727376808,1.6798674289949,1.70256431937444,2.27267024789394,0.0230461,"eutro"
0.198810869146204,0.547962727560667,0.555430410296463,0.357940194596274,0.7203881,"log10(RT)"
