"term","estimate","std.error","statistic","p.value"
"(Intercept)",-2.88348315303997,0.493128625518266,-5.84732462044666,4.99542061213365e-09
"human_impact",-2.44817534784107,0.191935710923713,-12.7551842023506,2.91684484546908e-37
"log10(area)",1.74603768905155,0.0909658924204295,19.1944215858583,4.12044223408981e-82
"depth",-6.10446216471079,0.250768973191945,-24.342972286441,6.88112592754923e-131
"eutro",-1.51920591547735,0.187221970098759,-8.11446388837794,4.87934100996709e-16
"log10(RT)",-0.167431496774073,0.0774893256142073,-2.16070401241658,0.0307182107750157
