"term","estimate","std.error","statistic","p.value"
"(Intercept)",-3.73522626482817,0.692858288106993,-5.39103930622443,7.00513486636483e-08
"human_impact",-0.413276381421529,0.292590810677738,-1.41247218415453,0.157810975303948
"log10(area)",1.39919687108428,0.115398796139058,12.1248827361961,7.79717274475122e-34
"depth",-4.9119728871671,0.319277176526385,-15.3846665164341,2.07442515884821e-53
"eutro",-0.74898753904625,0.280675752110467,-2.66851530071421,0.00761873082694016
"log10(RT)",-0.309858522988963,0.109088392262734,-2.84043532553567,0.00450520072236076
