"estimate","std.error","Adjusted.SE","statistic","p.value","term"
-5.85010406073717,3.38987376345822,3.43544575244309,1.70286608559513,0.0885931,"(Intercept)"
-3.22285020457806,1.27661999601573,1.29387190338773,2.49085724494034,0.0127435,"human_impact"
1.28987934134366,0.501905338469026,0.508689365969538,2.535691578465,0.0112226,"log10(area)"
-16.4148974830429,3.77122713994799,3.82212935369857,4.29469962003212,1.75e-05,"log10(depth)"
-2.70159683606525,1.50891527780259,1.52930500651371,1.76655201189981,0.0773033,"eutro"
0.242122785433968,0.489024322651796,0.495688787784137,0.488457256651543,0.625226,"log10(RT)"
