"estimate","std.error","Adjusted.SE","statistic","p.value","term"
-9.57820196603999,3.651441404861,3.6996118809731,2.58897480984429,0.0096262,"(Intercept)"
-1.49228119500385,1.16524751787172,1.18095080674993,1.26362688985388,0.206364,"human_impact"
1.8009843457267,0.546454374427511,0.553673004700027,3.25279421326031,0.0011428,"log10(area)"
-16.0088293323125,3.65269906103721,3.70181469371278,4.32458960182479,1.53e-05,"log10(depth)"
-2.77390354518691,1.47742566772977,1.49700489607715,1.8529689197783,0.0638868,"eutro"
-0.0882606355739886,0.427950132829535,0.433717340618628,0.20349805578006,0.8387458,"log10(RT)"
