"term","estimate","std.error","statistic","p.value"
"(Intercept)",-3.21139779625969,0.49810834509192,-6.44718729951627,1.13944940620013e-10
"human_impact",-2.52582766193275,0.194277268105777,-13.00114875281,1.20519207336828e-38
"log10(area)",1.79498031832158,0.0927260817800874,19.3578795077163,1.74939719694021e-83
"depth",-6.06620060203651,0.250358703311889,-24.2300368303131,1.073639286372e-129
"eutro",-1.62348670244061,0.186333180944205,-8.71281590435973,2.96417826128748e-18
"log10(RT)",-0.155780799895596,0.0769001170838606,-2.02575504177341,0.0427898931451069
