"term","estimate","std.error","statistic","p.value"
"(Intercept)",-3.81389820604262,0.69016869249886,-5.52603768831331,3.27543798671887e-08
"human_impact",-0.204301010047454,0.29929327113502,-0.682611437513035,0.494852404870696
"log10(area)",1.42198559697986,0.114824999383553,12.383937336067,3.19286034154026e-35
"depth",-5.13614206743969,0.326471201215336,-15.7322975145117,9.08536835962501e-56
"eutro",-0.901946812359423,0.283575441098219,-3.18062385397834,0.00146958305314392
"log10(RT)",-0.265604766100854,0.108749829973939,-2.44234649529571,0.0145921338013105
