"term","estimate","std.error","statistic","p.value"
"(Intercept)",-6.6011288732229,4.24843445747095,-1.55377914836716,0.120237105980284
"human_impact",-2.46649368521066,1.2197440563939,-2.0221403599233,0.0431618535118643
"log10(area)",1.32837599999597,0.545378623557287,2.43569502473621,0.0148632099796183
"log10(depth)",-17.9759046240261,4.25608754346138,-4.22357492426171,2.40457381264168e-05
"eutro",-3.77202014322798,1.7991801414049,-2.09652166362985,0.0360359402289064
"log10(RT)",0.33623893183649,0.520921306524624,0.645469723785612,0.51862283232964
