"term","estimate","std.error","statistic","p.value"
"(Intercept)",-3.63402328026326,0.687583275882846,-5.28521185393469,1.25559363852131e-07
"human_impact",-0.466808663114569,0.294623548257429,-1.58442414354026,0.113097231290226
"log10(area)",1.42058573499501,0.115550339743478,12.2940853150991,9.74536312727129e-35
"depth",-5.04762989329278,0.325227281114145,-15.5203151346987,2.52806375791651e-54
"eutro",-0.69400169077137,0.276031244942187,-2.51421425468238,0.0119297933510195
"log10(RT)",-0.327734680062634,0.109827439445871,-2.98408741673485,0.0028442549930748
