"term","estimate","std.error","statistic","p.value"
"(Intercept)",-3.48172776300558,0.687264015045547,-5.06607022451894,4.06112149900082e-07
"human_impact",-0.363544291218012,0.294127354552093,-1.23600979504823,0.216454922763952
"log10(area)",1.35750973972611,0.113561433853407,11.9539679419553,6.1897768856327e-33
"depth",-4.91915533692196,0.318484476949986,-15.4455105128858,8.08846588191395e-54
"eutro",-0.948317424428758,0.278473033135556,-3.40541923844788,0.000660625503796521
"log10(RT)",-0.275213371619348,0.108907678940931,-2.52703367012915,0.0115030474070721
