"estimate","std.error","Adjusted.SE","statistic","p.value","term"
-11.823896274866,3.91482132111427,3.96464601080926,2.98233341454172,0.0028606,"(Intercept)"
-1.91038039856019,1.18253673805312,1.19821741778237,1.59435205181366,0.1108572,"human_impact"
1.99511123466931,0.574056126213154,0.581686446616819,3.42987402624419,0.0006039,"log10(area)"
-16.5311628436128,3.67917076725367,3.72602046572175,4.43668063439116,9.1e-06,"log10(depth)"
-2.0795974617313,1.5167790220549,1.53721967417596,1.35283037074457,0.1761098,"eutro"
-0.0939509935360564,0.488988877990745,0.49557866556081,0.189578365787274,0.8496395,"log10(RT)"
