"estimate","std.error","Adjusted.SE","statistic","p.value","term"
-5.84426074882317,3.36292747777547,3.40838016037542,1.71467397233631,0.086405,"(Intercept)"
-2.01116484047658,1.11222613674287,1.12725588995766,1.78412449062664,0.0744034,"human_impact"
1.33831310540094,0.50482003471054,0.511641755973759,2.61572299323744,0.0089039,"log10(area)"
-13.4812573693806,3.40514784309677,3.45116604080593,3.90629057251398,9.37e-05,"log10(depth)"
-3.49142003756036,1.4053016486509,1.42429178739528,2.45133761807712,0.0142326,"eutro"
-0.0179282745838923,0.425563626340764,0.431363243697139,0.0415618967212696,0.9668479,"log10(RT)"
