"term","estimate","std.error","statistic","p.value"
"(Intercept)",-3.86192206421845,0.690231660478132,-5.59510999762493,2.20481937431747e-08
"human_impact",-0.376412509153818,0.293987663329602,-1.28036838311751,0.200415608003228
"log10(area)",1.45507623449011,0.115531388704279,12.5946398706814,2.2598900524508e-36
"depth",-4.90999134907053,0.315637966482561,-15.5557691737372,1.45397924919935e-54
"eutro",-0.579393833310415,0.278022195072014,-2.08398409760178,0.037161613793946
"log10(RT)",-0.419163127354666,0.10948024494199,-3.82866450085828,0.000128840501003378
