"term","estimate","std.error","statistic","p.value"
"(Intercept)",-3.58691864741887,0.699895347653315,-5.12493569137941,2.97639318099658e-07
"human_impact",-0.422411966915977,0.293840724667185,-1.43755419673163,0.150560584837342
"log10(area)",1.48113467114122,0.119453434790526,12.3992639787926,2.63734911462546e-35
"depth",-5.29305029516979,0.331468493063199,-15.9684869178821,2.11863190960277e-57
"eutro",-0.663734384120402,0.281689251874075,-2.35626449963776,0.0184597683910613
"log10(RT)",-0.421614084566421,0.112295665091941,-3.75450008886121,0.000173687783477969
