"term","estimate","std.error","statistic","p.value"
"(Intercept)",-3.76679586438261,0.702571554908773,-5.36144089248208,8.25607377714432e-08
"human_impact",-0.374785600281305,0.294475804456355,-1.27272120360861,0.203116990735141
"log10(area)",1.41980244555401,0.117714427184397,12.0614140468094,1.68858563663346e-33
"depth",-5.0102046369758,0.323785474743941,-15.4738400199639,5.21040009769599e-54
"eutro",-0.895994374360992,0.281589003846337,-3.18192245479136,0.00146300984172869
"log10(RT)",-0.28807478696884,0.110109158810165,-2.61626544132899,0.00888974190425395
