"term","estimate","std.error","statistic","p.value"
"(Intercept)",-4.19074882327591,0.700060830601104,-5.98626382178466,2.14715993161478e-09
"human_impact",-0.408273838900355,0.297382834557142,-1.37288972817934,0.169786630339462
"log10(area)",1.4794792805369,0.118072736792808,12.5302361978199,5.10105308145833e-36
"depth",-4.96416436888941,0.322389426667161,-15.3980371509344,1.68713262558767e-53
"eutro",-0.723841112617581,0.281942519154673,-2.56733576328898,0.0102483324419345
"log10(RT)",-0.321795480980316,0.110789103653308,-2.90457698788962,0.00367749748255181
