"term","estimate","std.error","statistic","p.value"
"(Intercept)",-6.13641315606894,3.80936765051105,-1.61087448601757,0.107207082016721
"human_impact",-2.73292879810787,1.22799449344646,-2.22552203018248,0.0260462138925986
"log10(area)",1.53283725383381,0.539540142714308,2.84100687322808,0.00449713431263038
"log10(depth)",-17.8009554338477,4.28426196185243,-4.15496428377851,3.25338358509628e-05
"eutro",-4.59586874603945,1.72604872240817,-2.66265296360077,0.00775273241284465
"log10(RT)",-0.0897635868011627,0.498736290523674,-0.179982063681211,0.857166649360561
