"term","estimate","std.error","statistic","p.value"
"(Intercept)",-3.51101703875647,0.698617775629592,-5.02566233101119,5.0169797746012e-07
"human_impact",-0.281309435861997,0.298309291891512,-0.943012649985782,0.345674432546741
"log10(area)",1.42952642962253,0.116793646080033,12.2397619870771,1.90590711733112e-34
"depth",-5.17925512696621,0.325777203188659,-15.8981508720452,6.52628258594776e-57
"eutro",-0.837561801662299,0.281806698730142,-2.97211459286263,0.00295756273912005
"log10(RT)",-0.366230745460423,0.112197408476714,-3.26416403402429,0.00109787583024902
