"estimate","std.error","Adjusted.SE","statistic","p.value","term"
-7.1549863246372,3.60279298761143,3.65121482113708,1.95961801075538,0.0500405,"(Intercept)"
-1.762614704034,1.07650350166318,1.09105547814109,1.61551336237923,0.1061996,"human_impact"
1.51978900115139,0.538080611392129,0.545351460816091,2.78680650983698,0.005323,"log10(area)"
-13.7025615040378,3.2955088607462,3.33999819447694,4.10256554230972,4.09e-05,"log10(depth)"
-3.06832661570042,1.43039997995742,1.44972896960173,2.11648292890454,0.0343038,"eutro"
-0.286566119026832,0.461844616982782,0.468138674770646,0.612139381919745,0.5404455,"log10(RT)"
