"estimate","std.error","Adjusted.SE","statistic","p.value","term"
-10.0622873113875,3.59449813313181,3.64290021148839,2.76216386044688,0.005742,"(Intercept)"
-1.14005785426802,1.12776262815778,1.14296075736586,0.997460190055404,0.3185412,"human_impact"
1.9156522394648,0.556845972826672,0.564308006557439,3.39469264515887,0.0006871,"log10(area)"
-19.1826876850743,4.1590292753587,4.21506007538528,4.5509879674303,5.3e-06,"log10(depth)"
-3.34224964069473,1.49812644722798,1.51816347437419,2.20150839953019,0.0277001,"eutro"
-0.230460992804125,0.48004242339674,0.486511645371281,0.473700876426604,0.6357132,"log10(RT)"
