"term","estimate","std.error","statistic","p.value"
"(Intercept)",-3.59900106420568,0.701108882693027,-5.13329834073927,2.8470805917646e-07
"human_impact",-0.262686624941286,0.299214438386755,-0.877920953138451,0.379986617447585
"log10(area)",1.43598688101537,0.118169598515833,12.1519146976112,5.60376529070134e-34
"depth",-5.35129257237752,0.328707837346885,-16.2797839429983,1.3735302321968e-59
"eutro",-0.647258573172535,0.28061718920435,-2.30655354722832,0.0210797217253669
"log10(RT)",-0.332347804598847,0.112640710130484,-2.9505123344291,0.0031724737710806
