"term","estimate","std.error","statistic","p.value"
"(Intercept)",-5.88377484332152,3.68483011014141,-1.59675606946659,0.110320091899191
"human_impact",-2.29125261615783,1.17514767752858,-1.94975717518031,0.0512050680437601
"log10(area)",1.33492943769574,0.514138742507147,2.59643813494017,0.00941958668115807
"log10(depth)",-16.9596917081279,4.0480814364168,-4.18956287676365,2.79492331619201e-05
"eutro",-3.70389762827535,1.4817228734843,-2.4997235951184,0.0124290238157358
"log10(RT)",0.0398264098803756,0.473617875637336,0.084089752370056,0.932985072210653
