"term","estimate","std.error","statistic","p.value"
"(Intercept)",-3.58187008725577,0.688303047386522,-5.20391432357605,1.95133996680061e-07
"human_impact",-0.133425934990321,0.295136628933044,-0.45208192379466,0.651209965318164
"log10(area)",1.372443235105,0.114373318653172,11.999680093806,3.56672344602087e-33
"depth",-4.86920170841424,0.316968322557604,-15.3617928413945,2.95294182054402e-53
"eutro",-0.867278770875001,0.277834587276729,-3.12156517075815,0.00179892426473303
"log10(RT)",-0.369745155929929,0.110661297479595,-3.34123279187203,0.000834072581050664
