"estimate","std.error","Adjusted.SE","statistic","p.value","term"
-4.000276951083,0.689889722655234,0.690297942028674,5.79500054617986,1e-08,"(Intercept)"
-0.585568533386729,0.294094661810139,0.294266902814412,1.98992318805229,0.0465994,"human_impact"
1.48541454295227,0.116709432439475,0.11678112901562,12.7196453354514,0,"log10(area)"
-4.93882678248019,0.317624545125272,0.317819726841537,15.5397112431056,0,"depth"
-0.423819148534357,0.277417658112291,0.277589691494439,1.52678273552837,0.12681505,"eutro"
-0.458617290762637,0.110657455404111,0.110725580738195,4.14192716538568,3.444e-05,"log10(RT)"
