"term","estimate","std.error","statistic","p.value"
"(Intercept)",-3.77132310334315,0.70047954094036,-5.3839161359093,7.28824710927847e-08
"human_impact",-0.471531540175825,0.292847630926444,-1.61015999577699,0.107362932191523
"log10(area)",1.40213128268574,0.11534214993424,12.1562783725216,5.31242222410047e-34
"depth",-4.89542908307615,0.319295581117487,-15.3319662800935,4.67614417103272e-53
"eutro",-0.867763564345899,0.279307825208622,-3.10683584929189,0.00189101370762472
"log10(RT)",-0.255904264641798,0.110003946781102,-2.32631893791068,0.0200015424716268
