"estimate","std.error","Adjusted.SE","statistic","p.value","term"
-8.24189324039937,3.58108869241364,3.62887909922385,2.27119532369159,0.0231352,"(Intercept)"
-2.44521192157194,1.1946953653811,1.210852156916,2.01941410237878,0.0434442,"human_impact"
1.69152484020149,0.534503080452766,0.541728782448561,3.12245702093945,0.0017935,"log10(area)"
-15.5661354709863,3.78184033944831,3.832793367359,4.06130307037977,4.88e-05,"log10(depth)"
-2.85884579040266,1.53166956911385,1.5523818547275,1.84158670864166,0.0655356,"eutro"
-0.393250470604778,0.481617971215503,0.488181501959475,0.805541523032601,0.4205073,"log10(RT)"
