"term","estimate","std.error","statistic","p.value"
"(Intercept)",-3.70083401844653,0.700283482705756,-5.28476554115947,1.25865854320991e-07
"human_impact",-0.418363329157916,0.295422674536762,-1.41615172164402,0.156731087528992
"log10(area)",1.43281850366602,0.117524955644133,12.1916106737756,3.44543454590835e-34
"depth",-5.10656124827335,0.329080500015699,-15.5176658842737,2.63461407463063e-54
"eutro",-0.871259104346805,0.279348770768891,-3.11889363947698,0.0018153147758256
"log10(RT)",-0.29758868917963,0.10963106069751,-2.71445598798615,0.0066384720683054
