"term","estimate","std.error","statistic","p.value"
"(Intercept)",-3.7295408877803,0.707534681153621,-5.27117749436587,1.35551303085941e-07
"human_impact",-0.375740981313303,0.295951476037914,-1.26960333614003,0.204225960454002
"log10(area)",1.46692716184879,0.11955711566382,12.2696767457456,1.31778394348072e-34
"depth",-5.28646959920859,0.335050027309021,-15.7781500323019,4.39892965402412e-56
"eutro",-0.717555262661227,0.279025148511046,-2.57165085831975,0.0101214907633699
"log10(RT)",-0.33078915771267,0.110808449492776,-2.98523406136311,0.00283361409954289
