"term","estimate","std.error","statistic","p.value"
"(Intercept)",-2.7797106172671,0.491478668102392,-5.65581132544288,1.55111788944932e-08
"human_impact",-2.48572431443044,0.193064968840609,-12.8750665092569,6.21854894408122e-38
"log10(area)",1.71753807596934,0.09071998265353,18.9323016355593,6.18021586213639e-80
"depth",-6.04824990235339,0.249891722655819,-24.203482364575,2.04461604195363e-129
"eutro",-1.53118410288726,0.189115020812778,-8.09657581035359,5.65277554491045e-16
"log10(RT)",-0.162411243464947,0.0773796182624975,-2.0988891792409,0.035826670949082
