"term","estimate","std.error","statistic","p.value"
"(Intercept)",-3.72151946181483,0.701635990199213,-5.30406010210251,1.13254997038242e-07
"human_impact",-0.361653056348565,0.296332147875468,-1.22043139410088,0.222301382327125
"log10(area)",1.43699247670015,0.117748728330809,12.203889562722,2.96323525107016e-34
"depth",-5.07371763009736,0.322681016744252,-15.7236322151503,1.04176278032703e-55
"eutro",-0.720139164516631,0.27811343688752,-2.5893720654996,0.00961511432684815
"log10(RT)",-0.355481849276945,0.109411561191251,-3.24903369814424,0.00115797759388315
