"term","estimate","std.error","statistic","p.value"
"(Intercept)",-3.91306146678329,0.695212388958473,-5.62858419805437,1.81694804930301e-08
"human_impact",-0.328556616710253,0.291777410587808,-1.12605227405491,0.260143393590119
"log10(area)",1.40967150615286,0.115538528601161,12.2008781245522,3.07489873294577e-34
"depth",-4.7567189478343,0.312481906177526,-15.2223820125186,2.5121516864209e-52
"eutro",-0.846524152542004,0.280260127412157,-3.02049442551308,0.00252362353550198
"log10(RT)",-0.322195011310219,0.111018867787877,-2.90216444943246,0.00370593941235898
