"estimate","std.error","Adjusted.SE","statistic","p.value","term"
-7.37690229667863,3.49247106128753,3.5395615697105,2.08412882539065,0.0371485,"(Intercept)"
-1.8422316052668,1.12341142362154,1.13859374989332,1.61798851033515,0.1056651,"human_impact"
1.52551452314255,0.513178866317043,0.520114139706275,2.93303797509535,0.0033566,"log10(area)"
-15.5899041749113,3.58001598855634,3.62835224860669,4.29668982136392,1.73e-05,"log10(depth)"
-2.95084321206923,1.42054387298139,1.43973954685226,2.04956738079518,0.0404067,"eutro"
-0.151161420905859,0.478021327027889,0.484535842398449,0.31197159772043,0.7550621,"log10(RT)"
