"estimate","std.error","Adjusted.SE","statistic","p.value","term"
-10.2828280695019,3.56552840498391,3.6130851875073,2.84599657518623,0.0044273,"(Intercept)"
-1.47748739132754,1.1100724762052,1.12503220665065,1.31328452873912,0.1890871,"human_impact"
1.91260377355928,0.541976741258956,0.549267071608995,3.48210164493675,0.0004975,"log10(area)"
-14.2660972863589,3.33865841720004,3.38356668088701,4.21628968240668,2.48e-05,"log10(depth)"
-2.80339910206479,1.39906549544561,1.41743050486053,1.97780356246857,0.0479509,"eutro"
0.0937769351705655,0.413996297858889,0.419575458818323,0.223504338015086,0.823143,"log10(RT)"
