"estimate","std.error","Adjusted.SE","statistic","p.value","term"
-8.08712125090572,3.45743927291511,3.50405980518691,2.30792900250581,0.0210031,"(Intercept)"
-2.41339262283672,1.14220428178728,1.15764144166518,2.08474967807411,0.037092,"human_impact"
1.52929875906855,0.523051859906655,0.530120630978027,2.88481275714006,0.0039165,"log10(area)"
-12.0838573355987,3.23173648775053,3.2753944790884,3.68928305056002,0.0002249,"log10(depth)"
-2.05298428587001,1.34320255555073,1.36135180568596,1.50804830705429,0.1315422,"eutro"
0.166122277490039,0.430770784567718,0.436641365520043,0.380454740682176,0.7036079,"log10(RT)"
