"term","estimate","std.error","statistic","p.value"
"(Intercept)",-3.83900865808222,0.684914233224522,-5.6050939984244,2.08141973540156e-08
"human_impact",-0.413824870235524,0.294938494298676,-1.40308870573014,0.160590388673571
"log10(area)",1.51214461960969,0.117962268696769,12.8188838373122,1.28537520074913e-37
"depth",-5.16788450407694,0.32466040424167,-15.9178157747567,4.76730888477366e-57
"eutro",-0.593078783519623,0.280478316374014,-2.11452632483988,0.0344703387933586
"log10(RT)",-0.473844954298538,0.112531489137607,-4.21077653845945,2.54494386151151e-05
