"estimate","std.error","Adjusted.SE","statistic","p.value","term"
-5.37527090664949,3.46923149294574,3.51610084312571,1.52875902781873,0.1263242,"(Intercept)"
-2.27899614888139,1.20687142183485,1.22317938284802,1.86317410253845,0.0624378,"human_impact"
1.38207988333584,0.504852913308428,0.511675285913978,2.70108782148253,0.0069113,"log10(area)"
-19.3048450250735,4.41251573342085,4.47213902579108,4.31669161306062,1.58e-05,"log10(depth)"
-4.64206167227129,1.77327935074645,1.79724283963313,2.58287949179916,0.009798,"eutro"
0.0781009781228823,0.527671901929899,0.534863059565288,0.146020512589445,0.8839052,"log10(RT)"
