"term","estimate","std.error","statistic","p.value"
"(Intercept)",-3.47957125065258,0.702674978669116,-4.95189291817815,7.34950452320061e-07
"human_impact",-0.225096740757057,0.300670336170445,-0.748649646067692,0.454068400709885
"log10(area)",1.41458005587929,0.117503027234352,12.038669038356,2.22516701169772e-33
"depth",-5.07236646338823,0.321858154043987,-15.7596332410923,5.89742329307854e-56
"eutro",-0.873953077941589,0.278123697840548,-3.14231791367393,0.00167615931987119
"log10(RT)",-0.394063908696034,0.111253784969853,-3.54202698634311,0.000397064849957943
