"estimate","std.error","Adjusted.SE","statistic","p.value","term"
-8.50893581596953,3.40014012883694,3.44607647375397,2.46916627671363,0.0135428,"(Intercept)"
-2.46672822751665,1.12027182932801,1.13541041467473,2.17254324571552,0.0298147,"human_impact"
1.65955117613681,0.50971112002593,0.516599132610271,3.21245443783739,0.0013161,"log10(area)"
-16.2256154970083,3.83496514665492,3.88678665727236,4.17455778455179,2.99e-05,"log10(depth)"
-2.53389882777091,1.45483062971992,1.47449058102521,1.7184910235297,0.0857071,"eutro"
0.0668046442331468,0.43616753771533,0.442111666079336,0.151103554505976,0.879894,"log10(RT)"
