"term","estimate","std.error","statistic","p.value"
"(Intercept)",-4.39159012900627,0.720029012993816,-6.09918496304258,1.06610651538658e-09
"human_impact",-0.211638829737774,0.301095843189464,-0.70289522265042,0.482121048597464
"log10(area)",1.51965367599952,0.121652292118152,12.4917800523117,8.27805356657742e-36
"depth",-4.9951803995074,0.325765524613142,-15.3336679976783,4.55521026084354e-53
"eutro",-0.61351811174113,0.283353496205219,-2.16520395886271,0.0303720693086827
"log10(RT)",-0.393344321160957,0.11089892263692,-3.54687233931708,0.000389833442926297
