"estimate","std.error","Adjusted.SE","statistic","p.value","term"
-8.81288622027194,4.290795637302,4.34177530148363,2.02978864826572,0.04237803,"(Intercept)"
-2.62490896384135,1.36473417398798,1.3831607081879,1.89776137241513,0.05772752,"human_impact"
1.92723934533186,0.595072552804791,0.602934061377879,3.19643468296942,0.00139137,"log10(area)"
-26.2465900773838,5.88664867540194,5.96197944946892,4.40232816966885,1.071e-05,"log10(depth)"
-5.80688513574856,1.89433830990141,1.91969548355131,3.02489909754136,0.00248716,"eutro"
0.770532217201678,0.554800910118714,0.562361784189002,1.37017172728564,0.1706333,"log10(RT)"
