"term","estimate","std.error","statistic","p.value"
"(Intercept)",-3.36250265233583,0.49478716674995,-6.7958566395784,1.07670806753389e-11
"human_impact",-2.43956024470414,0.193338686368029,-12.6180656884175,1.678946422679e-36
"log10(area)",1.75827582374655,0.0913116015242154,19.255776860734,1.26266538427673e-82
"depth",-5.81152734528123,0.243561342446693,-23.8606311120706,7.85455139924042e-126
"eutro",-1.35546074995154,0.186876142515645,-7.25325732704518,4.06866030619181e-13
"log10(RT)",-0.176189341671245,0.0760225362878928,-2.31759357520021,0.020471419710494
