"estimate","std.error","Adjusted.SE","statistic","p.value","term"
-11.7322996459722,4.62626052615742,4.68548750424263,2.50396562478264,0.012281,"(Intercept)"
-2.10162759261187,1.36002667720907,1.37842577932027,1.5246577829154,0.12734448,"human_impact"
2.32171833827111,0.670041073909246,0.679034690882616,3.41914539779009,0.00062818,"log10(area)"
-26.1082613450304,5.53441898260724,5.60703114991495,4.6563431960649,3.22e-06,"log10(depth)"
-5.11091884416389,1.92915795873271,1.95513934054615,2.61409442190253,0.00894643,"eutro"
0.615600671325368,0.549070284871665,0.556553061492855,1.10609520262835,0.26868531,"log10(RT)"
