"estimate","std.error","Adjusted.SE","statistic","p.value","term"
-9.23346534601428,3.71922391994064,3.76932699023004,2.44963235345383,0.0143002,"(Intercept)"
-2.22853418004251,1.17741172166685,1.19332107891622,1.86750592059136,0.061831,"human_impact"
1.73934413540145,0.544306050781709,0.551661318433048,3.15292023798573,0.0016165,"log10(area)"
-15.9285619273399,3.66426282299575,3.71374958495403,4.28907807674304,1.79e-05,"log10(depth)"
-2.36078359243045,1.47475481235873,1.4946860234987,1.57945117256427,0.1142326,"eutro"
0.155507129431537,0.462707575794823,0.469013394058899,0.331562235538221,0.7402198,"log10(RT)"
