"term","estimate","std.error","statistic","p.value"
"(Intercept)",-3.63323820123547,0.703780558608617,-5.16245888976874,2.43726912396811e-07
"human_impact",-0.389441058425117,0.296512679131515,-1.31340440336578,0.189046714519962
"log10(area)",1.38556403415497,0.116656103402211,11.8773385510552,1.55231389133412e-32
"depth",-4.9810814178298,0.322587560803517,-15.4410213630764,8.67161037394443e-54
"eutro",-0.73259479860781,0.281481008671822,-2.60264378781568,0.00925080143218684
"log10(RT)",-0.30498964920846,0.108562347562509,-2.80935016657455,0.00496416203181054
