"estimate","std.error","Adjusted.SE","statistic","p.value","term"
-7.62860909271792,3.41467556971911,3.46078616916303,2.20429946255907,0.0275033,"(Intercept)"
-1.55349978070462,1.07071104191479,1.08518061553174,1.43155872715566,0.1522701,"human_impact"
1.50594076430308,0.498793985820384,0.505534562836873,2.97890762572652,0.0028928,"log10(area)"
-12.5898884869998,3.11725432640158,3.1593700547372,3.98493632239198,6.75e-05,"log10(depth)"
-2.51784501970033,1.31496846686039,1.3327387311982,1.88922626825489,0.0588615,"eutro"
-0.0995658954796097,0.439649402656644,0.445640982172713,0.223421766539914,0.8232073,"log10(RT)"
