"term","estimate","std.error","statistic","p.value"
"(Intercept)",-5.84909260397106,3.91487334165085,-1.49406943559113,0.135157471676
"human_impact",-2.86752080248303,1.36924513178941,-2.09423479836337,0.0362390693213372
"log10(area)",1.41496585667452,0.548894604107562,2.57784617681765,0.00994182434675396
"log10(depth)",-18.2812697273622,4.33016805391685,-4.22183839050448,2.42317827572788e-05
"eutro",-3.96478692631343,1.73617685654904,-2.28363078989208,0.0223932386693758
"log10(RT)",-0.0750839713211875,0.517576189409552,-0.145068441820793,0.884656834452944
