"estimate","std.error","Adjusted.SE","statistic","p.value","term"
-9.69201540456989,3.85231365766314,3.90436815157786,2.48235182449511,0.0130518,"(Intercept)"
-2.4132747208419,1.25894814246665,1.27596074495832,1.89133931461249,0.0585791,"human_impact"
2.03034547860059,0.592336830250606,0.600341262151917,3.38198555821873,0.0007196,"log10(area)"
-22.7166369071953,4.77938550798068,4.84397073086688,4.68967261970428,2.7e-06,"log10(depth)"
-4.163413204068,1.63335436623278,1.65542658841682,2.51500926298985,0.0119029,"eutro"
0.0660867021317561,0.536152983407819,0.543459721944149,0.121603680021291,0.9032129,"log10(RT)"
