"estimate","std.error","Adjusted.SE","statistic","p.value","term"
-6.23298681814899,3.55415320232213,3.60078573874355,1.73100741626574,0.0834504,"(Intercept)"
-1.93818111367724,1.15765375867872,1.17331232751702,1.65188847694019,0.0985573,"human_impact"
1.23515636377905,0.513629897230952,0.52057789909591,2.37266385285304,0.0176603,"log10(area)"
-15.3460989852798,3.501087435443,3.54767105445267,4.32568260972758,1.52e-05,"log10(depth)"
-2.66601451013061,1.43090591999352,1.45026332020343,1.83829686167381,0.0660187,"eutro"
0.476060381256916,0.506750750687456,0.513656793091301,0.926806357201817,0.3540271,"log10(RT)"
