"term","estimate","std.error","statistic","p.value"
"(Intercept)",-3.84422996324107,0.691504726421688,-5.5592244222736,2.70976082096804e-08
"human_impact",-0.505190655185801,0.295064052233511,-1.71213894529584,0.0868710657555342
"log10(area)",1.46690607444167,0.116863251304002,12.552329822022,3.85983586141473e-36
"depth",-5.02193048048248,0.31997278533222,-15.6948675346509,1.63984599543758e-55
"eutro",-0.617788463381271,0.281498418787104,-2.19464274805928,0.0281892345585396
"log10(RT)",-0.39366955454708,0.111273290704202,-3.53786206964593,0.000403380716113602
