"term","estimate","std.error","statistic","p.value"
"(Intercept)",-16.183708010454,5.20314891335188,-3.11036802520195,0.00186854374295222
"human_impact",-2.920286665388,1.34766866991637,-2.16691738153208,0.0302411543560861
"log10(area)",2.56010288342857,0.694623419482017,3.68559828480538,0.000228166006470236
"log10(depth)",-26.3887934019282,5.59803528184556,-4.71393838611684,2.4297416067689e-06
"eutro",-2.81449767930064,1.7676991798441,-1.59218135720856,0.111343960865344
"log10(RT)",0.938944394307927,0.584625409607427,1.60606155476277,0.108260385921386
