"term","estimate","std.error","statistic","p.value"
"(Intercept)",-4.08735036811131,0.716510800823352,-5.70452024367878,1.16671228308357e-08
"human_impact",-0.390393791090984,0.29871726548675,-1.30690065890517,0.191246452304955
"log10(area)",1.46238614920745,0.11836507818657,12.3548784118775,4.58448770678716e-35
"depth",-5.03198173231897,0.325199219907346,-15.4735356799216,5.2350972293153e-54
"eutro",-0.618125259331989,0.276147349535385,-2.23838925259278,0.0251956822802911
"log10(RT)",-0.286192596974179,0.110901562311444,-2.58060022788919,0.009862872155638
