"estimate","std.error","Adjusted.SE","statistic","p.value","term"
-8.19398067495234,3.79129432480275,3.84238780038772,2.13252308216404,0.0329639,"(Intercept)"
-1.70667547371188,1.22769079181584,1.24428238535962,1.3716142684272,0.1701835,"human_impact"
1.69248612629253,0.54765415557823,0.555054376411752,3.049225802405,0.0022943,"log10(area)"
-19.6576956100869,4.27704578512144,4.3348034938111,4.53485276510288,5.8e-06,"log10(depth)"
-4.17347614110822,1.69116002262938,1.71401547174738,2.43491159204853,0.0148954,"eutro"
0.152611960887292,0.48515180676367,0.491763496919563,0.310336090098721,0.7563054,"log10(RT)"
