"term","estimate","std.error","statistic","p.value"
"(Intercept)",-3.4812385454716,0.673359089739702,-5.16995849394018,2.34145993300611e-07
"human_impact",-0.294040727824402,0.288787897088219,-1.01818923434516,0.308588034628655
"log10(area)",1.36717703025021,0.112226782025451,12.1822706271678,3.86372999616545e-34
"depth",-4.9271405462667,0.317346317539532,-15.5260681279307,2.31123332260403e-54
"eutro",-0.818184546021339,0.276876803907755,-2.95504908491333,0.00312619309134524
"log10(RT)",-0.319576214817646,0.109407572862737,-2.92096978715165,0.00348943664977769
