"estimate","std.error","Adjusted.SE","statistic","p.value","term"
-6.95024593624394,3.77619415978543,3.82700690337678,1.81610488606941,0.0693543,"(Intercept)"
-2.15638882670848,1.14391289228744,1.15936323189747,1.85997689712759,0.0628888,"human_impact"
1.41069207686851,0.552202045155025,0.559663566356051,2.52060731066249,0.0117153,"log10(area)"
-13.1902828290776,3.17973401982874,3.2226068391796,4.09304748836056,4.26e-05,"log10(depth)"
-2.58622267110353,1.38578649129761,1.40451546175071,1.84136290523981,0.0655684,"eutro"
0.174143249083923,0.446069877102238,0.452148955391055,0.385145751212252,0.7001294,"log10(RT)"
