"term","estimate","std.error","statistic","p.value"
"(Intercept)",-2.94233340992122,0.487625528303025,-6.03400199362157,1.59948089278057e-09
"human_impact",-2.43631371537558,0.189125653151784,-12.8819844096998,5.6854675052194e-38
"log10(area)",1.67277564930009,0.0889480386172423,18.8062117535645,6.71696055322752e-79
"depth",-5.70143658667163,0.240495650243214,-23.7070258065198,3.05164561507273e-124
"eutro",-1.43915716996628,0.184796685362977,-7.78778670807592,6.81931708257872e-15
"log10(RT)",-0.151200995431779,0.0746718596526733,-2.02487250398036,0.0428804576557534
