"term","estimate","std.error","statistic","p.value"
"(Intercept)",-3.34988519026284,0.684568369479021,-4.89342677753606,9.90951934428802e-07
"human_impact",-0.479364883819578,0.293604399211778,-1.632689718228,0.102534270963598
"log10(area)",1.35688731039962,0.113954345640896,11.9072888600105,1.08446213740901e-32
"depth",-4.87287101693299,0.317633724593025,-15.3411638615404,4.05852597482038e-53
"eutro",-0.601001109579609,0.276891888320397,-2.17052624121722,0.0299670029216372
"log10(RT)",-0.375802032354839,0.108673443894255,-3.45808524040624,0.00054402922676929
