"term","estimate","std.error","statistic","p.value"
"(Intercept)",-3.75201147897299,0.700441002540598,-5.35664169482358,8.47830156977172e-08
"human_impact",-0.402064902658358,0.291903963332545,-1.37738761087089,0.168392441190179
"log10(area)",1.46064504844257,0.119592920268404,12.2134742187449,2.63396620689368e-34
"depth",-5.04626065144796,0.322980673455763,-15.6240328483281,4.99442287867821e-55
"eutro",-0.893141843095918,0.280996513697367,-3.17848015743652,0.00148049351232403
"log10(RT)",-0.364934365360552,0.111259576203273,-3.28002656323093,0.0010379731325289
