"term","estimate","std.error","statistic","p.value"
"(Intercept)",-13.3958087435161,5.70312407097498,-2.34885451847201,0.0188312628973986
"human_impact",-4.03911664315924,1.60205098202472,-2.52121604647966,0.0116950022634469
"log10(area)",2.52694730341704,0.789015777364205,3.20265750814082,0.00136165814988359
"log10(depth)",-34.0311060717293,7.60174543626252,-4.47674897259662,7.57882737588212e-06
"eutro",-6.59183248451211,2.42643144995912,-2.71667781285277,0.00659407638187122
"log10(RT)",1.07164709874277,0.663995542581913,1.61393718785479,0.106541051333848
