"term","estimate","std.error","statistic","p.value"
"(Intercept)",-4.20549124445533,0.700053327311095,-6.00738698094419,1.88537142541249e-09
"human_impact",-0.399309825962446,0.297325498630132,-1.34300565475274,0.179270142819298
"log10(area)",1.45765219971567,0.115878566193152,12.579135621043,2.75022605415741e-36
"depth",-4.88033837624136,0.319608907716175,-15.2697195178781,1.21695382905144e-52
"eutro",-0.552894032970165,0.27710372414688,-1.99526020327717,0.0460145079490717
"log10(RT)",-0.322122915045001,0.110222989387563,-2.92246578354323,0.00347271775191793
