"term","estimate","std.error","statistic","p.value"
"(Intercept)",-3.72932064745964,0.679375385226225,-5.48933730682312,4.03444529542911e-08
"human_impact",-0.212896220822206,0.287934684403973,-0.739390675572492,0.459669802677014
"log10(area)",1.37386245865149,0.112769960674265,12.1828760996013,3.83514703033915e-34
"depth",-4.83384278914456,0.313857578072992,-15.4013894417435,1.60189965984273e-53
"eutro",-0.861696007601064,0.279294253651983,-3.08526221479224,0.00203372769679328
"log10(RT)",-0.288326058963867,0.109560937259193,-2.63165016817775,0.00849713065351824
