"estimate","std.error","Adjusted.SE","statistic","p.value","term"
-5.61409389720197,3.37719671331888,3.42234826173499,1.64042156666892,0.1009175,"(Intercept)"
-1.87241908804595,1.10221670475668,1.11710599314349,1.67613377740194,0.093712,"human_impact"
1.2599238944532,0.477692958730605,0.48414641367414,2.60236130820791,0.0092584,"log10(area)"
-14.2523990251314,3.36007354165017,3.40533950960688,4.18530927237169,2.85e-05,"log10(depth)"
-3.40359241509135,1.40465914308958,1.4236466031929,2.390756531472,0.0168137,"eutro"
0.234877070464741,0.438311254322884,0.444284597439455,0.528663545435534,0.5970389,"log10(RT)"
