"estimate","std.error","Adjusted.SE","statistic","p.value","term"
-11.0105756918687,4.27055392679471,4.32809306173858,2.54397849926215,0.0109598,"(Intercept)"
-2.31377922576096,1.23301915124414,1.24968325041917,1.85149254819961,0.0640987,"human_impact"
2.05166327007891,0.642408399080371,0.651090569447474,3.15111808764176,0.0016265,"log10(area)"
-18.5570078525168,4.06688704263855,4.12178578913997,4.50217667822782,6.7e-06,"log10(depth)"
-2.55419554680397,1.48258881540929,1.50262692010813,1.69982017001278,0.0891648,"eutro"
0.196865732335702,0.498714398730581,0.505510921045287,0.389439128097621,0.6969513,"log10(RT)"
