"term","estimate","std.error","statistic","p.value"
"(Intercept)",-3.67636845382362,0.685144893697884,-5.36582624732328,8.05794847882364e-08
"human_impact",-0.175836304957631,0.290776229579624,-0.604713477480047,0.545369391524203
"log10(area)",1.4388249824663,0.115109801852603,12.4995869970196,7.50401147095779e-36
"depth",-5.01640183525481,0.316308567914241,-15.8592031456286,1.21424747789522e-56
"eutro",-0.824061184021855,0.274413176172028,-3.00299422759954,0.00267337502074217
"log10(RT)",-0.410585392538589,0.110110690152066,-3.72884224021807,0.000192361526998459
