"term","estimate","std.error","statistic","p.value"
"(Intercept)",-3.35543641685209,0.685625927292874,-4.89397539282199,9.88192001163386e-07
"human_impact",-0.517032060305507,0.290719421642783,-1.77845724026241,0.0753287887815207
"log10(area)",1.38801485331539,0.1150512420687,12.0643187188416,1.63005704855929e-33
"depth",-5.07968110075189,0.321400893177725,-15.8048132677186,2.88243112535881e-56
"eutro",-0.579559150239473,0.279975629505921,-2.07003427856286,0.0384491345436255
"log10(RT)",-0.36345118922703,0.110854279533934,-3.27863922579348,0.00104308895912971
