"term","estimate","std.error","statistic","p.value"
"(Intercept)",-3.66832517850591,0.700564643715921,-5.23624081148095,1.63880106089688e-07
"human_impact",-0.379526980349316,0.295828658244664,-1.282928376856,0.199517170066574
"log10(area)",1.45402368232692,0.117148314347173,12.4118190725123,2.25471198503337e-35
"depth",-5.28049699404648,0.329200098780473,-16.0403870278537,6.67371558249597e-58
"eutro",-0.625406928516204,0.28170016626411,-2.22011558179149,0.0264109227526095
"log10(RT)",-0.342838807102517,0.114267533661436,-3.00031685393961,0.00269698890045132
