"term","estimate","std.error","statistic","p.value"
"(Intercept)",-3.0066437675721,0.491535988869149,-6.11683342757735,9.54530484643176e-10
"human_impact",-2.62677585330263,0.192753960948249,-13.6276102466599,2.74420133352746e-42
"log10(area)",1.73103721107897,0.0905164132775789,19.1240146223044,1.5935637459559e-81
"depth",-5.95630790293909,0.247639103560715,-24.0523722517787,7.8840387125054e-128
"eutro",-1.35368712273706,0.186138687010228,-7.27246519506541,3.52985549568886e-13
"log10(RT)",-0.158875163347896,0.0770333068624658,-2.06242169548231,0.0391676055272047
