"term","estimate","std.error","statistic","p.value"
"(Intercept)",-6.48015934653126,4.06129880541632,-1.59558792814974,0.110580824498125
"human_impact",-3.11271710622219,1.27553274922044,-2.44032707754824,0.0146739693183346
"log10(area)",1.43772816752974,0.542135759894589,2.65197073111224,0.00800234784550324
"log10(depth)",-16.9432572381344,3.99083609526294,-4.24554074226345,2.18066878722874e-05
"eutro",-3.71253562996256,1.59953517921337,-2.32100905200992,0.0202863553112216
"log10(RT)",0.185564163113485,0.47311257774039,0.392219889819351,0.694895749200732
