"term","estimate","std.error","statistic","p.value"
"(Intercept)",-3.51682733384077,0.687302505826291,-5.11685510241631,3.10672098558061e-07
"human_impact",-0.457210976228937,0.291586301106689,-1.56801253863311,0.116878206158108
"log10(area)",1.37508837257086,0.114479013810837,12.0117070089636,3.08412377035505e-33
"depth",-4.94948197412774,0.317225430066445,-15.6024123699384,7.00946113653773e-55
"eutro",-0.786053891974159,0.277363497872939,-2.83402069126722,0.00459663556458884
"log10(RT)",-0.2902587967763,0.106959136381529,-2.71373541892607,0.00665292781892833
