"term","estimate","std.error","statistic","p.value"
"(Intercept)",-3.75398145042301,0.692877837542905,-5.41795573045812,6.0284337275765e-08
"human_impact",-0.354115564656564,0.293533153098089,-1.20639035461262,0.227667013341744
"log10(area)",1.37594240852629,0.11435851458546,12.0318317662132,2.41737145448797e-33
"depth",-4.86536543490175,0.319158031645636,-15.2443772441353,1.79435606334985e-52
"eutro",-0.622645449758004,0.278373688108345,-2.23672522352639,0.0253043043928872
"log10(RT)",-0.296713727811892,0.109829618439383,-2.70158206891754,0.00690104466959122
