"term","estimate","std.error","statistic","p.value"
"(Intercept)",-3.95184702895454,0.701336237044141,-5.63473954462989,1.75323106030491e-08
"human_impact",-0.421204551492441,0.297852325348474,-1.41413887234102,0.157321131624206
"log10(area)",1.48674302850916,0.118201646490986,12.578023002603,2.78923018443263e-36
"depth",-5.14172109822118,0.324885080741518,-15.8262764374582,2.04999202304851e-56
"eutro",-0.43378006856651,0.280699262318493,-1.5453552139169,0.122260366966379
"log10(RT)",-0.401430079699641,0.11256694257341,-3.56614535779765,0.000362270486261737
