"estimate","std.error","Adjusted.SE","statistic","p.value","term"
-7.16022748836806,3.81413023153535,3.86541094060281,1.8523845454971,0.0639706,"(Intercept)"
-2.2677479295601,1.22960936333662,1.24622068146978,1.81970012476886,0.0688047,"human_impact"
1.65302403658699,0.575601155140137,0.583380861035292,2.83352462686806,0.0046038,"log10(area)"
-19.5452857750982,4.30905466284986,4.36725825449609,4.47541332252937,7.6e-06,"log10(depth)"
-4.1091188764372,1.59952727558621,1.62114606143988,2.53469997193685,0.0112544,"eutro"
-0.236871761039985,0.536014431155785,0.54331928149022,0.435971571614928,0.6628574,"log10(RT)"
