"estimate","std.error","Adjusted.SE","statistic","p.value","term"
-10.7296393658408,3.77432121816595,3.82503029042906,2.80511226085932,0.0050299,"(Intercept)"
-2.00910728946477,1.13101172579774,1.14629993874641,1.75268899661805,0.0796554,"human_impact"
2.05530834113437,0.576128929044062,0.583916475351551,3.51986701505033,0.0004318,"log10(area)"
-14.8322064288316,3.48340763711256,3.53034008360434,4.20135343269493,2.65e-05,"log10(depth)"
-2.79465822352734,1.40628710071399,1.42528922706026,1.96076569616084,0.0499064,"eutro"
-0.255186839343218,0.472575349726386,0.479015646854303,0.532731740641523,0.5942193,"log10(RT)"
