"estimate","std.error","Adjusted.SE","statistic","p.value","term"
-5.87438950971114,3.30596050020892,3.35017678009946,1.75345657715911,0.0795237,"(Intercept)"
-2.41392463497361,1.17908377349179,1.19502655099079,2.0199757344071,0.0433859,"human_impact"
1.30595573815111,0.48084511495002,0.487343539411853,2.67974361520661,0.0073679,"log10(area)"
-13.2105260856353,3.21478401555661,3.25818968394407,4.0545601598136,5.02e-05,"log10(depth)"
-2.62700517841582,1.38829556648085,1.40705634143299,1.86702202396557,0.0618985,"eutro"
-0.33489223544381,0.465176242639723,0.471515704105883,0.710246196526694,0.4775515,"log10(RT)"
