"term","estimate","std.error","statistic","p.value"
"(Intercept)",-4.08576329343627,0.711446004241413,-5.74290005014893,9.30686665865224e-09
"human_impact",-0.227694592085897,0.300964571608997,-0.756549486434936,0.449319814095484
"log10(area)",1.51800724168516,0.121572367646873,12.4864496025484,8.85163303752794e-36
"depth",-5.3724905042349,0.337211869727858,-15.9320919176739,3.7944729614228e-57
"eutro",-0.631479585526807,0.28171229961885,-2.24157619806158,0.0249887757293891
"log10(RT)",-0.341397954073212,0.113786233385465,-3.00034497949048,0.00269673985147515
