"term","estimate","std.error","statistic","p.value"
"(Intercept)",-3.76411617425026,0.69503913157658,-5.41568956802762,6.10529479637612e-08
"human_impact",-0.255796229096314,0.302625606138319,-0.845256395717547,0.397967700952541
"log10(area)",1.42785368955248,0.116825674981527,12.2220880793391,2.36920066918215e-34
"depth",-4.93844638012532,0.320546952928204,-15.4063120395078,1.48445294981846e-53
"eutro",-0.730663871980384,0.280999000493517,-2.60023655136539,0.00931595188340155
"log10(RT)",-0.392274764551045,0.110665024150419,-3.54470409745589,0.000393054069038291
