"estimate","std.error","Adjusted.SE","statistic","p.value","term"
-5.19652119889176,3.58640830179532,3.63481332383806,1.42965284209002,0.1528167,"(Intercept)"
-2.78883370738721,1.20974244387355,1.22609031438408,2.27457445399377,0.0229315,"human_impact"
1.1640308451653,0.512902510308084,0.519833989220738,2.23923573545134,0.0251406,"log10(area)"
-11.8334926865874,3.04917407859286,3.09036251086464,3.82916005646099,0.0001286,"log10(depth)"
-2.70484787067725,1.43483809160763,1.45422866763288,1.85998799974152,0.0628872,"eutro"
0.112872432467832,0.444347032881288,0.450402632102282,0.250603403317145,0.8021208,"log10(RT)"
