"estimate","std.error","Adjusted.SE","statistic","p.value","term"
-9.17766347582895,3.52174464929504,3.56912857748743,2.5714017515978,0.0101288,"(Intercept)"
-2.20662846559644,1.14565857100257,1.16114213117695,1.90039479780117,0.0573813,"human_impact"
1.79980848038064,0.531909132317517,0.539097582426268,3.33855787718506,0.0008421,"log10(area)"
-15.2059144027928,3.61927686847482,3.66812308611743,4.14542098119386,3.39e-05,"log10(depth)"
-2.66509058191033,1.40599461730458,1.42499661850998,1.87024344289113,0.06145,"eutro"
-0.181935564697524,0.466582590773962,0.472941218072312,0.384689593009224,0.7004674,"log10(RT)"
