"term","estimate","std.error","statistic","p.value"
"(Intercept)",-3.6239785627028,0.690884465910749,-5.24541908454337,1.55927482416116e-07
"human_impact",-0.562436347127907,0.293012397164636,-1.91949676044556,0.0549214958838071
"log10(area)",1.47135084668641,0.117336531845358,12.5395801592769,4.53391167296051e-36
"depth",-5.18082035558221,0.32653116337274,-15.8662355594777,1.08559849577446e-56
"eutro",-0.676706993004754,0.281726645023357,-2.40199855057604,0.0163057730388999
"log10(RT)",-0.396852203197822,0.113020135696686,-3.51134070713613,0.000445852575911217
