"term","estimate","std.error","statistic","p.value"
"(Intercept)",-4.18789323574181,0.703792403778547,-5.95046666212607,2.6737903178021e-09
"human_impact",-0.151854400955029,0.297154161492855,-0.511029023427224,0.609330733959608
"log10(area)",1.51145307255853,0.119077773313849,12.6929907277897,6.46683608777286e-37
"depth",-5.21873256898244,0.323729821569372,-16.1206420331718,1.82701233143083e-58
"eutro",-0.752694356487587,0.277761164735927,-2.70986175192342,0.00673112579136101
"log10(RT)",-0.330840611300328,0.111243244399042,-2.97402878788364,0.00293917498943677
