"term","estimate","std.error","statistic","p.value"
"(Intercept)",-3.8477804157474,0.718638704586485,-5.35426270696269,8.59059742011786e-08
"human_impact",-0.491615537143916,0.298769838306403,-1.6454657536071,0.0998737994023946
"log10(area)",1.41873450262913,0.118218157607833,12.0009864079892,3.51086965571555e-33
"depth",-5.07211570924848,0.327365508718991,-15.4937388764507,3.8239055870908e-54
"eutro",-0.714815798288098,0.279868592606802,-2.55411224114158,0.0106458932634322
"log10(RT)",-0.228369121561179,0.108279429675305,-2.10907207625662,0.0349383607190375
