"term","estimate","std.error","statistic","p.value"
"(Intercept)",-3.38001125631398,0.689076497141959,-4.9051321157129,9.33644751760586e-07
"human_impact",-0.397011783127046,0.293289358892496,-1.3536521905405,0.175847367804659
"log10(area)",1.36958785773806,0.114417918873967,11.970046922866,5.09997758569936e-33
"depth",-4.97828167016323,0.312220869435025,-15.9447434733355,3.09910108819845e-57
"eutro",-0.632450294669406,0.279464138836657,-2.26308211601727,0.0236306277797964
"log10(RT)",-0.360726875360565,0.109984966888779,-3.27978346100104,0.00103886789434903
