"estimate","std.error","Adjusted.SE","statistic","p.value","term"
-9.31269928732608,4.00069395754674,4.05427846104911,2.29700534307066,0.0216185,"(Intercept)"
-2.69765001244253,1.47441714520547,1.4943441123594,1.80524016532125,0.0710371,"human_impact"
1.9433337629913,0.59658007198187,0.604643267278564,3.2140170380761,0.0013089,"log10(area)"
-21.8282368857829,4.73931627643362,4.80325666656604,4.54446605731532,5.5e-06,"log10(depth)"
-4.35850062943058,1.79789116383198,1.82219626571541,2.39189417267266,0.0167617,"eutro"
0.286502160865037,0.491120456427874,0.4978134878499,0.575521089439471,0.5649389,"log10(RT)"
