"term","estimate","std.error","statistic","p.value"
"(Intercept)",-3.43914779240744,0.684041450553177,-5.0276891694593,4.9642568128522e-07
"human_impact",-0.541362615639829,0.292575576209486,-1.85033427141646,0.0642653860306407
"log10(area)",1.41210904647478,0.115919626305329,12.1817943301105,3.88636351626814e-34
"depth",-5.07589180953094,0.323010877543079,-15.7143061191615,1.2069535634627e-55
"eutro",-0.684651638135061,0.280658326598281,-2.4394488716347,0.0147096840492389
"log10(RT)",-0.361838994264588,0.111679418499329,-3.23997921127036,0.00119538414393655
