"term","estimate","std.error","statistic","p.value"
"(Intercept)",-3.8800825377645,0.691716017103014,-5.60935765809607,2.03078946769478e-08
"human_impact",-0.424399033752599,0.294464760651884,-1.44125576457118,0.14951243937056
"log10(area)",1.407506250763,0.115040257585278,12.234901766624,2.02349503368142e-34
"depth",-4.77945626955521,0.314786993765646,-15.183144044107,4.57325076260897e-52
"eutro",-0.532582028955222,0.277500831722236,-1.91920876651033,0.0549579185239413
"log10(RT)",-0.37166660931235,0.110309319547228,-3.36931286348135,0.000753558414239418
