"term","estimate","std.error","statistic","p.value"
"(Intercept)",-7.65070292764979,4.24053174052203,-1.80418480412269,0.0712023407291527
"human_impact",-3.34998564900694,1.35469160514918,-2.47287695315573,0.013403028142833
"log10(area)",1.68998532114203,0.591559281051239,2.85683172469007,0.00427892621695603
"log10(depth)",-22.0389858509267,4.80102168470348,-4.59047829780588,4.42231439635153e-06
"eutro",-4.26133474548846,1.74830077229142,-2.43741512503213,0.0147926864209724
"log10(RT)",0.227219584769274,0.590169930939876,0.385007051117321,0.700232191439196
