"term","estimate","std.error","statistic","p.value"
"(Intercept)",-3.91841726090233,0.694383389353385,-5.64301698597829,1.67095853887481e-08
"human_impact",-0.319407568647122,0.29310204471923,-1.08974868787794,0.27582386260191
"log10(area)",1.42967903612292,0.115418243414535,12.3869415599066,3.07550478195833e-35
"depth",-4.87102728077048,0.315161021177306,-15.4556780612476,6.90808006117897e-54
"eutro",-0.762921594081899,0.278271104568768,-2.74164863529106,0.00611316955815391
"log10(RT)",-0.333545486267813,0.110439985953735,-3.02015147310449,0.00252648297325356
