"term","estimate","std.error","statistic","p.value"
"(Intercept)",-3.7472711287529,0.684062027647575,-5.47796979996012,4.30233538141351e-08
"human_impact",-0.309855783285324,0.290553810474266,-1.0664316629665,0.28622855489677
"log10(area)",1.38715786256995,0.113845814572086,12.1845310500337,3.75808788149553e-34
"depth",-4.92436789277467,0.316248653502121,-15.571190069088,1.14261385794697e-54
"eutro",-0.7219790530923,0.277232491169015,-2.60423679074523,0.00920791160208446
"log10(RT)",-0.28660053076266,0.107525677745871,-2.66541478064447,0.0076893417586456
