"term","estimate","std.error","statistic","p.value"
"(Intercept)",-9.52149676388613,4.3858193558396,-2.17097330997195,0.0299331899744963
"human_impact",-3.44737355104583,1.46591994318945,-2.35167927625383,0.0186888812933045
"log10(area)",1.97752473471655,0.636530941788183,3.10672208512152,0.00189174152763589
"log10(depth)",-22.3061363958682,5.03914804846577,-4.42656897184426,9.57437780464292e-06
"eutro",-4.64804952943665,1.78056164851369,-2.61044010091792,0.00904258062509596
"log10(RT)",0.35780447753712,0.527694787638242,0.678051945781982,0.497738757767003
