"term","estimate","std.error","statistic","p.value"
"(Intercept)",-3.92564648383969,0.704761080028334,-5.57018058330046,2.54475442462339e-08
"human_impact",-0.386719357651131,0.300579179077648,-1.28658065684327,0.198240489309551
"log10(area)",1.50554182090396,0.119501853209222,12.5984809479739,2.15250137833997e-36
"depth",-5.28739196244199,0.33252884483282,-15.9005513193908,6.28095561875693e-57
"eutro",-0.551565929112501,0.284691438484888,-1.9374166362287,0.052694434651758
"log10(RT)",-0.401931324367086,0.113930539327941,-3.52786291312249,0.000418929054952138
