"term","estimate","std.error","statistic","p.value"
"(Intercept)",-2.62164334702117,0.491566649040962,-5.33324087819211,9.64751971676587e-08
"human_impact",-2.54643804726394,0.192153274626853,-13.2521189254199,4.3864121527236e-40
"log10(area)",1.66922513203316,0.089879424420143,18.5718271206359,5.43225961781612e-77
"depth",-5.81305121366943,0.242932719460231,-23.9286466910895,1.54195156441407e-126
"eutro",-1.53501004227192,0.186055500571558,-8.25028036019577,1.58023358602442e-16
"log10(RT)",-0.173549296950547,0.0765781692137121,-2.26630250804522,0.0234328679771424
