"estimate","std.error","Adjusted.SE","statistic","p.value","term"
-11.2181085282152,4.1273083011804,4.18051698135418,2.68342613563104,0.0072872,"(Intercept)"
-2.80439033129588,1.19732249411567,1.21322315361845,2.31152061591618,0.0208041,"human_impact"
2.05502404019576,0.605585838055634,0.61357821134664,3.34924546242529,0.0008103,"log10(area)"
-15.9212649141533,3.72097969060794,3.76962649328972,4.22356563508206,2.4e-05,"log10(depth)"
-2.10594204713343,1.53647997142062,1.5571861205235,1.35240227187837,0.1762467,"eutro"
-0.183352032844594,0.47956803833194,0.486030867325078,0.377243597415306,0.7059926,"log10(RT)"
