"term","estimate","std.error","statistic","p.value"
"(Intercept)",-3.81576672967059,0.683590359092513,-5.58194930475049,2.37837710747426e-08
"human_impact",-0.373547603293628,0.29276372945223,-1.27593538992193,0.201978359526425
"log10(area)",1.43220746042525,0.115031460520723,12.450571816979,1.38846805312617e-35
"depth",-4.92185017687153,0.313215553887459,-15.7139392210388,1.21396044982715e-55
"eutro",-0.647811289930663,0.274161115834279,-2.36288537110508,0.0181332774071224
"log10(RT)",-0.373679268298324,0.108473217722129,-3.44489889896659,0.000571273021757081
