"estimate","std.error","Adjusted.SE","statistic","p.value","term"
-8.09156845649339,3.58998763308795,3.63725319491846,2.22463711566684,0.0261056,"(Intercept)"
1.49011283987276,0.500847467962336,0.507514880693748,2.93609684475823,0.0033237,"log10(area)"
-12.6158744241297,3.04781486000308,3.08857096571715,4.08469630912312,4.41e-05,"log10(depth)"
-2.4250594870121,1.52123937788359,1.54120084218958,1.57348699833749,0.1156061,"eutro"
-1.6589015664652,1.15799173477548,1.17364067131403,1.41346632492538,0.1575187,"human_impact"
-0.102529906708073,0.492047905635108,0.498753576413946,0.205572273677245,0.837125,"log10(RT)"
