"term","estimate","std.error","statistic","p.value"
"(Intercept)",-3.82546261980668,0.689736281140961,-5.546268515089,2.91830547719606e-08
"human_impact",-0.313092168549055,0.293113599467259,-1.06815981625591,0.285448427511069
"log10(area)",1.39315680309211,0.114357502440998,12.182469653103,3.85431116687752e-34
"depth",-4.95937746376974,0.317750875981335,-15.6077538683514,6.4466896317482e-55
"eutro",-0.676285839012845,0.280223823133751,-2.41337739043712,0.0158054446795172
"log10(RT)",-0.285842824434008,0.108454999465857,-2.63558919221602,0.00839913487116355
