"term","estimate","std.error","statistic","p.value"
"(Intercept)",-3.00891575765729,0.497991090792896,-6.04210760651667,1.5211395524318e-09
"human_impact",-2.45386816169282,0.192702380285387,-12.7339795079786,3.82818729382967e-37
"log10(area)",1.75070270952231,0.0919859423075512,19.0322854297552,9.21449857686414e-81
"depth",-5.95579638345547,0.248198823419419,-23.9960701723032,3.05629782676459e-127
"eutro",-1.49054542692487,0.187458442682379,-7.95133793707215,1.8450787649783e-15
"log10(RT)",-0.187049392821409,0.0773165875427648,-2.41926601737239,0.015551862365249
