"term","estimate","std.error","statistic","p.value"
"(Intercept)",-3.92729721725836,0.709004208935947,-5.53917334729554,3.03902719364917e-08
"human_impact",-0.374047594854147,0.295221095959836,-1.26700835398645,0.205152302807158
"log10(area)",1.50799778431716,0.120669790694265,12.4968956657752,7.76236698685002e-36
"depth",-5.29057084226788,0.331450968106146,-15.9618506245352,2.35639420596142e-57
"eutro",-0.592608127677874,0.281569911070117,-2.10465715397517,0.0353211626472144
"log10(RT)",-0.375430506768058,0.112568195810395,-3.33513834938261,0.000852569708756107
