"term","estimate","std.error","statistic","p.value"
"(Intercept)",-3.99548553030099,0.696928548526192,-5.73299162267111,9.86745089363058e-09
"human_impact",-0.273060691487945,0.29260094660378,-0.933218756321064,0.350707032439042
"log10(area)",1.4477654443684,0.117683932682294,12.3021504411894,8.81943951358189e-35
"depth",-5.02507244407158,0.323427853721853,-15.536919242562,1.95141410762335e-54
"eutro",-0.712755833243627,0.276474543766295,-2.57801612956498,0.00993693594905764
"log10(RT)",-0.294321722681518,0.108680394209718,-2.70813999913887,0.00676614737932036
