"estimate","std.error","Adjusted.SE","statistic","p.value","term"
-12.8959146090451,4.34397071841211,4.40245699043475,2.92925396819644,0.0033978,"(Intercept)"
-2.35598422668664,1.26427016949642,1.28135323978046,1.83866880228149,0.0659639,"human_impact"
2.52843869145261,0.679134149876893,0.688308170968353,3.67341083267317,0.0002393,"log10(area)"
-26.4780330689882,5.81939809326511,5.8978639391892,4.48942758632513,7.1e-06,"log10(depth)"
-4.23173768311545,1.84411341549648,1.86900844246103,2.26416188764952,0.0235642,"eutro"
0.198164190816549,0.642937090126999,0.651699091567349,0.304073142621635,0.7610722,"log10(RT)"
