"term","estimate","std.error","statistic","p.value"
"(Intercept)",-3.89868358534388,0.711479862062159,-5.47968226963431,4.26090302383158e-08
"human_impact",-0.376859447833048,0.294632840863937,-1.27908160790224,0.200868319565006
"log10(area)",1.48255110817626,0.119431617426427,12.4133888506496,2.21092798910419e-35
"depth",-5.3529035179975,0.333627121432718,-16.0445694433059,6.23901135881279e-58
"eutro",-0.722275018125129,0.276693795717102,-2.61037663043084,0.00904425873442123
"log10(RT)",-0.268340736385677,0.110926513727933,-2.41908563937951,0.0155595765238455
