"term","estimate","std.error","statistic","p.value"
"(Intercept)",-3.51667686653767,0.691353765958464,-5.08665322978649,3.64437294610151e-07
"human_impact",-0.403711697113842,0.294536410527294,-1.37066821854418,0.170478406414588
"log10(area)",1.41237703220795,0.115985147665404,12.1772232103579,4.11039158258274e-34
"depth",-4.98988769463929,0.322834160325894,-15.4565046326018,6.82002506758662e-54
"eutro",-0.793403412712559,0.280596401251696,-2.82756089947452,0.00469040931251024
"log10(RT)",-0.389335088163567,0.111048339837264,-3.50599647625638,0.000454901242260467
