"term","estimate","std.error","statistic","p.value"
"(Intercept)",-3.91866947451801,0.683832632211098,-5.73045112200543,1.00163887695995e-08
"human_impact",-0.211409812165149,0.290755550205243,-0.727104992547574,0.467161640586815
"log10(area)",1.45871811878419,0.115894027516479,12.5866548090821,2.50047247254166e-36
"depth",-5.05618464219699,0.324177722242029,-15.5969528295411,7.63524542935443e-55
"eutro",-0.800566558116303,0.27756814336432,-2.88421628077659,0.00392389159510264
"log10(RT)",-0.337226604401608,0.111669159951858,-3.01987231342109,0.00252881271335296
