"term","estimate","std.error","statistic","p.value"
"(Intercept)",-4.25245910132316,0.732646901173594,-5.80424088945349,6.4658263798345e-09
"human_impact",-0.214530826583867,0.305089815331169,-0.70317269146136,0.481948135557802
"log10(area)",1.6369025993059,0.12716005629275,12.8727734717055,6.40598686308339e-38
"depth",-5.61953883087041,0.353440044706484,-15.8995533048248,6.38181731426677e-57
"eutro",-0.980245649156365,0.287260616692989,-3.41239136934669,0.000643955871235097
"log10(RT)",-0.407747211922612,0.116633054434901,-3.49598331191948,0.000472318237976576
