"term","estimate","std.error","statistic","p.value"
"(Intercept)",-3.59080103716882,0.697358384895531,-5.14914728917578,2.61673342393629e-07
"human_impact",-0.596027037155454,0.294402598843133,-2.02453048817356,0.042915598269314
"log10(area)",1.47395993435849,0.118961805929964,12.390194674972,2.9532561235362e-35
"depth",-5.07774694833622,0.322626576074854,-15.738774561331,8.20166419086871e-56
"eutro",-0.756733904730431,0.279772086101324,-2.70482275510634,0.00683408435393917
"log10(RT)",-0.441081922441302,0.112758552532472,-3.91173806806609,9.1634265851143e-05
