"estimate","std.error","Adjusted.SE","statistic","p.value","term"
-6.98805023313952,3.52089197898968,3.56745907515918,1.95883122578714,0.0501326,"(Intercept)"
-1.83679134420524,1.14000950610217,1.15540983234033,1.5897314466199,0.1118954,"human_impact"
1.47196048791648,0.507942261316182,0.514811530302727,2.85922206725035,0.0042468,"log10(area)"
-12.6195723578474,3.16598018996121,3.20857244023994,3.93308008246301,8.39e-05,"log10(depth)"
-2.80507457210588,1.39443778260907,1.41326814737267,1.9848141184818,0.0471652,"eutro"
-0.428184929442339,0.48934491646978,0.496013750681987,0.863252135356354,0.3879989,"log10(RT)"
