"estimate","std.error","Adjusted.SE","statistic","p.value","term"
-4.73738295669815,3.26779459802184,3.31196499600703,1.43038436771211,0.1526067,"(Intercept)"
-2.51667882351628,1.22543281490632,1.24199328955161,2.02632240019982,0.0427318,"human_impact"
1.07534528612823,0.459382506756668,0.465590227160618,2.30963886996979,0.0209082,"log10(area)"
-13.5884148548733,3.30086940495978,3.34547802274979,4.06172593646405,4.87e-05,"log10(depth)"
-2.76147352575534,1.492122625981,1.51228599056116,1.82602599177067,0.0678463,"eutro"
-0.00734476017912667,0.475297561409168,0.481774957069821,0.0152452095555108,0.9878366,"log10(RT)"
