"term","estimate","std.error","statistic","p.value"
"(Intercept)",-10.9163501804819,4.10733890235996,-2.65776709445858,0.00786602326917069
"human_impact",-1.13196845793437,1.27371074521381,-0.888717051487508,0.374155164694467
"log10(area)",2.21542544494914,0.633701859081754,3.49600591066489,0.000472278238388453
"log10(depth)",-21.3991798578623,4.58117858983767,-4.67110797761338,2.99579398313314e-06
"eutro",-4.9137084657215,1.76629895950739,-2.78192343333085,0.0054037787149906
