"term","estimate","std.error","statistic","p.value"
"(Intercept)",-8.87078985912487,4.03186434591065,-2.20017071460307,0.0277947852391741
"human_impact",-2.88994653118371,1.29453157194443,-2.23242645742731,0.0255867908007
"log10(area)",1.84690917205564,0.560413419442844,3.29561910543079,0.000982050647271259
"log10(depth)",-20.1214906607124,4.72794117001567,-4.25586739283511,2.08240108554637e-05
"eutro",-4.24956510459222,1.77817484769385,-2.38984659472806,0.016855411510868
"log10(RT)",0.243377426497745,0.534207805355108,0.455585680437527,0.648687942208702
