"term","estimate","std.error","statistic","p.value"
"(Intercept)",-3.75420323945528,0.679947852791294,-5.52131052998209,3.3648051472317e-08
"human_impact",-0.290352082938047,0.291793408052441,-0.99506046033043,0.319706859680482
"log10(area)",1.41063274307833,0.114470645408594,12.3230959172388,6.80314608194648e-35
"depth",-4.83027901223835,0.310515849021362,-15.5556601296253,1.45645779457032e-54
"eutro",-0.813501646435878,0.274763370395138,-2.96073543306001,0.00306905452543239
"log10(RT)",-0.364474279350428,0.110241783094261,-3.30613556058676,0.000945923118975123
