"term","estimate","std.error","statistic","p.value"
"(Intercept)",-4.73547395532888,4.26379899255442,-1.11062317046327,0.266730585031661
"human_impact",-3.02228633236874,1.42624202743894,-2.11905572422079,0.0340857579107539
"log10(area)",1.61766183591144,0.588411060106645,2.7492036530011,0.00597402560141474
"log10(depth)",-25.3737309227554,5.51699024631438,-4.5991980753829,4.24120383648595e-06
"eutro",-5.64322265400168,1.97775117647008,-2.85335320294123,0.00432605097268078
"log10(RT)",-0.410587748550286,0.601108255899794,-0.683051254945219,0.494574455484435
