"estimate","std.error","Adjusted.SE","statistic","p.value","term"
-5.410062195469,3.3420725335039,3.38722348455688,1.59719670701821,0.1102219,"(Intercept)"
-1.75962213427579,1.19591836648016,1.21207900010281,1.45173881745871,0.1465742,"human_impact"
1.08680914689552,0.470247438018073,0.476602191469971,2.28032763245066,0.0225883,"log10(area)"
-12.4821265166812,3.02884500718194,3.0697701034838,4.06614374884804,4.78e-05,"log10(depth)"
-2.17757555569219,1.39879829370665,1.41770076707559,1.53599095540031,0.1245406,"eutro"
0.0680860857976497,0.442584948240972,0.448616533622363,0.151769006924215,0.8793691,"log10(RT)"
