"term","estimate","std.error","statistic","p.value"
"(Intercept)",-3.33006021805113,0.688561197073436,-4.83625890074078,1.32305574892629e-06
"human_impact",-0.38260247052409,0.294267144223376,-1.30018752699642,0.193536704530602
"log10(area)",1.39652181070417,0.115494765757669,12.0916458987791,1.16920644008233e-33
"depth",-4.96816972063359,0.32009335831929,-15.521002206106,2.50113839896305e-54
"eutro",-0.921409845456157,0.279061464949578,-3.30181684390799,0.000960607737000997
"log10(RT)",-0.397811619866423,0.110346966571474,-3.60509792182418,0.000312035251303231
