"term","estimate","std.error","statistic","p.value"
"(Intercept)",-10.2079097670947,3.95739392585099,-2.57945252819368,0.00989570586970819
"human_impact",-1.46225339401008,1.26927754372296,-1.15203597608848,0.249306290142917
"log10(area)",2.04849458715928,0.598139179855223,3.42477914196343,0.000615299391455394
"log10(depth)",-20.790161148533,4.48719465852366,-4.63322024798747,3.60021156331625e-06
"eutro",-4.40939618479371,1.79476150840361,-2.45681454842194,0.0140175027654056
