"estimate","std.error","Adjusted.SE","statistic","p.value","term"
-5.70312401438958,3.19716634774633,3.24036110890458,1.76002730026517,0.0784032,"(Intercept)"
-1.82216269820992,1.07122447983474,1.0857004680129,1.67832910816087,0.0932829,"human_impact"
1.19344870145729,0.466152616983159,0.472451944812414,2.52607426969349,0.0115345,"log10(area)"
-13.0883395644898,3.2345501932789,3.27825709472435,3.99246892062025,6.54e-05,"log10(depth)"
-2.59329673705779,1.36991088652018,1.3884230607214,1.86780010388935,0.0617899,"eutro"
-0.0648402502264515,0.443147786498006,0.449187042287116,0.144350224121127,0.8852239,"log10(RT)"
