"term","estimate","std.error","statistic","p.value"
"(Intercept)",-2.97004417894138,0.488863446803648,-6.07540653399332,1.23673998410925e-09
"human_impact",-2.35341852931321,0.190855383437938,-12.3308993800454,6.17535844470268e-35
"log10(area)",1.77113766250151,0.0918353496164739,19.2860120846515,7.03986880487358e-83
"depth",-6.20666717505061,0.252606942975375,-24.5704536143951,2.614927389931e-133
"eutro",-1.51439369695461,0.18607251418472,-8.13872862195663,3.9945018751883e-16
"log10(RT)",-0.177715982785562,0.0771330105575988,-2.30401978998153,0.021221532705788
