"term","estimate","std.error","statistic","p.value"
"(Intercept)",-4.01394825163849,0.687031626936016,-5.84245046991456,5.14384830797737e-09
"human_impact",-0.200561547891261,0.291635833021967,-0.687712294518193,0.491633976210586
"log10(area)",1.38940749973361,0.113435045695651,12.2484853883819,1.71162705774449e-34
"depth",-4.69089672768503,0.306670184917347,-15.2962268860578,8.10194920581569e-53
"eutro",-0.653502367892347,0.275827375838369,-2.36924404586762,0.017824487678431
"log10(RT)",-0.320997442255786,0.10941390282393,-2.93379025855917,0.00334850400374242
