"term","estimate","std.error","statistic","p.value"
"(Intercept)",-2.76909113283008,0.495268864368857,-5.59108664413794,2.25652937286035e-08
"human_impact",-2.47083942259936,0.192313712250142,-12.8479628087338,8.83051944967304e-38
"log10(area)",1.74370216120184,0.0920544127099661,18.9420812090311,5.13275198324619e-80
"depth",-6.07625632026842,0.249966609465946,-24.3082719458025,1.60275862305953e-130
"eutro",-1.62112743623251,0.187007761231471,-8.66877088713946,4.36809907841886e-18
"log10(RT)",-0.193857018009468,0.0767923486679103,-2.5244314228206,0.0115885612627143
