"term","estimate","std.error","statistic","p.value"
"(Intercept)",-7.21525347188824,3.71687543048211,-1.94121476676778,0.0522322327219434
"human_impact",-3.05411130062888,1.37254057759119,-2.22515191936172,0.0260710413159026
"log10(area)",1.63059398092546,0.539186684727563,3.02417330974958,0.00249313572282296
"log10(depth)",-18.0150386729058,4.13442512761635,-4.35732613769502,1.31661009241281e-05
"eutro",-3.71750058192206,1.58391244956439,-2.34703665783071,0.0189233928992421
"log10(RT)",-0.0867669731346361,0.514494381534409,-0.168645132481069,0.866075778383988
