"term","estimate","std.error","statistic","p.value"
"(Intercept)",-3.98232013146402,0.687918185870408,-5.78894440248774,7.08301354906979e-09
"human_impact",-0.31355348420602,0.29553454147774,-1.06097068260847,0.288703224874014
"log10(area)",1.41797254665357,0.115399002709171,12.2875632662714,1.05642619594763e-34
"depth",-4.57523542894236,0.308126637783531,-14.8485553272957,7.10840447918082e-50
"eutro",-0.476826897716567,0.28105491902059,-1.69656129619861,0.0897796323369283
"log10(RT)",-0.471874685676708,0.112536410535036,-4.19308456199427,2.7518680286325e-05
