"term","estimate","std.error","statistic","p.value"
"(Intercept)",-3.76465486857513,0.700604906484605,-5.37343491849761,7.72506957549452e-08
"human_impact",-0.286258619502832,0.29450217147531,-0.972008518880585,0.331046310533636
"log10(area)",1.42501205405548,0.115582560752884,12.3289538211751,6.32627317933541e-35
"depth",-5.07729297210582,0.320246225670594,-15.8543413321234,1.31195896174169e-56
"eutro",-0.804429688537068,0.278844610051561,-2.884867268506,0.00391578718034513
"log10(RT)",-0.298387554991645,0.109534987278724,-2.72413009217195,0.00644711059175224
