"term","estimate","std.error","statistic","p.value"
"(Intercept)",-2.34490121565245,0.494894279626546,-4.73818613830401,2.15639694833403e-06
"human_impact",-2.45751479338677,0.190434229219987,-12.9047955477998,4.22936523399739e-38
"log10(area)",1.63772153092335,0.0901904249915405,18.1584855717994,1.10017934555155e-73
"depth",-5.88737829127467,0.244231799604707,-24.1056991792366,2.17835982562555e-128
"eutro",-1.57833956323316,0.186527024777896,-8.46172057433792,2.63461180101253e-17
"log10(RT)",-0.178857717089576,0.0784034065647244,-2.28124930951723,0.0225336984138331
