"term","estimate","std.error","statistic","p.value"
"(Intercept)",-3.78163004183548,0.68819597636824,-5.49499004889851,3.9073244671571e-08
"human_impact",-0.352415822458493,0.296059674844867,-1.19035401441671,0.233907279174166
"log10(area)",1.42633606213939,0.115329703447524,12.3674649244927,3.91998961899054e-35
"depth",-4.98702910218086,0.318345380488871,-15.6654671555858,2.60508485789701e-55
"eutro",-0.615798945906522,0.279445763756763,-2.20364387574875,0.0275493990714162
"log10(RT)",-0.365088417930342,0.109816265427216,-3.32453864197663,0.000885649592134539
