"term","estimate","std.error","statistic","p.value"
"(Intercept)",-7.16633451624927,4.13535927786158,-1.73294121132687,0.0831061183990913
"human_impact",-2.78983525925605,1.26958591318161,-2.1974371567062,0.0279892400432304
"log10(area)",1.59941701668044,0.563680135487975,2.837454996167,0.00454747570764705
"log10(depth)",-21.3497235263548,4.83569018674748,-4.41503129891677,1.00995376716737e-05
"eutro",-4.91148467194414,1.68722117210136,-2.9109904220957,0.00360285061578175
"log10(RT)",0.275929083293178,0.653590294564271,0.422174389044641,0.672897733738102
