"estimate","std.error","Adjusted.SE","statistic","p.value","term"
-6.45922217185861,3.80290951693622,3.85082586502421,1.67736023343086,0.09347206,"(Intercept)"
-1.53366018905879,1.161151229839,1.1768481344395,1.30319294748191,0.1925089,"human_impact"
1.41259641779994,0.532939409113733,0.540125958282639,2.61530925543992,0.00891467,"log10(area)"
-19.9043844368312,4.43310607573681,4.49120399922993,4.43185935001928,9.34e-06,"log10(depth)"
-4.88067714729837,1.67674005824129,1.69941246867152,2.87197913236081,0.0040791,"eutro"
0.624869314613834,0.573300729643773,0.58111372083067,1.07529609474823,0.28224218,"log10(RT)"
