"term","estimate","std.error","statistic","p.value"
"(Intercept)",-3.73202187649708,0.714616446952429,-5.2224125157107,1.76606999434937e-07
"human_impact",-0.179643403773821,0.303035528474309,-0.592813010006681,0.553306299961362
"log10(area)",1.47163812490444,0.119976083387608,12.2660957363477,1.37736335038632e-34
"depth",-5.42532500677931,0.337761368463958,-16.06259777858,4.66593333717335e-58
"eutro",-0.865063916294203,0.284799671511271,-3.03744702970968,0.00238591334074841
"log10(RT)",-0.317629972047599,0.111749305708927,-2.84234403097707,0.00447831373089209
