"term","estimate","std.error","statistic","p.value"
"(Intercept)",-3.71412233268694,0.684917936690458,-5.42272604311355,5.86969168920323e-08
"human_impact",-0.391893281136143,0.294931293415445,-1.32876127384732,0.183926742370611
"log10(area)",1.44997867496094,0.115652521378089,12.5373719282842,4.66201084213038e-36
"depth",-5.07315651217521,0.321440023199575,-15.7825912955009,4.10004211429006e-56
"eutro",-0.743118109191179,0.277509123458433,-2.67781505678132,0.00741041231684751
"log10(RT)",-0.373404274693667,0.109932203258461,-3.39667780346182,0.000682092279237501
