"term","estimate","std.error","statistic","p.value"
"(Intercept)",-3.99039566145314,0.705121157854863,-5.659163133883,1.52112911693337e-08
"human_impact",-0.267221704036954,0.295566233651105,-0.904100920920454,0.365941890119909
"log10(area)",1.45329264184565,0.118552375036176,12.2586548046986,1.50985489023939e-34
"depth",-5.14239257834409,0.328250769434641,-15.6660488174972,2.58135961332918e-55
"eutro",-0.815359389744579,0.279993319548886,-2.91206729881361,0.00359045269154221
"log10(RT)",-0.264019231095283,0.109384902016052,-2.4136715966207,0.0157926894767244
