"term","estimate","std.error","statistic","p.value"
"(Intercept)",-4.11684645459874,0.698018147777326,-5.89790747949443,3.68140287064546e-09
"human_impact",-0.343217371668425,0.297517068701466,-1.15360565081668,0.248661880597188
"log10(area)",1.46584559206705,0.118051636880072,12.416986589997,2.11374145979008e-35
"depth",-4.94297826842892,0.319152939661341,-15.4878042911778,4.19370078492388e-54
"eutro",-0.609264915670377,0.280071664419084,-2.17538934877291,0.0296009520004382
"log10(RT)",-0.371233174693394,0.109409033357395,-3.39307608614662,0.000691124385969668
