"term","estimate","std.error","statistic","p.value"
"(Intercept)",-4.34795456981429,3.67800051012573,-1.18215170385217,0.237145511999272
"human_impact",-2.61127613693136,1.12123291402674,-2.32893282409392,0.0198626247070789
"log10(area)",1.1266976928743,0.488331801024305,2.30723801012136,0.0210415551898597
"log10(depth)",-15.2162586522015,3.65978179045817,-4.15769560138081,3.21473987559216e-05
"eutro",-3.35585774586171,1.51011122673186,-2.22225865648609,0.0262658304454417
"log10(RT)",-0.0234400150190112,0.474520266969115,-0.0493972895377657,0.96060268816246
