"estimate","std.error","Adjusted.SE","statistic","p.value","term"
-5.54305112240721,3.181876651655,3.22428385513419,1.71915729862951,0.0855857,"(Intercept)"
-1.2951532379792,1.08231606502366,1.0969017402265,1.18073770008949,0.2377069,"human_impact"
1.1366124215229,0.46367546411907,0.46983304689241,2.41918364202077,0.0155554,"log10(area)"
-12.096506912367,3.03498656054659,3.07576285060264,3.93284771938671,8.39e-05,"log10(depth)"
-3.05775994841387,1.44771135212124,1.46664201814869,2.08487136641129,0.037081,"eutro"
-0.0805483628643898,0.407745188279159,0.413240107068553,0.194919034930526,0.8454563,"log10(RT)"
