"estimate","std.error","Adjusted.SE","statistic","p.value","term"
-7.51913807726844,3.68124648525447,3.73000362720838,2.01585275210468,0.0438154,"(Intercept)"
-1.7772054981612,1.19805558146361,1.21426005917544,1.46361192129471,0.1433,"human_impact"
1.61960401724494,0.535237061758065,0.542476878264998,2.98557244029443,0.0028305,"log10(area)"
-15.0679580952336,3.58822599561362,3.6361827791101,4.14389457587202,3.41e-05,"log10(depth)"
-3.45732295104217,1.53449766949389,1.5552412964507,2.22301385574851,0.0262149,"eutro"
-0.456986422757733,0.498375048316557,0.505166945934909,0.904624553199916,0.3656643,"log10(RT)"
