"term","estimate","std.error","statistic","p.value"
"(Intercept)",-7.20718453393582,3.93676283015144,-1.83073881889363,0.0671395360460071
"human_impact",-2.58497178850175,1.24781562852715,-2.07159754165999,0.0383029893857298
"log10(area)",1.56338588975194,0.547985178997331,2.85297111978927,0.00433125576495034
"log10(depth)",-18.6926540867892,4.20006279903678,-4.45056537989766,8.56445143493471e-06
"eutro",-3.91190861872408,1.60248534068648,-2.44115095433464,0.0146405335477243
"log10(RT)",0.13013222340583,0.460377361255682,0.282664254060829,0.777434220293746
