"term","estimate","std.error","statistic","p.value"
"(Intercept)",-3.63899324535341,0.693708153686113,-5.2457120851429,1.55679857589971e-07
"human_impact",-0.352532335407669,0.29248073141785,-1.20531815445998,0.228080503809356
"log10(area)",1.38407575331835,0.115861344969805,11.945966566149,6.81533846328331e-33
"depth",-4.94785667692537,0.321863210278368,-15.3725449784899,2.50146889051358e-53
"eutro",-0.72932720129041,0.274387325499738,-2.65802073751802,0.00786010563562445
"log10(RT)",-0.297092565463027,0.107956923101684,-2.75195473275203,0.00592407090514883
