"term","estimate","std.error","statistic","p.value"
"(Intercept)",-3.73772063574708,0.699195036432515,-5.34574824045942,9.00442946479964e-08
"human_impact",-0.500301486686007,0.29458279222536,-1.6983391423056,0.0894437710863289
"log10(area)",1.46837638300916,0.118777345206093,12.3624280409817,4.1735708576488e-35
"depth",-5.25676344366598,0.332436431520937,-15.8128380202364,2.53772633509875e-56
"eutro",-0.794491856194108,0.284244844155548,-2.79509680660852,0.00518841760701574
"log10(RT)",-0.29472662539488,0.111114167943083,-2.65246665525004,0.00799060199912921
