"term","estimate","std.error","statistic","p.value"
"(Intercept)",-4.14900571773305,0.708202914019659,-5.85849851165379,4.67070800560161e-09
"human_impact",-0.326753679918161,0.292421563937572,-1.11740623885015,0.263820668805985
"log10(area)",1.46547300444674,0.118425737049267,12.3746158644306,3.58605860745364e-35
"depth",-4.94112393030822,0.317881396164898,-15.5439229534058,1.74938912856497e-54
"eutro",-0.58602234567571,0.277741079823858,-2.1099591966999,0.0348618706121651
"log10(RT)",-0.335852459405476,0.110145262042067,-3.04917754226421,0.00229468826457453
