"term","estimate","std.error","statistic","p.value"
"(Intercept)",-3.61891419821307,0.7166659099597,-5.04965305021494,4.426132016271e-07
"human_impact",-0.735639232416684,0.300455574542121,-2.44841265980091,0.0143487213218218
"log10(area)",1.44224817309849,0.120599050840863,11.9590341967253,5.82352860750245e-33
"depth",-5.17486104659312,0.332005153798545,-15.5866889034293,8.96619471342171e-55
"eutro",-0.438942464373675,0.28225891390805,-1.55510576546988,0.119920882074769
"log10(RT)",-0.344299579948048,0.110562164470489,-3.114081400242,0.00184518576105226
