"term","estimate","std.error","statistic","p.value"
"(Intercept)",-2.89615133989789,0.499984293954884,-5.79248463384576,6.93526730454978e-09
"human_impact",-2.39423509207494,0.193343088413812,-12.3833497836269,3.21632711224146e-35
"log10(area)",1.78051055744698,0.0932053738336392,19.1030890624932,2.37981682239784e-81
"depth",-6.20322312481385,0.252867977678831,-24.5314696694913,6.82036043123521e-133
"eutro",-1.5356315657558,0.188093277291652,-8.16420229296498,3.23566272077689e-16
"log10(RT)",-0.215799087916813,0.0779554826397465,-2.76823490291349,0.00563608166396398
