"term","estimate","std.error","statistic","p.value"
"(Intercept)",-3.46841766399598,0.689295622622062,-5.03182894271433,4.8582265465011e-07
"human_impact",-0.475611395546332,0.293252305328065,-1.62185049155627,0.104835364293855
"log10(area)",1.42759930327682,0.11613567944365,12.2925126034976,9.93686622543307e-35
"depth",-5.17452651310981,0.327495050003858,-15.8003197698678,3.09542432483043e-56
"eutro",-0.766870333229557,0.279175550229613,-2.74691079716269,0.00601594942456477
"log10(RT)",-0.337342548682297,0.109396743308366,-3.08366171131256,0.00204469951812416
