"estimate","std.error","Adjusted.SE","statistic","p.value","term"
-6.23487922598101,3.50437510618953,3.55104690394737,1.75578622153661,0.0791249,"(Intercept)"
-1.48483335402943,1.17795599178766,1.19388676418433,1.24369697242089,0.2136111,"human_impact"
1.42492933905074,0.515012428199964,0.521977721497134,2.72986619996685,0.006336,"log10(area)"
-18.6682801347012,3.98129687020778,4.03463465564479,4.62700634085486,3.7e-06,"log10(depth)"
-4.67826516427587,1.63945770984768,1.66160585005737,2.81550836145308,0.00487,"eutro"
0.386666755370891,0.462471413099346,0.468774012918087,0.824846823235605,0.4094586,"log10(RT)"
