"term","estimate","std.error","statistic","p.value"
"(Intercept)",-3.18503470980994,0.490331688492633,-6.49567381541523,8.26625858199941e-11
"human_impact",-2.31336422074428,0.190354337137873,-12.1529367574573,5.53413478930845e-34
"log10(area)",1.76303822080636,0.0913093600173003,19.3084062846604,4.5644116994447e-83
"depth",-5.9955254342704,0.246443942929849,-24.3281509092598,9.87568653056171e-131
"eutro",-1.52072011439924,0.186768180120116,-8.14228694321067,3.87880658052752e-16
"log10(RT)",-0.155992565605174,0.0764161411274509,-2.04135622793359,0.0412154319250899
