"term","estimate","std.error","statistic","p.value"
"(Intercept)",-3.74260652775751,0.682370094987946,-5.48471651270652,4.14132989134342e-08
"human_impact",-0.258349286242929,0.287076741769629,-0.899931093861471,0.368156921644743
"log10(area)",1.42117863705093,0.115314464740078,12.3243743987739,6.6961121261404e-35
"depth",-4.81713467426134,0.312667334303204,-15.4065811991412,1.47828436201925e-53
"eutro",-0.741604390554262,0.274952262672077,-2.69721144807868,0.00699228550628697
"log10(RT)",-0.416922323432159,0.112018843888676,-3.72189453987308,0.000197733609984795
