"term","estimate","std.error","statistic","p.value"
"(Intercept)",-7.70932599884851,3.55207372127969,-2.17037330972712,0.0299785770533256
"human_impact",-1.4981643493509,1.17261005850312,-1.27763218342452,0.20137914727516
"log10(area)",1.56532159205397,0.535679164995469,2.922125209158,0.0034765175075615
"log10(depth)",-13.2202888448483,3.1744602963831,-4.16457841980609,3.11928401685168e-05
"eutro",-3.36527071325762,1.39292809117179,-2.41596873132668,0.0156934089602852
