"term","estimate","std.error","statistic","p.value"
"(Intercept)",-3.25312638965836,0.692559640101472,-4.69725089550659,2.63686473101926e-06
"human_impact",-0.445425277016209,0.295903882372078,-1.50530392992992,0.132245955291733
"log10(area)",1.37282951994866,0.115732980011321,11.8620424343551,1.86372619829465e-32
"depth",-5.16751270392717,0.321715003061024,-16.0623926604597,4.68139090767845e-58
"eutro",-0.69171815430408,0.279736031271559,-2.47275315646622,0.01340767152085
"log10(RT)",-0.333358895759572,0.112425871513738,-2.96514397683665,0.00302541301359486
