"term","estimate","std.error","statistic","p.value"
"(Intercept)",-6.53226234264792,3.66842535547507,-1.78067200764999,0.074966048672449
"human_impact",-2.13709065309085,1.09096262260785,-1.95890364051366,0.050124072619484
"log10(area)",1.43229982158638,0.521529875538054,2.74634280559421,0.00602637577102987
"log10(depth)",-13.6336082009762,3.52196724751267,-3.87102072303617,0.000108380576890815
"eutro",-3.4205587842945,1.48211246031907,-2.30789422251947,0.0210050204878649
"log10(RT)",0.00410827743036154,0.429141594567005,0.00957324454765729,0.99236177264893
