"estimate","std.error","Adjusted.SE","statistic","p.value","term"
-7.3919200423961,3.97254914097153,4.02503272642249,1.83648694180088,0.0662857,"(Intercept)"
-2.23343403807416,1.23379616135825,1.25046763693651,1.78607904123436,0.0740865,"human_impact"
1.63248686780841,0.562345161237568,0.569940686089206,2.86431010744317,0.0041792,"log10(area)"
-18.7493881033443,4.15770862345612,4.21332636160454,4.45002036258214,8.6e-06,"log10(depth)"
-4.19083369359796,1.6693811728644,1.69195762279922,2.47691410064073,0.0132524,"eutro"
0.410718426443691,0.489411459910722,0.496081200982611,0.827925802530235,0.4077125,"log10(RT)"
