"term","estimate","std.error","statistic","p.value"
"(Intercept)",-3.76332290218587,0.686744827884156,-5.47994356765754,4.25461516257187e-08
"human_impact",-0.416369616363457,0.290636385013148,-1.43261352615785,0.151968314088321
"log10(area)",1.42385503986786,0.115343340362052,12.3444928454344,5.21618933476763e-35
"depth",-4.99795784109949,0.321418007937555,-15.5497132011051,1.59819890450813e-54
"eutro",-0.739196810898867,0.276935516565135,-2.66920191410338,0.00760317279519877
"log10(RT)",-0.303948823790542,0.107872151661792,-2.81767647264052,0.00483725240767371
