"estimate","std.error","Adjusted.SE","statistic","p.value","term"
-8.26968110140108,3.55263861337447,3.60059476331707,2.2967541878505,0.0216328,"(Intercept)"
-1.85633888373561,1.19246704290152,1.20858235719367,1.5359639106813,0.1245472,"human_impact"
1.69245580963918,0.533858800754049,0.541073287264355,3.12796038813184,0.0017602,"log10(area)"
-18.4556712755852,3.92080115441793,3.97377467350907,4.64436783459788,3.4e-06,"log10(depth)"
-3.28729035037526,1.48719875678228,1.50729655549999,2.18091810691149,0.0291895,"eutro"
-0.129040927155966,0.510574844946536,0.517533002432743,0.249338547589023,0.8030989,"log10(RT)"
