"estimate","std.error","Adjusted.SE","statistic","p.value","term"
-5.74924852642514,3.4350412930997,3.48147194159212,1.65138442098026,0.0986601,"(Intercept)"
-1.70462961691238,1.10514969221716,1.12008378294994,1.52187688355145,0.1280399,"human_impact"
1.30517374131617,0.50567874025049,0.512512070278433,2.54662049345903,0.0108772,"log10(area)"
-14.7923229242927,3.48527686844649,3.53238077161614,4.18763544495372,2.82e-05,"log10(depth)"
-3.62426506825705,1.49555499778593,1.51576524723108,2.39104642020106,0.0168004,"eutro"
0.0202442819573897,0.513500478483623,0.520498506752928,0.0388940250447238,0.9689749,"log10(RT)"
