"estimate","std.error","Adjusted.SE","statistic","p.value","term"
-11.6719396043129,3.92072259943355,3.97312443274334,2.93772314506991,0.0033063,"(Intercept)"
-1.67097605287324,1.16093240564449,1.17662781412847,1.42013985459874,0.155567,"human_impact"
2.17762389288742,0.603800459270301,0.611837375627835,3.55915473560741,0.0003721,"log10(area)"
-15.3498126676719,3.55868435245625,3.60643910190711,4.25622400210633,2.08e-05,"log10(depth)"
-2.51621167626081,1.42646361159487,1.44530023680761,1.74096122880229,0.0816904,"eutro"
-0.409640751530689,0.500718881142403,0.507497771554312,0.807177438978862,0.4195643,"log10(RT)"
