"estimate","std.error","Adjusted.SE","statistic","p.value","term"
-6.24768542923327,3.40935157790777,3.45534829376908,1.80812031033153,0.0705878,"(Intercept)"
-1.77942991457975,1.12601327839235,1.14123151018743,1.55921905301012,0.1189445,"human_impact"
1.44917126875958,0.505926951382498,0.512763936151173,2.82619577273145,0.0047104,"log10(area)"
-14.3901362956672,3.58118855283334,3.6295132303834,3.96475653407306,7.35e-05,"log10(depth)"
-4.1419632409534,1.58416065277285,1.60556684237212,2.5797513573673,0.0098871,"eutro"
-0.169023736825557,0.478143728569368,0.484659912038564,0.348747095906103,0.7272792,"log10(RT)"
