"term","estimate","std.error","statistic","p.value"
"(Intercept)",-3.79668790123027,0.687301078216799,-5.52405346297545,3.31266588777324e-08
"human_impact",-0.246530543332079,0.295370955513363,-0.834647207961265,0.403916373817312
"log10(area)",1.46204469814928,0.116150735783578,12.5874768531255,2.4745735334771e-36
"depth",-5.25970871998128,0.327052232144858,-16.0821673207589,3.40263584421386e-58
"eutro",-0.657659713234685,0.275906092893773,-2.38363606376715,0.0171425460206145
"log10(RT)",-0.344313312547801,0.109823742489251,-3.13514459390692,0.00171769423981935
