"estimate","std.error","Adjusted.SE","statistic","p.value","term"
-9.15387922020277,4.02995925922197,4.08360492824148,2.241617242867,0.0249861,"(Intercept)"
-2.35728034123488,1.13714281980252,1.15251836545257,2.04532995906683,0.0408223,"human_impact"
1.73721432357204,0.55595521759869,0.563471019110782,3.0830588702034,0.0020488,"log10(area)"
-17.2110948184985,3.86943100209534,3.92135989640104,4.38906279280679,1.14e-05,"log10(depth)"
-2.58552752290155,1.7003764738717,1.72336842769449,1.50027555417181,0.133543,"eutro"
0.376506564272872,0.466733106915612,0.473093785460764,0.795839167293601,0.4261255,"log10(RT)"
