"estimate","std.error","Adjusted.SE","statistic","p.value","term"
-7.17449581973923,3.51923111476535,3.56533474862791,2.01229234435849,0.04418913,"(Intercept)"
-1.95744709707555,1.12762545438533,1.14288927472671,1.71271805621207,0.08676442,"human_impact"
1.47510900931694,0.506878556680621,0.513731312567634,2.87136285686836,0.00408706,"log10(area)"
-14.1707551867662,3.37758425439543,3.42310030960019,4.1397428953583,3.477e-05,"log10(depth)"
-1.98999797712114,1.39580335550765,1.41469522257712,1.4066619759244,0.15952765,"eutro"
-0.576715470360676,0.493324294421869,0.500047359935836,1.1533216982381,0.24877837,"log10(RT)"
