"estimate","std.error","Adjusted.SE","statistic","p.value","term"
-6.06314289177189,3.28493420181837,3.32927460385676,1.82116034668577,0.0685825,"(Intercept)"
-1.61993249024969,1.09075393592383,1.10549435327103,1.4653466889781,0.1428264,"human_impact"
1.24118422228564,0.490239467192984,0.496864719533101,2.49803250963758,0.0124885,"log10(area)"
-14.2767599520281,3.54690374501551,3.59481535148092,3.97148630906637,7.14e-05,"log10(depth)"
-2.66059730230525,1.39415960454103,1.41300032086916,1.8829417538056,0.0597083,"eutro"
0.109420558433477,0.428683154985245,0.434525285543761,0.251816320186176,0.801183,"log10(RT)"
