"estimate","std.error","Adjusted.SE","statistic","p.value","term"
-6.56358703871057,3.59763719120877,3.64625152571999,1.80009168111751,0.0718462,"(Intercept)"
-2.45007656683275,1.17240421490152,1.18824710490686,2.06192513048436,0.0392149,"human_impact"
1.37316146429924,0.531317600419799,0.538497547079604,2.54998647950433,0.0107727,"log10(area)"
-15.8914118365245,3.79007606293507,3.84129232459467,4.13699622254116,3.52e-05,"log10(depth)"
-2.71029032451098,1.55585345825051,1.57687825851833,1.71876954347612,0.0856563,"eutro"
0.0536759416135765,0.467774152834532,0.47414901884216,0.113204793177996,0.9098682,"log10(RT)"
