"term","estimate","std.error","statistic","p.value"
"(Intercept)",-2.83588381912222,0.491946322577445,-5.76462042497691,8.18418233099169e-09
"human_impact",-2.55485624749345,0.194758515634257,-13.1180720862101,2.59451549733457e-39
"log10(area)",1.73371362309271,0.0905847118843036,19.1391415508065,1.19218103004941e-81
"depth",-6.12969108126695,0.252589431297367,-24.2674091698264,4.33131700199746e-130
"eutro",-1.35213281099175,0.187048979635559,-7.22876336254927,4.87411868345269e-13
"log10(RT)",-0.17787076678392,0.0778816508510799,-2.28385973897795,0.0223797754417879
