"term","estimate","std.error","statistic","p.value"
"(Intercept)",-6.8262636803992,3.79550940560365,-1.79851054256933,0.0720961394898359
"human_impact",-2.33418583539884,1.17605404440311,-1.98476068893885,0.0471711030823082
"log10(area)",1.50556045857357,0.52560208934926,2.86444915094911,0.00417735217728623
"log10(depth)",-15.9080126078067,3.87956289352484,-4.10046519270453,4.12320452324008e-05
"eutro",-3.14037658813415,1.47603057614144,-2.12758234070161,0.0333717276671538
"log10(RT)",-0.0835731467672434,0.514209277408358,-0.162527496953101,0.870890476694639
