"term","estimate","std.error","statistic","p.value"
"(Intercept)",-10.1220665886593,4.77582467726313,-2.11943847872991,0.0340534278217268
"human_impact",-3.48590888628657,1.48542897823688,-2.34673548002553,0.0189386947281747
"log10(area)",2.24529723836632,0.683590062778847,3.28456681953364,0.00102139275365751
"log10(depth)",-30.3602904177791,6.64377251718374,-4.56973659758125,4.88337585163755e-06
"eutro",-6.79110305249105,2.1318982562182,-3.18547239892108,0.00144517888772706
"log10(RT)",0.368612414440784,0.590037321091066,0.624727286333625,0.532150061311733
