"term","estimate","std.error","statistic","p.value"
"(Intercept)",-3.50295683104068,0.691494649943514,-5.06577575303992,4.06740510109102e-07
"human_impact",-0.438810985991114,0.289991710636425,-1.51318458389064,0.130232778977131
"log10(area)",1.39676030215159,0.116130375525174,12.0275190348353,2.54699758681616e-33
"depth",-5.13337863083572,0.324038493580745,-15.8418790746432,1.59968199486926e-56
"eutro",-0.603364157602719,0.280206447751926,-2.1532843460365,0.0312963382874158
"log10(RT)",-0.307055048145741,0.108977714568505,-2.81759485745795,0.00483848200726929
