"term","estimate","std.error","statistic","p.value"
"(Intercept)",-3.06515508247555,0.494802517409084,-6.19470389626452,5.83947032861281e-10
"human_impact",-2.64983984782807,0.192584027852869,-13.7593957161001,4.47249517283519e-43
"log10(area)",1.76950565616142,0.0919034933883565,19.2539542396286,1.30788764258787e-82
"depth",-5.9228045619002,0.248204361958179,-23.8626127082253,7.49117982751636e-126
"eutro",-1.34134413453577,0.18827993107021,-7.12420132571421,1.04685932138306e-12
"log10(RT)",-0.220824598106219,0.0770216066946996,-2.86704741153388,0.00414320938290353
