"term","estimate","std.error","statistic","p.value"
"(Intercept)",-4.02462053836911,0.7017925991246,-5.73477198732122,9.76436148872981e-09
"human_impact",-0.194354394321149,0.293368557906674,-0.662492244253992,0.507655803696608
"log10(area)",1.4554246523337,0.117769442076045,12.3582537768492,4.3960251133888e-35
"depth",-5.00928010433557,0.318886210730355,-15.7086758090375,1.31905496582369e-55
"eutro",-0.689037406721378,0.276631752375879,-2.49081098176009,0.0127451904216637
"log10(RT)",-0.354975368836109,0.111364454824111,-3.1875104978223,0.00143503248635951
