"estimate","std.error","Adjusted.SE","statistic","p.value","term"
-5.03319784165951,3.40250115791253,3.44845370790889,1.45955209725335,0.1444132,"(Intercept)"
-2.96396068323842,1.2245455711806,1.2410929982441,2.3881858067299,0.0169318,"human_impact"
1.10044028305385,0.486254318078705,0.49282552864809,2.23292061609015,0.0255542,"log10(area)"
-12.2269800292305,3.17937156767769,3.22232741269166,3.79445613784389,0.000148,"log10(depth)"
-2.19173457442447,1.43152214669038,1.45086714416852,1.51063767846265,0.1308808,"eutro"
0.0993299373887241,0.462341892191349,0.468642726888122,0.21195237158228,0.8321442,"log10(RT)"
