"term","estimate","std.error","statistic","p.value"
"(Intercept)",-3.60568008127537,0.710504034088329,-5.0748199985971,3.8786298917985e-07
"human_impact",-0.267536436774843,0.298687619877958,-0.895706480516856,0.370409548342163
"log10(area)",1.41119945308958,0.117895760089,11.9698914704333,5.10954171990124e-33
"depth",-5.03417691492229,0.323586974176247,-15.5574152134453,1.417071454611e-54
"eutro",-0.837647671941783,0.279475328675105,-2.99721508840432,0.00272458404768239
"log10(RT)",-0.35597977437814,0.110811238445655,-3.21248800547178,0.00131590643118957
