"term","estimate","std.error","statistic","p.value"
"(Intercept)",-7.2260791406102,3.87181369489775,-1.86632924774575,0.0619953152108856
"human_impact",-2.57838613455544,1.27178532415731,-2.02737528541924,0.0426240474809927
"log10(area)",1.59413923047315,0.535797600393159,2.97526384833266,0.00292736643782675
"log10(depth)",-16.6759881775283,3.89077918670726,-4.2860279078549,1.81896147124113e-05
"eutro",-3.02705304925631,1.51022136751988,-2.00437704985423,0.0450296858468108
"log10(RT)",-0.170056064088904,0.531335870330997,-0.320053799460156,0.748927547629057
