"term","estimate","std.error","statistic","p.value"
"(Intercept)",-3.7702189001559,0.685820888785137,-5.4973812577136,3.85472705075966e-08
"human_impact",-0.378649100868541,0.295608056356827,-1.28091603975595,0.200223158280905
"log10(area)",1.39179715745112,0.113803653313392,12.2298108797826,2.15439635219845e-34
"depth",-4.85988242771256,0.314414808181746,-15.4569132917662,6.77690426477594e-54
"eutro",-0.668192861975921,0.280705787426155,-2.38040286986139,0.0172937195028024
"log10(RT)",-0.320404312763975,0.10909443191491,-2.93694469222664,0.00331463213114779
