"term","estimate","std.error","statistic","p.value"
"(Intercept)",-4.01452782665792,0.696776829727595,-5.76156906398194,8.33355497995867e-09
"human_impact",-0.168644101364245,0.293365795945398,-0.574859454289052,0.565386353292906
"log10(area)",1.43186340195484,0.115700196103166,12.3756350480003,3.54082545210215e-35
"depth",-4.97150233052676,0.319724710598455,-15.5493215435904,1.60800194354603e-54
"eutro",-0.719990717026947,0.279590216962371,-2.57516419869529,0.010019250974763
"log10(RT)",-0.305935050334253,0.109877212298747,-2.78433575018669,0.00536374795988164
