"estimate","std.error","Adjusted.SE","statistic","p.value","term"
-6.16880078262691,3.21451888074853,3.25796134601209,1.89345425788364,0.0582975,"(Intercept)"
-2.14542544285735,1.16990487800553,1.18571408387328,1.80939525981597,0.0703896,"human_impact"
1.28163363163726,0.473322095504107,0.479718268654832,2.67163815801942,0.0075482,"log10(area)"
-13.7207190483551,3.40457147109183,3.45058038587311,3.97635108126407,7e-05,"log10(depth)"
-3.01494334780158,1.44567938133529,1.46521531857406,2.05767937966667,0.0396209,"eutro"
0.0384211463202132,0.435969484370825,0.441910913646979,0.0869431940549582,0.9307167,"log10(RT)"
