"term","estimate","std.error","statistic","p.value"
"(Intercept)",-3.64464415811934,0.684768860944794,-5.32244435456766,1.02382107652104e-07
"human_impact",-0.385366048596496,0.292109838625588,-1.31925049292995,0.187085382778283
"log10(area)",1.40840504547944,0.114985166953902,12.2485802542173,1.7096262877915e-34
"depth",-4.90179971865307,0.313099700138409,-15.6557151491559,3.03680254576005e-55
"eutro",-0.658131326253447,0.277232013857963,-2.37393696743347,0.0175995546451644
"log10(RT)",-0.389535417914281,0.11192281666829,-3.48039327020121,0.000500678263394483
