"term","estimate","std.error","statistic","p.value"
"(Intercept)",-3.32328779855281,0.692875889648983,-4.79636807716952,1.61568278313372e-06
"human_impact",-0.413806568938137,0.293701537525234,-1.40893565769156,0.158854194598266
"log10(area)",1.40567081887636,0.116324994997179,12.0839963836701,1.28327535588999e-33
"depth",-5.18808549976686,0.322721727575331,-16.076034107607,3.75671714519207e-58
"eutro",-0.81014811921997,0.281408260170029,-2.87890667719018,0.00399056401716294
"log10(RT)",-0.356272323681848,0.11184040776784,-3.18554206652575,0.00144483096820633
