"term","estimate","std.error","statistic","p.value"
"(Intercept)",-3.57019920419093,0.711893402406149,-5.01507556064421,5.30126279564425e-07
"human_impact",-0.531911210152227,0.297497774228145,-1.78795021755126,0.0737840399086767
"log10(area)",1.41451997132608,0.117862224023929,12.0014702169449,3.49040473087283e-33
"depth",-5.20990656017633,0.330191617364736,-15.7784337523668,4.37920321234864e-56
"eutro",-0.587025378316938,0.282449077583498,-2.07834057501357,0.03767800181153
"log10(RT)",-0.285629364704393,0.108315262953268,-2.6370186150739,0.00836382417012288
