"term","estimate","std.error","statistic","p.value"
"(Intercept)",-3.73427123421851,0.688054032817954,-5.4272935788555,5.7214976908793e-08
"human_impact",-0.226431380477588,0.29658254435674,-0.763468332125536,0.445184141469418
"log10(area)",1.39954738457446,0.114381794379698,12.235753007411,2.00239176545656e-34
"depth",-4.78039107611487,0.309108827515615,-15.4650745969828,5.97040623816525e-54
"eutro",-0.684903762274006,0.279789260512001,-2.447927275767,0.0143680652968104
"log10(RT)",-0.410703893474355,0.111313522437208,-3.68961366491687,0.00022459486425509
