"term","estimate","std.error","statistic","p.value"
"(Intercept)",-3.69811488789887,0.701935746778641,-5.26845214091239,1.37578900417811e-07
"human_impact",-0.443114085715154,0.300547615140475,-1.47435568739431,0.140385848815714
"log10(area)",1.50143811197914,0.120239287524574,12.4870842375233,8.78132435842575e-36
"depth",-5.20723071328047,0.329322306821326,-15.8119586964561,2.573399861564e-56
"eutro",-0.60761188549885,0.28228504515695,-2.15247635651765,0.0313598554997467
"log10(RT)",-0.465680555778488,0.112992721265876,-4.12133233505127,3.76687568077437e-05
