"term","estimate","std.error","statistic","p.value"
"(Intercept)",-3.53255297897538,0.693181179469575,-5.09614669815257,3.46636554815699e-07
"human_impact",-0.311624007955317,0.299410574325068,-1.04079159080397,0.297972283696787
"log10(area)",1.43444765480856,0.116736190617762,12.287942986811,1.05147640896445e-34
"depth",-5.11634384314422,0.322619091734259,-15.8587757954466,1.22253748432333e-56
"eutro",-0.93251535858417,0.284065131328023,-3.28275193165948,0.00102799083901711
"log10(RT)",-0.374553189857794,0.111415875250351,-3.36175781966597,0.000774480175245326
