"term","estimate","std.error","statistic","p.value"
"(Intercept)",-3.88459535331499,0.705621530221831,-5.50521091964664,3.68726543829286e-08
"human_impact",-0.51883106420926,0.296393206767281,-1.75048230648765,0.0800351246218997
"log10(area)",1.48822713547099,0.119687473984968,12.434276419418,1.70275671360563e-35
"depth",-5.19944710135196,0.327201096336583,-15.8906775055651,7.35285606872986e-57
"eutro",-0.568629664582078,0.280981993369026,-2.02372279363565,0.0429986819534312
"log10(RT)",-0.372003918981572,0.113000039541724,-3.29206892749993,0.000994532335393658
