"estimate","std.error","Adjusted.SE","statistic","p.value","term"
-6.50421476880775,3.27111346997091,3.313881095262,1.96271820920404,0.0496789,"(Intercept)"
-0.964831534755235,1.08552594021803,1.10015487283758,0.876996101709473,0.3804888,"human_impact"
1.22947177329269,0.48325503808378,0.489727217218353,2.5105236753556,0.0120552,"log10(area)"
-12.2792442990629,2.92946706669293,2.96860655406804,4.13636636429169,3.53e-05,"log10(depth)"
-2.89960836592203,1.38308859136341,1.40155012974075,2.06885811958676,0.0385594,"eutro"
0.174988902623118,0.480453622786987,0.486928386230368,0.359372974695153,0.7193161,"log10(RT)"
