"term","estimate","std.error","statistic","p.value"
"(Intercept)",-9.00141474361047,3.86241971319862,-2.33051180658874,0.0197791167432959
"human_impact",-1.71666080087017,1.26574808241025,-1.35624207117208,0.175022160129026
"log10(area)",1.91319137868477,0.596308938295917,3.20838957093639,0.001334805580553
"log10(depth)",-26.4006807020947,5.46728794765412,-4.8288440182527,1.37327923345612e-06
"eutro",-4.59064747512807,1.81956551663129,-2.52293607081932,0.0116379556218962
