"term","estimate","std.error","statistic","p.value"
"(Intercept)",-3.35049630620148,0.715317781700661,-4.68392704880858,2.81430206650742e-06
"human_impact",-0.498349942581955,0.296432396445032,-1.68115883607332,0.0927320667054544
"log10(area)",1.44976270967128,0.119830205115415,12.098474739945,1.07591653235239e-33
"depth",-5.33988203582035,0.33415563840381,-15.9802242491787,1.75513388045408e-57
"eutro",-0.898128987089448,0.285308776694519,-3.14791923856964,0.00164437117937944
"log10(RT)",-0.34926199265996,0.112086428061816,-3.11600609190026,0.00183318485348959
