"term","estimate","std.error","statistic","p.value"
"(Intercept)",-3.8048356108541,0.726901692495723,-5.2343193723909,1.65593915946259e-07
"human_impact",-0.427416441206912,0.297612362544961,-1.43615150107328,0.150959236023524
"log10(area)",1.56718111571659,0.124299900821881,12.6080640881792,1.90617875569294e-36
"depth",-5.71581320846029,0.355849008260785,-16.0624677202175,4.6757285430742e-58
"eutro",-0.99861574524197,0.286408229691719,-3.48668663018813,0.000489044027553619
"log10(RT)",-0.320177995605228,0.113175510220337,-2.82903955972353,0.0046687927476976
