"estimate","std.error","Adjusted.SE","statistic","p.value","term"
-10.8730324618367,3.82685051218077,3.87758574542638,2.80407273382967,0.0050462,"(Intercept)"
-1.15663344282758,1.12603738276119,1.14121226195034,1.01351298210807,0.3108152,"human_impact"
1.98474991149181,0.551550392310897,0.558900423353151,3.55116909660616,0.0003835,"log10(area)"
-17.522457801806,3.88326420487037,3.93544966762851,4.45246649853991,8.5e-06,"log10(depth)"
-3.15163337964609,1.54886895103139,1.56945667893812,2.00810472945227,0.0446322,"eutro"
0.0134493464201753,0.481768111580957,0.488260589541591,0.0275454269876714,0.9780247,"log10(RT)"
