"term","estimate","std.error","statistic","p.value"
"(Intercept)",-3.20479182532249,0.488136770636586,-6.56535630606783,5.19085890631228e-11
"human_impact",-2.40558367820584,0.190830226033042,-12.6058839221273,1.95963201075587e-36
"log10(area)",1.74990210611725,0.0902536448251564,19.3887139905235,9.61099302502761e-84
"depth",-5.82832097722357,0.244061568776932,-23.8805355813744,4.87993020961212e-126
"eutro",-1.26759972182033,0.184636801209763,-6.86536873209926,6.63197241939411e-12
"log10(RT)",-0.215860225973144,0.0765740223117581,-2.8189746268559,0.00481773262625918
