"term","estimate","std.error","statistic","p.value"
"(Intercept)",-4.04630926308309,0.703929386566425,-5.74817494524541,9.02118736812336e-09
"human_impact",-0.376358970478717,0.300125341322278,-1.25400597237332,0.209839834643234
"log10(area)",1.49095117136552,0.117922179295772,12.6435177866406,1.21494126737239e-36
"depth",-5.105556714942,0.329556729531628,-15.4921937785889,3.91693464382526e-54
"eutro",-0.580925674312768,0.282086019308691,-2.05939193915545,0.0394567073371544
"log10(RT)",-0.377781586926238,0.113587075024835,-3.32592054900294,0.000881270448256883
