"term","estimate","std.error","statistic","p.value"
"(Intercept)",-3.81086179578639,0.697222042701563,-5.46577928176257,4.60877524938791e-08
"human_impact",-0.284785119804905,0.292000155277539,-0.975290987548361,0.329415939715136
"log10(area)",1.50932658263346,0.11912400532269,12.6702135186347,8.64786864941273e-37
"depth",-5.15809547613332,0.323520522261995,-15.9436422767523,3.15421079762616e-57
"eutro",-0.666450082752877,0.280102952220016,-2.37930402900356,0.0173453632330594
"log10(RT)",-0.475980211707219,0.114585276957257,-4.15393865901961,3.26800815901095e-05
