"term","estimate","std.error","statistic","p.value"
"(Intercept)",-6.39958465557342,3.89150287502476,-1.6445021013977,0.100072530591566
"human_impact",-2.57467841716896,1.27833666529218,-2.01408477678334,0.0440006335277888
"log10(area)",1.51599595008904,0.537243576693523,2.82180376993852,0.00477543874186504
"log10(depth)",-22.4300462379928,5.03437016402947,-4.45538280006809,8.37436348871958e-06
"eutro",-5.7444307597532,1.93619348973499,-2.96686813079794,0.00300849962708724
"log10(RT)",0.310978841708773,0.513127139301124,0.606046373092493,0.544483959950223
