"term","estimate","std.error","statistic","p.value"
"(Intercept)",-3.20608924084754,0.690455998426083,-4.64343745025885,3.42659764516417e-06
"human_impact",-0.410737491915545,0.291857322177675,-1.40732289617013,0.159331662980706
"log10(area)",1.32721405513915,0.113972025819789,11.645086112953,2.43076006923185e-31
"depth",-5.00425792533318,0.320978992222527,-15.590608876558,8.43259743485308e-55
"eutro",-0.794221617579116,0.274850074718927,-2.88965399915324,0.00385666054014211
"log10(RT)",-0.28816946484124,0.108295355633282,-2.66095866398058,0.00779185222373418
