"estimate","std.error","Adjusted.SE","statistic","p.value","term"
-6.6912128519444,3.43595154523295,3.48205434115027,1.92162792316849,0.0546526,"(Intercept)"
-2.67653767257506,1.12258805818102,1.13775965943414,2.35246315017552,0.0186495,"human_impact"
1.39169569212532,0.495848207759487,0.502549177205499,2.76927265081609,0.0056182,"log10(area)"
-12.5370796415968,3.17677947211694,3.21959164545698,3.89399682387899,9.86e-05,"log10(depth)"
-2.52620638758599,1.36206976386667,1.38048020429122,1.82994756442959,0.0672578,"eutro"
0.222076019094636,0.452325211366543,0.458489537883647,0.484364420003391,0.6281273,"log10(RT)"
