"term","estimate","std.error","statistic","p.value"
"(Intercept)",-11.1950498579023,4.59995206171184,-2.43373185366113,0.0149440612269372
"human_impact",-2.88558036131663,1.40256481263692,-2.05735972791983,0.0396516359544014
"log10(area)",2.04101840052414,0.632308750268378,3.22788258055554,0.00124710153108533
"log10(depth)",-26.3377663538857,5.83212590076745,-4.51598041640697,6.30244890288267e-06
"eutro",-4.56688725072854,1.86423370182597,-2.44973966850582,0.0142959533411911
"log10(RT)",0.747151954639285,0.576886821971489,1.29514477742085,0.19527029059862
