"term","estimate","std.error","statistic","p.value"
"(Intercept)",-3.64394597345087,0.69079904104514,-5.2749725418521,1.32775966196535e-07
"human_impact",-0.252372124348127,0.294378812579775,-0.857303968775727,0.391276915717905
"log10(area)",1.4066309795876,0.115132528534751,12.2174940261391,2.50693796778791e-34
"depth",-5.0320614072877,0.319400622724745,-15.7547013038364,6.37599023761743e-56
"eutro",-0.847703368503918,0.280096230638778,-3.02647188993109,0.00247425825703331
"log10(RT)",-0.327183994860516,0.110329189966639,-2.96552521557937,0.00302166573502804
