"term","estimate","std.error","statistic","p.value"
"(Intercept)",-4.23850824113236,0.70752214243861,-5.99063688172858,2.09020863627791e-09
"human_impact",-0.342937005987198,0.296018883222505,-1.15849706023459,0.246661250657238
"log10(area)",1.55562117763775,0.120915957989236,12.8653091246751,7.05590752086986e-38
"depth",-5.22221040839105,0.329648092460155,-15.8417734785536,1.60237083559658e-56
"eutro",-0.589084058954895,0.285475705159254,-2.06351730920945,0.0390635049840699
"log10(RT)",-0.416103187831445,0.11219537195818,-3.7087375403198,0.000208295196832374
