"term","estimate","std.error","statistic","p.value"
"(Intercept)",-3.65154125426081,0.703653243919954,-5.1894044201638,2.10967757440021e-07
"human_impact",-0.369096138150748,0.296581343452346,-1.2445022126284,0.213314785532567
"log10(area)",1.39388927571177,0.115683754796942,12.0491358372525,1.95993910676079e-33
"depth",-5.04117645388275,0.322198737762334,-15.646170710952,3.528206176133e-55
"eutro",-0.682297008715488,0.278577339083136,-2.44921934770821,0.0143166232572623
"log10(RT)",-0.299245089353543,0.109782601672507,-2.7257970278954,0.00641464312667714
