"estimate","std.error","Adjusted.SE","statistic","p.value","term"
-6.30192971036623,3.54093990402379,3.58878314090344,1.75600738828142,0.0790871,"(Intercept)"
-2.29972861037237,1.25928993247545,1.27630724016205,1.80186129013918,0.0715672,"human_impact"
1.40073912156821,0.521873633267514,0.528925806932712,2.64827146493611,0.0080905,"log10(area)"
-16.885691814364,3.8269864896978,3.87870131536717,4.35343957717599,1.34e-05,"log10(depth)"
-3.54464309691919,1.56101318537434,1.58210812620251,2.24045565420823,0.0250614,"eutro"
0.0744072227385632,0.479906444480151,0.486446650391957,0.152960705307785,0.8784293,"log10(RT)"
