"term","estimate","std.error","statistic","p.value"
"(Intercept)",-3.44861799422195,0.698448801906171,-4.93753870693194,7.91147074459436e-07
"human_impact",-0.444175105683958,0.291293547364576,-1.52483674871122,0.127299821401017
"log10(area)",1.3440231675269,0.115427174453341,11.6439059856758,2.46464032821833e-31
"depth",-4.85917762624729,0.315111576342451,-15.4204986140101,1.19180633239446e-53
"eutro",-0.564599903521315,0.2762147323559,-2.04406151223619,0.0409474707397377
"log10(RT)",-0.326132576130413,0.110089934478767,-2.96241956791531,0.00305231544398286
