"estimate","std.error","Adjusted.SE","statistic","p.value","term"
-5.24335378174658,3.44549904342028,3.49192620297244,1.50156488910999,0.1332095,"(Intercept)"
-1.73420631372742,1.19320875943626,1.20933553832846,1.43401583660101,0.1515677,"human_impact"
1.32008761261248,0.506469704649292,0.513314575355854,2.57169321891421,0.0101203,"log10(area)"
-15.2279407961481,3.59398828687999,3.64251041702225,4.18061695170029,2.91e-05,"log10(depth)"
-4.36319352618573,1.50836455231745,1.52875059180717,2.85409114447367,0.004316,"eutro"
-0.188411191573054,0.47042575132158,0.476836753539297,0.395127242551212,0.692749,"log10(RT)"
