"term","estimate","std.error","statistic","p.value"
"(Intercept)",-3.54383673567241,0.701542176112636,-5.05149491554366,4.38365607584223e-07
"human_impact",-0.622458834716807,0.300472132969706,-2.071602542854,0.0383025225967719
"log10(area)",1.44768307161731,0.117587005068067,12.311590645406,7.84614000530028e-35
"depth",-5.18611279368876,0.330446241061533,-15.6942708049236,1.65533841281902e-55
"eutro",-0.698663674124477,0.285458757170418,-2.44751179137019,0.0143846418342209
"log10(RT)",-0.357256762074594,0.112466583671017,-3.17655920908584,0.00149033363967293
