"estimate","std.error","Adjusted.SE","statistic","p.value","term"
-6.22829564610275,3.20533539111535,3.24718479572128,1.91806011604563,0.0551034,"(Intercept)"
-1.55692610308188,1.05854570014071,1.07285011905266,1.45120560219229,0.1467226,"human_impact"
1.20078592747966,0.462577281952283,0.468786871200987,2.56147516333672,0.0104229,"log10(area)"
-13.3740963585002,3.2133221536404,3.25616374565944,4.10731689287073,4e-05,"log10(depth)"
-2.7041832016544,1.36527930046581,1.38327812308644,1.95490925253751,0.0505938,"eutro"
0.232250579148253,0.445924650344008,0.451955857396721,0.513878900665263,0.6073367,"log10(RT)"
