"estimate","std.error","Adjusted.SE","statistic","p.value","term"
-10.9827477967027,3.96074022366162,4.01344247075142,2.73649065029364,0.0062098,"(Intercept)"
-1.54608452905424,1.23162083312623,1.24821859234423,1.23863283125001,0.2154815,"human_impact"
2.25514413139813,0.603696867837493,0.611795420789913,3.68610822305016,0.0002277,"log10(area)"
-25.8268356017001,5.33777466352393,5.40970038466865,4.7741711675742,1.8e-06,"log10(depth)"
-5.14379658458897,1.87946174718143,1.90455218591665,2.70079057041606,0.0069175,"eutro"
0.0282649102080558,0.532620546406641,0.539798329816958,0.0523619815897544,0.9582403,"log10(RT)"
