"estimate","std.error","Adjusted.SE","statistic","p.value","term"
-15.5737766740526,5.27915607738004,5.34217017199831,2.91525282284802,0.00355401,"(Intercept)"
-2.07729126613265,1.36561375921027,1.38406789494686,1.50085936803873,0.13339194,"human_impact"
2.77647953028248,0.733535691607445,0.743229740563438,3.73569487165254,0.0001872,"log10(area)"
-25.9836262737412,5.64076831798669,5.71341157790293,4.54783029709166,5.42e-06,"log10(depth)"
-4.60001009378882,1.91878169526293,1.94462003576398,2.36550586191076,0.01800546,"eutro"
0.882876928580004,0.61933379295635,0.627774126651936,1.40636080892437,0.15961701,"log10(RT)"
