"term","estimate","std.error","statistic","p.value"
"(Intercept)",-2.93606463071175,0.496668320800253,-5.9115198367817,3.38965433677657e-09
"human_impact",-2.59516737935938,0.194152660420227,-13.3666331109878,9.47327608565176e-41
"log10(area)",1.77366831251049,0.0923255559777353,19.2110222757632,2.99313757571176e-82
"depth",-6.17772284688644,0.253792483620083,-24.3416304484976,7.10998869374654e-131
"eutro",-1.47704483608673,0.18824464800936,-7.84641078355272,4.28113058441729e-15
"log10(RT)",-0.182211230572165,0.0786436226507423,-2.31692315830069,0.0205079179970941
