"estimate","std.error","Adjusted.SE","statistic","p.value","term"
-4.3811171869787,3.21438884614742,3.25757748378734,1.34490037728438,0.1786574,"(Intercept)"
-1.72634680017656,1.09462695609563,1.10942075891217,1.55607941018637,0.1196892,"human_impact"
1.05528596387554,0.455915864523322,0.462078457734521,2.28378091688022,0.0223844,"log10(area)"
-12.7085958232577,3.22864444895185,3.27219752923399,3.88381071427335,0.0001028,"log10(depth)"
-3.60281473227423,1.46850442158788,1.48835640655149,2.42066666049561,0.0154921,"eutro"
0.250046745530265,0.417559973169614,0.423250516058688,0.5907771781561,0.5546697,"log10(RT)"
