"term","estimate","std.error","statistic","p.value"
"(Intercept)",-2.91258555737151,0.497378580828214,-5.85587250766126,4.74512142569958e-09
"human_impact",-2.41102895340048,0.192922635162757,-12.4973876257001,7.71448971577973e-36
"log10(area)",1.74464789738948,0.0914914823562159,19.0689652463692,4.57263585459272e-81
"depth",-5.9607593163279,0.247303153342849,-24.1030461429831,2.32247094981117e-128
"eutro",-1.47946115348287,0.186847206166252,-7.91802662634667,2.41309697571879e-15
"log10(RT)",-0.242615054074111,0.077093138238495,-3.14703823994761,0.00164933389844975
