"term","estimate","std.error","statistic","p.value"
"(Intercept)",-3.39664514244693,0.700144571253942,-4.85134825278102,1.22625012583046e-06
"human_impact",-0.395371768268837,0.296719031963058,-1.33247862684474,0.182702960179195
"log10(area)",1.41621400957319,0.115912824399038,12.2179233998973,2.49373459459249e-34
"depth",-5.22011002407197,0.325927255278199,-16.0161813396559,9.85176931401795e-58
"eutro",-0.837163084068533,0.278485881509836,-3.0061239712756,0.00264601095673046
"log10(RT)",-0.337983392406717,0.109817593553396,-3.07767982770795,0.00208618924670992
