"estimate","std.error","Adjusted.SE","statistic","p.value","term"
-7.26320967611523,3.95787852919791,4.01117644175595,1.81074300310152,0.0701806,"(Intercept)"
-1.91259912144473,1.29456923213691,1.31206658812852,1.45769973776467,0.1449233,"human_impact"
1.72919722515662,0.582784969702294,0.590661782935271,2.92755901112045,0.0034163,"log10(area)"
-22.6850955053222,4.8197484998402,4.88483048394037,4.64398827756724,3.4e-06,"log10(depth)"
-5.29348297755206,1.8437235314294,1.86864011854053,2.83279959850506,0.0046142,"eutro"
0.226674115623089,0.539139562399362,0.546487002288635,0.414784093077786,0.6783,"log10(RT)"
