"term","estimate","std.error","statistic","p.value"
"(Intercept)",-3.96316835957938,0.694456775451181,-5.70686110306081,1.15078614466794e-08
"human_impact",-0.310172532640636,0.294286972024014,-1.05397982964508,0.291892151899387
"log10(area)",1.39581745558018,0.115469927427892,12.0881469891963,1.22007495286745e-33
"depth",-4.89554549658583,0.317210514991289,-15.433112287341,9.80267763003081e-54
"eutro",-0.742794303730238,0.278249115485622,-2.6695297932353,0.00759575340637778
"log10(RT)",-0.254636389446566,0.108818746785866,-2.3400047966702,0.0192834922249103
