"estimate","std.error","Adjusted.SE","statistic","p.value","term"
-7.60811374155914,3.73169809111986,3.7821301737339,2.01159489284528,0.0442627,"(Intercept)"
-1.92867969349199,1.31660252194207,1.33439419326593,1.44535977691236,0.1483569,"human_impact"
1.62461548889592,0.559558795486622,0.56712026780674,2.86467541563785,0.0041744,"log10(area)"
-18.921282045439,4.137825745788,4.19374275384404,4.51178890934488,6.4e-06,"log10(depth)"
-4.08147782599735,1.63979038880809,1.66194925959449,2.45583780758338,0.0140557,"eutro"
-0.0421350019710248,0.47013950054853,0.476546601716325,0.0884173799986651,0.9295449,"log10(RT)"
