"term","estimate","std.error","statistic","p.value"
"(Intercept)",-3.61705151106735,0.686542522321691,-5.26850325138713,1.37540606922288e-07
"human_impact",-0.345890694948633,0.293921914070333,-1.17681152166784,0.239270742875366
"log10(area)",1.39909781329052,0.115411175723901,12.122723856809,8.00535548606484e-34
"depth",-4.91098365587557,0.31909878568958,-15.3901671711562,1.90539378131607e-53
"eutro",-0.818865481876364,0.281944960913696,-2.90434515737637,0.00368022193687896
"log10(RT)",-0.361406152650461,0.111236733673593,-3.24898206478222,0.00115818780363167
