"term","estimate","std.error","statistic","p.value"
"(Intercept)",-3.71656810531478,0.708431317803313,-5.24619396674759,1.55273429774642e-07
"human_impact",-0.710270090831608,0.299283262918979,-2.37323692579458,0.0176329491400567
"log10(area)",1.56112320944854,0.121891057548851,12.807528631236,1.48798519724492e-37
"depth",-5.46532189945063,0.34338565257263,-15.9159879235043,4.90860431349545e-57
"eutro",-0.546459094220252,0.282598360975368,-1.93369520026298,0.0531506143289719
"log10(RT)",-0.454699935085082,0.113110935746937,-4.01994671940811,5.82113048621126e-05
