"estimate","std.error","Adjusted.SE","statistic","p.value","term"
-5.54816479375723,3.51178404368164,3.55861525548197,1.55907969685973,0.1189775,"(Intercept)"
-2.49685801137624,1.18202905918016,1.19800081931261,2.0841872318659,0.0371431,"human_impact"
1.24296853123264,0.491440471495686,0.498078081804484,2.49552946945485,0.0125769,"log10(area)"
-13.6383443005705,3.33023084331627,3.37501573946974,4.04097205861127,5.32e-05,"log10(depth)"
-2.64727386917336,1.49239277817462,1.51256516004799,1.75018831525207,0.0800858,"eutro"
-0.272675442287359,0.459741035431538,0.466006425430804,0.585132366008219,0.5584587,"log10(RT)"
