"term","estimate","std.error","statistic","p.value"
"(Intercept)",-7.41320746121767,4.17153252844334,-1.77709448761844,0.0755526949871823
"human_impact",-2.97589038833899,1.20997992938323,-2.45945433975579,0.0139148396614841
"log10(area)",1.48770870810499,0.580932004044122,2.56089989490748,0.0104401433830475
"log10(depth)",-19.2170997161742,4.52621874140093,-4.24572934144722,2.17883516302672e-05
"eutro",-4.22786536409144,1.63458765710766,-2.58650268507011,0.00969554149889827
"log10(RT)",0.514652561048084,0.558010572194247,0.922298943233875,0.356372665101265
