"estimate","std.error","Adjusted.SE","statistic","p.value","term"
-10.5584110533038,4.0384850850914,4.08637595141331,2.58380804381253,0.0097716,"(Intercept)"
-1.9783571244718,1.12828546675545,1.14334789420131,1.73031947188199,0.0835732,"human_impact"
1.79181410881869,0.556480393970309,0.563778811837345,3.17822179762166,0.0014818,"log10(area)"
-12.5269439571844,3.10078639827181,3.14171542201826,3.98729428814306,6.68e-05,"log10(depth)"
-1.78608734589698,1.45932053463991,1.47898685580334,1.20764247423067,0.2271848,"eutro"
0.264898088968439,0.419422110177771,0.425074391308615,0.623180540594166,0.5331659,"log10(RT)"
