"term","estimate","std.error","statistic","p.value"
"(Intercept)",-3.48133331512093,0.689557102545731,-5.04865123173762,4.44940174866354e-07
"human_impact",-0.582401894316971,0.297945521492285,-1.95472612375566,0.0506154049460549
"log10(area)",1.40121236096306,0.115863324842589,12.0936660748061,1.14080154039467e-33
"depth",-4.98188845587472,0.323843591133464,-15.3836252816921,2.10806341385612e-53
"eutro",-0.765923203600941,0.279461957552244,-2.74070650012446,0.00613072441074595
"log10(RT)",-0.346385155197362,0.111765440609906,-3.09921522527119,0.00194034010206323
