"term","estimate","std.error","statistic","p.value"
"(Intercept)",-2.9488641100991,0.49494365056448,-5.95797947248326,2.55375584786324e-09
"human_impact",-2.47457391596301,0.192222111900231,-12.873513309683,6.34490521312557e-38
"log10(area)",1.77534740765626,0.0916553232826987,19.3698232036173,1.38733100474424e-83
"depth",-6.07907038837498,0.251129516004347,-24.2069131701339,1.88141740507967e-129
"eutro",-1.45008301985052,0.188914111007546,-7.67588515287038,1.64280264119584e-14
"log10(RT)",-0.237006296771541,0.0779450631297928,-3.04068387726984,0.0023604151375387
