"estimate","std.error","Adjusted.SE","statistic","p.value","term"
-9.43157317208577,3.65779557013201,3.70723264718109,2.54410069981914,0.0109559,"(Intercept)"
-1.77642563450655,1.10816911908862,1.12314400804812,1.58165437537591,0.1137285,"human_impact"
1.77839545528562,0.547338499624535,0.554734781157333,3.20584812002483,0.0013467,"log10(area)"
-17.01035189034,3.84552308275451,3.89749337095302,4.3644338222904,1.27e-05,"log10(depth)"
-2.61858850449886,1.45228636151351,1.47191178398796,1.77903902461065,0.0752334,"eutro"
-0.0136454147838693,0.467357397166497,0.473726583592375,0.0288044100890288,0.9770206,"log10(RT)"
