"estimate","std.error","Adjusted.SE","statistic","p.value","term"
-7.01141290176552,3.4647930338463,3.51162365526982,1.99662993249394,0.0458654,"(Intercept)"
-1.97234520233278,1.12414623912186,1.13933707211274,1.73113405208113,0.0834279,"human_impact"
1.43655445862104,0.520427164223983,0.527459783442035,2.72353362989409,0.0064588,"log10(area)"
-13.0542034992007,3.26319549363021,3.30729799718753,3.94709019577363,7.91e-05,"log10(depth)"
-2.90336606141332,1.43246614494474,1.45182353064348,1.99980645039311,0.0455212,"eutro"
0.00097179756354781,0.439956722999966,0.445952490703857,0.00217915043374688,0.9982613,"log10(RT)"
