"estimate","std.error","Adjusted.SE","statistic","p.value","term"
-4.50685772739917,3.22954761981028,3.27278852690809,1.37706964270525,0.1684907,"(Intercept)"
-1.98075637802805,1.11951239280037,1.13464361735864,1.74570794540677,0.0808617,"human_impact"
1.06469895841608,0.465719080739784,0.472014681229796,2.25564797188531,0.0240927,"log10(area)"
-12.323381060537,3.03688990785655,3.07780762912524,4.0039477919026,6.23e-05,"log10(depth)"
-2.84665309816555,1.36697584794731,1.3854532904451,2.05467273259787,0.0399106,"eutro"
-0.263142795952129,0.433069753475918,0.438971664972388,0.599452805156983,0.548871,"log10(RT)"
