"term","estimate","std.error","statistic","p.value"
"(Intercept)",-2.23291818339284,0.48477650691298,-4.60607754614986,4.1033542242416e-06
"human_impact",-2.44732593254561,0.191329630734988,-12.7911496151656,1.83735691577928e-37
"log10(area)",1.60884483216605,0.0885374233454404,18.1713536646411,8.70246444809216e-74
"depth",-5.80801445770784,0.243614513918617,-23.8410034126624,1.25541325689416e-125
"eutro",-1.51558688625194,0.18640103021752,-8.13078599664035,4.26515744903726e-16
"log10(RT)",-0.20888842104451,0.07638955521317,-2.73451547743135,0.00624721583110769
