"term","estimate","std.error","statistic","p.value"
"(Intercept)",-3.35278756100557,0.685540433500338,-4.89072182640838,1.0046686410777e-06
"human_impact",-0.461798365916841,0.290295564213198,-1.59078684914967,0.111657553540939
"log10(area)",1.38001406334611,0.113299772533973,12.1802015351117,3.96301373084647e-34
"depth",-5.07486631667522,0.321804715781158,-15.770018485765,5.00351361607744e-56
"eutro",-0.735925350652784,0.278101844349149,-2.64624404910041,0.00813910728613758
"log10(RT)",-0.327944867985874,0.110087114704114,-2.97895779053984,0.00289230618053952
