"term","estimate","std.error","statistic","p.value"
"(Intercept)",-3.8133507623297,0.694594125161808,-5.49004177287184,4.01838694113342e-08
"human_impact",-0.169658698016772,0.296007740060872,-0.573156289703379,0.56653887702708
"log10(area)",1.42609287570888,0.115956805962976,12.29848359366,9.2290489240073e-35
"depth",-5.06210515087667,0.322956752377025,-15.6742508512938,2.26884276117115e-55
"eutro",-0.674629326592951,0.282624995341697,-2.38701225196772,0.0169859251878431
"log10(RT)",-0.358557788443902,0.112360269847109,-3.19114388859869,0.00141710686035911
