"estimate","std.error","Adjusted.SE","statistic","p.value","term"
-6.0769046102724,3.3442448338239,3.38857674151985,1.79335015076176,0.072917,"(Intercept)"
-1.3859194441805,1.14230369480128,1.15769778458134,1.19713405574296,0.2312543,"human_impact"
1.33378856460068,0.503628923057365,0.510153254944216,2.61448604252564,0.0089362,"log10(area)"
-14.3446784212346,3.2534759167402,3.2973091068745,4.35041967746599,1.36e-05,"log10(depth)"
-3.64617492039582,1.46205966280267,1.48149944418422,2.46113823039844,0.0138497,"eutro"
-0.268800759028333,0.471718349993952,0.478075393802668,0.562256000858484,0.5739416,"log10(RT)"
