"term","estimate","std.error","statistic","p.value"
"(Intercept)",-11.3360653463575,4.11996158174216,-2.7514978286676,0.00593234130973944
"human_impact",-1.65726651695254,1.25010893469776,-1.32569768198099,0.184939855545737
"log10(area)",2.02934616297222,0.614461035324701,3.30264418133502,0.000957778354824167
"log10(depth)",-19.1494206904329,4.16744225137002,-4.59500564984136,4.32737543475748e-06
"eutro",-2.60413526879441,1.63983514650928,-1.58804699017327,0.112275713824336
