"term","estimate","std.error","statistic","p.value"
"(Intercept)",-3.79532186300715,0.694047322924424,-5.46839060918103,4.54140204482809e-08
"human_impact",-0.249244178440332,0.294741808615195,-0.845635641619261,0.397756036135397
"log10(area)",1.45477014024385,0.117338599384676,12.3980527113215,2.67751424309137e-35
"depth",-5.07720048111274,0.321645862302612,-15.7850638735592,3.94250015878575e-56
"eutro",-0.868162152744643,0.280921033223597,-3.09041349728212,0.00199878016793828
"log10(RT)",-0.359810097132561,0.11228074691851,-3.20455738857615,0.0013527032045286
