"estimate","std.error","Adjusted.SE","statistic","p.value","term"
-8.57597206550346,3.64421617861591,3.69180664036269,2.3229743323342,0.0201805,"(Intercept)"
-3.38474178972922,1.21438064155139,1.23038946631605,2.75095153395908,0.0059422,"human_impact"
1.63282812334467,0.542819476218817,0.550056050968412,2.96847588617552,0.0029928,"log10(area)"
-12.2842462099976,3.16853409346995,3.20904570350629,3.82800600084177,0.0001292,"log10(depth)"
-1.66574197465751,1.37993897785759,1.39853552500422,1.19106161043173,0.2336294,"eutro"
-0.0924487070617701,0.464636137763795,0.47089773916835,0.196324380798776,0.8443563,"log10(RT)"
