"estimate","std.error","Adjusted.SE","statistic","p.value","term"
-8.60305212746338,3.41693594927327,3.46045601378844,2.48610359246986,0.012915,"(Intercept)"
-1.45409667366433,1.03899028532832,1.05285052781962,1.38110456825781,0.1672468,"human_impact"
1.44037653857844,0.469534075242832,0.475837335523484,3.02703556666867,0.0024696,"log10(area)"
-11.1199079838489,2.8838277518861,2.92169725852061,3.80597543137629,0.0001412,"log10(depth)"
-1.44706981848944,1.42985611914324,1.44912536739205,0.998581524449947,0.3179975,"eutro"
0.171995259492468,0.471348474685271,0.477700533923128,0.360048288160686,0.718811,"log10(RT)"
