"term","estimate","std.error","statistic","p.value"
"(Intercept)",-4.35354478859869,0.70708504136201,-6.15703138085448,7.4121166356024e-10
"human_impact",-0.477668708350957,0.294888366011339,-1.61982893666476,0.105269028483303
"log10(area)",1.55140612168566,0.120511581939977,12.8735022535706,6.34581373985696e-38
"depth",-5.12393996379475,0.331821191551485,-15.4418707853978,8.55814660234577e-54
"eutro",-0.642543355335842,0.282072265704518,-2.27793878895181,0.0227302248142539
"log10(RT)",-0.368924671790366,0.112631371284452,-3.27550546160573,0.0010547307494312
