"term","estimate","std.error","statistic","p.value"
"(Intercept)",-3.63984520200159,0.709755653145571,-5.12830744759853,2.92358713678145e-07
"human_impact",-0.379246780406038,0.296684555264575,-1.27828285522931,0.201149710770541
"log10(area)",1.44323431859096,0.119838242071792,12.0431866626211,2.10657920710486e-33
"depth",-5.11106770165749,0.322711068047753,-15.8379064361721,1.70400244409054e-56
"eutro",-0.670679608937796,0.279291191724646,-2.40136326819437,0.0163341121460227
"log10(RT)",-0.384101199966409,0.110629299877583,-3.47196629095038,0.000516661207547455
