"term","estimate","std.error","statistic","p.value"
"(Intercept)",-3.35401082507602,0.699269585578269,-4.79644888645112,1.61503143525246e-06
"human_impact",-0.3959700460888,0.297425658146972,-1.33132443433354,0.183082281667899
"log10(area)",1.47496258058095,0.119296743402694,12.3638126113981,4.10228365295132e-35
"depth",-5.40278857407883,0.336209949361305,-16.0696867666839,4.16184011511159e-58
"eutro",-0.974112195989416,0.279696994470877,-3.4827410206256,0.000496308236384096
"log10(RT)",-0.378285839033613,0.113519339818055,-3.33234706649911,0.000861167869327192
