"term","estimate","std.error","statistic","p.value"
"(Intercept)",-4.33217398539486,0.718691539755345,-6.02786278362148,1.66142009928662e-09
"human_impact",-0.32251314245245,0.298670973291777,-1.07982754031267,0.280218984835173
"log10(area)",1.49241869876541,0.119593314133936,12.4791148198637,9.70596594240383e-36
"depth",-5.06490159309961,0.322840909030908,-15.6885371445126,1.81182955847233e-55
"eutro",-0.65175445605379,0.280323719082411,-2.32500645392117,0.0200716151013856
"log10(RT)",-0.282855951450856,0.110465971369089,-2.56057089749185,0.0104500338927679
