"estimate","std.error","Adjusted.SE","statistic","p.value","term"
-10.9520174463637,3.81494037258214,3.86638359157496,2.8326256790011,0.0046167,"(Intercept)"
-2.52882773434446,1.20919388521556,1.2255356713751,2.06344686116481,0.0390702,"human_impact"
2.01132579509807,0.578210517003763,0.586025021944039,3.43215002735863,0.0005988,"log10(area)"
-14.9162036038695,3.84979757964923,3.90180256461787,3.82290066112823,0.0001319,"log10(depth)"
-2.24541720672186,1.43117004542498,1.450511282035,1.54801774693655,0.121618,"eutro"
-0.17894860353322,0.48405338169477,0.490650102420242,0.36471734674163,0.7153224,"log10(RT)"
