"term","estimate","std.error","statistic","p.value"
"(Intercept)",-3.90542067305094,0.710540047336477,-5.49641176129447,3.87596896718703e-08
"human_impact",-0.485236167124272,0.293471274561095,-1.65343667059058,0.0982420248704338
"log10(area)",1.55577873483852,0.121416234079189,12.8135973466597,1.37604192044615e-37
"depth",-5.38536290903574,0.334749665280881,-16.087732020634,3.11023762265e-58
"eutro",-0.655286236006005,0.280026931727112,-2.34008290547063,0.0192794596352381
"log10(RT)",-0.427416113429715,0.112856190581561,-3.78726334131243,0.000152315644318002
