"term","estimate","std.error","statistic","p.value"
"(Intercept)",-3.89530266511297,0.688046845696641,-5.66139164720538,1.50150301450677e-08
"human_impact",-0.194893690541431,0.295922591576522,-0.658596863129436,0.510154677774268
"log10(area)",1.40371514400237,0.114769763408378,12.2307052163872,2.13080623786883e-34
"depth",-4.87407779587395,0.313596318179202,-15.5425223872963,1.78804947218009e-54
"eutro",-0.769101456350197,0.279730963066666,-2.74943269746976,0.00596985212392636
"log10(RT)",-0.322708499856016,0.108326774894316,-2.97902803965919,0.00289164315579862
