"term","estimate","std.error","statistic","p.value"
"(Intercept)",-7.05802444766815,3.84037132718624,-1.83784948025831,0.0660845881544411
"human_impact",-2.38494961440468,1.1860087327678,-2.01090392381757,0.044335605829269
"log10(area)",1.41162738423857,0.537854934066255,2.62455040351955,0.00867634497439438
"log10(depth)",-16.2480858367647,3.80289072137744,-4.27256185549278,1.93239924633541e-05
"eutro",-3.19563215579468,1.56028101284793,-2.04811321132582,0.0405489076987819
"log10(RT)",0.260460782231062,0.479599427295147,0.543079844152469,0.587074829600732
