"estimate","std.error","Adjusted.SE","statistic","p.value","term"
-7.832074535869,3.62028367427689,3.66918292396371,2.13455548501469,0.0327973,"(Intercept)"
-2.0495578459137,1.22076479682658,1.23726168918593,1.65652736508978,0.0976151,"human_impact"
1.63063301632698,0.537698674886665,0.54496498346956,2.99217943498944,0.0027699,"log10(area)"
-18.1405978445416,4.02363462128348,4.07800329632794,4.44840195712359,8.7e-06,"log10(depth)"
-3.80139007779874,1.60074699262923,1.62237905883745,2.3430961199183,0.0191245,"eutro"
0.0920005317794733,0.491207242086201,0.497901456230572,0.18477658707001,0.8534043,"log10(RT)"
