"estimate","std.error","Adjusted.SE","statistic","p.value","term"
-8.13209225299617,3.9550262270265,4.00804287530662,2.02894342849914,0.0424641,"(Intercept)"
-2.12836902291357,1.26045029507009,1.27748746051836,1.66605864142881,0.0957017,"human_impact"
1.73805453120436,0.594465945499914,0.602498884993563,2.8847431497287,0.0039173,"log10(area)"
-18.4667460691677,4.11666239295027,4.17204660712496,4.42630387628712,9.6e-06,"log10(depth)"
-4.26164887881598,1.6696566769522,1.69222425331844,2.51837123268912,0.0117899,"eutro"
0.266689221769121,0.531865403606297,0.539113710639804,0.494680837281289,0.6208254,"log10(RT)"
