"term","estimate","std.error","statistic","p.value"
"(Intercept)",-3.44560571198691,0.701941825230039,-4.90867702727035,9.16928385367561e-07
"human_impact",-0.403857686443159,0.294373278110447,-1.37192373246472,0.170087181491621
"log10(area)",1.39352731881232,0.117115473830285,11.8987463674674,1.20138308168625e-32
"depth",-5.10685785214011,0.326677555526369,-15.6327172337001,4.35815068740005e-55
"eutro",-0.885939868952928,0.284479908350838,-3.11424407470046,0.00184416866160659
"log10(RT)",-0.295651084833322,0.111117966002554,-2.66069561448349,0.00779794162856946
