"term","estimate","std.error","statistic","p.value"
"(Intercept)",-7.3415231698864,4.46909739624689,-1.64273062745326,0.10043867898916
"human_impact",-3.43315369159933,1.32371899258276,-2.59356684525676,0.00949860725367069
"log10(area)",1.64368708320571,0.604443045167463,2.71934154317272,0.00654120273604395
"log10(depth)",-23.9873641674552,5.54921462303357,-4.32265929450428,1.54159702416095e-05
"eutro",-5.4014900669739,1.92873624522048,-2.80053329238723,0.00510182446122752
"log10(RT)",0.53775958522833,0.554405254607301,0.969975628404243,0.332058640421849
