"estimate","std.error","Adjusted.SE","statistic","p.value","term"
-5.98026960351947,3.43760953044188,3.48396087910931,1.71651456805346,0.0860679,"(Intercept)"
-1.98690981949071,1.06058932455553,1.07492160150115,1.84842300751604,0.0645412,"human_impact"
1.30474001867532,0.493409187163117,0.500077232533693,2.60907702609198,0.0090787,"log10(area)"
-15.9534336901201,3.64968595841073,3.69896248596696,4.31294822552105,1.61e-05,"log10(depth)"
-2.91348302090543,1.45474198813319,1.47439994500501,1.97604661528628,0.0481495,"eutro"
-0.146622202892194,0.481993728095175,0.488562379685916,0.300109482409296,0.7640936,"log10(RT)"
