"estimate","std.error","Adjusted.SE","statistic","p.value","term"
-8.76724446778301,3.9189773132498,3.97191120999264,2.20731129279178,0.0272923,"(Intercept)"
-2.64109451763521,1.28128146591214,1.29859615083343,2.03380744347669,0.041971,"human_impact"
1.80446990444462,0.564807075425971,0.572439669420145,3.15224468330866,0.0016202,"log10(area)"
-19.3084156970083,4.17001740641735,4.22636161446596,4.56856688053374,4.9e-06,"log10(depth)"
-3.14534518870484,1.67505652928445,1.69769267412038,1.85271765417408,0.0639228,"eutro"
-0.0958373127099188,0.52434950132166,0.531495380998502,0.18031636047311,0.8569042,"log10(RT)"
