"term","estimate","std.error","statistic","p.value"
"(Intercept)",-2.49058344132554,0.496681473005915,-5.01444804504693,5.31859211751856e-07
"human_impact",-2.41719926114569,0.191023737304561,-12.6539208961858,1.06427863723706e-36
"log10(area)",1.69682652491106,0.0909967703646294,18.6471071238218,1.33297356828597e-77
"depth",-6.17110924687012,0.252167000257744,-24.4723109707556,2.91314616274708e-132
"eutro",-1.58527767280154,0.188001799550289,-8.43224733270435,3.39089356075759e-17
"log10(RT)",-0.166200725103325,0.0768451955905234,-2.16279916819967,0.0305566296175984
