"term","estimate","std.error","statistic","p.value"
"(Intercept)",-6.81064459211507,4.36681336342213,-1.55963720573983,0.118845639030017
"human_impact",-2.94771691402439,1.2435456172995,-2.37041317424743,0.0177682167031552
"log10(area)",1.44071258897577,0.60183334734169,2.39387298051766,0.0166715211636993
"log10(depth)",-18.7515664039337,4.34653612638874,-4.314140239187,1.60225218129859e-05
"eutro",-4.06127254142518,1.67350044798013,-2.42681293950475,0.0152321073437528
"log10(RT)",0.415614728831268,0.487949870732171,0.851757022104823,0.394348964653328
