"term","estimate","std.error","statistic","p.value"
"(Intercept)",-2.81801496232098,0.495037475834913,-5.69252854557771,1.25171663107931e-08
"human_impact",-2.56136122901117,0.19461292156136,-13.1613112246691,1.46520794905361e-39
"log10(area)",1.77589053434384,0.0927568889528646,19.1456457239125,1.05226084734694e-81
"depth",-6.25816944644097,0.256718608926603,-24.3775450194583,2.95993434836939e-131
"eutro",-1.64080363133315,0.189296569031999,-8.66789947500731,4.40165069406112e-18
"log10(RT)",-0.155801993583418,0.0776142541028536,-2.00738891823854,0.0447082678624058
