"term","estimate","std.error","statistic","p.value"
"(Intercept)",-3.54156298837259,0.692194709666231,-5.11642596933497,3.11379417225046e-07
"human_impact",-0.488035778591679,0.294815979837096,-1.65539119983031,0.0978451699259938
"log10(area)",1.35729798528083,0.113546390145812,11.9536868018247,6.21075795802498e-33
"depth",-4.77888845612624,0.314045766009684,-15.2171720601349,2.7203848685095e-52
"eutro",-0.677853113809038,0.280360285458018,-2.41779292206685,0.0156149602851504
"log10(RT)",-0.335012906141424,0.111930376822846,-2.99304724642939,0.00276206986776484
