"term","estimate","std.error","statistic","p.value"
"(Intercept)",-3.32217819628124,0.693252868311192,-4.79215932329898,1.64995790664814e-06
"human_impact",-0.542635551839046,0.295579130749412,-1.83583851289923,0.066381543647319
"log10(area)",1.35209223605901,0.114263394407683,11.833118060845,2.63180367556553e-32
"depth",-4.93461699941268,0.317618576965679,-15.536298432399,1.97040520870699e-54
"eutro",-0.887479678338904,0.276035308693593,-3.21509477370531,0.00130401461737029
"log10(RT)",-0.279459399686663,0.108179309352562,-2.58329805726428,0.009786073858144
