"term","estimate","std.error","statistic","p.value"
"(Intercept)",-4.82633416583078,3.25787036259037,-1.48143837190418,0.138489795902461
"human_impact",-1.27637151525957,1.05631785012908,-1.20832144898772,0.22692364123453
"log10(area)",1.06760285499458,0.476925296999885,2.23851169503981,0.0251877056226053
"log10(depth)",-12.8023202200094,3.15650971517814,-4.05584692435736,4.9952967806623e-05
"eutro",-3.11474805405782,1.4563895622214,-2.13867782003805,0.0324617701391932
