"term","estimate","std.error","statistic","p.value"
"(Intercept)",-3.6895036903742,0.697980204820064,-5.28597181538313,1.25039146328643e-07
"human_impact",-0.314909484541561,0.292308228967649,-1.07731994290319,0.281337355787296
"log10(area)",1.44141315739249,0.116910920456628,12.3291575480088,6.31030009792588e-35
"depth",-5.04615184476031,0.321278847424146,-15.7064552653181,1.36606606744773e-55
"eutro",-0.742588144210528,0.279150646722422,-2.6601698865091,0.00781012462722971
"log10(RT)",-0.393314482449001,0.110467394111555,-3.56045768629081,0.00037020896580142
