"term","estimate","std.error","statistic","p.value"
"(Intercept)",-3.49001405361725,0.688590896300752,-5.06834184472421,4.01296219114676e-07
"human_impact",-0.354822179895048,0.294380179157012,-1.20531953241933,0.228079972060747
"log10(area)",1.4047278581385,0.114971225254853,12.2180820029071,2.48887499538897e-34
"depth",-4.96976568236649,0.317204110279358,-15.6674063207746,2.52682266865941e-55
"eutro",-0.853600804024226,0.27971959397111,-3.05163035562102,0.00227602196834531
"log10(RT)",-0.384131308218528,0.110874005764528,-3.46457499726615,0.000531070037059633
