"term","estimate","std.error","statistic","p.value"
"(Intercept)",-2.64751479735399,0.491447469960603,-5.38717759105817,7.15727063071718e-08
"human_impact",-2.44925881247413,0.190751195407821,-12.8400705811446,9.77852815768583e-38
"log10(area)",1.72034519390206,0.0906909537101234,18.9693141765916,3.05871008835329e-80
"depth",-6.05547882376216,0.250728443269533,-24.1515431787391,7.19302137567584e-129
"eutro",-1.48781225352531,0.187170123877742,-7.94898364493863,1.88047874333756e-15
"log10(RT)",-0.21920317155857,0.0780304992857305,-2.809198628294,0.00496649942340373
