"term","estimate","std.error","statistic","p.value"
"(Intercept)",-3.56990208998986,0.687567598361499,-5.19207434803077,2.07963919782656e-07
"human_impact",-0.256161802276991,0.29612624337102,-0.865042555367319,0.387015432090475
"log10(area)",1.39852863134075,0.115539986473835,12.1042824568571,1.00242085023389e-33
"depth",-4.92207810416548,0.318750033470712,-15.4418120386417,8.5659460370948e-54
"eutro",-0.848471680366333,0.279054300101161,-3.04052537466275,0.00236165790591408
"log10(RT)",-0.377762373247836,0.11040959935137,-3.42146312881397,0.000622851696992323
