"estimate","std.error","Adjusted.SE","statistic","p.value","term"
-9.37695504727136,3.59770817853147,3.6458399082169,2.57196017470153,0.0101125,"(Intercept)"
-1.45819986386338,1.21789402373992,1.23430679560557,1.18139174883824,0.2374471,"human_impact"
1.83691426472427,0.541848704440589,0.549043495821139,3.34566255443391,0.0008209,"log10(area)"
-17.9698994006881,3.94208744391992,3.99520663530783,4.49786482678475,6.9e-06,"log10(depth)"
-3.43110398125361,1.53088802404891,1.55109511780233,2.21205259553326,0.026963,"eutro"
-0.175424213741299,0.477688783574774,0.48412628706421,0.362352176340369,0.7170889,"log10(RT)"
