"term","estimate","std.error","statistic","p.value"
"(Intercept)",-3.92212228557206,0.694836191076684,-5.64467184631609,1.65496604255487e-08
"human_impact",-0.16151909136577,0.294781847799018,-0.547927535469869,0.58374166095659
"log10(area)",1.38613590623949,0.114153525467702,12.1427340991907,6.26954830006365e-34
"depth",-4.78969857942323,0.312409330781518,-15.3314837538347,4.71101340566846e-53
"eutro",-0.851621999907355,0.278475124921914,-3.0581618381396,0.00222699269155174
"log10(RT)",-0.286259211621956,0.108440107912688,-2.63979091437684,0.00829571900658252
