"term","estimate","std.error","statistic","p.value"
"(Intercept)",-6.71216492265199,3.80338633188074,-1.76478651836898,0.077599651285624
"human_impact",-3.15319547329684,1.2498198141295,-2.52292005427441,0.0116384856887654
"log10(area)",1.44763531900068,0.532079040907869,2.7207147955511,0.00651409362876936
"log10(depth)",-14.8355571270796,3.79273993213026,-3.91156720274962,9.16991320323347e-05
"eutro",-3.57793990732028,1.47717653279547,-2.42214781231952,0.0154290732996083
"log10(RT)",0.139734502468003,0.503050568787034,0.277774265925061,0.781185646876405
