"term","estimate","std.error","statistic","p.value"
"(Intercept)",-3.26501868656582,0.671486537619808,-4.86237400698934,1.15986205175676e-06
"human_impact",-0.532268812243563,0.290454825078505,-1.83253561754293,0.0668716602710383
"log10(area)",1.3387934849195,0.112304415098718,11.9211117723436,9.18742663318904e-33
"depth",-4.72417818532172,0.30811778830521,-15.3323773070905,4.64664453606299e-53
"eutro",-0.634928889482232,0.275132209227592,-2.30772286263661,0.0210145556328182
"log10(RT)",-0.409129902907909,0.109792096501641,-3.72640577914271,0.000194229629750406
