"term","estimate","std.error","statistic","p.value"
"(Intercept)",-4.95755392475751,3.58883997245312,-1.38138060287174,0.167161966754977
"human_impact",-3.17969578273154,1.24462784431988,-2.55473617856355,0.0106268308732566
"log10(area)",1.15071667871996,0.514649558637641,2.23592279330054,0.0253568289662766
"log10(depth)",-14.3286323173041,3.52091254735489,-4.06957915727517,4.70981358983351e-05
"eutro",-3.42027105024838,1.46046806880773,-2.34190060248326,0.0191858237528215
"log10(RT)",0.20547263303176,0.495715929960826,0.414496732126396,0.678510359791957
