"term","estimate","std.error","statistic","p.value"
"(Intercept)",-3.99676996989409,0.709739383305172,-5.63132054372072,1.78834994448251e-08
"human_impact",-0.275118407319901,0.294465683777394,-0.934297008027193,0.350150707265538
"log10(area)",1.44002321974141,0.118398920258636,12.162469189717,4.92472758041208e-34
"depth",-5.0070573816798,0.322928063257835,-15.5051788660499,3.20024249961863e-54
"eutro",-0.706257534317148,0.280483333608586,-2.51800178367364,0.0118022723384027
"log10(RT)",-0.304311282718994,0.111361913451944,-2.73263338682046,0.00628302247571399
