"estimate","std.error","Adjusted.SE","statistic","p.value","term"
-9.75875663491677,3.84784593160189,3.89711762701866,2.50409599321803,0.0122765,"(Intercept)"
-1.73851594919902,1.13254674395568,1.14785136928597,1.51458280725009,0.1298781,"human_impact"
1.75699329020878,0.546755214463238,0.553876221718289,3.17217678122752,0.001513,"log10(area)"
-13.8359890424376,3.3766600053333,3.4218006241686,4.04348194477268,5.27e-05,"log10(depth)"
-2.46962567097693,1.53079058531869,1.55120160532906,1.59207266321327,0.1113684,"eutro"
0.0688858562982217,0.474283592792846,0.480747170002809,0.143289156122997,0.8860618,"log10(RT)"
