"term","estimate","std.error","statistic","p.value"
"(Intercept)",-22.030270048952,6.8478696629353,-3.21709832887047,0.00129494209649905
"human_impact",-2.8671315108394,1.72724576173976,-1.65994415754218,0.0969256870342155
"log10(area)",3.97861677036599,1.05304586145715,3.77819895219053,0.000157966661028849
"log10(depth)",-40.4189392921135,9.56795705656045,-4.22440642795313,2.39571363830981e-05
"eutro",-9.2512169504532,2.68206818976161,-3.44928476679613,0.000562073613967593
"log10(RT)",1.36009193229325,0.729755440286159,1.86376401902522,0.062354850659622
