"term","estimate","std.error","statistic","p.value"
"(Intercept)",-3.95963958041942,0.712330187701186,-5.55871370999715,2.71770049539313e-08
"human_impact",-0.456733556922777,0.297203633826939,-1.53676975964814,0.124349701234048
"log10(area)",1.49367545148955,0.119484359398124,12.5010123418128,7.37066470878752e-36
"depth",-5.25189184664938,0.332468812121641,-15.7966451443508,3.28120019859016e-56
"eutro",-0.703479924280888,0.281541189834067,-2.49867497077604,0.0124658586799496
"log10(RT)",-0.312838518306625,0.110950949078221,-2.8196110164508,0.00480818957088632
