"term","estimate","std.error","statistic","p.value"
"(Intercept)",-8.19668684611482,3.83992826862275,-2.13459374048534,0.0327942091956998
"human_impact",-2.38193745016906,1.18314696350195,-2.01322196113225,0.0440912838825926
"log10(area)",1.7494590303683,0.54601155191417,3.20406962862813,0.00135499702689922
"log10(depth)",-17.8778934906115,4.18991603895513,-4.2668858574717,1.98220511129358e-05
"eutro",-4.16236271641916,1.52268012703474,-2.73357656839254,0.00626505548384791
"log10(RT)",0.104072408508109,0.476862253955863,0.218244173542286,0.827238868990441
