"estimate","std.error","Adjusted.SE","statistic","p.value","term"
-7.87694776415306,3.42327648476009,3.46950830852357,2.27033546649872,0.0231872,"(Intercept)"
-2.4475077853585,1.14367879995741,1.15913396230216,2.11149691490145,0.0347296,"human_impact"
1.55912682686495,0.503199003701814,0.509998946496267,3.05711774029393,0.0022348,"log10(area)"
-14.8795573504407,3.56863470066452,3.61685238677537,4.11395206640067,3.89e-05,"log10(depth)"
-2.24320890567617,1.42690106187509,1.4461831333776,1.5511236812983,0.120872,"eutro"
-0.0834356761354048,0.465378644356479,0.471720864170479,0.176875102359796,0.8596065,"log10(RT)"
