"estimate","std.error","Adjusted.SE","statistic","p.value","term"
-10.0598204296965,3.9008010969998,3.95342256935173,2.54458516721275,0.0109408,"(Intercept)"
-1.81063050760901,1.28006722626463,1.29736633274952,1.395620081933,0.1628289,"human_impact"
2.0685072936879,0.606435663292373,0.614630957092715,3.36544599619944,0.0007642,"log10(area)"
-23.9659122611918,4.97750273513772,5.04473600259387,4.7506771908122,2e-06,"log10(depth)"
-4.19660751961849,1.73330896938881,1.75673158413288,2.38887235678063,0.0169002,"eutro"
-0.181929915088284,0.597441361201226,0.60558334297169,0.300420936605565,0.7638561,"log10(RT)"
