"term","estimate","std.error","statistic","p.value"
"(Intercept)",-3.68851917967019,0.682605549210888,-5.40358803694788,6.53208725277646e-08
"human_impact",-0.309236947361747,0.293654249576135,-1.05306477875973,0.292311303933741
"log10(area)",1.48250700722233,0.116303329681604,12.7469008091246,3.24386742545054e-37
"depth",-5.06394957614983,0.32316237065535,-15.6699852333689,2.42635754127684e-55
"eutro",-0.89797948930606,0.280851828034473,-3.19734251185232,0.00138700126458496
"log10(RT)",-0.463116341639586,0.113373737761031,-4.0848643679345,4.41025701778037e-05
