"term","estimate","std.error","statistic","p.value"
"(Intercept)",-2.59592892555572,0.494856488431516,-5.24582174073074,1.55587281731461e-07
"human_impact",-2.60404110180984,0.194069235117272,-13.418103597081,4.73679864432288e-41
"log10(area)",1.72317751809915,0.0906656224078404,19.0058532918662,1.52545074550801e-80
"depth",-5.98760110531002,0.248099617568775,-24.1338586652606,1.10319237610338e-128
"eutro",-1.64544932202331,0.18742343003677,-8.77931495384805,1.64473354110646e-18
"log10(RT)",-0.224529249169201,0.0780902696160831,-2.87525257977798,0.00403704408153886
