"term","estimate","std.error","statistic","p.value"
"(Intercept)",-3.44999622224409,0.68707366541586,-5.02129014092824,5.13255607273029e-07
"human_impact",-0.354045876949852,0.293836489905896,-1.20490779434249,0.228238899317221
"log10(area)",1.38971282834376,0.114700424196561,12.1160216980734,8.68747592499994e-34
"depth",-5.06105376470526,0.318610488230113,-15.8847682410567,8.07960208333657e-57
"eutro",-0.859095044922112,0.278376816398491,-3.08608689486675,0.00202809543735786
"log10(RT)",-0.313214824643279,0.109943207354252,-2.84887836348141,0.00438736506734435
