"estimate","std.error","Adjusted.SE","statistic","p.value","term"
-9.69871678411875,3.83257661049769,3.88355988149219,2.49737794190834,0.0125116,"(Intercept)"
-1.06463655091107,1.24872059824213,1.26554879996032,0.841244961035444,0.4002107,"human_impact"
2.02206603532226,0.588229035039339,0.596113011919769,3.39208504912557,0.0006936,"log10(area)"
-20.6901370041314,4.2865713342972,4.34426058762979,4.7626371822736,1.9e-06,"log10(depth)"
-5.12116419656139,1.67608481509898,1.69844668801228,3.01520455879293,0.0025681,"eutro"
0.0580737318039894,0.490956280494664,0.497572581478734,0.116714091502792,0.9070866,"log10(RT)"
