"term","estimate","std.error","statistic","p.value"
"(Intercept)",-4.29294748319622,3.59412313200823,-1.19443528380106,0.23230774170748
"human_impact",-3.17926732530389,1.22568586246437,-2.5938679907033,0.00949029178890489
"log10(area)",1.09666466180377,0.490428743818614,2.23613455700992,0.0253429584201049
"log10(depth)",-15.7421913843848,3.80014183859298,-4.14252731951011,3.43499435304339e-05
"eutro",-3.67913749211823,1.48076655735697,-2.48461681811963,0.0129690948939045
"log10(RT)",0.202730516650541,0.450881522446188,0.449631458727025,0.652976200737897
