"term","estimate","std.error","statistic","p.value"
"(Intercept)",-2.96379073561191,0.49596067333152,-5.97585835929936,2.28881802721028e-09
"human_impact",-2.32602604563334,0.189356824529143,-12.2838247389143,1.10641216473085e-34
"log10(area)",1.72629077106778,0.0908852785713792,18.9941737342202,1.90563072700868e-80
"depth",-5.99268038219023,0.247877239339783,-24.1760009840018,3.97931518284219e-129
"eutro",-1.4681839425594,0.186222663595846,-7.88402396469722,3.17003450386292e-15
"log10(RT)",-0.170474863265633,0.0767215625356874,-2.22199415172671,0.0262837008331669
