"term","estimate","std.error","statistic","p.value"
"(Intercept)",-3.65438714046931,0.690064293073806,-5.29571980052945,1.18548500699829e-07
"human_impact",-0.457187218793644,0.295460678819279,-1.54737077238385,0.121773864865313
"log10(area)",1.38333193031473,0.114702965110341,12.0601235459258,1.71525419242465e-33
"depth",-4.86732220460015,0.319086853503018,-15.2539101851594,1.55062356413483e-52
"eutro",-0.683535380204071,0.277984042765343,-2.45890150169904,0.0139362847533647
"log10(RT)",-0.318002610025084,0.109976374018601,-2.89155387111871,0.00383341865662642
