"term","estimate","std.error","statistic","p.value"
"(Intercept)",-12.4504017334726,4.16015213846191,-2.99277558105742,0.00276452952096724
"human_impact",-1.4174982297856,1.22188036289401,-1.16009576128081,0.246009819754391
"log10(area)",2.28487991934415,0.645687890868885,3.53867549888453,0.000402139868247343
"log10(depth)",-18.1858476296537,3.99608437959374,-4.55091682310837,5.34126615007754e-06
"eutro",-3.01509983755534,1.44686775161685,-2.08388073767352,0.037171016888417
