"term","estimate","std.error","statistic","p.value"
"(Intercept)",-3.84429316260591,0.695650230968059,-5.52618685579422,3.27265577713668e-08
"human_impact",-0.342249544998545,0.292253166646738,-1.17107215270054,0.241569776142842
"log10(area)",1.43526402185883,0.117011680353957,12.2659893227513,1.37917417130141e-34
"depth",-4.92956083725016,0.315884397171951,-15.6055850855044,6.66954797336614e-55
"eutro",-0.692896253732604,0.279768092813616,-2.47668076357163,0.0132610454566007
"log10(RT)",-0.370744980081502,0.110074520283232,-3.36812714811329,0.000756806849988107
