"estimate","std.error","Adjusted.SE","statistic","p.value","term"
-2.84050055440817,3.38667857320691,3.43242842812009,0.82754837104175,0.4079263,"(Intercept)"
-2.14415626026105,1.10712703101927,1.12208818039368,1.91086253088308,0.0560222,"human_impact"
0.832508588156416,0.479439153630454,0.485918025366166,1.71326961482665,0.0866629,"log10(area)"
-11.7412810793388,2.98279694109457,3.02309617216563,3.88385959647714,0.0001028,"log10(depth)"
-3.20960676457946,1.35051329042646,1.36876324103672,2.3448955000782,0.0190324,"eutro"
-0.0717416571007529,0.419435856447761,0.425151964033968,0.168743562701785,0.8659984,"log10(RT)"
