"term","estimate","std.error","statistic","p.value"
"(Intercept)",-3.66935523581973,0.710337819312969,-5.16564814100521,2.39607164812539e-07
"human_impact",-0.634886870997198,0.297743462452774,-2.13232850107632,0.0329798506153082
"log10(area)",1.48345076011072,0.121423708755365,12.2171425606795,2.51779730836974e-34
"depth",-5.32287506153542,0.339167926783926,-15.6939222172575,1.66445587801625e-55
"eutro",-0.825392665765637,0.280166929655165,-2.946074566265,0.00321834805460154
"log10(RT)",-0.302613603890809,0.110104369535189,-2.7484250186283,0.00598823296322641
