"term","estimate","std.error","statistic","p.value"
"(Intercept)",-3.75406726584585,0.677533261832921,-5.54078667029575,3.0111586275756e-08
"human_impact",-0.432754415420883,0.290554190684792,-1.48941033822623,0.136379347869961
"log10(area)",1.42876575206664,0.115132733190372,12.409726690881,2.31441461128781e-35
"depth",-5.01171855996672,0.316909664649662,-15.8143443353395,2.47775715456934e-56
"eutro",-0.428157785303216,0.27611550734982,-1.55064737005433,0.120986213478504
"log10(RT)",-0.38604140213013,0.109370239913754,-3.52967500514354,0.000416070425491714
