"term","estimate","std.error","statistic","p.value"
"(Intercept)",-3.61466668554492,0.694584161592877,-5.20407300571823,1.94967354763623e-07
"human_impact",-0.369950332448841,0.300542538426196,-1.23094166431847,0.218344683213662
"log10(area)",1.47761953220627,0.117551200155861,12.5700080496592,3.08692479501202e-36
"depth",-5.24527640459166,0.3265869451814,-16.0608881707694,4.79633842132793e-58
"eutro",-0.528128313166198,0.279377902119742,-1.8903725354049,0.0587081539204314
"log10(RT)",-0.465178552512333,0.114026904199427,-4.07955083739501,4.51228015097272e-05
