"term","estimate","std.error","statistic","p.value"
"(Intercept)",-2.90461569626809,0.492502478003491,-5.89766717122489,3.68676678594406e-09
"human_impact",-2.46625800445913,0.19176926724863,-12.8605487200491,7.50420628670404e-38
"log10(area)",1.75038126570157,0.0911480107899141,19.2037242561004,3.44483465692662e-82
"depth",-6.0396668693329,0.250811628623266,-24.0804898181369,4.00276949928343e-128
"eutro",-1.70400370439458,0.187447596900971,-9.09056041563881,9.852986606449e-20
"log10(RT)",-0.16221799279644,0.0769807568747936,-2.10725380448365,0.0350955853233771
