"term","estimate","std.error","statistic","p.value"
"(Intercept)",-3.81678470914671,0.679501945663461,-5.61703278924393,1.94264568787453e-08
"human_impact",-0.409516290588472,0.29338666888303,-1.3958244665566,0.162767360744789
"log10(area)",1.39788576028796,0.113674768754596,12.2972386537751,9.372370335169e-35
"depth",-4.67360821128546,0.307100803392173,-15.2184825297157,2.66644328226033e-52
"eutro",-0.609618669676047,0.278024391885319,-2.19268052541054,0.028330404819279
"log10(RT)",-0.39873357116529,0.111383187947297,-3.57983622585805,0.000343809617965417
