"term","estimate","std.error","statistic","p.value"
"(Intercept)",-11.481113890048,4.77449763061255,-2.40467474869707,0.0161868651677049
"human_impact",-3.57721858384832,1.51817739225046,-2.35625863097964,0.0184600600559938
"log10(area)",2.02332196241234,0.64644326649213,3.12992967409457,0.00174848156781105
"log10(depth)",-29.2009061335793,6.44738212909921,-4.52911050545396,5.923251588856e-06
"eutro",-4.64601346363927,2.02715999828768,-2.29188296314238,0.0219123976154002
"log10(RT)",0.979294282659899,0.616279700783546,1.58904192595474,0.112050927528089
