"term","estimate","std.error","statistic","p.value"
"(Intercept)",-2.60268442825036,0.487754718638045,-5.33605176699843,9.49922917463321e-08
"human_impact",-2.46595442027616,0.191477107185459,-12.8785861480961,5.94139933043203e-38
"log10(area)",1.68563703573304,0.0900359465447848,18.7218227876861,3.28707750036606e-78
"depth",-5.87172063020975,0.246425513183587,-23.8275678291287,1.73022954218097e-125
"eutro",-1.51044845883327,0.186385463069053,-8.10389626938701,5.32264918489508e-16
"log10(RT)",-0.22854440204641,0.0770607114048687,-2.96577072648165,0.00301925479655983
