"estimate","std.error","Adjusted.SE","statistic","p.value","term"
-7.72934205831395,3.65941709336203,3.70868573677785,2.08411890542909,0.0371494,"(Intercept)"
-2.64991652285863,1.25716107751588,1.2741523396808,2.07974858290688,0.0375486,"human_impact"
1.52541285101309,0.545943721740155,0.553323242612264,2.75682048672228,0.0058366,"log10(area)"
-14.9782133049577,3.69235775695868,3.74213573278246,4.00258418574802,6.27e-05,"log10(depth)"
-2.44014590683943,1.61591376728998,1.63774586863958,1.48994172634756,0.1362396,"eutro"
0.239894215445158,0.460581684860456,0.466858531301759,0.513847770493241,0.6073584,"log10(RT)"
