"term","estimate","std.error","statistic","p.value"
"(Intercept)",-3.53804692395923,0.704101201434052,-5.02491249376261,5.03662135916417e-07
"human_impact",-0.405342793110621,0.297450105492043,-1.36272532981658,0.172969091783403
"log10(area)",1.49155532753226,0.120479889997314,12.3801186037397,3.34847606249525e-35
"depth",-5.44365016137243,0.339467912139198,-16.0358312721477,7.1816155317808e-58
"eutro",-0.836736202107363,0.278432235913976,-3.00516999894323,0.00265432450679672
"log10(RT)",-0.364631256561415,0.110954971258225,-3.28629940981021,0.00101513045488175
