"estimate","std.error","Adjusted.SE","statistic","p.value","term"
-6.18798367740298,3.69321083361639,3.742899661994,1.65325930059968,0.0982781,"(Intercept)"
-1.79207006703456,1.17891621068584,1.19485103445717,1.49982718795462,0.1336592,"human_impact"
1.33696306948764,0.543775013705561,0.551124828301359,2.42588067318313,0.0152713,"log10(area)"
-14.4814279189792,3.46159884435447,3.50828678358508,4.12777769101899,3.66e-05,"log10(depth)"
-3.49625876105548,1.48451986537475,1.50458489348121,2.32373645129859,0.0201396,"eutro"
0.210575274745318,0.442560324610051,0.448591574418502,0.469414243944018,0.6387736,"log10(RT)"
