"term","estimate","std.error","statistic","p.value"
"(Intercept)",-8.45955445643907,4.01083677395003,-2.10917445241926,0.0349295262405543
"human_impact",-2.84868345292368,1.44846946787231,-1.96668519158238,0.0492195151428453
"log10(area)",1.71238970381968,0.557309705657699,3.07259982454251,0.00212202845253248
"log10(depth)",-19.6232474353496,4.40294406525641,-4.45684686076222,8.31739746181327e-06
"eutro",-3.36250575907401,1.68244269597218,-1.99858560836809,0.0456532088098871
"log10(RT)",0.0361288076406098,0.503113823165907,0.0718104054729897,0.942752791831693
