"term","estimate","std.error","statistic","p.value"
"(Intercept)",-3.87441629978387,0.704222556881823,-5.50169298316589,3.76161571494715e-08
"human_impact",-0.304008937277959,0.292670820590399,-1.03874016775806,0.298925594631454
"log10(area)",1.42698162761164,0.117566837849801,12.1376202142537,6.67389391352501e-34
"depth",-4.95818206842239,0.321539802445756,-15.4201191600808,1.19882964383962e-53
"eutro",-0.711291099384609,0.278001608341454,-2.55858627447568,0.0105098737859319
"log10(RT)",-0.324704505769261,0.108573084325684,-2.99065378667196,0.00278380915258025
