"term","estimate","std.error","statistic","p.value"
"(Intercept)",-3.49163555545919,0.697399903094944,-5.00664760629288,5.538619199324e-07
"human_impact",-0.560093430329444,0.296000244224289,-1.89220597367157,0.0584635427712711
"log10(area)",1.42292527709474,0.116606595028523,12.2027855864128,3.00369484640259e-34
"depth",-5.09590693030109,0.326090200286862,-15.6272924663735,4.74542616602697e-55
"eutro",-0.662621823083455,0.281275415320963,-2.35577582323481,0.0184840688129009
"log10(RT)",-0.370386398881738,0.110527215770883,-3.35108775063627,0.000804947908621095
