"term","estimate","std.error","statistic","p.value"
"(Intercept)",-3.30234301055241,0.674647604074812,-4.89491549455827,9.83479801727618e-07
"human_impact",-0.405130759297584,0.294776115848552,-1.37436765570834,0.169327572183462
"log10(area)",1.43378629230916,0.115643906027643,12.3982866158675,2.66971099884121e-35
"depth",-5.15212883752512,0.326064979345632,-15.8009266983064,3.06576472068305e-56
"eutro",-0.815187147607871,0.281061550901113,-2.90038657010999,0.0037270270373179
"log10(RT)",-0.450755893920278,0.114364826576355,-3.94138571634463,8.1012231551352e-05
