"term","estimate","std.error","statistic","p.value"
"(Intercept)",-3.66192747830088,0.720606472713777,-5.08172992744598,3.74012929216095e-07
"human_impact",-0.364865922839291,0.304520167837841,-1.19816669427814,0.230852128623472
"log10(area)",1.50173474877914,0.122997720038173,12.209451917589,2.76747144193885e-34
"depth",-5.51051745205606,0.343957802107265,-16.0209113394019,9.13022483234166e-58
"eutro",-0.683642121987957,0.282207353831157,-2.42248159981322,0.0154149063898517
"log10(RT)",-0.391018258118445,0.11535789538724,-3.38960984686702,0.000699921606742437
