"term","estimate","std.error","statistic","p.value"
"(Intercept)",-9.64756429495892,4.34529562995803,-2.22023197419415,0.0264030249062368
"human_impact",-3.19363521958377,1.34890662117209,-2.3675732400281,0.0179051757507136
"log10(area)",2.03662437606651,0.63640978143846,3.20017767712996,0.00137342892073586
"log10(depth)",-25.5079709347739,5.73972458783539,-4.44411060921543,8.82561938422886e-06
"eutro",-5.85940608106021,1.88953711911508,-3.10097431894024,0.00192885018407507
"log10(RT)",0.444936687207754,0.530099316179404,0.839345899207257,0.40127523348439
