"term","estimate","std.error","statistic","p.value"
"(Intercept)",-3.3299802678822,0.698385171255375,-4.76811422255204,1.85958348534842e-06
"human_impact",-0.401648597247427,0.297144038107562,-1.35169663778358,0.176472381096697
"log10(area)",1.35008916945547,0.115075477032467,11.73220571638,8.7157420558478e-32
"depth",-5.04638413194525,0.320581739380894,-15.7413336819833,7.87659013688894e-56
"eutro",-0.760560519595254,0.28087662211371,-2.70780997674968,0.00677287892580257
"log10(RT)",-0.29726838651433,0.111003800331041,-2.67800188487062,0.00740628015527706
