"term","estimate","std.error","statistic","p.value"
"(Intercept)",-3.46701517730753,0.6890773112856,-5.03138780007018,4.86942052605824e-07
"human_impact",-0.548464307140008,0.293850612035817,-1.86647325094956,0.0619751830740516
"log10(area)",1.33546525391498,0.115073775728735,11.6052962150394,3.87344008431363e-31
"depth",-4.85999695795857,0.317626074790978,-15.3010012202456,7.52894190444393e-53
"eutro",-0.681463229231305,0.279104417529247,-2.44160674798311,0.0146220647347446
"log10(RT)",-0.251439085151397,0.107957738186634,-2.32905106548931,0.0198563606055373
