"term","estimate","std.error","statistic","p.value"
"(Intercept)",-8.9441229785103,3.58330846975734,-2.49605163886881,0.0125584318093211
"human_impact",-1.09547044329139,1.16031085718099,-0.944118066733316,0.345109317948705
"log10(area)",1.74252108778207,0.552018147536836,3.15663732353255,0.00159599717127483
"log10(depth)",-19.2665864807298,4.13648162873073,-4.65772320778847,3.19725687624856e-06
"eutro",-3.6908871582413,1.52709267348629,-2.41693724442746,0.0156517153317252
