"estimate","std.error","Adjusted.SE","statistic","p.value","term"
-6.04308612424774,3.39586949387938,3.4417143871535,1.7558360295102,0.0791164,"(Intercept)"
-1.81588530450587,1.15422160873549,1.16981995697155,1.5522775908242,0.1205958,"human_impact"
1.29406267853393,0.49457626909077,0.501259846483774,2.58162046613446,0.0098338,"log10(area)"
-15.2716729153629,3.61562652742254,3.66446203324436,4.16750747499,3.08e-05,"log10(depth)"
-2.91977318496247,1.470782643339,1.49065698104281,1.95871566838932,0.0501461,"eutro"
-0.124620248343399,0.470773503566596,0.477189244981536,0.261154771726302,0.7939732,"log10(RT)"
