"term","estimate","std.error","statistic","p.value"
"(Intercept)",-3.40150559660941,0.687215113980881,-4.94969555734195,7.43296592375862e-07
"human_impact",-0.496148466492761,0.295354590083621,-1.67984004024549,0.0929884424053337
"log10(area)",1.3909115391126,0.114051858819993,12.195430688314,3.28761180185151e-34
"depth",-4.99234895478758,0.316704011859692,-15.7634534702368,5.5514677641317e-56
"eutro",-0.61568927868179,0.279940370497242,-2.1993586619471,0.0278524295522554
"log10(RT)",-0.37888284489207,0.111978807335961,-3.38352277458483,0.000715622720100972
