"estimate","std.error","Adjusted.SE","statistic","p.value","term"
-6.41203935489424,3.47917335297289,3.52614671022005,1.81842670819959,0.0689989,"(Intercept)"
-2.02425026843113,1.15080969727464,1.16636133131407,1.73552587357344,0.0826477,"human_impact"
1.36875484677188,0.504911192492049,0.511733909497583,2.67473939359561,0.0074787,"log10(area)"
-16.3730565936946,3.81488179781454,3.86640701864064,4.23469554931936,2.29e-05,"log10(depth)"
-3.11973475251591,1.51529958295043,1.53577475644437,2.03137519966712,0.0422169,"eutro"
0.0894141859015135,0.468499460034799,0.474884210590746,0.18828628938891,0.8506522,"log10(RT)"
