"term","estimate","std.error","statistic","p.value"
"(Intercept)",-2.97732622626289,0.505120068191056,-5.89429407729796,3.76286517773065e-09
"human_impact",-2.52207441183766,0.195162704704262,-12.9229322562396,3.34159706708744e-38
"log10(area)",1.82691978026372,0.093855150607345,19.4653119028797,2.16174696968921e-84
"depth",-6.18762099210728,0.253021651054718,-24.4549071840858,4.46246874798426e-132
"eutro",-1.65888588207268,0.191222846612012,-8.67514479291553,4.13024628422167e-18
"log10(RT)",-0.256117301488408,0.0785840906175045,-3.25914952347057,0.00111746755702143
