"term","estimate","std.error","statistic","p.value"
"(Intercept)",-3.64042785209141,0.668117380578464,-5.44878483619074,5.07151210317008e-08
"human_impact",-0.359298985976627,0.295288540608175,-1.21677253454068,0.223690772668282
"log10(area)",1.29559278751783,0.108680080303205,11.9211614851891,9.18194569904119e-33
"depth",-4.57869918796177,0.303859829812193,-15.0684583440718,2.61135584149389e-51
"eutro",-0.591815915411319,0.280538403274623,-2.10957183937481,0.0348952520831814
"log10(RT)",-0.278555827707173,0.107787880489967,-2.58429636468361,0.00975779071061428
