"term","estimate","std.error","statistic","p.value"
"(Intercept)",-11.4059072024431,4.57760696413064,-2.49167464393905,0.0127142443790024
"human_impact",-2.53505652122135,1.2822103794,-1.97709873664227,0.0480304705668613
"log10(area)",2.06585064118803,0.640973547746701,3.22298891810806,0.00126860461607481
"log10(depth)",-24.2739715469411,5.34442875637608,-4.54192069039773,5.57440135488421e-06
"eutro",-4.35967645395114,1.90961258082178,-2.28301619801594,0.022429414240353
"log10(RT)",0.504473024598549,0.511242393341448,0.986758983935868,0.323760806518667
