"term","estimate","std.error","statistic","p.value"
"(Intercept)",-2.86480190665679,0.494157825386806,-5.79734198161153,6.73742130393893e-09
"human_impact",-2.56089113319524,0.196152176882807,-13.0556345277028,5.90162554756459e-39
"log10(area)",1.78719839019904,0.0929075574942134,19.2363079861437,1.83846290697218e-82
"depth",-6.26037434278477,0.257747354109348,-24.2888015840847,2.5744249535681e-130
"eutro",-1.48671224245164,0.188583853359295,-7.88356063347118,3.18181661047841e-15
"log10(RT)",-0.200430356734878,0.0777979675802119,-2.57629296714247,0.00998659909172018
