"estimate","std.error","Adjusted.SE","statistic","p.value","term"
-9.58660922174221,3.9776708783054,4.03123417231244,2.378082942337,0.0174029,"(Intercept)"
-2.48953433496474,1.44974622039431,1.46933974360279,1.69432178351105,0.0902042,"human_impact"
2.10108279293422,0.603190282931347,0.611342476004535,3.43683430385202,0.0005886,"log10(area)"
-27.9745934434147,5.94333722695486,6.02363990995454,4.64413442064896,3.4e-06,"log10(depth)"
-5.09051058583055,1.94452313701508,1.97080449156749,2.58296071863617,0.0097956,"eutro"
0.212425374755373,0.566920835305576,0.574646880748887,0.3696624516234,0.711634,"log10(RT)"
