"estimate","std.error","Adjusted.SE","statistic","p.value","term"
-6.86069183753698,3.56524463294144,3.61237315635132,1.89922013606884,0.0575355,"(Intercept)"
-1.24670120529932,1.16147989292111,1.17713240794906,1.05910023110439,0.2895541,"human_impact"
1.46868244138633,0.51362234199309,0.520475456331063,2.82180921986096,0.0047754,"log10(area)"
-16.4754164747799,3.68332010515238,3.7328626453581,4.41361444018506,1.02e-05,"log10(depth)"
-4.39830092958219,1.59392748213523,1.61497057554855,2.72345576828125,0.0064603,"eutro"
0.0572592754456966,0.499093574212594,0.505819536253203,0.113200996287802,0.9098712,"log10(RT)"
