"term","estimate","std.error","statistic","p.value"
"(Intercept)",-3.31743406021347,0.696194416878414,-4.76509719093717,1.88762639712637e-06
"human_impact",-0.455936369899586,0.294145478476716,-1.55003698258675,0.121132639771969
"log10(area)",1.45078217616993,0.118057748093075,12.2887502057565,1.04103045725648e-34
"depth",-5.30004520718792,0.33409835502404,-15.8637273350435,1.12984589146996e-56
"eutro",-0.933558955850519,0.27904406003509,-3.34556111222408,0.000821162611589971
"log10(RT)",-0.388551238527101,0.109880658522974,-3.53612040326336,0.000406049583610126
