"term","estimate","std.error","statistic","p.value"
"(Intercept)",-8.64847835304356,3.98115945364741,-2.17235166130312,0.0298291481120007
"human_impact",-2.8990372010676,1.321702478339,-2.19341133770958,0.0282777561924521
"log10(area)",1.6071663082572,0.565277110930684,2.84314768310914,0.00446703663971943
"log10(depth)",-21.341162646491,4.65586986072383,-4.58371116137107,4.56795128146591e-06
"eutro",-3.63943161188946,1.6002911903259,-2.27423086116488,0.0229521096364651
"log10(RT)",0.535625668552401,0.504832961285475,1.0609958335298,0.288691794657277
