"term","estimate","std.error","statistic","p.value"
"(Intercept)",-5.56905619449426,3.66397721730668,-1.51994836872593,0.128523952597678
"human_impact",-2.17681489602488,1.11536052409311,-1.95166930243908,0.0509774794344539
"log10(area)",1.21558137605107,0.516184880439008,2.35493409845178,0.0185259909234421
"log10(depth)",-14.637809282422,3.56297944368265,-4.10830584733671,3.98572062828333e-05
"eutro",-3.47462003653601,1.48131485357564,-2.34563234693074,0.0189948336337382
"log10(RT)",0.106214178463716,0.465215840066223,0.228311612194023,0.81940399771577
