"estimate","std.error","Adjusted.SE","statistic","p.value","term"
-3.83039849354622,3.41608279127804,3.46225247487198,1.10633136125864,0.2685831,"(Intercept)"
-2.25135585840279,1.18809274037384,1.20414789031625,1.86966723648166,0.06153,"human_impact"
0.954562763041593,0.492283135316555,0.498935443677114,1.91319894214478,0.0557226,"log10(area)"
-13.9537865727433,3.31621463567928,3.36102898810133,4.1516412450301,3.3e-05,"log10(depth)"
-2.99047180661917,1.45127931231483,1.47089079292131,2.03310253963847,0.0420422,"eutro"
-0.0323388850067434,0.483884518088955,0.49047893752682,0.0659332797648933,0.9474309,"log10(RT)"
