"term","estimate","std.error","statistic","p.value"
"(Intercept)",-4.01538927312375,0.687104054369056,-5.84393185805161,5.09828897016706e-09
"human_impact",-0.208239279780761,0.294485321545538,-0.707129573344659,0.479485959410825
"log10(area)",1.44569290447071,0.115923471302235,12.471097425141,1.07337529509163e-35
"depth",-4.79789049263172,0.313506116233225,-15.3039773203737,7.19236406205971e-53
"eutro",-0.673296004916577,0.277812550461665,-2.42356223215151,0.0153691197231401
"log10(RT)",-0.41020570829868,0.111384091079349,-3.68280339071452,0.000230683073447386
