"term","estimate","std.error","statistic","p.value"
"(Intercept)",-7.18911610740412,3.45404056193377,-2.08136412369727,0.0374005898858212
"human_impact",-2.16133377605863,1.11441132197982,-1.93943989389743,0.0524477967572195
"log10(area)",1.45037380650772,0.486455882475187,2.98151149725628,0.00286829276344694
"log10(depth)",-13.2696193662158,3.39165121553518,-3.91243630991164,9.13696400766672e-05
"eutro",-2.87384592449272,1.40161861818025,-2.05037653411303,0.040327701270896
"log10(RT)",0.115674933003413,0.440631004860922,0.262521092994633,0.792919725591712
