"term","estimate","std.error","statistic","p.value"
"(Intercept)",-16.0543475336559,5.66856601115001,-2.83217087038894,0.00462331352810935
"human_impact",-3.22091984528522,1.44246960412719,-2.23292042762601,0.025554192227314
"log10(area)",2.88127497695456,0.82361159340461,3.49834193693664,0.000468160495936885
"log10(depth)",-30.5365278901949,6.89954391052544,-4.4258763022887,9.60515561339484e-06
"eutro",-5.34759234503508,1.90822134327104,-2.80239625444517,0.00507245280299755
"log10(RT)",0.805550437919595,0.611136677561226,1.31811829905904,0.187464049678302
