"term","estimate","std.error","statistic","p.value"
"(Intercept)",-3.25090881324021,0.687522538690784,-4.72843962240244,2.26251884371585e-06
"human_impact",-0.487678198124269,0.292602514292839,-1.66669175520548,0.0955757131778704
"log10(area)",1.36556161718176,0.114848939307702,11.8900672954686,1.33299139091994e-32
"depth",-5.04237904125543,0.32023182016871,-15.746027482837,7.31335116870658e-56
"eutro",-0.759147428489228,0.280197156173072,-2.70933309551621,0.00674186163836019
"log10(RT)",-0.338024640927329,0.109999655620115,-3.07296090175683,0.00211946254831314
