"term","estimate","std.error","statistic","p.value"
"(Intercept)",-3.48767517646002,0.700986524835,-4.97538119906222,6.51193624974981e-07
"human_impact",-0.568254591695288,0.29516661736239,-1.92519939000288,0.0542044183925892
"log10(area)",1.45891417225151,0.117343439423947,12.4328567443863,1.73327538953742e-35
"depth",-5.35486010623656,0.337271620018478,-15.8769958348206,9.14549038288739e-57
"eutro",-0.834980100131676,0.284726428223921,-2.93256971381319,0.00336169440324824
"log10(RT)",-0.318196824450718,0.110964298045626,-2.8675603780225,0.0041364986817944
