"term","estimate","std.error","statistic","p.value"
"(Intercept)",-4.01479757198346,0.690399959381426,-5.81517643132624,6.05699674674424e-09
"human_impact",-0.189359653882387,0.294547132908867,-0.642884050550153,0.520299339337052
"log10(area)",1.45343244295574,0.116095121467581,12.519324021394,5.85315067180238e-36
"depth",-4.95435557104228,0.316815100909596,-15.6380032290696,4.01109392251864e-55
"eutro",-0.718267224375245,0.280394318629856,-2.56163258900911,0.0104181466337865
"log10(RT)",-0.363337292838502,0.110558484880718,-3.28638089813287,0.00101483679922218
