"term","estimate","std.error","statistic","p.value"
"(Intercept)",-3.7165178162585,0.706890901152409,-5.25755503458828,1.45983214875154e-07
"human_impact",-0.444301701194627,0.293894856704803,-1.511770931197,0.130592146809828
"log10(area)",1.48747898208234,0.120955359973771,12.2977516862824,9.31304249044946e-35
"depth",-5.29314485649096,0.335796549177894,-15.762951910762,5.59570928938282e-56
"eutro",-0.800025244254402,0.279112424916143,-2.86631899133392,0.00415275565381418
"log10(RT)",-0.354617019132371,0.113745597173606,-3.11763292772671,0.00182309712306
