"term","estimate","std.error","statistic","p.value"
"(Intercept)",-3.79215324845146,0.703318008190393,-5.39180456676846,6.97536085518909e-08
"human_impact",-0.506759182515265,0.300180192354969,-1.68818328264649,0.0913760512737126
"log10(area)",1.39743796216758,0.116818780417225,11.9624426584197,5.58931941793856e-33
"depth",-4.95744485230775,0.321302911873674,-15.4291936646278,1.04163459196735e-53
"eutro",-0.550240292016615,0.282888408026441,-1.94507896543143,0.0517654751006291
"log10(RT)",-0.3033896698575,0.109321732777059,-2.77519997305756,0.00551677748782875
