"term","estimate","std.error","statistic","p.value"
"(Intercept)",-3.92933643242091,0.698749802767693,-5.62338109700656,1.87255667871578e-08
"human_impact",-0.565975588814344,0.294108146012791,-1.92437916625991,0.0543070739212033
"log10(area)",1.46483115097871,0.117336557937213,12.4840133094969,9.12677458592091e-36
"depth",-4.94975190343989,0.320291415004575,-15.4539012647878,7.10121424363529e-54
"eutro",-0.7531075218607,0.282823623165138,-2.66281689426264,0.00774895675908819
"log10(RT)",-0.334274313182785,0.110486564637641,-3.02547476500056,0.00248243118941036
