"estimate","std.error","Adjusted.SE","statistic","p.value","term"
-2.99937579080189,3.78425394268598,3.83537222530587,0.782029908599729,0.434197,"(Intercept)"
-2.742620125008,1.14957484566309,1.16510952025959,2.3539590719308,0.0185747,"human_impact"
0.921386318542051,0.518267735801939,0.525271274161454,1.75411518555428,0.0794108,"log10(area)"
-13.0244294376461,3.20794983370094,3.25129648928374,4.00591870983607,6.18e-05,"log10(depth)"
-3.41767392116104,1.51827408445364,1.53879079407089,2.22101271617276,0.0263501,"eutro"
0.0702052483978407,0.465668464247193,0.472014633751356,0.148735321699417,0.8817625,"log10(RT)"
