"estimate","std.error","Adjusted.SE","statistic","p.value","term"
-8.73014307893382,3.93469749466492,3.98726496388254,2.18950663124052,0.02856,"(Intercept)"
-2.02899535413471,1.16938760214417,1.18518983424284,1.71195811465168,0.0869044,"human_impact"
1.79027606020872,0.582314429463635,0.590183670047783,3.03342188384131,0.002418,"log10(area)"
-20.8411456550245,4.54694482860205,4.60806213748688,4.52275707948476,6.1e-06,"log10(depth)"
-3.90245953611191,1.65105294670372,1.6733634232829,2.332105197122,0.0196952,"eutro"
0.33385878292974,0.540424215736811,0.547789162991215,0.609465841030327,0.5422157,"log10(RT)"
