"term","estimate","std.error","statistic","p.value"
"(Intercept)",-3.56718287752561,0.705638263298776,-5.05525715236791,4.29811233965836e-07
"human_impact",-0.525715376359506,0.299606385336248,-1.75468682274411,0.0793128912106958
"log10(area)",1.44417123658903,0.118810288249204,12.1552708765413,5.37832283292777e-34
"depth",-5.31747247141594,0.330446042615239,-16.0918025506737,2.91233212349107e-58
"eutro",-0.626274685665976,0.279408033414984,-2.24143407049365,0.0249979716597787
"log10(RT)",-0.311302890052193,0.112066354368339,-2.77784435664789,0.00547208228367745
