"term","estimate","std.error","statistic","p.value"
"(Intercept)",-2.34099888059742,0.489867716135249,-4.7788388650439,1.76310417512559e-06
"human_impact",-2.42898240376628,0.190464179481643,-12.7529617924844,3.00122172956047e-37
"log10(area)",1.60842757934672,0.0887850027218227,18.1159827677899,2.38377623378903e-73
"depth",-5.75179860887554,0.240357085290013,-23.930222826323,1.48478087230396e-126
"eutro",-1.4036654532679,0.183784812437701,-7.63754868887068,2.21396327871587e-14
"log10(RT)",-0.207735054889563,0.0764268210121069,-2.71809100703868,0.00656597755114677
