"term","estimate","std.error","statistic","p.value"
"(Intercept)",-4.00439847532887,0.723841921554892,-5.5321450113403,3.16338203470462e-08
"human_impact",-0.342104155214642,0.302539895159355,-1.1307736952657,0.258150354155695
"log10(area)",1.54751285903186,0.123094929313555,12.5717027310682,3.02145539050945e-36
"depth",-5.42865928106696,0.336577820509822,-16.1289869690286,1.59617137196583e-58
"eutro",-0.854809076365668,0.285310776920649,-2.99606304953355,0.002734898796721
"log10(RT)",-0.370409394008495,0.111586774359145,-3.31947398010021,0.000901872090481646
