"term","estimate","std.error","statistic","p.value"
"(Intercept)",-3.5446001368856,0.679801378350004,-5.21417027057074,1.84641812194458e-07
"human_impact",-0.362561207561303,0.290740125185368,-1.24702844965119,0.212387066151705
"log10(area)",1.34920503887127,0.111805235774304,12.0674584649581,1.56905641258183e-33
"depth",-4.84156831220203,0.315280021735163,-15.356406934877,3.20872072794462e-53
"eutro",-0.726383616840595,0.276825596878487,-2.62397561869772,0.00869100062987344
"log10(RT)",-0.304264280332624,0.108972690290598,-2.79211497413932,0.00523647459449389
