"estimate","std.error","Adjusted.SE","statistic","p.value","term"
-11.0030327517969,3.68808435880565,3.73530351264659,2.94568639858688,0.0032224,"(Intercept)"
-1.51129516856248,1.0595356016803,1.07367204424429,1.40759478340168,0.1592511,"human_impact"
1.76717037773697,0.538653336702329,0.54580946435848,3.23770563380395,0.001205,"log10(area)"
-12.5852234733424,3.07735380112107,3.11814260744602,4.03612825253383,5.43e-05,"log10(depth)"
-1.46630034952761,1.57591093665906,1.59714847143613,0.918073914699454,0.3585802,"eutro"
0.206163665010304,0.455983152483369,0.462128143188968,0.446117961108466,0.655512,"log10(RT)"
