"term","estimate","std.error","statistic","p.value"
"(Intercept)",-3.9861599409805,0.69248295056293,-5.75632936195771,8.59625897168972e-09
"human_impact",-0.317267148717215,0.295492804344987,-1.07368823894204,0.282962434344652
"log10(area)",1.42579869478294,0.115967549772044,12.2948074490288,9.65866436697995e-35
"depth",-4.88450709471508,0.314671584177322,-15.5225553889308,2.44131926794311e-54
"eutro",-0.5360290005792,0.275328498556559,-1.946870750356,0.0515502321242024
"log10(RT)",-0.339863760529639,0.110173850439051,-3.08479515942536,0.0020369238741954
