"term","estimate","std.error","statistic","p.value"
"(Intercept)",-3.48020178563555,0.689235383007094,-5.04936611125743,4.43278486472528e-07
"human_impact",-0.431124253537577,0.293239434191896,-1.47021240415929,0.141504236244729
"log10(area)",1.39475874789274,0.11443974119687,12.1877132306105,3.61421296138661e-34
"depth",-4.93413469295521,0.315473278789221,-15.6404203610914,3.86170442148504e-55
"eutro",-0.705225594040148,0.27715080697388,-2.54455544163943,0.0109416940550747
"log10(RT)",-0.386936493869895,0.111344046611433,-3.47514308708593,0.000510580927988591
