"term","estimate","std.error","statistic","p.value"
"(Intercept)",-4.16724205341793,0.695219419377017,-5.99413931381861,2.04565951720333e-09
"human_impact",-0.212872439784777,0.295555198292183,-0.720245967639295,0.471373566073673
"log10(area)",1.46982367929893,0.11721354663942,12.539708262736,4.52658869869569e-36
"depth",-4.98296813664839,0.317611841069082,-15.6888613468431,1.80260046947365e-55
"eutro",-0.845371296787331,0.278276802026526,-3.03787915712337,0.00238249474228631
"log10(RT)",-0.31499082801895,0.109128446444869,-2.88642272735076,0.00389648415732027
