"term","estimate","std.error","statistic","p.value"
"(Intercept)",-4.31896172059069,0.704334379449481,-6.13197629791472,8.67940372762424e-10
"human_impact",-0.191384814253943,0.296300226122525,-0.645915181228389,0.518334287348855
"log10(area)",1.49609711675475,0.118890422698438,12.5838320934358,2.59147136163652e-36
"depth",-4.93277906792546,0.322851385618248,-15.2787916907322,1.05885826790822e-52
"eutro",-0.770957687737096,0.278970415481173,-2.76358224726924,0.00571706820368802
"log10(RT)",-0.353756272324731,0.110642597500257,-3.19728820831335,0.00138726242649785
