"term","estimate","std.error","statistic","p.value"
"(Intercept)",-7.16370065252704,3.98791416127635,-1.79635277060082,0.0724384301543448
"human_impact",-2.67871285378739,1.21477749812809,-2.20510575633409,0.0274466742491877
"log10(area)",1.49185024879678,0.553535703158656,2.69512922162706,0.00703613378886893
"log10(depth)",-19.1666986993764,4.3219088545312,-4.43477623996663,9.21679686455916e-06
"eutro",-3.89623296559279,1.62734885935965,-2.39422109351889,0.0166557054306571
"log10(RT)",0.262348035762486,0.475094657033449,0.552201612623094,0.580810229641518
