"term","estimate","std.error","statistic","p.value"
"(Intercept)",-3.57222781446958,0.692423397740956,-5.15902239312542,2.48242622130415e-07
"human_impact",-0.548178992369223,0.296294050885167,-1.85011811992701,0.0642965268558619
"log10(area)",1.37849563370971,0.114191225418524,12.0718175031169,1.48810880297627e-33
"depth",-4.84636769580343,0.313323336632034,-15.4676244288021,5.73859765108229e-54
"eutro",-0.694629293552608,0.276417517216169,-2.51297132160182,0.0119719066630271
"log10(RT)",-0.32308057036642,0.108089500724171,-2.98900973916861,0.00279883210249779
