"estimate","std.error","Adjusted.SE","statistic","p.value","term"
-12.6421039383045,4.85108677459146,4.91654415201631,2.57133945052032,0.0101306,"(Intercept)"
-1.79413696351127,1.3278608467114,1.34580501434223,1.33313291627775,0.1824882,"human_impact"
2.47667290314733,0.715095752441937,0.72476020466359,3.41723081263398,0.0006326,"log10(area)"
-25.4740074392355,5.51800978034846,5.59251143399491,4.55502107414354,5.2e-06,"log10(depth)"
-4.86906585706061,2.04726067155601,2.07491961978664,2.34662866485464,0.0189441,"eutro"
0.201174151294239,0.594178253433687,0.602275765293489,0.334023321021736,0.738362,"log10(RT)"
