"term","estimate","std.error","statistic","p.value"
"(Intercept)",-3.54406671107698,0.699630649250337,-5.06562529082236,4.07061937073408e-07
"human_impact",-0.63009871537515,0.297098243613628,-2.12084294983105,0.033935020959253
"log10(area)",1.42266729133741,0.117119173581095,12.1471766563682,5.93809667643198e-34
"depth",-5.05785034794539,0.321607603964037,-15.7267747578225,9.91336624999948e-56
"eutro",-0.595594488413665,0.276453035042989,-2.15441472118781,0.0312076631293407
"log10(RT)",-0.34370752276835,0.108703557053557,-3.16187926213868,0.00156754543689329
