"term","estimate","std.error","statistic","p.value"
"(Intercept)",-9.85751222490732,4.07514958865976,-2.41893260859395,0.0155661237743755
"human_impact",-3.54427128905903,1.34826442615281,-2.6287657082019,0.00856953792852767
"log10(area)",2.06974656701418,0.601234400138525,3.44249525066648,0.000576373985428532
"log10(depth)",-23.0425074529753,5.32209326383064,-4.32959482494867,1.49383936343416e-05
"eutro",-5.25092008794057,1.87158543960019,-2.80559998856492,0.00502229966070389
"log10(RT)",0.367926126152154,0.550391817411578,0.668480370733822,0.503827007706834
