"term","estimate","std.error","statistic","p.value"
"(Intercept)",-3.87511170646503,0.71370082838925,-5.42960236603727,5.64797497805419e-08
"human_impact",-0.411337723576084,0.296975003392343,-1.38509207467759,0.166024314972328
"log10(area)",1.48753545715004,0.119845556547668,12.4121035439339,2.2467141316548e-35
"depth",-5.24362247532495,0.332007723257801,-15.7936761948557,3.43937851992325e-56
"eutro",-0.795639633339497,0.284576864659748,-2.79586899761088,0.00517603765463867
"log10(RT)",-0.336236320940415,0.112741669898359,-2.98236065904953,0.00286034820490061
