"term","estimate","std.error","statistic","p.value"
"(Intercept)",-2.79043902746437,0.493104497652499,-5.65892025067443,1.5232831425166e-08
"human_impact",-2.51459789948341,0.192645025356212,-13.0530123725426,6.10835108320398e-39
"log10(area)",1.754120183416,0.0911018888588107,19.2544875346606,1.29449106605554e-82
"depth",-6.18693076526568,0.252300582183031,-24.5220629763644,8.59353646484864e-133
"eutro",-1.51058406519002,0.188303457146399,-8.02207292463886,1.03975379131064e-15
"log10(RT)",-0.181063799776749,0.0780733570335447,-2.31914966457705,0.0203869226498899
