"estimate","std.error","Adjusted.SE","statistic","p.value","term"
-5.68240665660719,3.58383173745903,3.63017223352605,1.56532701234612,0.1175063,"(Intercept)"
-1.42599061677058,1.09977923823072,1.1146002533501,1.27937402892611,0.2007654,"human_impact"
1.3518428828061,0.513899216884598,0.520741574188548,2.59599569116913,0.0094317,"log10(area)"
-17.2237556205505,3.95350029088635,4.00611867273234,4.29936230740843,1.71e-05,"log10(depth)"
-4.90706719404298,1.62713850832448,1.64857171718748,2.97655670231599,0.0029151,"eutro"
0.225957700357782,0.461227629711297,0.467443296852299,0.483390609897182,0.6288184,"log10(RT)"
