"term","estimate","std.error","statistic","p.value"
"(Intercept)",-2.94004471259222,0.491016027287041,-5.98767565457391,2.12861006189027e-09
"human_impact",-2.34662084912186,0.190747908973681,-12.3022100831818,8.81292865106338e-35
"log10(area)",1.75973260005536,0.091515219297309,19.2288519173892,2.12275525824598e-82
"depth",-6.05935456520245,0.250558117208818,-24.183429508103,3.32405014678365e-129
"eutro",-1.50777185557889,0.187605160634831,-8.0369423233177,9.21079975130699e-16
"log10(RT)",-0.220919623088747,0.0778213414319327,-2.8388051275366,0.00452828021992921
