"term","estimate","std.error","statistic","p.value"
"(Intercept)",-6.69278616679957,3.74576347619316,-1.78676155324187,0.0739760357616411
"human_impact",-2.73155204055923,1.29518897104546,-2.1089988423499,0.0349446815576051
"log10(area)",1.41176605496372,0.545668807504109,2.5872214712458,0.00967533821851548
"log10(depth)",-17.5554822993985,4.11860364737986,-4.26248403644443,2.02166945073142e-05
"eutro",-3.30712967131377,1.5365956675033,-2.1522445632606,0.0313780975014625
"log10(RT)",0.214391727282718,0.494914212466517,0.433189675871802,0.664876978589887
