"term","estimate","std.error","statistic","p.value"
"(Intercept)",-2.96415982711222,0.489838663465018,-6.05129820938257,1.43683185692717e-09
"human_impact",-2.51659651222884,0.193857662986739,-12.9816715700374,1.55450473373296e-38
"log10(area)",1.74171730324627,0.0908996294897006,19.1608845165163,7.85273714061048e-82
"depth",-5.97401337605046,0.248062828984042,-24.082662446919,3.79838607682632e-128
"eutro",-1.57884526450826,0.185898184464702,-8.49306446458624,2.012585917902e-17
"log10(RT)",-0.170946544168737,0.0770760437551217,-2.21789463807783,0.0265620171962169
