"term","estimate","std.error","statistic","p.value"
"(Intercept)",-7.90237991293439,3.42091366571077,-2.310020270942,0.0208870318872932
"human_impact",-2.83621608009412,1.17285317573529,-2.41821921001837,0.0155966777347155
"log10(area)",1.54278935663881,0.519844909800144,2.96778775275869,0.00299951375084091
"log10(depth)",-14.9849907065953,3.72484509622496,-4.02298359246732,5.7465501166854e-05
"eutro",-2.03340380181107,1.5432162482909,-1.31764022317873,0.187624113920155
