"term","estimate","std.error","statistic","p.value"
"(Intercept)",-6.31176449704907,3.12263897778526,-2.02129177978996,0.0432495696000144
"human_impact",-0.680454184279317,1.06780122516137,-0.637247989836765,0.523963322960958
"log10(area)",1.22287889736102,0.458611243301153,2.66648259331489,0.00766495755969315
"log10(depth)",-12.6450190255795,3.04528002204284,-4.15233375389136,3.29101819173398e-05
"eutro",-2.82617971645741,1.33589074652304,-2.11557698398105,0.034380801067325
