"term","estimate","std.error","statistic","p.value"
"(Intercept)",-2.98743749947031,0.497725326288965,-6.00218100562537,1.94684489761435e-09
"human_impact",-2.48038140034864,0.195223172557226,-12.7053636505245,5.52121780939453e-37
"log10(area)",1.75724744889061,0.0916944225053389,19.1641694323152,7.37240783927847e-82
"depth",-6.07665508900202,0.250412667014696,-24.2665643133995,4.42118814382369e-130
"eutro",-1.51246254910668,0.187241290623353,-8.07761228344176,6.60472063267822e-16
"log10(RT)",-0.166723267268655,0.0781445965336717,-2.13352265753673,0.0328818750201116
