"term","estimate","std.error","statistic","p.value"
"(Intercept)",-3.62838363785325,0.700052842954176,-5.18301393155082,2.18328723583092e-07
"human_impact",-0.519470477213998,0.29491527515268,-1.76142275758712,0.0781668760111657
"log10(area)",1.47784984989674,0.118244920587445,12.4982100081316,7.63511030793707e-36
"depth",-5.12671532103356,0.324136673998461,-15.8165234985348,2.39349025770365e-56
"eutro",-0.71631552836077,0.280693863676857,-2.55194580664369,0.0107123179740215
"log10(RT)",-0.421966046989904,0.110963550465103,-3.80274464201296,0.000143101838435836
