"term","estimate","std.error","statistic","p.value"
"(Intercept)",-3.78753638286948,0.699178343212185,-5.4171248575416,6.05650482158822e-08
"human_impact",-0.418670248479608,0.294811593761044,-1.42012816775095,0.155570371194131
"log10(area)",1.44292292877919,0.117967652692005,12.2315134348434,2.10970851116282e-34
"depth",-5.07648189740157,0.326711528952674,-15.5381168019232,1.91529324864475e-54
"eutro",-0.609638210008596,0.276310355368965,-2.20635310317823,0.0273592859157422
"log10(RT)",-0.342947530207215,0.110360079522816,-3.10753246726607,0.00188656261639647
