"estimate","std.error","Adjusted.SE","statistic","p.value","term"
-7.33301401902284,3.44593717763818,3.4908632510592,2.10063055801394,0.0356734,"(Intercept)"
-1.56074323061046,1.11042342968971,1.12543230468344,1.38679441145903,0.1655045,"human_impact"
1.45634858436499,0.507924635464937,0.514510129842112,2.8305537634641,0.0046468,"log10(area)"
-13.085393788855,3.32100623345135,3.36557089547315,3.88801608857964,0.0001011,"log10(depth)"
-2.41868720011968,1.38376565169045,1.40218164400867,1.72494570190274,0.0845373,"eutro"
-0.271486793059647,0.466896721705407,0.473214719315513,0.57370741436856,0.5661658,"log10(RT)"
