"estimate","std.error","Adjusted.SE","statistic","p.value","term"
-4.28066875914649,3.25351619174319,3.29748265414709,1.2981626313524,0.1942315,"(Intercept)"
-1.8895397884094,1.15092458718262,1.16647735498308,1.61986838436037,0.1052606,"human_impact"
1.00468296383641,0.469852810258103,0.47620212284551,2.1097826230446,0.0348771,"log10(area)"
-13.7054272395944,3.17043080478211,3.21327489449845,4.26525202156214,2e-05,"log10(depth)"
-2.95575953317543,1.36372055546589,1.3821490332584,2.13852447315849,0.0324742,"eutro"
0.0509847787361547,0.486068066381629,0.492692243401658,0.103482000009061,0.9175804,"log10(RT)"
