"estimate","std.error","Adjusted.SE","statistic","p.value","term"
-10.8562713090448,4.25290176054619,4.30357451027683,2.52261725296501,0.0116485,"(Intercept)"
-2.44491206485466,1.25142318628322,1.26809438541353,1.92802057400275,0.0538526,"human_impact"
1.88122610661079,0.571075363628168,0.578695290624331,3.25080597179425,0.0011508,"log10(area)"
-17.8444833056689,3.94380130014249,3.99521064885734,4.46646869815802,8e-06,"log10(depth)"
-2.43940222020018,1.51940619374453,1.53996386926135,1.58406458027502,0.113179,"eutro"
0.559588434757889,0.551708861079982,0.559187774614415,1.00071650376074,0.3169639,"log10(RT)"
