"term","estimate","std.error","statistic","p.value"
"(Intercept)",-3.94801046455224,0.69457172780023,-5.68409324268919,1.31508517367419e-08
"human_impact",-0.484190153171522,0.293344718500035,-1.65058418521165,0.0988235103277044
"log10(area)",1.45210917684088,0.116991518705251,12.4120892942619,2.24711408665389e-35
"depth",-5.00777415670604,0.320295640589996,-15.6348495642387,4.2146903324216e-55
"eutro",-0.589801192564978,0.275002148611135,-2.14471485238824,0.0319756526541717
"log10(RT)",-0.311314711211069,0.11029963212801,-2.82244559845647,0.00476589070029436
