"term","estimate","std.error","statistic","p.value"
"(Intercept)",-3.01484113197929,0.494287108495149,-6.0993723691438,1.06485744815072e-09
"human_impact",-2.62731106417401,0.195304010538878,-13.4524173718952,2.97969381314348e-41
"log10(area)",1.7982181882087,0.0920655708975287,19.5319289358468,5.8776837731523e-85
"depth",-6.07740380160664,0.25089772314429,-24.2226343286167,1.28491695965876e-129
"eutro",-1.39940651532052,0.186602011491839,-7.4994181688214,6.41017251225217e-14
"log10(RT)",-0.250887627358263,0.0773278325490355,-3.24446734232682,0.00117670509737658
