"term","estimate","std.error","statistic","p.value"
"(Intercept)",-2.94269964969308,0.486314325420677,-6.0510239897777,1.43928010636354e-09
"human_impact",-2.21508685304566,0.187840676245274,-11.7923705201811,4.27340699494788e-32
"log10(area)",1.69949704195877,0.0897153719650672,18.943209003475,5.02396440629571e-80
"depth",-5.91223291286812,0.243302716613747,-24.2999050530703,1.96485625160387e-130
"eutro",-1.50544837243888,0.183904890355201,-8.18601598647647,2.70015881411439e-16
"log10(RT)",-0.15739968502337,0.0759477555214366,-2.07247316188222,0.0382213365977978
