"term","estimate","std.error","statistic","p.value"
"(Intercept)",-2.5432653312351,0.488944574053406,-5.20154116887144,1.97642678618003e-07
"human_impact",-2.47484542942031,0.191619117106316,-12.9154411459228,3.68327022011626e-38
"log10(area)",1.70096154139881,0.0908479729102688,18.7231645011922,3.20530544871383e-78
"depth",-6.16232127951711,0.252416853406529,-24.4132719204466,1.23631494087621e-131
"eutro",-1.49296519288614,0.187473403151405,-7.96361066577754,1.67090436072328e-15
"log10(RT)",-0.171757417100929,0.0776877379098979,-2.2108690730593,0.0270449048833391
