"term","estimate","std.error","statistic","p.value"
"(Intercept)",-3.07268797869542,0.49447944006247,-6.21398531414619,5.16573581425029e-10
"human_impact",-2.37803551555467,0.190405522492407,-12.4893200807739,8.53801684342076e-36
"log10(area)",1.70383451544112,0.090666128706274,18.7924039523176,8.71410733961874e-79
"depth",-5.85773774740818,0.244708712176104,-23.9375937837173,1.24426435641646e-126
"eutro",-1.28420654315703,0.183509737005984,-6.99802944578987,2.59587542955205e-12
"log10(RT)",-0.15936093228141,0.0766590384072072,-2.07882769719725,0.0376331901836386
