"term","estimate","std.error","statistic","p.value"
"(Intercept)",-2.57705528846669,0.486831672069532,-5.29352430484149,1.19981287187871e-07
"human_impact",-2.40355792202813,0.191437297111404,-12.555327296694,3.71641333132856e-36
"log10(area)",1.65762604448213,0.0900138803191655,18.4152270583672,9.9172598137352e-76
"depth",-5.84918206193484,0.244787655866081,-23.8949224838969,3.4585876439708e-126
"eutro",-1.50571447537293,0.183907428808881,-8.18734993537256,2.67040879671306e-16
"log10(RT)",-0.182512049710449,0.0762867102260603,-2.39244881801314,0.016736362201725
