"term","estimate","std.error","statistic","p.value"
"(Intercept)",-2.90183520854182,0.492634614743906,-5.89044115393786,3.85166009914962e-09
"human_impact",-2.41200792348191,0.189976477149508,-12.6963504096547,6.19520407075545e-37
"log10(area)",1.78105248534758,0.0918554957391836,19.3897215513891,9.42456935874352e-84
"depth",-6.22232002826092,0.254737969043783,-24.4263548603211,8.97733714586392e-132
"eutro",-1.56414185074367,0.188826991172536,-8.28346541472173,1.19641731769248e-16
"log10(RT)",-0.193553467238224,0.0773922296647314,-2.50094186556856,0.0123863508943707
