"term","estimate","std.error","statistic","p.value"
"(Intercept)",-2.76764648991148,0.492004118465705,-5.62525065550727,1.85238798428305e-08
"human_impact",-2.25965606112617,0.190315166890162,-11.8732316401787,1.63045397101336e-32
"log10(area)",1.68565611070131,0.0905457130781506,18.6166307978204,2.35577448978706e-77
"depth",-5.98876960535281,0.246447004951539,-24.3004357327468,1.93963869591861e-130
"eutro",-1.47908210710221,0.184283970149971,-8.02610289922951,1.00617835973011e-15
"log10(RT)",-0.159730059156059,0.0766801253381919,-2.08306987568919,0.0372448547715963
