"term","estimate","std.error","statistic","p.value"
"(Intercept)",-3.27959593920086,0.491787167242041,-6.66873021025121,2.58026070854589e-11
"human_impact",-2.48583559125327,0.19014014996314,-13.0737016444721,4.65443158731818e-39
"log10(area)",1.79866118322418,0.0924083691783566,19.4642671352916,2.2062765008573e-84
"depth",-5.97421623515454,0.248315622003643,-24.058962488743,6.72636401366495e-128
"eutro",-1.49113050623003,0.185930243931417,-8.01983837971003,1.05884391330494e-15
"log10(RT)",-0.201899774215921,0.0770498978696098,-2.62037692194729,0.00878326284309498
