"term","estimate","std.error","statistic","p.value"
"(Intercept)",-2.82563996614713,0.486762803127579,-5.80496280322088,6.43802948510660e-09
"human_impact",-2.35010585392821,0.190966114811542,-12.3064024015332,8.36703749811583e-35
"log10(area)",1.71641388973448,0.0903827357561918,18.9905060449212,2.0434981194916e-80
"depth",-6.10086318026786,0.250977990700368,-24.3083593236326,1.59935223422632e-130
"eutro",-1.55240041992613,0.188399986683205,-8.23991788564453,1.72328886137097e-16
"log10(RT)",-0.135318732728567,0.0767176817563303,-1.76385325560755,0.0777566885585127
