"term","estimate","std.error","statistic","p.value"
"(Intercept)",-2.707725307148,0.487184504788319,-5.55790523002062,2.73031552282738e-08
"human_impact",-2.32749169442784,0.188345687948813,-12.3575523271889,4.43454597478268e-35
"log10(area)",1.67212917317615,0.0896155646330827,18.6589146653534,1.06880006960218e-77
"depth",-5.77475172369617,0.241652695343799,-23.8969059106932,3.29821627383746e-126
"eutro",-1.5009741640969,0.185203836407003,-8.1044442340728,5.29871665124602e-16
"log10(RT)",-0.207092479947898,0.0763912099449697,-2.71094645702146,0.00670914591808141
