"term","estimate","std.error","statistic","p.value"
"(Intercept)",-3.25992945353413,0.485343181931183,-6.71675131102666,1.85820700453041e-11
"human_impact",-2.41143794088503,0.192476688575462,-12.5284675184943,5.21608348339453e-36
"log10(area)",1.78897599318242,0.0909657513701609,19.6664784958754,4.17808844760296e-86
"depth",-6.03811817813517,0.249215574386818,-24.2284945192196,1.11458995595793e-129
"eutro",-1.44297708709049,0.186160996274532,-7.75123208388147,9.10051837970818e-15
"log10(RT)",-0.187539417915711,0.0757817492767918,-2.47473065356048,0.0133336691445074
