"term","estimate","std.error","statistic","p.value"
"(Intercept)",-3.30003559979854,0.49872310713186,-6.61696952197972,3.66637047950959e-11
"human_impact",-2.5379391089,0.195831890526554,-12.9597845482469,2.06827625228904e-38
"log10(area)",1.84683898244514,0.0927582810714572,19.9102329313585,3.31768895807912e-88
"depth",-6.28041115618908,0.254311106245686,-24.6957800974751,1.18716536486604e-134
"eutro",-1.50858564009082,0.190142358768385,-7.93397983417496,2.12232573318721e-15
"log10(RT)",-0.160207385494302,0.0790865362870724,-2.02572262000162,0.0427932173479796
