"term","estimate","std.error","statistic","p.value"
"(Intercept)",-2.92315864045048,0.494976446753508,-5.90565199540935,3.51254759975583e-09
"human_impact",-2.5329396651382,0.191290680364928,-13.2413124377313,5.06558094036477e-40
"log10(area)",1.71106170607381,0.0909725082942463,18.8085580815191,6.42620010790855e-79
"depth",-5.89383878537622,0.245510908710561,-24.0064232433949,2.38282757378059e-127
"eutro",-1.42587094226544,0.184679947331294,-7.72076753794819,1.15631271109879e-14
"log10(RT)",-0.162691645351888,0.0757613701283842,-2.14742216351411,0.0317596877432768
