"term","estimate","std.error","statistic","p.value"
"(Intercept)",-3.1625508248142,0.491306523220564,-6.43702184958457,1.21840400493505e-10
"human_impact",-2.50801219823672,0.193413731275683,-12.9670845068488,1.88047873014077e-38
"log10(area)",1.77075867501612,0.0916629925109867,19.3181416677388,3.78015911657324e-83
"depth",-6.0132318830154,0.249461544076836,-24.1048451185858,2.22374985326993e-128
"eutro",-1.44873754803141,0.186522512142244,-7.76709219381833,8.03083917058677e-15
"log10(RT)",-0.172312941784687,0.0774570343233443,-2.22462612066151,0.0261063476208167
