"term","estimate","std.error","statistic","p.value"
"(Intercept)",-2.77442686351537,0.498110237952722,-5.56990531838597,2.54877803228872e-08
"human_impact",-2.49359182085417,0.193338368457905,-12.8975528279432,4.64618455792618e-38
"log10(area)",1.73641664750475,0.0914210723592125,18.9936149587265,1.92601985948396e-80
"depth",-6.02636187745362,0.248509524093495,-24.2500238147265,6.60833877865962e-130
"eutro",-1.56365184829778,0.1888628007775,-8.27930032733087,1.23901096483137e-16
"log10(RT)",-0.202765414947533,0.0773843839869291,-2.6202368553038,0.0087868714539412
