"term","estimate","std.error","statistic","p.value"
"(Intercept)",-2.68233320829173,0.497546901258494,-5.39111629779432,7.00213379267986e-08
"human_impact",-2.4412855795103,0.191933287592132,-12.719448565369,4.61102712567179e-37
"log10(area)",1.77748007913199,0.0922581542522887,19.2663737263949,1.02898265488226e-82
"depth",-6.29809851708815,0.256154581688688,-24.5871007872208,1.73567103745915e-133
"eutro",-1.54585183667119,0.189527647719291,-8.15633948541774,3.45330925248479e-16
"log10(RT)",-0.253236312318554,0.0784946559854657,-3.22615991036949,0.00125463237833314
