"term","estimate","std.error","statistic","p.value"
"(Intercept)",-3.20087917368759,0.493402184337835,-6.48736320043515,8.73515899144689e-11
"human_impact",-2.33628449483123,0.188548139130439,-12.3909178080775,2.92674442032493e-35
"log10(area)",1.75690085396227,0.0911576531153537,19.2732128781226,9.01611583131298e-83
"depth",-5.86874039699126,0.246129944263416,-23.8440731563745,1.16666123382576e-125
"eutro",-1.62596513467507,0.187601552650464,-8.66711981699071,4.43188510078132e-18
"log10(RT)",-0.171056116517579,0.0758753157678216,-2.25443696393976,0.0241686920858277
