"term","estimate","std.error","statistic","p.value"
"(Intercept)",-2.67916324581122,0.490479375304443,-5.46233619741553,4.69909063562025e-08
"human_impact",-2.49495069917378,0.192461791947341,-12.9633558636741,1.97418041370691e-38
"log10(area)",1.678830074338,0.0898035667812442,18.694469880328,5.49135431877622e-78
"depth",-5.94190766245809,0.246240029527571,-24.1305512911855,1.19501525559674e-128
"eutro",-1.38124829689099,0.186528641860993,-7.40501985705947,1.31130846140291e-13
"log10(RT)",-0.172274181120733,0.0765869396549086,-2.24939372035205,0.0244874577796332
