"term","estimate","std.error","statistic","p.value"
"(Intercept)",-2.65388795710895,0.488645271963531,-5.43111354878108,5.60034840096762e-08
"human_impact",-2.38398934647839,0.189104111327952,-12.6067557692809,1.93807964010278e-36
"log10(area)",1.68497428362216,0.0897496204807384,18.7741661145384,1.22861828382521e-78
"depth",-5.96594983066425,0.245774556108925,-24.2740742781373,3.68338011642657e-130
"eutro",-1.57292670094601,0.185728068208642,-8.46897680095949,2.47557971363188e-17
"log10(RT)",-0.167024140107256,0.0767003999991433,-2.17761758881468,0.0294345189582411
