"term","estimate","std.error","statistic","p.value"
"(Intercept)",-2.75853292468881,0.491119178896747,-5.61682997370536,1.94492636408269e-08
"human_impact",-2.4090696085501,0.190365512193727,-12.6549687534709,1.0501734903031e-36
"log10(area)",1.75193590675492,0.0912174389588831,19.2061510030403,3.28755688284075e-82
"depth",-6.11952753910708,0.250281746552467,-24.450554718437,4.9644832818122e-132
"eutro",-1.61609880990948,0.186488940272289,-8.66592307055769,4.47869311090237e-18
"log10(RT)",-0.196495333775167,0.0770122680812379,-2.55148093506206,0.0107266192581492
