"term","estimate","std.error","statistic","p.value"
"(Intercept)",-2.48650502163035,0.486690496446276,-5.10900672971086,3.23856819671875e-07
"human_impact",-2.42155259263909,0.191629989483907,-12.6366055707708,1.32658342044545e-36
"log10(area)",1.66831621155595,0.089226719573274,18.6974957673515,5.18848656021939e-78
"depth",-6.08877966533064,0.248544072737311,-24.4977866431196,1.55959091907418e-132
"eutro",-1.46929247751982,0.186583960805281,-7.87469872103948,3.41564916011816e-15
"log10(RT)",-0.164165706042879,0.0775054188583058,-2.11811907426762,0.03416498451231
