"term","estimate","std.error","statistic","p.value"
"(Intercept)",-3.02324217993157,0.499405864730096,-6.05367776681093,1.41575676250991e-09
"human_impact",-2.54640230863314,0.195137934424539,-13.0492429170293,6.41820212967449e-39
"log10(area)",1.80787265195262,0.093684833187432,19.2973888135732,5.6492709068363e-83
"depth",-6.24573386061239,0.2579029210914,-24.2173831695335,1.4594990934441e-129
"eutro",-1.57948198949816,0.190015073697018,-8.31240363602241,9.37828005275661e-17
"log10(RT)",-0.187399562018412,0.0781342131210288,-2.39843155172156,0.0164654535302615
