"term","estimate","std.error","statistic","p.value"
"(Intercept)",-3.32193597446339,0.492326869391788,-6.74741961284228,1.50497567411837e-11
"human_impact",-2.30661330987488,0.189189591571565,-12.1920729925692,3.42594069875745e-34
"log10(area)",1.76396015396586,0.0911334692350814,19.3557884800333,1.82185352224012e-83
"depth",-5.86454324601128,0.243442069675996,-24.0900977132529,3.17459470540774e-128
"eutro",-1.32325399173831,0.182918769970892,-7.23410720479304,4.68601512155473e-13
"log10(RT)",-0.198644723037372,0.0772824893392053,-2.57037169397441,0.0101589450747624
