"term","estimate","std.error","statistic","p.value"
"(Intercept)",-2.97996312709031,0.498486046164726,-5.97802716849886,2.25856073714749e-09
"human_impact",-2.32349818553338,0.190735335884846,-12.1817919828771,3.88647538173081e-34
"log10(area)",1.76166495911193,0.0924677506651704,19.0516687865696,6.3640715290251e-81
"depth",-6.14095220810732,0.252175086473405,-24.3519385439171,5.52956807206327e-131
"eutro",-1.56243126856887,0.188214420604449,-8.30133665396702,1.02946521731012e-16
"log10(RT)",-0.174475260304318,0.0771410571632089,-2.26176911129409,0.0237116722149241
