"term","estimate","std.error","statistic","p.value"
"(Intercept)",-3.067763550143,0.490491570382758,-6.2544674269306,3.98874698684113e-10
"human_impact",-2.55359137582479,0.191634237158618,-13.3253400524206,1.64879801017535e-40
"log10(area)",1.7163586106021,0.0907482600728587,18.9134051630752,8.84561170242511e-80
"depth",-5.85568721867918,0.244826778703966,-23.9176745684329,2.00570128521165e-126
"eutro",-1.24852080635357,0.183685497763314,-6.79705704345993,1.06777827955164e-11
"log10(RT)",-0.161127228575956,0.0760377939185909,-2.11904133815962,0.0340869735682412
