"term","estimate","std.error","statistic","p.value"
"(Intercept)",-2.87495623015405,0.491505663598121,-5.84928403287894,4.93693430294014e-09
"human_impact",-2.37143951701962,0.191924218491424,-12.3561243894062,4.51400201984459e-35
"log10(area)",1.77086535342759,0.0917572885890474,19.2994516365751,5.42821822285998e-83
"depth",-6.20568708073826,0.253147862734461,-24.5140804812866,1.04546853355663e-132
"eutro",-1.55097282470249,0.187265261272806,-8.28222391147632,1.20896002694324e-16
"log10(RT)",-0.193897982032493,0.0780315860989441,-2.48486531834211,0.0129600456309452
