"term","estimate","std.error","statistic","p.value"
"(Intercept)",-3.32210250066972,0.490652846580662,-6.77078004096237,1.28089889914043e-11
"human_impact",-2.27674729219524,0.190468132765336,-11.9534289497146,6.23006316960329e-33
"log10(area)",1.81396943783084,0.0916073095046647,19.8015796734918,2.88503475203308e-87
"depth",-6.09343296578588,0.250008536606191,-24.3728996157605,3.3154381243587e-131
"eutro",-1.52333157189907,0.185388625308649,-8.21696352385649,2.08720517581772e-16
"log10(RT)",-0.197087818665967,0.0773537410670662,-2.54787701211621,0.010838067293148
