"term","estimate","std.error","statistic","p.value"
"(Intercept)",-2.88979814557208,0.493248978189537,-5.85870072387994,4.66502521570085e-09
"human_impact",-2.45529119569296,0.192976737032091,-12.7232496178265,4.39207118110455e-37
"log10(area)",1.7196487482658,0.0904659989649972,19.0087852667294,1.44254302000542e-80
"depth",-5.80838252748862,0.243184994481475,-23.8846255291097,4.42505078465814e-126
"eutro",-1.44290794317579,0.18611051740039,-7.75296293476838,8.9772828189952e-15
"log10(RT)",-0.239784715044907,0.0769537231709758,-3.11595989335244,0.00183347207027689
