"term","estimate","std.error","statistic","p.value"
"(Intercept)",-2.63793424070984,0.490858680621661,-5.37412160536502,7.69569097170637e-08
"human_impact",-2.3827351976176,0.193296408969932,-12.3268466823315,6.49385698414933e-35
"log10(area)",1.72855425616145,0.0908577651752661,19.0248379192141,1.06215275525652e-80
"depth",-6.17512686635157,0.252219275901471,-24.4831678478209,2.23231635955532e-132
"eutro",-1.56851753574877,0.187127362286236,-8.38208542345352,5.19980735511189e-17
"log10(RT)",-0.197950415262029,0.0775163511229258,-2.55366012969467,0.0106597250605923
