"term","estimate","std.error","statistic","p.value"
"(Intercept)",-2.74408569435134,0.486223290542782,-5.64367389988261,1.66459226888544e-08
"human_impact",-2.2539586809019,0.188333210962235,-11.9679299757379,5.23176314442209e-33
"log10(area)",1.69444148907374,0.0899923845517136,18.8287208691536,4.39242606956968e-79
"depth",-5.95759497271864,0.245296547484749,-24.2873168571158,2.66911845470909e-130
"eutro",-1.51883046675755,0.185793175860476,-8.17484528009863,2.96245780129449e-16
"log10(RT)",-0.184977197325333,0.0758523892017453,-2.4386469466815,0.0147423634998049
