"term","estimate","std.error","statistic","p.value"
"(Intercept)",-2.41472927276667,0.487671414577396,-4.95154975376036,7.36247903399509e-07
"human_impact",-2.43059196662495,0.189756620602455,-12.8089969082929,1.46009810918822e-37
"log10(area)",1.60804317344764,0.0887416212287998,18.1205070538623,2.19562237805688e-73
"depth",-5.7721104621832,0.242063604046693,-23.8454289107824,1.12948495578606e-125
"eutro",-1.50815729758277,0.185642782711437,-8.12397484865896,4.51159294823172e-16
"log10(RT)",-0.16008636911515,0.0754522592960367,-2.12169086265596,0.0338637064403308
