"term","estimate","std.error","statistic","p.value"
"(Intercept)",-3.04113276825125,0.483834643306195,-6.28547957515035,3.26843135970252e-10
"human_impact",-2.41911523313823,0.189424095406714,-12.7708950012095,2.38397356468643e-37
"log10(area)",1.72475232709548,0.0905000887605412,19.0580180717732,5.63700171966675e-81
"depth",-5.8490397508512,0.24544905864339,-23.829953894218,1.63443523791116e-125
"eutro",-1.43612048523197,0.18409852510562,-7.80082558732092,6.15034674904474e-15
"log10(RT)",-0.176007799839767,0.0763836171359253,-2.30426112875173,0.0212079895858937
