"term","estimate","std.error","statistic","p.value"
"(Intercept)",-3.18808552231805,0.487816396209895,-6.53542100488623,6.34308551423435e-11
"human_impact",-2.32763147043943,0.193925853490998,-12.0026877723525,3.43942538644501e-33
"log10(area)",1.74827707896104,0.0903232955958069,19.3557715916889,1.82245074171243e-83
"depth",-6.00573402137009,0.247733064976781,-24.242763160957,7.88273885483377e-130
"eutro",-1.3525636993613,0.185798332168504,-7.27974080055052,3.34462165392709e-13
"log10(RT)",-0.171633616171684,0.0771157707116741,-2.22566168486339,0.0260368510222644
