"term","estimate","std.error","statistic","p.value"
"(Intercept)",-3.10627414805356,0.486588562715904,-6.38377961601857,1.72769683825383e-10
"human_impact",-2.47285088100327,0.190245166176205,-12.9982323898464,1.25203788092282e-38
"log10(area)",1.74476352520134,0.0907471744614254,19.2266429842727,2.2151097978873e-82
"depth",-5.96010623804267,0.248197773571959,-24.0135362709637,2.00814007288889e-127
"eutro",-1.44695291740184,0.187048333369032,-7.73571670669266,1.02822192777279e-14
"log10(RT)",-0.151148537006755,0.0755244307558771,-2.00131977816984,0.0453579396588137
