"term","estimate","std.error","statistic","p.value"
"(Intercept)",-3.25303506729846,0.499896165749479,-6.50742152106985,7.64516678503236e-11
"human_impact",-2.58282132297811,0.195288843236497,-13.2256470987966,6.23978914656267e-40
"log10(area)",1.859047785673,0.0941026871427582,19.7555228455138,7.19071887023926e-87
"depth",-6.31492406172043,0.257336678187035,-24.5395413751735,5.59314110100556e-133
"eutro",-1.58285828291694,0.190783918563232,-8.29660222327558,1.07131339022667e-16
"log10(RT)",-0.193602201407896,0.0780423201493892,-2.48073354350948,0.0131112342437673
