"term","estimate","std.error","statistic","p.value"
"(Intercept)",-2.71772787383354,0.492469432915982,-5.51857169640252,3.41766033059491e-08
"human_impact",-2.53195759080058,0.190601347393036,-13.2840487511322,2.86475860773393e-40
"log10(area)",1.67959604080847,0.0899788537921889,18.666564087242,9.26232371795406e-78
"depth",-5.86229974817151,0.245982594379728,-23.8321730159565,1.55010163490064e-125
"eutro",-1.51342719496355,0.186221770789949,-8.12701537818925,4.39989576918789e-16
"log10(RT)",-0.156288804061833,0.0761659984691705,-2.05194978340753,0.0401745429443814
