"term","estimate","std.error","statistic","p.value"
"(Intercept)",-3.14714517124135,0.504918492382805,-6.23297664616992,4.5765442050921e-10
"human_impact",-2.5207855001479,0.195694278356963,-12.8812427287719,5.74037367604396e-38
"log10(area)",1.80276091706867,0.0941724181919719,19.1431944902776,1.10295818965925e-81
"depth",-6.20869414375507,0.25361379493974,-24.4809007539605,2.35993750599633e-132
"eutro",-1.51303257322664,0.186581307399505,-8.10923984998644,5.09374117271799e-16
"log10(RT)",-0.161148547985467,0.0778469722373406,-2.07006828080809,0.0384459507321515
