"term","estimate","std.error","statistic","p.value"
"(Intercept)",-3.24271967554662,0.500188444231213,-6.48299598470465,8.99188920931073e-11
"human_impact",-2.54535202622833,0.193632463523116,-13.1452752287297,1.81145210806098e-39
"log10(area)",1.82427907188964,0.0930535929562907,19.6046064846367,1.41240529182494e-85
"depth",-6.29819456941446,0.256429938352348,-24.5610735231719,3.29381350790411e-133
"eutro",-1.36007737636188,0.187650296678689,-7.24793619000095,4.23169875102578e-13
"log10(RT)",-0.157952660197914,0.0779819582892403,-2.02550261192541,0.0428157805347538
