"term","estimate","std.error","statistic","p.value"
"(Intercept)",-3.17242013575271,0.498182860895207,-6.36798329443137,1.91529771836927e-10
"human_impact",-2.45777397157448,0.192079341578426,-12.795618473999,1.73465940590456e-37
"log10(area)",1.76397306207866,0.0914178656580547,19.2957147859559,5.83524204979466e-83
"depth",-5.95356914334551,0.245902549858399,-24.2110915351379,1.70012090980985e-129
"eutro",-1.50131199258376,0.186826225648316,-8.03587391103133,9.29142558766969e-16
"log10(RT)",-0.160702753923597,0.0765184894081309,-2.1001819974052,0.0357128343840812
