"term","estimate","std.error","statistic","p.value"
"(Intercept)",-2.89868379868144,0.486914169805044,-5.95317199300658,2.62994655126074e-09
"human_impact",-2.42085252798202,0.188238771262614,-12.8605414907042,7.50490817931093e-38
"log10(area)",1.7067494050108,0.0898084443043941,19.0043310317903,1.57035277290195e-80
"depth",-5.92739178491116,0.246026773269264,-24.0924664667447,2.99821069469627e-128
"eutro",-1.38785036662573,0.182879347582119,-7.5888851583011,3.2266957693059e-14
"log10(RT)",-0.168408688373281,0.0764963885352802,-2.20152469414436,0.027698900486668
