"term","estimate","std.error","statistic","p.value"
"(Intercept)",-2.62483950863277,0.490252334272513,-5.35405815563893,8.60031985524367e-08
"human_impact",-2.44293594899422,0.191359347230788,-12.7662222114916,2.53145706745577e-37
"log10(area)",1.67898735463456,0.090107434348931,18.6331723543794,1.7296197511435e-77
"depth",-5.97727114864867,0.246112208233107,-24.2867722473452,2.70471774545755e-130
"eutro",-1.43888966671424,0.187227889052327,-7.68523147912061,1.52720606471157e-14
"log10(RT)",-0.181028614375622,0.0775160925236735,-2.33536816010606,0.0195241962615527
