"term","estimate","std.error","statistic","p.value"
"(Intercept)",-3.01265561221179,0.496348781736657,-6.06963434396054,1.28201809040096e-09
"human_impact",-2.52331510253339,0.193243655591764,-13.0576866537032,5.74470486827283e-39
"log10(area)",1.73537462426187,0.0913065046310406,19.0060350166106,1.52017669927042e-80
"depth",-5.9520320454415,0.246698274540399,-24.1267680389341,1.30944059381068e-128
"eutro",-1.3485800139046,0.186255965257112,-7.24046616194539,4.47145144713911e-13
"log10(RT)",-0.179313074362959,0.0768181564041702,-2.33425381129329,0.0195824357253493
