"term","estimate","std.error","statistic","p.value"
"(Intercept)",-2.35322188680983,0.491849096925251,-4.78443876693233,1.71465758447063e-06
"human_impact",-2.50422543703277,0.19490022477885,-12.8487560231101,8.74044695123375e-38
"log10(area)",1.69650418747776,0.090555739041669,18.7343641102318,2.59726228736407e-78
"depth",-6.09110738738081,0.248485429203866,-24.5129358566271,1.07526855377221e-132
"eutro",-1.72885511638608,0.187244418881835,-9.23314631597709,2.62796744587731e-20
"log10(RT)",-0.216789249009504,0.0770603900863089,-2.8132384064848,0.00490452736384328
