"term","estimate","std.error","statistic","p.value"
"(Intercept)",-3.32266268388707,0.491885369959977,-6.75495326107671,1.42881308750925e-11
"human_impact",-2.29891694311615,0.191943443035332,-11.977053796482,4.68685455741552e-33
"log10(area)",1.78344335814292,0.0915566261644069,19.4791292870537,1.6506276741854e-84
"depth",-6.04539017825848,0.247603364145856,-24.4156221346706,1.16726103596749e-131
"eutro",-1.44117570215996,0.18555735167344,-7.76673998180504,8.05319239583734e-15
"log10(RT)",-0.167940445460713,0.0761773015162098,-2.2045995607363,0.027482206622924
