"term","estimate","std.error","statistic","p.value"
"(Intercept)",-3.47361175448213,0.501721736585546,-6.92338302526358,4.40983301363069e-12
"human_impact",-2.44658581448215,0.192778569295319,-12.6911711370479,6.61885905113063e-37
"log10(area)",1.82828912504874,0.0928978833734246,19.6806327405707,3.16032138850718e-86
"depth",-6.10893304942309,0.251183877566241,-24.3205619270372,1.18815156310385e-130
"eutro",-1.32968157774683,0.187655327846869,-7.08576512590083,1.3827816326345e-12
"log10(RT)",-0.182255974318216,0.0777709728733248,-2.34349613467069,0.0191039601960336
