"term","estimate","std.error","statistic","p.value"
"(Intercept)",-2.73404154975707,0.492768168986759,-5.54833230275175,2.88407327700005e-08
"human_impact",-2.5431292037689,0.192586898545661,-13.2050997392533,8.19910426223214e-40
"log10(area)",1.68883927379624,0.0900373083391633,18.7571053038871,1.69376050737372e-78
"depth",-5.9138128223831,0.245002593125146,-24.1377560414733,1.00398882232638e-128
"eutro",-1.46504975431011,0.185191215472308,-7.91101106266666,2.55306839312167e-15
"log10(RT)",-0.154277491017057,0.0761405986898363,-2.0262185177387,0.0427423968368025
