"term","estimate","std.error","statistic","p.value"
"(Intercept)",-2.71003470295528,0.49326485083297,-5.49407625209637,3.92760773063074e-08
"human_impact",-2.48145695291894,0.190795616664501,-13.0058383745911,1.1334895663596e-38
"log10(area)",1.75230391291148,0.0914664515137385,19.1578866776994,8.31827189648733e-82
"depth",-6.03948741000268,0.250161184200537,-24.1423841564534,8.9768756106146e-129
"eutro",-1.59439113684304,0.187739411591834,-8.4925755509952,2.0210733847233e-17
"log10(RT)",-0.246839783492241,0.0768628479683585,-3.21143166063604,0.00132075380005568
