"term","estimate","std.error","statistic","p.value"
"(Intercept)",-2.61595373760618,0.494855696760629,-5.28629609546875,1.24817801713806e-07
"human_impact",-2.39788841251699,0.191763992642656,-12.5043725856571,7.06554652523811e-36
"log10(area)",1.68380846924568,0.090472799425709,18.6112122089062,2.60653089964271e-77
"depth",-6.04231833411539,0.2503145698854,-24.1388998526203,9.76602053241731e-129
"eutro",-1.45434195855432,0.186095826545757,-7.81501651890474,5.49558220803124e-15
"log10(RT)",-0.173827489008745,0.077348243613003,-2.24733595604908,0.0246185646142941
