"term","estimate","std.error","statistic","p.value"
"(Intercept)",-2.58256724409699,0.483894822909266,-5.33704251797966,9.44748919636991e-08
"human_impact",-2.45696913007772,0.193752811951408,-12.6809469515927,7.54152071035547e-37
"log10(area)",1.65975088729505,0.0893947200859966,18.5665426962397,5.9940396878181e-77
"depth",-5.86318793651523,0.246106952888632,-23.823739507142,1.89577263105512e-125
"eutro",-1.48576397183479,0.186377523405406,-7.97179801881464,1.56382246050962e-15
"log10(RT)",-0.197994694827919,0.0758805785945571,-2.60929342521013,0.00907294071918498
