"term","estimate","std.error","statistic","p.value"
"(Intercept)",-2.99914813291372,0.492684137535756,-6.08736491480012,1.14784150193804e-09
"human_impact",-2.33284501905919,0.190837808512515,-12.2242287167441,2.30761475553958e-34
"log10(area)",1.740347235023,0.0906260643956566,19.2036060114557,3.45268698188682e-82
"depth",-5.994404507919,0.247490197826956,-24.2207754511161,1.34419559101834e-129
"eutro",-1.49963644004468,0.186149671611071,-8.0560788910653,7.87807983420303e-16
"log10(RT)",-0.175266407133443,0.0773670473165897,-2.26538834313069,0.0234888590369561
