"term","estimate","std.error","statistic","p.value"
"(Intercept)",-2.62733582829728,0.492794517651843,-5.33150376919064,9.74027992705513e-08
"human_impact",-2.40560851579747,0.193804252556678,-12.4125682695943,2.23370906631287e-35
"log10(area)",1.68623290700985,0.0903884381517398,18.6554048447998,1.14134447088947e-77
"depth",-5.98325408887832,0.247824928683285,-24.1430679337541,8.82965038864612e-129
"eutro",-1.62199270578924,0.187639925807312,-8.64417686593453,5.4194553631508e-18
"log10(RT)",-0.16723833814537,0.076010947305704,-2.20018752657777,0.0277935929132249
