"term","estimate","std.error","statistic","p.value"
"(Intercept)",-2.54789170450152,0.491158094064384,-5.18751851041983,2.13114748135991e-07
"human_impact",-2.59179646615202,0.195564795314956,-13.2528784742568,4.34223423732422e-40
"log10(area)",1.68972006692658,0.0909660576032409,18.5752808404261,5.09379150805171e-77
"depth",-6.0127568515103,0.249345062585978,-24.1142005747036,1.77402787161453e-128
"eutro",-1.49932768637203,0.187014261419323,-8.01718368959164,1.08197255972203e-15
"log10(RT)",-0.195754800834366,0.0767944020750795,-2.54907643714685,0.0108008624201023
