"term","estimate","std.error","statistic","p.value"
"(Intercept)",-2.93887318607584,0.492086769450152,-5.97226621101737,2.33980312919862e-09
"human_impact",-2.3931438800236,0.192498235775172,-12.4320301969867,1.75129332964274e-35
"log10(area)",1.7400109584799,0.090856547625222,19.1511894735132,9.46011123284379e-82
"depth",-5.99057322494729,0.248113855180541,-24.1444526368277,8.53884987662218e-129
"eutro",-1.53999847345084,0.18674237400086,-8.24664718808679,1.62900458312535e-16
"log10(RT)",-0.193619048710621,0.0770932016113171,-2.51149316235167,0.0120221614876558
