"term","estimate","std.error","statistic","p.value"
"(Intercept)",-2.97629331531133,0.501396352136231,-5.93600911261249,2.92043575388362e-09
"human_impact",-2.51237365017768,0.192024072178809,-13.0836390545775,4.08409638768749e-39
"log10(area)",1.75625065274616,0.0925645891730565,18.9732452597258,2.83831206752912e-80
"depth",-6.01287643352269,0.249205265139781,-24.1282078456489,1.26465787058452e-128
"eutro",-1.61850183649991,0.18733209707378,-8.6397465345326,5.63378687913486e-18
"log10(RT)",-0.162943904337905,0.0769636807559636,-2.1171532174321,0.0342468463548735
