"term","estimate","std.error","statistic","p.value"
"(Intercept)",-3.05809047813236,0.488822827153045,-6.25603042301235,3.94899743978453e-10
"human_impact",-2.43870907560634,0.189392604904847,-12.8764746481605,6.10615717524878e-38
"log10(area)",1.72821871449057,0.0905083405501887,19.0945796153697,2.8010299201007e-81
"depth",-5.86048504112521,0.245210235269796,-23.8998385800541,3.07459592776405e-126
"eutro",-1.49789120181678,0.18401604055753,-8.14000343273598,3.95266690282015e-16
"log10(RT)",-0.157812667067373,0.076212891409155,-2.07068206112458,0.03838851772945
