"term","estimate","std.error","statistic","p.value"
"(Intercept)",-3.09328299306316,0.49435693137165,-6.25718543984099,3.91987219816062e-10
"human_impact",-2.47840259148622,0.193888481732898,-12.7826190051892,2.05046627576521e-37
"log10(area)",1.77692928342471,0.0920897913415559,19.295616349419,5.8463656993444e-83
"depth",-6.09934136305067,0.251275184445869,-24.2735524262032,3.73041543133706e-130
"eutro",-1.47281087458974,0.186938774794247,-7.87857348594897,3.31139726209834e-15
"log10(RT)",-0.181735468506523,0.0777349932670146,-2.33788491988767,0.0193932187576019
