"term","estimate","std.error","statistic","p.value"
"(Intercept)",-2.77773074850415,0.4877874311236,-5.69455170688952,1.23696495868911e-08
"human_impact",-2.52943745914008,0.191681028810492,-13.1960761836313,9.24254327874484e-40
"log10(area)",1.6753444513571,0.0894872275230494,18.7216041632933,3.3005974824395e-78
"depth",-5.81858866828562,0.243658889737579,-23.8800590224812,4.93588097805688e-126
"eutro",-1.44846834528779,0.184969965847271,-7.83082993313514,4.84659898758863e-15
"log10(RT)",-0.159650201545263,0.0754735792035205,-2.1153124474825,0.0344033262681104
