"term","estimate","std.error","statistic","p.value"
"(Intercept)",-2.96765524121289,0.497336214279232,-5.9671006373702,2.41506465521884e-09
"human_impact",-2.53233854812874,0.193738244775755,-13.0709274829027,4.82733381698465e-39
"log10(area)",1.78017984881613,0.0923436387413133,19.2777745503731,8.25525312135231e-83
"depth",-6.17200134126734,0.252698430503797,-24.4243754461095,9.42279724039422e-132
"eutro",-1.53090786309679,0.188459460402282,-8.12327415046686,4.53772743923132e-16
"log10(RT)",-0.168527019180365,0.0775262829284639,-2.17380497057844,0.0297197850944135
