"term","estimate","std.error","statistic","p.value"
"(Intercept)",-2.40809794351431,0.483284887577949,-4.98277104335465,6.26801008242387e-07
"human_impact",-2.52810272349445,0.190985609394971,-13.237137245593,5.35514082269841e-40
"log10(area)",1.63234300746373,0.0885143035992287,18.4415731818281,6.09420548924066e-76
"depth",-5.80680245745414,0.243497196192446,-23.8475126131013,1.07463999358883e-125
"eutro",-1.39215759108924,0.183945305228756,-7.5683235805227,3.7807130974942e-14
"log10(RT)",-0.204451576120281,0.0768402797065879,-2.66073440779982,0.00779704332351613
