"term","estimate","std.error","statistic","p.value"
"(Intercept)",-2.82827009739791,0.489796111504657,-5.77438250522129,7.72358019513939e-09
"human_impact",-2.56628007673579,0.192616145832329,-13.3232864028425,1.69479612381522e-40
"log10(area)",1.70209649443153,0.0905367364240409,18.8000646108949,7.54244518121343e-79
"depth",-5.97835007149922,0.249019609418675,-24.0075473793225,2.31927366156041e-127
"eutro",-1.35500214985963,0.186003521517971,-7.28481987223403,3.22100369422407e-13
"log10(RT)",-0.159704892953566,0.0771472591381349,-2.07013048470858,0.038440126829316
