"term","estimate","std.error","statistic","p.value"
"(Intercept)",-2.82988377149364,0.481703006551882,-5.87474799410215,4.2348707227443e-09
"human_impact",-2.25802787846971,0.189916943627381,-11.8895546407907,1.34119831278776e-32
"log10(area)",1.66399702937036,0.0885468574655615,18.7922765075829,8.73506141405502e-79
"depth",-5.80818021812613,0.24197767189819,-24.0029593332474,2.58980280896351e-127
"eutro",-1.49500312548934,0.183062431956372,-8.16662987327533,3.17123967902643e-16
"log10(RT)",-0.154696233448807,0.0760814724523624,-2.03329704936597,0.0420225211075611
