"term","estimate","std.error","statistic","p.value"
"(Intercept)",-3.15098383445496,0.491214741115657,-6.41467686270648,1.41121871304347e-10
"human_impact",-2.52224312389503,0.191206547776758,-13.1911963958466,9.86077697726071e-40
"log10(area)",1.72960003861307,0.0903925330474631,19.1343242666394,1.30763724867395e-81
"depth",-5.78467567513619,0.243788829433751,-23.728222858169,1.84420207990442e-124
"eutro",-1.2353230035611,0.186581065688481,-6.62083796661134,3.57168312134315e-11
"log10(RT)",-0.192631058083098,0.0770141510167687,-2.50124237610767,0.0123758447465355
