"term","estimate","std.error","statistic","p.value"
"(Intercept)",-2.81709215303382,0.485762639790123,-5.79931827250231,6.65850518820452e-09
"human_impact",-2.48081435521642,0.189214134742077,-13.1111471064151,2.84266009225613e-39
"log10(area)",1.65119461006655,0.0889027248620018,18.5730483810209,5.31008594192542e-77
"depth",-5.59274180578907,0.239145453093919,-23.3863606162424,5.88319721966932e-121
"eutro",-1.30697824017383,0.182321928597692,-7.16851916950581,7.58133193962735e-13
"log10(RT)",-0.21001790366142,0.0755870163680433,-2.77849178010698,0.0054611895009668
