"term","estimate","std.error","statistic","p.value"
"(Intercept)",-2.88410977936623,0.492414372888411,-5.85707879006166,4.71079669094785e-09
"human_impact",-2.42336402559963,0.192235117145393,-12.606250416602,1.95054327056273e-36
"log10(area)",1.76747953462296,0.0913927468074235,19.339385195931,2.50443138188224e-83
"depth",-6.16310186926733,0.251898992584481,-24.4665602114323,3.35410754341892e-132
"eutro",-1.61993542719626,0.188921557050407,-8.57464575503174,9.93922400268003e-18
"log10(RT)",-0.192452691388145,0.0774364631462505,-2.48529805686849,0.012944300567704
