"term","estimate","std.error","statistic","p.value"
"(Intercept)",-2.98848222501296,0.48420618393477,-6.1719208142446,6.74652897431693e-10
"human_impact",-2.31463897019384,0.188567956522448,-12.2748266082965,1.23656434811029e-34
"log10(area)",1.69457574153565,0.0892452256279244,18.9878587858646,2.14914703386238e-80
"depth",-5.7384615186667,0.241175397986498,-23.7937267506363,3.87849951278922e-125
"eutro",-1.40486846818179,0.183308475928334,-7.6639580415858,1.80288814984467e-14
"log10(RT)",-0.200110234125776,0.0754845923705249,-2.65100768039537,0.00802520164657043
