"term","estimate","std.error","statistic","p.value"
"(Intercept)",-2.69876238592631,0.482881784183671,-5.58886765730595,2.28555049846629e-08
"human_impact",-2.35889264785876,0.189413042865612,-12.4536970219754,1.33514207139878e-35
"log10(area)",1.68818914594551,0.0895595434755237,18.849907898502,2.94354381582253e-79
"depth",-5.91319839605472,0.245788294485789,-24.0580960473552,6.86829522871098e-128
"eutro",-1.50390287257644,0.184952817875256,-8.13127850580126,4.2478612660524e-16
"log10(RT)",-0.199631170382293,0.0769714666543337,-2.59357368463308,0.00949841832734791
