"term","estimate","std.error","statistic","p.value"
"(Intercept)",-2.75706465246139,0.494073726899554,-5.58026970946769,2.40145913143845e-08
"human_impact",-2.45530666987162,0.191607266459267,-12.8142669912448,1.36421446993097e-37
"log10(area)",1.71440915479733,0.0908237828320711,18.8762139314016,1.78964107932015e-79
"depth",-5.96003539090839,0.246450880661328,-24.1834615275676,3.32147281203868e-129
"eutro",-1.57633822346901,0.186223896580299,-8.4647472876248,2.56708698273706e-17
"log10(RT)",-0.190444928353604,0.0767055021288024,-2.48280661840676,0.0130351830705497
