"term","estimate","std.error","statistic","p.value"
"(Intercept)",-2.84980738036406,0.489635222865294,-5.82026628657816,5.87539457474008e-09
"human_impact",-2.37820627194133,0.191502406349118,-12.4186756567734,2.06959042422792e-35
"log10(area)",1.71621766892301,0.0903163488306265,19.0022923993694,1.63255741131864e-80
"depth",-5.98239294089308,0.248710870822322,-24.0536045775292,7.65338569430803e-128
"eutro",-1.30612442796308,0.185739655462454,-7.0320170709432,2.0356888879962e-12
"log10(RT)",-0.230690825686614,0.0759693471595081,-3.03663035569131,0.002392386387372
