"term","estimate","std.error","statistic","p.value"
"(Intercept)",-2.88153617841466,0.489060221454151,-5.89198640986752,3.81580565685737e-09
"human_impact",-2.38308811744923,0.191623962487734,-12.4362740782055,1.66071538790231e-35
"log10(area)",1.6770384729496,0.0891616211205955,18.8089724241478,6.37617393596194e-79
"depth",-5.81037032497391,0.242510549560055,-23.9592476925835,7.40126984523646e-127
"eutro",-1.35207950223102,0.18692600924415,-7.23323366126663,4.71626902454381e-13
"log10(RT)",-0.178041355641818,0.0767798470906197,-2.31885530367993,0.0204028833420293
