"term","estimate","std.error","statistic","p.value"
"(Intercept)",-3.06855218980673,0.494546045356875,-6.20478561827827,5.47715146120951e-10
"human_impact",-2.55420231863099,0.194988639339638,-13.0992365877378,3.32586054124674e-39
"log10(area)",1.77022031158733,0.0917286374627925,19.2984476882193,5.53470262450455e-83
"depth",-6.02469646750233,0.248951355985187,-24.2002958516153,2.20882537265283e-129
"eutro",-1.50159368178072,0.186535640044798,-8.04990232118699,8.28601402295609e-16
"log10(RT)",-0.195067833362852,0.0769866481490025,-2.53378784572243,0.0112837024111092
