"term","estimate","std.error","statistic","p.value"
"(Intercept)",-2.85122395247867,0.492047153541978,-5.7946152761057,6.84779750651926e-09
"human_impact",-2.4757179181117,0.192294435570015,-12.8746206866203,6.25455944643569e-38
"log10(area)",1.71929191436843,0.0909780555248054,18.8978749265493,1.18739564926862e-79
"depth",-5.94726918546067,0.246154340422934,-24.1607325519521,5.7589341463596e-129
"eutro",-1.58131888650181,0.186278730473545,-8.48899325479556,2.08434819732998e-17
"log10(RT)",-0.155580485595443,0.0769005801999214,-2.02313799442052,0.0430589222783989
