"term","estimate","std.error","statistic","p.value"
"(Intercept)",-2.96234214315021,0.498799025685644,-5.93894933751766,2.86854487008715e-09
"human_impact",-2.39000633551309,0.193659709890192,-12.3412677674063,5.4294174395871e-35
"log10(area)",1.7628839694966,0.0925156096171419,19.0549894962802,5.97285141386714e-81
"depth",-6.15994194177507,0.250038868676352,-24.6359375019747,5.2072696098982e-134
"eutro",-1.51833673046995,0.187101812178254,-8.11502952747147,4.85666710086246e-16
"log10(RT)",-0.172189640547344,0.0766715341903864,-2.24580924805511,0.0247162286977371
