"term","estimate","std.error","statistic","p.value"
"(Intercept)",-2.72389661353329,0.489265906290431,-5.56731335356192,2.58696938155086e-08
"human_impact",-2.45453963184548,0.190374551685989,-12.8932129326513,4.91525475500366e-38
"log10(area)",1.66556896007656,0.0891700902419205,18.6785608891707,7.39870567175935e-78
"depth",-5.72366832482712,0.242070812086336,-23.6446033104799,1.34128293071531e-123
"eutro",-1.4444034292863,0.184976097191529,-7.80859500884987,5.78289940632222e-15
"log10(RT)",-0.197803630420181,0.0764675608605618,-2.5867652661352,0.00968815664704291
