"term","estimate","std.error","statistic","p.value"
"(Intercept)",-3.27286878587716,0.495319700087439,-6.60758856411203,3.90630501598285e-11
"human_impact",-2.37759623279116,0.191859876653576,-12.3923577678734,2.87465448545511e-35
"log10(area)",1.81892401680836,0.0926244179581737,19.637629654307,7.37616092175537e-86
"depth",-6.13039876964797,0.252516363032189,-24.2772337445178,3.41099151606767e-130
"eutro",-1.67047819150919,0.187376385471383,-8.91509454249944,4.87400234982605e-19
"log10(RT)",-0.161445348841415,0.077611139155164,-2.08018269798419,0.0375087786012054
