"term","estimate","std.error","statistic","p.value"
"(Intercept)",-2.91827520355446,0.483097369785309,-6.04075986762534,1.53390120350757e-09
"human_impact",-2.32679719043549,0.189966280406854,-12.2484747580052,1.7118514028215e-34
"log10(area)",1.70890606857349,0.0898688170049112,19.0155620773343,1.26770875564978e-80
"depth",-5.85751516731315,0.244747465536003,-23.9328940730195,1.39267849865066e-126
"eutro",-1.38163203306483,0.184936644483887,-7.47083974039123,7.96846541746781e-14
"log10(RT)",-0.222035911067521,0.0769588534898218,-2.88512498561178,0.00391258295667899
