"term","estimate","std.error","statistic","p.value"
"(Intercept)",-2.89466686975212,0.487344519983232,-5.93967255413422,2.85591933342751e-09
"human_impact",-2.34618990386898,0.189541797518978,-12.3782191293932,3.4286642378131e-35
"log10(area)",1.72861552556286,0.0906443721729703,19.0703017090158,4.45726012807447e-81
"depth",-5.92843320389434,0.245864833783745,-24.1125707676796,1.84525987100892e-128
"eutro",-1.51860665114203,0.184710528474864,-8.22154894840598,2.00891480614559e-16
"log10(RT)",-0.219804361017534,0.0765752892121102,-2.87043461773531,0.00409907958118353
