"term","estimate","std.error","statistic","p.value"
"(Intercept)",-3.07900558394021,0.486732473833399,-6.32586841738879,2.51812331357392e-10
"human_impact",-2.25577991371243,0.190606301593091,-11.8347604190343,2.58079368984711e-32
"log10(area)",1.76493951527374,0.0907303316260826,19.4525853002213,2.7710147739232e-84
"depth",-6.09803707699577,0.250356800837647,-24.3573853659772,4.84153247659178e-131
"eutro",-1.48252611762064,0.186151496097979,-7.96408381719546,1.66452406554539e-15
"log10(RT)",-0.188828989567308,0.0772587920782293,-2.44411004220862,0.0145209966689294
