"term","estimate","std.error","statistic","p.value"
"(Intercept)",-2.51256076913083,0.486922033405353,-5.16008846746758,2.46833175224511e-07
"human_impact",-2.41946652078304,0.190471205389647,-12.7025316810146,5.72473285719895e-37
"log10(area)",1.64299122136389,0.0893202213683237,18.3943926268252,1.45684149911855e-75
"depth",-5.92756364277722,0.244670079430153,-24.2267614273995,1.16246945241629e-129
"eutro",-1.38676307556846,0.18362660349668,-7.55208150214211,4.283562740429e-14
"log10(RT)",-0.17060928304048,0.0754873012656769,-2.26010574202437,0.0238146888625531
