"term","estimate","std.error","statistic","p.value"
"(Intercept)",-2.89424215791928,0.497265086860725,-5.82032045762727,5.87349057203498e-09
"human_impact",-2.46110454204944,0.192766866772787,-12.7672591418438,2.49796544415006e-37
"log10(area)",1.7345908860813,0.0915397939075038,18.9490363921293,4.4974341148316e-80
"depth",-5.99166653683088,0.248193660866679,-24.1410941597311,9.26133226195322e-129
"eutro",-1.38778183461744,0.187022505114723,-7.42040020138832,1.16766964985612e-13
"log10(RT)",-0.210274513347113,0.077250295058527,-2.72198977606239,0.00648901499795099
