"term","estimate","std.error","statistic","p.value"
"(Intercept)",-2.7263272281117,0.502068720020136,-5.43018738152489,5.62949119659303e-08
"human_impact",-2.44562011272708,0.193488888078732,-12.6395894720938,1.27719045518675e-36
"log10(area)",1.74211348993971,0.0918426708692638,18.9684541341309,3.10915947442686e-80
"depth",-6.14858329624539,0.252942406391168,-24.3082343683281,1.60422579178152e-130
"eutro",-1.62836391890341,0.18803769847719,-8.65977371607185,4.72701676592559e-18
"log10(RT)",-0.18980060219307,0.0772096856487485,-2.45824860700164,0.0139616487051409
