"term","estimate","std.error","statistic","p.value"
"(Intercept)",-2.80728461709512,0.486373638799213,-5.77186836035339,7.83973538033441e-09
"human_impact",-2.36623418105755,0.19160721449217,-12.3494002422036,4.90759178533799e-35
"log10(area)",1.68931253423374,0.0895172929642032,18.8713541070692,1.96205898645556e-79
"depth",-5.88056913255344,0.245880606507732,-23.916360123215,2.06987070700976e-126
"eutro",-1.51403380557209,0.187180012958585,-8.08865103512459,6.03291449217129e-16
"log10(RT)",-0.17301182093916,0.0763874884574513,-2.26492354223074,0.0235173718082923
