"term","estimate","std.error","statistic","p.value"
"(Intercept)",-3.08908332955061,0.493530451788123,-6.25915446221903,3.87070349338385e-10
"human_impact",-2.41797593897308,0.192191345135539,-12.5810865066159,2.68313953254263e-36
"log10(area)",1.7622464279035,0.0916098099741448,19.236437979741,1.83385905341669e-82
"depth",-6.07820833963822,0.25070536340648,-24.2444288269308,7.57024330325061e-130
"eutro",-1.40775402610633,0.185129161838614,-7.60417220131716,2.86733253559571e-14
"log10(RT)",-0.176293860524547,0.0769046068324331,-2.29237061062769,0.0218842664271053
