"term","estimate","std.error","statistic","p.value"
"(Intercept)",-2.64585717523179,0.497851893895616,-5.31454677118602,1.06923117415321e-07
"human_impact",-2.35212737183517,0.191973278341862,-12.2523686220879,1.63159855925401e-34
"log10(area)",1.73545578929284,0.0910332322331175,19.0639807762587,5.02982948507643e-81
"depth",-6.14110286117018,0.249511390275493,-24.6125151015735,9.27907830016107e-134
"eutro",-1.62019038885271,0.189602211805024,-8.54520827277491,1.28304673257046e-17
"log10(RT)",-0.214134879065823,0.077970896806751,-2.74634367226212,0.00602635984963303
