"term","estimate","std.error","statistic","p.value"
"(Intercept)",-3.105669872051,0.491456853363752,-6.31931338589419,2.62728000898758e-10
"human_impact",-2.3236022924512,0.191049946106424,-12.1622766182663,4.93635256570427e-34
"log10(area)",1.7415074078871,0.0907722753999821,19.1854550325335,4.89636381020791e-82
"depth",-5.89107622706443,0.246273637752802,-23.9208560072419,1.85848853629618e-126
"eutro",-1.49445237551355,0.186672834459206,-8.00573034551602,1.187597058273e-15
"log10(RT)",-0.192627233838278,0.0768987432510209,-2.50494644898791,0.0122469934357395
