"term","estimate","std.error","statistic","p.value"
"(Intercept)",-2.25428799783114,0.486821641999409,-4.6306240383493,3.64565307900259e-06
"human_impact",-2.49576353563883,0.190166462582485,-13.1240992851528,2.39614748878603e-39
"log10(area)",1.62084359013718,0.0888529463211001,18.2418665587038,2.40116869512788e-74
"depth",-5.84496793051666,0.242006443251299,-24.1521169932127,7.0938552748781e-129
"eutro",-1.39424231092653,0.184590812526945,-7.55315116630202,4.24851396745439e-14
"log10(RT)",-0.218104292046927,0.077426014407554,-2.81693812752485,0.00484838647954744
