"term","estimate","std.error","statistic","p.value"
"(Intercept)",-3.09046151703868,0.503326418974709,-6.14007411598629,8.24829872049137e-10
"human_impact",-2.51908334856695,0.196530589494757,-12.8177672241407,1.30401746018439e-37
"log10(area)",1.85108536654617,0.094108137553644,19.6697694234041,3.91557031589044e-86
"depth",-6.41890583902114,0.260208772751175,-24.6682914305861,2.34235015108626e-134
"eutro",-1.72230320410834,0.189725604193799,-9.07786385199261,1.10726550656637e-19
"log10(RT)",-0.166899702595619,0.0778382684733502,-2.14418570542536,0.0320180099802878
