"term","estimate","std.error","statistic","p.value"
"(Intercept)",-3.33939843359732,0.500377094921063,-6.67376358249199,2.49325156564515e-11
"human_impact",-2.41526011305256,0.192460601962142,-12.5493742014153,4.00663929495037e-36
"log10(area)",1.83155598420363,0.0933216377015322,19.6262734914859,9.2236646964286e-86
"depth",-6.12930970312657,0.25299895503752,-24.2266206286013,1.16644826597335e-129
"eutro",-1.63662943501164,0.185548181453084,-8.82050916476085,1.13940420996775e-18
"log10(RT)",-0.190027978222336,0.0762427301544298,-2.49240783793332,0.01268802537961
