"term","estimate","std.error","statistic","p.value"
"(Intercept)",-3.08864527801321,0.492704994305804,-6.26875171493836,3.63953911475246e-10
"human_impact",-2.41423756477685,0.191575553422682,-12.6020127393301,2.05824213087423e-36
"log10(area)",1.77222723430676,0.0915723546089698,19.3532998236693,1.91199866451605e-83
"depth",-6.01574125699269,0.250748718026021,-23.9911147077865,3.44288416578672e-127
"eutro",-1.47912955373668,0.187270680321663,-7.89835093884464,2.82617492559482e-15
"log10(RT)",-0.208272051053948,0.0773688309031286,-2.69193742005382,0.00710382736039949
