"term","estimate","std.error","statistic","p.value"
"(Intercept)",-2.61173165011854,0.492064610612947,-5.30770064294036,1.1101677193239e-07
"human_impact",-2.50142481315993,0.192914618033492,-12.9664866180626,1.89520054268668e-38
"log10(area)",1.72541355862651,0.0911490728322375,18.929578820864,6.50806176140689e-80
"depth",-6.13171626169112,0.25060596342068,-24.4675592631373,3.27298094013323e-132
"eutro",-1.6555683709631,0.186843857062791,-8.86070538785078,7.95097316569812e-19
"log10(RT)",-0.173682938389072,0.0768866169929429,-2.25894889360281,0.0238865640951349
