"term","estimate","std.error","statistic","p.value"
"(Intercept)",-2.38750401016012,0.494192811767708,-4.83111844872878,1.35768198775487e-06
"human_impact",-2.55025712619727,0.191606805319108,-13.3098462862527,2.02898741888182e-40
"log10(area)",1.67433671138383,0.0908689438471762,18.4258410023972,8.15139666886955e-76
"depth",-6.08096155655432,0.24994822889641,-24.3288843589869,9.70073871816403e-131
"eutro",-1.60440715615581,0.186497881351701,-8.60281706434075,7.77829020266574e-18
"log10(RT)",-0.159626012129584,0.0770475315002701,-2.07178619511029,0.0382853846702854
