"term","estimate","std.error","statistic","p.value"
"(Intercept)",-2.94105251934305,0.488198527403368,-6.02429617103913,1.69847099609552e-09
"human_impact",-2.48506134763338,0.192421949196575,-12.9146459539015,3.72151855183357e-38
"log10(area)",1.74668955687244,0.0904085132303508,19.3199677161162,3.64878616178814e-83
"depth",-6.01106652330027,0.249050226660992,-24.1359608617524,1.04852562292586e-128
"eutro",-1.58471737053859,0.187488945706513,-8.45232429339719,2.85560112371932e-17
"log10(RT)",-0.175594035071861,0.0770216809944144,-2.27980008751815,0.022619547822879
