"term","estimate","std.error","statistic","p.value"
"(Intercept)",-2.73278172565695,0.496614166076755,-5.50282676639269,3.73749625157146e-08
"human_impact",-2.3798841915723,0.192478727052375,-12.3644011367797,4.07234996680997e-35
"log10(area)",1.74285415445096,0.0920105265095734,18.9418995909084,5.15048924124627e-80
"depth",-6.15922496537053,0.251148977776462,-24.5241888694948,8.1562980729347e-133
"eutro",-1.63008334830335,0.185958745403204,-8.76583322160475,1.85400307060128e-18
"log10(RT)",-0.181814374094249,0.0768681826230097,-2.3652747845742,0.0180166976515261
