"term","estimate","std.error","statistic","p.value"
"(Intercept)",-2.81405752893448,0.494133802871119,-5.69493022453363,1.23422385771697e-08
"human_impact",-2.41926029606702,0.192575381942744,-12.5626664823976,3.38721836468899e-36
"log10(area)",1.73844662223904,0.0908801414593306,19.129004360287,1.44813585683441e-81
"depth",-6.05991084516547,0.25048690194376,-24.192525829259,2.66655547967527e-129
"eutro",-1.62295573632285,0.187858623168217,-8.63924002503513,5.65881767342428e-18
"log10(RT)",-0.190199033459429,0.0769263820113622,-2.47248120198005,0.0134178770079603
