"term","estimate","std.error","statistic","p.value"
"(Intercept)",-2.84736452999908,0.501908873381777,-5.67307071264554,1.40260298144756e-08
"human_impact",-2.34913567851726,0.193645575624341,-12.1311094815531,7.22636823940411e-34
"log10(area)",1.76024757220739,0.0918996103958792,19.1540264928731,8.95847929786321e-82
"depth",-6.259546612119,0.252533512505737,-24.786993813254,1.23828199723969e-135
"eutro",-1.64578404393856,0.190786854674252,-8.62629685230967,6.3370408974358e-18
"log10(RT)",-0.156437629910441,0.0778845140905505,-2.00858452719578,0.0445812135806096
