"term","estimate","std.error","statistic","p.value"
"(Intercept)",-2.69048381868787,0.491101158974048,-5.4784717354537,4.29015100341131e-08
"human_impact",-2.46509268499527,0.191692765043635,-12.8596021056618,7.59666988579695e-38
"log10(area)",1.69657827134633,0.0903707669467192,18.7735296342743,1.24342925140883e-78
"depth",-6.01261578151345,0.248284042889275,-24.2166822786708,1.48452615132983e-129
"eutro",-1.51423927461531,0.187136711213822,-8.09162063816086,5.88760394235096e-16
"log10(RT)",-0.156675004141951,0.0774368417627975,-2.02326180375323,0.0430461626969408
