"term","estimate","std.error","statistic","p.value"
"(Intercept)",-2.90431968116802,0.494773681701214,-5.8699963004942,4.3580486374201e-09
"human_impact",-2.41947253263136,0.188812996666762,-12.8141207191448,1.36678931267291e-37
"log10(area)",1.75168667344728,0.0918817887396524,19.0645686971843,4.97361592777079e-81
"depth",-6.03547687141694,0.249981402180879,-24.1437035665951,8.69495396636772e-129
"eutro",-1.46545691324275,0.185225626853015,-7.91173952622471,2.53817021098269e-15
"log10(RT)",-0.212948258645416,0.0772594956561706,-2.75627295825362,0.00584641853597337
