"term","estimate","std.error","statistic","p.value"
"(Intercept)",-2.71604420932968,0.487629488415053,-5.56989327728655,2.54895418055233e-08
"human_impact",-2.33821718038735,0.189692383221364,-12.3263630340852,6.53294036395457e-35
"log10(area)",1.67256945336996,0.0891432091555992,18.7627242637237,1.52385325079725e-78
"depth",-5.85645790177675,0.24208383460864,-24.1918586230447,2.71002056646185e-129
"eutro",-1.43594172015944,0.183771592873119,-7.81373060824943,5.55196924175586e-15
"log10(RT)",-0.199642148724886,0.0768454363141136,-2.59797013720929,0.00937766490629315
