"term","estimate","std.error","statistic","p.value"
"(Intercept)",-2.97993010983674,0.489882787002506,-6.08294512258807,1.17994743016363e-09
"human_impact",-2.38840627786523,0.192441249787263,-12.411093154433,2.27524944892562e-35
"log10(area)",1.74052938335078,0.0906588755637082,19.1986650234556,3.79726584756425e-82
"depth",-5.89246238212264,0.244672191678757,-24.0830898750405,3.75942069042118e-128
"eutro",-1.46014884773617,0.183698636037017,-7.94861017608172,1.88615549161092e-15
"log10(RT)",-0.233796793788582,0.0765321181277957,-3.05488466160287,0.00225147088629307
