"term","estimate","std.error","statistic","p.value"
"(Intercept)",-2.89843324524839,0.489431597705674,-5.92203948178965,3.17973255719326e-09
"human_impact",-2.59443629534582,0.194413696944855,-13.3449254662428,1.26797331979663e-40
"log10(area)",1.73665757154694,0.0906426593971748,19.1593845888537,8.0823189504176e-82
"depth",-5.96447858176974,0.248446027386112,-24.0071400799672,2.34210276322087e-127
"eutro",-1.4203497941032,0.187466145349454,-7.57656691268463,3.54818743110622e-14
"log10(RT)",-0.201432177638568,0.0785103394362518,-2.56567706986066,0.0102974647672406
