"term","estimate","std.error","statistic","p.value"
"(Intercept)",-3.19944800980091,0.488808512800499,-6.54540157549737,5.93357261608403e-11
"human_impact",-2.57059131958634,0.193894117358819,-13.2577066009137,4.07157774649481e-40
"log10(area)",1.72250056390623,0.0905088487749814,19.0312945885393,9.39039573509141e-81
"depth",-5.8124984168965,0.243963640685251,-23.825265111515,1.82798798449093e-125
"eutro",-1.1994304901131,0.184235729396478,-6.51030337080766,7.49991826995875e-11
"log10(RT)",-0.1691581000687,0.0764843266449005,-2.21167012235152,0.0269894663656113
