"term","estimate","std.error","statistic","p.value"
"(Intercept)",-3.31005979177182,0.497153932493208,-6.65801792046982,2.77544942508077e-11
"human_impact",-2.53002351666075,0.194679911949745,-12.9958119013011,1.292289903179e-38
"log10(area)",1.83164839105384,0.0932543122144876,19.6414337048672,6.84385267395725e-86
"depth",-6.11093673013686,0.252654608449933,-24.1869197147371,3.05453961902265e-129
"eutro",-1.55816570194109,0.186526620636228,-8.35358350795352,6.62225554969569e-17
"log10(RT)",-0.196104701849771,0.0772425841470575,-2.53881591372473,0.0111228331725623
