"term","estimate","std.error","statistic","p.value"
"(Intercept)",-2.63984912128298,0.493280030500246,-5.3516237391687,8.71685002423695e-08
"human_impact",-2.4990302956948,0.191543946986083,-13.0467724771087,6.62969982933859e-39
"log10(area)",1.70239780899708,0.091282775883406,18.6497155955415,1.26950781151565e-77
"depth",-6.01423287533519,0.249839965685856,-24.0723411037343,4.87205404900901e-128
"eutro",-1.50128329155845,0.185924187181365,-8.07470676256862,6.76389958922963e-16
"log10(RT)",-0.195335484669651,0.0761075086774017,-2.5665731024993,0.0102708973195699
