"term","estimate","std.error","statistic","p.value"
"(Intercept)",-2.82231449750108,0.49125404321712,-5.74512217552111,9.18546393091984e-09
"human_impact",-2.55072747160283,0.191493945578136,-13.3201468271071,1.76759537959224e-40
"log10(area)",1.72250984391652,0.0910678590525636,18.9145749316704,8.65151963563317e-80
"depth",-5.97478033540288,0.249083327709328,-23.9870744876801,3.79391550834713e-127
"eutro",-1.45751769836879,0.186882815013385,-7.79909965645798,6.23504123965406e-15
"log10(RT)",-0.197361290721383,0.0772472072646354,-2.55493108048887,0.0106208825004526
