"term","estimate","std.error","statistic","p.value"
"(Intercept)",-2.91075974432607,0.483899370716684,-6.01521704815416,1.79645833520567e-09
"human_impact",-2.45039630766379,0.188829455253169,-12.9767694578077,1.65724390459088e-38
"log10(area)",1.69609076553609,0.0902638090538015,18.790374384989,9.05384054347799e-79
"depth",-5.6644815157156,0.241385321310826,-23.4665533303974,8.95886437648142e-122
"eutro",-1.37856670824027,0.182748647212927,-7.54351251987137,4.57478894205923e-14
"log10(RT)",-0.246703429887421,0.0765591365428723,-3.22239044257337,0.00127125771946649
