"term","estimate","std.error","statistic","p.value"
"(Intercept)",-3.02455282638013,0.488046245914119,-6.19726686087933,5.74520466107412e-10
"human_impact",-2.44894994353871,0.189053954264688,-12.9537091835171,2.23870139646365e-38
"log10(area)",1.77382451491857,0.0910608894468955,19.4795430364538,1.63734320390552e-84
"depth",-6.08027304976058,0.250745394222719,-24.2487925595153,6.80896493352937e-130
"eutro",-1.59816068579334,0.188056287286815,-8.49831031363446,1.92370283425412e-17
"log10(RT)",-0.176948575368668,0.0776808427815104,-2.27789206492473,0.0227330091736635
