"term","estimate","std.error","statistic","p.value"
"(Intercept)",-2.82800174939088,0.499468895728458,-5.66201774239883,1.49603351551774e-08
"human_impact",-2.49734504738106,0.191836323631081,-13.0181031418413,9.65393427910789e-39
"log10(area)",1.74660851758148,0.0922761542851078,18.9280592707076,6.69850792897111e-80
"depth",-6.13892891475393,0.25298846432102,-24.2656475710457,4.52081320080323e-130
"eutro",-1.50575629058547,0.18850094991436,-7.98805677780175,1.37082318147679e-15
"log10(RT)",-0.167496169258565,0.0772117793980992,-2.16930849883623,0.0300592704335704
