"term","estimate","std.error","statistic","p.value"
"(Intercept)",-3.14190326365479,0.491033661633397,-6.39854964973973,1.56859739382623e-10
"human_impact",-2.34194499828049,0.191452791333422,-12.2324933576023,2.08440678338397e-34
"log10(area)",1.78880215190369,0.092403850934848,19.3585238472901,1.72765483905207e-83
"depth",-6.12853910899926,0.253659086126939,-24.160534529137,5.78660022397654e-129
"eutro",-1.50129105297262,0.188836969985375,-7.95019668600322,1.86215628682749e-15
"log10(RT)",-0.188528987691159,0.078534624249788,-2.40058432178299,0.0163689189692618
