"term","estimate","std.error","statistic","p.value"
"(Intercept)",-3.44146906043448,0.499011752575988,-6.89656915427142,5.32734378635018e-12
"human_impact",-2.51277111834594,0.194103571424501,-12.9455171788187,2.49080146687694e-38
"log10(area)",1.80079116855548,0.0924830522967479,19.4715801850628,1.9127895409339e-84
"depth",-5.93808965562571,0.248127522851162,-23.9316041501274,1.43641918371355e-126
"eutro",-1.46126650292567,0.186939948654298,-7.81676957463994,5.41961809157624e-15
"log10(RT)",-0.16500847716938,0.0770215539106791,-2.14236754247698,0.03216391760299
