"term","estimate","std.error","statistic","p.value"
"(Intercept)",-2.53903513611215,0.49337360462324,-5.14627274811561,2.6571300751012e-07
"human_impact",-2.47333123515726,0.191214459597163,-12.9348546149067,2.86163895098186e-38
"log10(area)",1.71980135398677,0.0915986091029809,18.7754090463673,1.20020044294919e-78
"depth",-6.27246989110911,0.257069612759326,-24.3998885118387,1.71484876923146e-131
"eutro",-1.57201295463022,0.188219540687705,-8.35201780264948,6.71065442572113e-17
"log10(RT)",-0.169040800302774,0.0781674300004844,-2.16254775552589,0.030575980269587
