"term","estimate","std.error","statistic","p.value"
"(Intercept)",-2.82773334675371,0.488117551035054,-5.79314007610973,6.90824419205785e-09
"human_impact",-2.43510814358919,0.191665685751718,-12.7049770752581,5.54856879104617e-37
"log10(area)",1.71379418948062,0.090734645564382,18.887980206685,1.43221677512961e-79
"depth",-5.95249258934576,0.246073647526892,-24.1898823753374,2.84295724375389e-129
"eutro",-1.47427932038566,0.186551227654893,-7.90281221366701,2.72680237601887e-15
"log10(RT)",-0.182614258833702,0.0761571484576319,-2.39786103513703,0.0164911203251412
