"term","estimate","std.error","statistic","p.value"
"(Intercept)",-2.86934221746845,0.489496400589976,-5.86182495726244,4.57807491492501e-09
"human_impact",-2.48429310504311,0.191178944993462,-12.9945957444637,1.31299721945027e-38
"log10(area)",1.65886460780712,0.0895290404962059,18.5287879621297,1.2098139129744e-76
"depth",-5.71567641382506,0.24164376605317,-23.6533162314951,1.09112353016645e-123
"eutro",-1.37112170004262,0.184146837147314,-7.44580640799032,9.63540152480001e-14
"log10(RT)",-0.152168708673498,0.0758845780183062,-2.00526526795457,0.0449346957987996
