"term","estimate","std.error","statistic","p.value"
"(Intercept)",-2.7831312597631,0.485823932860923,-5.72868290652908,1.01213383845871e-08
"human_impact",-2.35470738146752,0.190213707196168,-12.3792728514518,3.38394756117661e-35
"log10(area)",1.71008452347129,0.0903152134780922,18.9346230564589,5.91374161513918e-80
"depth",-6.04554129960352,0.247626936212633,-24.4139082446682,1.21722563177435e-131
"eutro",-1.42335288602615,0.184450293102359,-7.71672878414062,1.19353245446451e-14
"log10(RT)",-0.191531519130312,0.0766586445027787,-2.49849864125069,0.0124720620654292
