"term","estimate","std.error","statistic","p.value"
"(Intercept)",-2.34451581668486,0.485107194743125,-4.83298504349401,1.3450089566448e-06
"human_impact",-2.51482574140917,0.191226167619581,-13.1510544436161,1.67817706175538e-39
"log10(area)",1.61432246548025,0.0884708304322524,18.246946000088,2.18804274444009e-74
"depth",-5.74163144012015,0.242597600188178,-23.6673051821885,7.83202386676547e-124
"eutro",-1.39854312761216,0.18444312424507,-7.58251701350446,3.38914624541953e-14
"log10(RT)",-0.225890669311481,0.0770033973338752,-2.93351562570744,0.00335146783862975
