"term","estimate","std.error","statistic","p.value"
"(Intercept)",-2.63959390527488,0.491604973385688,-5.36933930325393,7.90256166799179e-08
"human_impact",-2.53298593226285,0.193159068591673,-13.1134714550599,2.7568464270204e-39
"log10(area)",1.64993065585782,0.0900254422389142,18.3273818470022,5.00419430679123e-75
"depth",-5.7175479479671,0.242316937856379,-23.5953293176554,4.30404518938065e-123
"eutro",-1.35738399228763,0.186062401145916,-7.29531589363465,2.97959155220606e-13
"log10(RT)",-0.213537660879364,0.0762866875270086,-2.79914710943195,0.0051237788221046
