"term","estimate","std.error","statistic","p.value"
"(Intercept)",-2.83760280554431,0.491567420600827,-5.77256076506453,7.80757742066137e-09
"human_impact",-2.36945985153964,0.189316202913932,-12.5158851438451,6.11226816237743e-36
"log10(area)",1.724614947703,0.0909697869117671,18.9581069303342,3.78525025925953e-80
"depth",-5.98471763114667,0.248433431018676,-24.0898240088178,3.19563183089661e-128
"eutro",-1.52863940529459,0.187555124473086,-8.15034731569784,3.62880544700274e-16
"log10(RT)",-0.199074732921901,0.0774592097047115,-2.57005892108647,0.0101681219121693
