"term","estimate","std.error","statistic","p.value"
"(Intercept)",-3.08527132881543,0.493118591020257,-6.25665181763284,3.93330201672664e-10
"human_impact",-2.51100447820747,0.193243903915423,-12.993964763341,1.32387047303073e-38
"log10(area)",1.75572398905648,0.0916323961499501,19.1605159618806,7.90853888909163e-82
"depth",-6.00621318387064,0.248523715753784,-24.1675655204716,4.88103716583385e-129
"eutro",-1.50090009943316,0.186673036649282,-8.04026187377568,8.96466802498744e-16
"log10(RT)",-0.159256999824802,0.0778285057017464,-2.04625539689925,0.0407312495730503
