"term","estimate","std.error","statistic","p.value"
"(Intercept)",-3.15087981587961,0.504677908712136,-6.24334800768315,4.28302496292406e-10
"human_impact",-2.4470746008694,0.19261614676611,-12.7044105177788,5.58889736553574e-37
"log10(area)",1.83520955907356,0.0942872422088619,19.4640283889974,2.21657995797494e-84
"depth",-6.25544845925044,0.255591502262808,-24.4743992029061,2.7677717154935e-132
"eutro",-1.6567154615872,0.190561037810036,-8.69388349594697,3.50256846794063e-18
"log10(RT)",-0.193883305166908,0.0783348400211415,-2.47505841736042,0.0133214384294396
