"term","estimate","std.error","statistic","p.value"
"(Intercept)",-2.79481609647769,0.493551467777562,-5.66266393465024,1.49040874680641e-08
"human_impact",-2.48940647796693,0.1937379601468,-12.8493480373213,8.6738172194592e-38
"log10(area)",1.73035353593425,0.0915332805285234,18.9040917788917,1.05541141253977e-79
"depth",-6.04209086987111,0.249220441705207,-24.2439618055812,7.65659189509849e-130
"eutro",-1.5357664814225,0.185902497981684,-8.26113956561148,1.44288258076726e-16
"log10(RT)",-0.181108401226081,0.0766766888524516,-2.3619747270854,0.0181778813830025
