"term","estimate","std.error","statistic","p.value"
"(Intercept)",-2.63290194510063,0.4899680887393,-5.37361923278544,7.71717338899e-08
"human_impact",-2.4354951644698,0.189524126382209,-12.8505811421507,8.53665108645846e-38
"log10(area)",1.68086195415667,0.0898066894805215,18.7164448871177,3.63625457938086e-78
"depth",-5.90882910196802,0.244281692846718,-24.1885874995786,2.93357025122177e-129
"eutro",-1.58388787972227,0.184603240981516,-8.57995705438815,9.49085685132006e-18
"log10(RT)",-0.169184036046603,0.0779333858682579,-2.17088009409214,0.0299402374210992
