"term","estimate","std.error","statistic","p.value"
"(Intercept)",-3.12842718244915,0.488289206171024,-6.40691447386494,1.48494060696379e-10
"human_impact",-2.34408266077748,0.189834872410951,-12.3480087246723,4.99320527116565e-35
"log10(area)",1.75326856311855,0.0909153298104491,19.2846307303066,7.23044543825727e-83
"depth",-5.99981331421052,0.248014517491518,-24.1913795002574,2.74166861364219e-129
"eutro",-1.41570505266648,0.185394479501481,-7.6361769588461,2.23766719510622e-14
"log10(RT)",-0.171451965846198,0.0754630988113508,-2.27199742055131,0.0230866661271896
