"term","estimate","std.error","statistic","p.value"
"(Intercept)",-2.7192541498355,0.491105533052945,-5.53700572854743,3.07686491592803e-08
"human_impact",-2.38625033840165,0.192088453705089,-12.4226641027848,1.96893832127769e-35
"log10(area)",1.69517033594614,0.0903012508242169,18.7723904206599,1.27038479620819e-78
"depth",-5.91978653070174,0.24430635523105,-24.230996877274,1.0489106590493e-129
"eutro",-1.35741745907088,0.184011228088706,-7.37681864943869,1.62116589177231e-13
"log10(RT)",-0.228599211712844,0.0775127471799464,-2.94918216718792,0.00318616108992179
