"term","estimate","std.error","statistic","p.value"
"(Intercept)",-2.61144916380125,0.493075605488533,-5.29624490591836,1.18208276790923e-07
"human_impact",-2.46573575092351,0.191576536563072,-12.8707606639069,6.57514041925417e-38
"log10(area)",1.74083277201619,0.0915923768460621,19.0063063320431,1.5123363595596e-80
"depth",-6.07987619310362,0.249139586864027,-24.4034931165789,1.57022546562911e-131
"eutro",-1.66317811079102,0.185690688158538,-8.95671251630583,3.34502376118531e-19
"log10(RT)",-0.231116127616454,0.0779265350571084,-2.96582065976731,0.00301876466212603
