"term","estimate","std.error","statistic","p.value"
"(Intercept)",-2.63569365499506,0.482134064300876,-5.46672357369517,4.58430108078225e-08
"human_impact",-2.40954619348038,0.1898303752815,-12.6931540324211,6.45336324349261e-37
"log10(area)",1.64927399837674,0.0887092426226708,18.5919071070419,3.73652894912927e-77
"depth",-5.82832671410102,0.244314987377298,-23.8557886958456,8.8182796686377e-126
"eutro",-1.46555387940901,0.18475652419404,-7.93235251530176,2.1503301683322e-15
"log10(RT)",-0.170372215909267,0.0747545363072187,-2.27908865903587,0.0226617955394237
