"term","estimate","std.error","statistic","p.value"
"(Intercept)",-3.32537351622381,0.49965289208992,-6.65536729371189,2.82593437352257e-11
"human_impact",-2.30882929413914,0.191951349014676,-12.0282004059404,2.52606794152519e-33
"log10(area)",1.79466508320185,0.0927280777567418,19.3540632634474,1.88388193488977e-83
"depth",-6.01280857146337,0.249304353902147,-24.1183456179166,1.60499125731815e-128
"eutro",-1.40234998942272,0.186375313848498,-7.52433334901139,5.29899926514149e-14
"log10(RT)",-0.202837726990046,0.0760287804561934,-2.66790715006823,0.00763253479089846
