"term","estimate","std.error","statistic","p.value"
"(Intercept)",-2.4890656287334,0.489822352336179,-5.08156807638922,3.74331810043974e-07
"human_impact",-2.53753228065726,0.192019639009372,-13.214962249426,7.19223934369294e-40
"log10(area)",1.65987175777686,0.0896983754663235,18.5050370103977,1.8804970672506e-76
"depth",-5.94899267536838,0.246599800893263,-24.1240773667263,1.39741593622649e-128
"eutro",-1.54429159826197,0.186900042102059,-8.26266051571399,1.42460974296329e-16
"log10(RT)",-0.158670755843663,0.0773887939650983,-2.05030661047932,0.0403345199247214
