"term","estimate","std.error","statistic","p.value"
"(Intercept)",-2.96978748113411,0.49699087303867,-5.97553726284031,2.2933311023183e-09
"human_impact",-2.65367078670625,0.194827095415555,-13.620645429457,3.01887874472857e-42
"log10(area)",1.7797641032587,0.0925307146795948,19.234306245461,1.91082952401447e-82
"depth",-6.12225687442508,0.253200337110291,-24.1794973272816,3.65622761549973e-129
"eutro",-1.54663060512913,0.188686746719883,-8.19681632131376,2.46837173004611e-16
"log10(RT)",-0.163030111062332,0.0769530807014967,-2.11856509935879,0.0341272378413035
