"term","estimate","std.error","statistic","p.value"
"(Intercept)",-3.11143977516675,0.491720042587618,-6.3276651461941,2.48898530226016e-10
"human_impact",-2.39750810373385,0.191134833872547,-12.543543503601,4.31270976498553e-36
"log10(area)",1.73158581878192,0.090001471097649,19.2395279506399,1.72774648508057e-82
"depth",-5.83111999923995,0.241857768397816,-24.109707279068,1.97739524940696e-128
"eutro",-1.41579229701798,0.184195878966474,-7.68634078548342,1.51402892335986e-14
"log10(RT)",-0.185136618515752,0.0764235224268549,-2.42250831467427,0.015413773028638
