"term","estimate","std.error","statistic","p.value"
"(Intercept)",-2.66455975203959,0.486898179851548,-5.47251943486828,4.43682083547715e-08
"human_impact",-2.41563878102022,0.190162650562428,-12.7030138351337,5.68956440969216e-37
"log10(area)",1.69979572452592,0.0895063004355768,18.9907941257092,2.03231832959514e-80
"depth",-5.88722040293925,0.245696453358991,-23.9613568794066,7.03591051041771e-127
"eutro",-1.56452990280783,0.187935645693467,-8.32481723749024,8.44589484681167e-17
"log10(RT)",-0.225982002417814,0.0768794786814971,-2.93943203431479,0.00328814377698457
