"term","estimate","std.error","statistic","p.value"
"(Intercept)",-2.61382877597995,0.493807191227652,-5.29321731723209,1.20182958544749e-07
"human_impact",-2.56843612904319,0.191896437026967,-13.3844909725043,7.45060524158102e-41
"log10(area)",1.68833863222584,0.0911863877590696,18.5152485334404,1.55577045504686e-76
"depth",-5.94728529705257,0.248000293783249,-23.9809606929356,4.39420221965659e-127
"eutro",-1.50915779238299,0.186100257594552,-8.10938045916581,5.08785065682097e-16
"log10(RT)",-0.179246004459904,0.0768744553597589,-2.33167186188265,0.0197179601745676
