"term","estimate","std.error","statistic","p.value"
"(Intercept)",-2.31034575907205,0.480805146173989,-4.80516021397992,1.54627633308305e-06
"human_impact",-2.33800449202051,0.188544216726241,-12.4002980977943,2.60353228258353e-35
"log10(area)",1.62715025302742,0.0881590000297728,18.4569953433898,4.58128477096456e-76
"depth",-5.87748553743133,0.243926997031876,-24.0952646035456,2.80241628978895e-128
"eutro",-1.45088996221652,0.186764369144395,-7.76855868634545,7.93842245753793e-15
"log10(RT)",-0.222482470115347,0.0758369510096807,-2.93369481701535,0.00334953373717424
