"term","estimate","std.error","statistic","p.value"
"(Intercept)",-2.93619234770842,0.485585112788971,-6.04670998013988,1.47833522561396e-09
"human_impact",-2.44827959766486,0.190747939248926,-12.8351562135088,1.04192601277931e-37
"log10(area)",1.68447790561532,0.0892948178952297,18.8642291380417,2.24521748045525e-79
"depth",-5.7895088760668,0.241584237724935,-23.9647624803182,6.4836061619034e-127
"eutro",-1.35963396138567,0.182436453533877,-7.45264411277975,9.14878337522768e-14
"log10(RT)",-0.1748290615172,0.0760253440422017,-2.29961552584559,0.0214700117042398
