"term","estimate","std.error","statistic","p.value"
"(Intercept)",-2.89883283538667,0.484605866077276,-5.98183604101156,2.20636307466811e-09
"human_impact",-2.40502127769739,0.190928015358492,-12.5964818373127,2.20774384315708e-36
"log10(area)",1.72461106478109,0.0900592107616648,19.1497465966602,9.72588460275342e-82
"depth",-5.92838133177889,0.246604592958812,-24.0400280491493,1.0614097387748e-127
"eutro",-1.48851012601338,0.184621505649666,-8.06249586566554,7.47522749359839e-16
"log10(RT)",-0.19629509789773,0.0767188568294066,-2.5586290777796,0.0105085799811487
