"term","estimate","std.error","statistic","p.value"
"(Intercept)",-2.94374412095819,0.491662313712341,-5.98732918683799,2.13314774457873e-09
"human_impact",-2.47271377797648,0.192922454018221,-12.8171383189172,1.31463531809608e-37
"log10(area)",1.69762774876721,0.0905601523754497,18.7458579103211,2.0926955089766e-78
"depth",-5.90340801261562,0.245030068817799,-24.0925860287185,2.98957184044874e-128
"eutro",-1.40144103895938,0.184421859569557,-7.59910480368413,2.98186223146145e-14
"log10(RT)",-0.154111723269524,0.076245040525363,-2.02126882230797,0.0432519447617053
