"term","estimate","std.error","statistic","p.value"
"(Intercept)",-2.20964346145801,0.488910032634797,-4.51952979886702,6.19771242917033e-06
"human_impact",-2.37234676970549,0.18856857290172,-12.5808173292054,2.69229830621601e-36
"log10(area)",1.59982790383464,0.0882248488721211,18.1335295473675,1.73272008451254e-73
"depth",-5.80792528769693,0.240752953176099,-24.1240043416984,1.39988409901414e-128
"eutro",-1.5302666752828,0.184690521897196,-8.28557231612886,1.17542462165301e-16
"log10(RT)",-0.202065367058211,0.0762316792538989,-2.6506744838351,0.00803312220760382
