"term","estimate","std.error","statistic","p.value"
"(Intercept)",-2.55164446301386,0.495354699927556,-5.15114616533774,2.5889930749617e-07
"human_impact",-2.55075776219075,0.191933234627756,-13.2898180304094,2.65222428243371e-40
"log10(area)",1.70241483599044,0.0920594667101845,18.4925559187723,2.37047918789174e-76
"depth",-6.10867196322162,0.252478051289064,-24.1948634031073,2.51969211483204e-129
"eutro",-1.59116991517646,0.188011675353258,-8.46314417541777,2.6026363013335e-17
"log10(RT)",-0.161878161649968,0.0776783804621613,-2.08395387090778,0.0371643634359558
