"term","estimate","std.error","statistic","p.value"
"(Intercept)",-2.80699265465883,0.483078645797313,-5.81063286294912,6.22371164542908e-09
"human_impact",-2.34239126219839,0.189805279994542,-12.3410226642048,5.44597228338532e-35
"log10(area)",1.67672889725283,0.0888958203665499,18.8617292729744,2.35393662319082e-79
"depth",-5.67675979191277,0.240525981495603,-23.6014411275421,3.72500579401355e-123
"eutro",-1.31300866588918,0.183920636385111,-7.13899588265817,9.40151501026289e-13
"log10(RT)",-0.267336631576057,0.0768174330928687,-3.48015575127145,0.000501122366138887
