"term","estimate","std.error","statistic","p.value"
"(Intercept)",-2.74890072665322,0.491346980265793,-5.5946222060146,2.21102688122229e-08
"human_impact",-2.41637025466298,0.189390382010162,-12.7586745906311,2.78906250389884e-37
"log10(area)",1.70290250674957,0.0906199345571204,18.7916987037348,8.83069422537476e-79
"depth",-5.87320346762574,0.245629694343573,-23.9108039576462,2.36454473897687e-126
"eutro",-1.54067034712982,0.18711789941217,-8.23368770154983,1.815365751729e-16
"log10(RT)",-0.207865999344328,0.075991534398775,-2.73538363172831,0.0062307612524203
