"term","estimate","std.error","statistic","p.value"
"(Intercept)",-2.44513746498402,0.482761659477133,-5.06489572438765,4.08623961830433e-07
"human_impact",-2.40388043953116,0.190441581606211,-12.6226658025862,1.58368005008705e-36
"log10(area)",1.66040444121506,0.0885774151372754,18.7452347603709,2.11735420865525e-78
"depth",-5.84195351562586,0.244357397038805,-23.9074142482297,2.56452100726066e-126
"eutro",-1.6228629002187,0.186442598211528,-8.70435681430205,3.19380769818276e-18
"log10(RT)",-0.21474690828633,0.0773412286645374,-2.77661619804077,0.00549279973329424
