"term","estimate","std.error","statistic","p.value"
"(Intercept)",-2.93284277281411,0.491681650786047,-5.96492215669509,2.44750695194148e-09
"human_impact",-2.38246061248788,0.190402286343235,-12.5127731302189,6.3565659436649e-36
"log10(area)",1.71682570218996,0.0900972425394475,19.0552524561258,5.94291634762147e-81
"depth",-5.98652378730685,0.24708738562363,-24.2283667059624,1.11805275093298e-129
"eutro",-1.36551761241751,0.185223002499119,-7.37228958603025,1.67722190514466e-13
"log10(RT)",-0.166364987434748,0.0766411882214071,-2.17069948020821,0.0299538965217958
