"term","estimate","std.error","statistic","p.value"
"(Intercept)",-2.81247422712983,0.496690628194056,-5.66242660417381,1.49247219467506e-08
"human_impact",-2.55044160318614,0.194631751508443,-13.1039338824195,3.12624303510948e-39
"log10(area)",1.73577000139952,0.0915325688810188,18.963414035236,3.42193744486735e-80
"depth",-6.08418125536371,0.25126364593073,-24.214331654811,1.57163098250537e-129
"eutro",-1.49913570392972,0.1865708651056,-8.03520797891566,9.34203029633848e-16
"log10(RT)",-0.170775498639781,0.0772995516825528,-2.2092689404087,0.0271559402052284
