"term","estimate","std.error","statistic","p.value"
"(Intercept)",-3.03083594570345,0.494798824328582,-6.12539035398103,9.04615491984874e-10
"human_impact",-2.3949045863769,0.191555818955338,-12.5023849415678,7.24447879888307e-36
"log10(area)",1.73310178329115,0.0912514397510024,18.9925965882868,1.96374029151914e-80
"depth",-5.9093400347905,0.245166786575614,-24.1033466128494,2.30568307131672e-128
"eutro",-1.37307923962984,0.186897951155066,-7.34667892903024,2.03192162001581e-13
"log10(RT)",-0.203836336623627,0.0767247308289443,-2.65672273361343,0.00789043085557187
