"term","estimate","std.error","statistic","p.value"
"(Intercept)",-2.83946491331222,0.49569194538515,-5.72828535897628,1.01450809332762e-08
"human_impact",-2.44895952623665,0.190357947016078,-12.8650238386413,7.08200726378135e-38
"log10(area)",1.70592708911992,0.0909659100973058,18.7534768496802,1.81338688215119e-78
"depth",-5.93414272009447,0.24698534161397,-24.0262951692467,1.47729385976176e-127
"eutro",-1.45886453453998,0.185819850334824,-7.85096173477319,4.1285892488645e-15
"log10(RT)",-0.172559084820366,0.0771399189835196,-2.23696222519021,0.025288809028699
