"term","estimate","std.error","statistic","p.value"
"(Intercept)",-2.40648498688614,0.489638649394731,-4.91481828458789,8.88648450901759e-07
"human_impact",-2.53446713717595,0.193224677691244,-13.1166845118293,2.64244788610731e-39
"log10(area)",1.66857105773166,0.0900008184665384,18.5395098195914,9.91209744505085e-77
"depth",-5.93934294501471,0.246765755912872,-24.0687486115852,5.31289882965306e-128
"eutro",-1.69639688293891,0.188931987220954,-8.97887598543593,2.73546891169638e-19
"log10(RT)",-0.183946603147908,0.0764380238051401,-2.40648036135568,0.0161070700080056
