"term","estimate","std.error","statistic","p.value"
"(Intercept)",-3.30321368058679,0.498400679760099,-6.62762675640163,3.41126678867595e-11
"human_impact",-2.42469178951886,0.193743962493433,-12.5149282502212,6.18637534709278e-36
"log10(area)",1.83676660883693,0.0927386897164216,19.8058287695614,2.65163285964412e-87
"depth",-6.24706451233166,0.255000934044403,-24.4982024702853,1.54375800381802e-132
"eutro",-1.54242226143125,0.188113395483766,-8.19942810273903,2.41533325583156e-16
"log10(RT)",-0.178129350625534,0.077421162176493,-2.3007837342904,0.0214038583012514
