"term","estimate","std.error","statistic","p.value"
"(Intercept)",-3.08109094224039,0.490695193760524,-6.27903224123296,3.40686945385199e-10
"human_impact",-2.42350827266231,0.192754697904536,-12.5730179290498,2.97159891482171e-36
"log10(area)",1.76692118159319,0.0910188174057702,19.4127020318897,6.02726050340038e-84
"depth",-6.0204636590326,0.248913790864132,-24.1869429497333,3.05282057842797e-129
"eutro",-1.56575747974129,0.186192036125762,-8.4093686943931,4.12223416016413e-17
"log10(RT)",-0.170466457530485,0.0773529633631478,-2.20374824853443,0.0275420539271574
