"term","estimate","std.error","statistic","p.value"
"(Intercept)",-2.84065058980224,0.491101679198635,-5.78424124803957,7.28403459400181e-09
"human_impact",-2.45320675024877,0.193859736738369,-12.654544938125,1.05585592820931e-36
"log10(area)",1.70899672692935,0.0901883887537532,18.9491879225776,4.48450318687249e-80
"depth",-5.97197361678047,0.245239234607162,-24.3516239411965,5.57216528331911e-131
"eutro",-1.48453392699112,0.185781506491161,-7.99075190544732,1.34118217494955e-15
"log10(RT)",-0.162774892389077,0.0768357967577548,-2.11847731471137,0.0341346641522162
