"term","estimate","std.error","statistic","p.value"
"(Intercept)",-3.02066969985974,0.488635452807732,-6.18184718792461,6.33558398886036e-10
"human_impact",-2.40295307009535,0.193652520476995,-12.4085814332626,2.3477551021709e-35
"log10(area)",1.70365477664713,0.0904655644417598,18.8320803297913,4.12243622945976e-79
"depth",-5.86800930594877,0.244213898731225,-24.0281545662843,1.4126377041036e-127
"eutro",-1.33502603860121,0.186168451463944,-7.17106485069395,7.44166396383327e-13
"log10(RT)",-0.163318067756571,0.0761447439542033,-2.14483704685904,0.0319658780216529
