"term","estimate","std.error","statistic","p.value"
"(Intercept)",-3.16868896484006,0.495925997866361,-6.38943910678774,1.66495321017531e-10
"human_impact",-2.65140908554821,0.197504278855589,-13.4245652849215,4.34124336364575e-41
"log10(area)",1.79939603617801,0.092401947556785,19.473572622181,1.83981127375379e-84
"depth",-6.14844603531406,0.252510896588755,-24.349230541633,5.90714113967543e-131
"eutro",-1.45547309097187,0.187884692543802,-7.7466294420582,9.43638147542438e-15
"log10(RT)",-0.163893005840487,0.0764133225906724,-2.14482239855506,0.031967049639932
