"term","estimate","std.error","statistic","p.value"
"(Intercept)",-2.61880834751145,0.486376252454067,-5.38432609383774,7.27165696568831e-08
"human_impact",-2.40403771854153,0.191480757902194,-12.5549833042205,3.73259978917064e-36
"log10(area)",1.66182983632566,0.0895916213422085,18.548942539817,8.31721724673737e-77
"depth",-5.93767456017827,0.245410776162108,-24.1948403938713,2.52109762013125e-129
"eutro",-1.42866898643352,0.18385148113113,-7.77077768231055,7.80057051890775e-15
"log10(RT)",-0.160244778424762,0.0755512944126669,-2.12100639268327,0.0339212644608686
