"term","estimate","std.error","statistic","p.value"
"(Intercept)",-2.94853140238617,0.48674251643678,-6.05768204505951,1.38097016769767e-09
"human_impact",-2.31758472676366,0.189869515264474,-12.2061971008639,2.88040656198624e-34
"log10(area)",1.72772006194237,0.0898497572461558,19.2289897590824,2.11712115012649e-82
"depth",-5.99907334349165,0.248654788921049,-24.1261122278101,1.33035988500947e-128
"eutro",-1.55370575258685,0.185871739563009,-8.35902088310828,6.32409167255375e-17
"log10(RT)",-0.155944260554025,0.0761447581353693,-2.04799731948441,0.0405602620475121
