"term","estimate","std.error","statistic","p.value"
"(Intercept)",-2.82150742646977,0.48563349374036,-5.80995228467143,6.24906504397718e-09
"human_impact",-2.4007018270948,0.192528664690366,-12.4693215472913,1.09756530547557e-35
"log10(area)",1.71489323950414,0.0903364120141477,18.9834110218543,2.33905650811027e-80
"depth",-5.98479966696709,0.247159142344604,-24.2143568317725,1.57067151212955e-129
"eutro",-1.51883359225487,0.185899063354991,-8.1702057280112,3.07864009008559e-16
"log10(RT)",-0.180143950529698,0.0761768441423185,-2.36481246444315,0.0180392029459853
