"term","estimate","std.error","statistic","p.value"
"(Intercept)",-3.42930210104356,0.500699774107667,-6.84901867023042,7.43582931646435e-12
"human_impact",-2.44598092900922,0.194731769799569,-12.5607697784845,3.46940822173893e-36
"log10(area)",1.89674670885715,0.0950262448913395,19.9602405738124,1.22122959223934e-88
"depth",-6.38767171822398,0.25927611983307,-24.6365601364929,5.12787365870632e-134
"eutro",-1.55379576197887,0.190323348944074,-8.16397867418491,3.2416615901185e-16
"log10(RT)",-0.21185024553178,0.0783806288211486,-2.70283932035282,0.00687499719132374
