"term","estimate","std.error","statistic","p.value"
"(Intercept)",-2.81025197669454,0.481382052246823,-5.83788274527031,5.28683412658798e-09
"human_impact",-2.37877104903159,0.189917287282359,-12.5253002666101,5.42855149349513e-36
"log10(area)",1.66736180133631,0.0889488655713729,18.7451721910766,2.11984609167549e-78
"depth",-5.74290473760142,0.242798054058418,-23.6530097404309,1.09907654413971e-123
"eutro",-1.47028188436353,0.183025064167911,-8.03322698477329,9.49417834700723e-16
"log10(RT)",-0.175010930282487,0.0757825467053838,-2.30938306893893,0.0209223337079824
