"term","estimate","std.error","statistic","p.value"
"(Intercept)",-2.4602589898743,0.489522262982458,-5.02583677172302,5.01242099618157e-07
"human_impact",-2.47296243869639,0.193475075186974,-12.7818140724665,2.07180098034417e-37
"log10(area)",1.67897521734864,0.0895422574468996,18.7506465128413,1.91251865618986e-78
"depth",-5.76229121795881,0.243137429568394,-23.6997291128222,3.62895244254823e-124
"eutro",-1.49133097685873,0.187359310222622,-7.95973776316061,1.72404277717956e-15
"log10(RT)",-0.315352104954727,0.0768401881937773,-4.1039996435129,4.06068087393533e-05
