"term","estimate","std.error","statistic","p.value"
"(Intercept)",-3.26519000995631,0.493024163099584,-6.62277887036704,3.5250816670646e-11
"human_impact",-2.31459073352073,0.188194644604226,-12.2989192300786,9.17941311170917e-35
"log10(area)",1.7359582835507,0.0915226119525926,18.9675343231015,3.16403344839258e-80
"depth",-5.81121490265242,0.243443730327841,-23.8708751908565,6.14834389897951e-126
"eutro",-1.30055779679686,0.184168714066031,-7.06177378384997,1.64390458748782e-12
"log10(RT)",-0.18592550575444,0.0756456838807405,-2.45784684883755,0.0139772766350247
