"term","estimate","std.error","statistic","p.value"
"(Intercept)",-2.55986893527053,0.490349534018831,-5.22049835408272,1.78442293129437e-07
"human_impact",-2.26851537301613,0.189849989796259,-11.94898864862,6.57201146309806e-33
"log10(area)",1.70520513128928,0.0906895657888039,18.8026606639658,7.18215718337239e-79
"depth",-6.12603347752902,0.249807339757421,-24.5230323635719,8.39133061094348e-133
"eutro",-1.71265761163983,0.187855639388118,-9.1168815438189,7.73170231252435e-20
"log10(RT)",-0.185796688319587,0.0776551211588432,-2.39258770763541,0.0167300289337829
