"term","estimate","std.error","statistic","p.value"
"(Intercept)",-3.21430716932289,0.488132357912156,-6.58490902564041,4.55164004139493e-11
"human_impact",-2.38216685971996,0.190606387270795,-12.4978333298748,7.67136744357949e-36
"log10(area)",1.74263352174068,0.0901572528859831,19.3288223183164,3.07353675672329e-83
"depth",-5.88878078878307,0.246730149249988,-23.8672931001088,6.69816451886718e-126
"eutro",-1.45629374285037,0.186669532380014,-7.80145385421393,6.11979856195901e-15
"log10(RT)",-0.160073675833264,0.0763582624837212,-2.09635042268529,0.0360511168811026
