"term","estimate","std.error","statistic","p.value"
"(Intercept)",-3.11462450996753,0.490104743043871,-6.35501809393575,2.08402089119516e-10
"human_impact",-2.36945626140945,0.190828939735748,-12.4166505598709,2.12263603353702e-35
"log10(area)",1.76194561435095,0.0915740911572176,19.2406563044779,1.69054334720705e-82
"depth",-6.045950177664,0.249941596754448,-24.1894516806011,2.87278200575833e-129
"eutro",-1.41586577621927,0.184954390427839,-7.65521582344744,1.92987855661585e-14
"log10(RT)",-0.177819973058508,0.0764010789299935,-2.32745368977636,0.0199411310485477
