"term","estimate","std.error","statistic","p.value"
"(Intercept)",-2.36916380381054,0.498281057259571,-4.75467363106352,1.98767251894181e-06
"human_impact",-2.41032301918726,0.189811530414311,-12.698506850064,6.02686164870696e-37
"log10(area)",1.64711844432793,0.0899742430917493,18.306555162107,7.33669515960833e-75
"depth",-5.98155606304845,0.246963132143252,-24.2204413717057,1.35513504514726e-129
"eutro",-1.6073958833846,0.188066937173917,-8.54693497718924,1.26400355896486e-17
"log10(RT)",-0.162153754384802,0.0776450719111555,-2.0883972465161,0.0367620156664929
