"term","estimate","std.error","statistic","p.value"
"(Intercept)",-3.09781557695251,0.493208742956113,-6.28094213899239,3.36527380458071e-10
"human_impact",-2.51215366911992,0.192650608396783,-13.039946720261,7.25076995461731e-39
"log10(area)",1.76244338694903,0.0918990726539909,19.178032335373,5.64775440563719e-82
"depth",-5.94957270173697,0.247696825086227,-24.0195759459808,1.73656000503496e-127
"eutro",-1.61169510529504,0.185929068008817,-8.6683331582053,4.38492109259627e-18
"log10(RT)",-0.154591242072189,0.0764737675644843,-2.02149373563731,0.0432286801675334
