"term","estimate","std.error","statistic","p.value"
"(Intercept)",-3.53584972943987,0.497101070626144,-7.11293927608352,1.13597268712443e-12
"human_impact",-2.35237168609578,0.190779032881029,-12.3303470542423,6.21783435831693e-35
"log10(area)",1.85381370035416,0.0936197406593194,19.8015256963823,2.88812784700134e-87
"depth",-6.15714494532155,0.253015357512239,-24.335064107813,8.34433966242324e-131
"eutro",-1.57493631813518,0.18712707698219,-8.4163999327851,3.88230335492355e-17
"log10(RT)",-0.170011947200171,0.0763281960545823,-2.22738065339046,0.0259218443009746
