"term","estimate","std.error","statistic","p.value"
"(Intercept)",-2.67364271975123,0.487901231571919,-5.47988516269428,4.25601983519205e-08
"human_impact",-2.43405389394101,0.190220194372016,-12.7959804792371,1.72659452248446e-37
"log10(area)",1.7014270672515,0.0902510157548285,18.8521652972141,2.82057522490177e-79
"depth",-5.89039095766583,0.245597920260159,-23.9838796331264,4.09661675978876e-127
"eutro",-1.58631547570669,0.184598647817549,-8.59332121042699,8.44909161030729e-18
"log10(RT)",-0.211546999627357,0.0762887610852355,-2.77297725927153,0.00555460022200004
