"term","estimate","std.error","statistic","p.value"
"(Intercept)",-2.81503927604474,0.495788885715927,-5.67789911623326,1.36359091106242e-08
"human_impact",-2.43032975259912,0.191505391112592,-12.6906597170951,6.66222295742879e-37
"log10(area)",1.71370149850201,0.0904877020063384,18.9385017024962,5.49383640993488e-80
"depth",-5.92372996080868,0.246144721598199,-24.0660450581526,5.67072540319898e-128
"eutro",-1.52122800655751,0.186989573895138,-8.13536270963747,4.10706834404163e-16
"log10(RT)",-0.193413274328028,0.0765208832296422,-2.5275881062113,0.0114849003195156
