"term","estimate","std.error","statistic","p.value"
"(Intercept)",-3.14066813749674,0.487139770822696,-6.44716019017024,1.1396531602179e-10
"human_impact",-2.33981090219125,0.188547855887416,-12.4096394052254,2.31693900553657e-35
"log10(area)",1.72980693909601,0.090206762913664,19.176022763965,5.87026542688339e-82
"depth",-5.92072161968352,0.245148466285126,-24.1515752042164,7.18745047661574e-129
"eutro",-1.29762153662632,0.184239829473342,-7.04311082101863,1.87994586779661e-12
"log10(RT)",-0.164166207754121,0.0772142099355659,-2.12611393538981,0.0334937738757224
