"term","estimate","std.error","statistic","p.value"
"(Intercept)",-3.1248695563046,0.495024204065227,-6.31255912467031,2.74458551677264e-10
"human_impact",-2.48885550073447,0.193410104879313,-12.8682806014065,6.78967854717255e-38
"log10(area)",1.73513723987826,0.0908112782708146,19.1070676783536,2.20517005451332e-81
"depth",-5.85541277526141,0.243700390286675,-24.0270964210334,1.44907768416363e-127
"eutro",-1.44344839971356,0.184822742207043,-7.80990684629371,5.72302685838372e-15
"log10(RT)",-0.165512941140364,0.0774775091270835,-2.13627080949233,0.0326573467365019
