"term","estimate","std.error","statistic","p.value"
"(Intercept)",-2.48926129047139,0.49742731457538,-5.00427141319392,5.60737060444173e-07
"human_impact",-2.5302906402402,0.192904988813322,-13.1167714002918,2.6394207373614e-39
"log10(area)",1.6880251683935,0.0917290299728709,18.402300437416,1.25904410699906e-75
"depth",-5.99077423553179,0.24786705119018,-24.1693044991901,4.67981055276156e-129
"eutro",-1.58819514771603,0.185984975407869,-8.53937337805424,1.3495165035336e-17
"log10(RT)",-0.194602705017259,0.0765621241742889,-2.54176209341133,0.0110295218835645
