"term","estimate","std.error","statistic","p.value"
"(Intercept)",-3.06664835712392,0.495422925683544,-6.18996053299876,6.01792808115927e-10
"human_impact",-2.27817702423894,0.189815567748884,-12.002055738931,3.46579578760055e-33
"log10(area)",1.77775274941676,0.0917638102567523,19.3731357105014,1.30088330885143e-83
"depth",-6.05130913401745,0.249482849911326,-24.2554112884644,5.79763475774914e-130
"eutro",-1.56481221487038,0.18579259195579,-8.42236064634229,3.68973202027096e-17
"log10(RT)",-0.200893342093996,0.0774596450955098,-2.59352262518488,0.00949982884002197
