"term","estimate","std.error","statistic","p.value"
"(Intercept)",-2.7963915987787,0.492363039153875,-5.67953192340411,1.35063841378862e-08
"human_impact",-2.50783067609315,0.193667176276394,-12.9491776784832,2.37484299212633e-38
"log10(area)",1.76289929753452,0.0914976696925719,19.267149682148,1.01367301793007e-82
"depth",-6.22531100754063,0.253608192179554,-24.5469633848938,4.66029791541299e-133
"eutro",-1.66828471614114,0.188666609868151,-8.84250115750218,9.35993298056986e-19
"log10(RT)",-0.163410959125718,0.0775169717073439,-2.10806685976661,0.0350252065424588
