"term","estimate","std.error","statistic","p.value"
"(Intercept)",-2.42756342036625,0.493930301046419,-4.91478942519485,8.8877936040401e-07
"human_impact",-2.51914099209528,0.189928063155157,-13.26365862025,3.76090212784385e-40
"log10(area)",1.69142472656854,0.0913969412091367,18.5063603244465,1.8348746921573e-76
"depth",-6.11884523363802,0.252377267418976,-24.2448351082271,7.49591620199813e-130
"eutro",-1.61821954983413,0.189499893359413,-8.53942195505598,1.34894933914695e-17
"log10(RT)",-0.172238123961406,0.0761029209215403,-2.2632261925791,0.0236217493907621
