"term","estimate","std.error","statistic","p.value"
"(Intercept)",-2.77304217878572,0.485353507650609,-5.71344831153862,1.10709511538638e-08
"human_impact",-2.48960592946011,0.192089122144634,-12.9606814881769,2.04423283022973e-38
"log10(area)",1.72141582105764,0.0904183513732787,19.0383455892823,8.20796066936914e-81
"depth",-5.97802554286274,0.247110089009245,-24.1917501904954,2.71715090516223e-129
"eutro",-1.54623721834584,0.185272191946207,-8.34575983639674,7.07574677225395e-17
"log10(RT)",-0.189084207037249,0.0760187458663326,-2.48733657576678,0.0128703570565614
