"term","estimate","std.error","statistic","p.value"
"(Intercept)",-3.05321805938516,0.491087231976738,-6.21726214932378,5.05904177424977e-10
"human_impact",-2.40058553226347,0.190246548877718,-12.6182868831248,1.67423790099438e-36
"log10(area)",1.70626000943844,0.090753988150752,18.800936952811,7.41941206963945e-79
"depth",-5.84574761952866,0.243864581883419,-23.9712859259048,5.54364112084099e-127
"eutro",-1.36082461782434,0.184045378803477,-7.39396243834746,1.42516686868986e-13
"log10(RT)",-0.161837115467768,0.0751531467187031,-2.15343099436038,0.0312848218956819
