"term","estimate","std.error","statistic","p.value"
"(Intercept)",-3.18082266791868,0.493878879505342,-6.44049138344308,1.19087316753694e-10
"human_impact",-2.3253116263261,0.191031490553298,-12.172399532617,4.360717872858e-34
"log10(area)",1.75580796624162,0.090931846012041,19.3090544539162,4.50749207254539e-83
"depth",-5.90133098932643,0.245884485806809,-24.0004202378311,2.7528307389484e-127
"eutro",-1.47932726866282,0.185653708812212,-7.96820746607948,1.60992430339071e-15
"log10(RT)",-0.19501204295563,0.0767490873452383,-2.54090373841728,0.0110566356091833
