"term","estimate","std.error","statistic","p.value"
"(Intercept)",-2.65539053506911,0.49652138506627,-5.34798825374801,8.89372358736954e-08
"human_impact",-2.49187637151412,0.192668317796115,-12.9335035464994,2.91238614242682e-38
"log10(area)",1.70525267147162,0.091728413208191,18.5902340597706,3.85492021591734e-77
"depth",-6.02670269795822,0.248721446148943,-24.2307319745529,1.0556765864024e-129
"eutro",-1.56075526462348,0.188227562836141,-8.29185290988532,1.11497758587124e-16
"log10(RT)",-0.16972463389768,0.0764045267069045,-2.22139500384265,0.0263242191346418
