"term","estimate","std.error","statistic","p.value"
"(Intercept)",-2.75160516830544,0.493118958897168,-5.58000279376652,2.40514721436551e-08
"human_impact",-2.39489289469237,0.192475207941384,-12.4426045323287,1.53418399284041e-35
"log10(area)",1.76850482334199,0.092112568686464,19.1993866696052,3.74487786818328e-82
"depth",-6.1506343274582,0.251528344397298,-24.4530466027441,4.67054884103761e-132
"eutro",-1.73324806753459,0.186929301534172,-9.27221175765071,1.82325245110455e-20
"log10(RT)",-0.219548238849871,0.0780631633130731,-2.81244353331379,0.00491666552418171
