"term","estimate","std.error","statistic","p.value"
"(Intercept)",-2.95167652110152,0.494218686393026,-5.97240979017578,2.3377441812495e-09
"human_impact",-2.5693812547491,0.19505116507396,-13.1728577667036,1.25746249050225e-39
"log10(area)",1.78710720878837,0.092344409608038,19.3526301849118,1.93700512564246e-83
"depth",-6.13009762820146,0.25249875069052,-24.277734489526,3.36970643982442e-130
"eutro",-1.47915990289946,0.187716065239246,-7.87977257574762,3.27977480156697e-15
"log10(RT)",-0.223036078343039,0.0778102139543841,-2.86641132324598,0.00415154449951992
