"term","estimate","std.error","statistic","p.value"
"(Intercept)",-2.67899813832599,0.493137715204767,-5.43255576632094,5.55525842878358e-08
"human_impact",-2.47441590211167,0.191888187925643,-12.8950923392455,4.79688224826263e-38
"log10(area)",1.7072986342141,0.091399040802312,18.6796121625263,7.25442978447295e-78
"depth",-5.96915174444074,0.248566228366976,-24.0143312454661,1.9701023601813e-127
"eutro",-1.39710173974027,0.186207135829699,-7.50294414612565,6.24001460916899e-14
"log10(RT)",-0.233801452577035,0.0778275701339907,-3.00409549179698,0.0026637170625379
