"term","estimate","std.error","statistic","p.value"
"(Intercept)",-2.94617485644017,0.490579020436095,-6.00550519633146,1.90737055615011e-09
"human_impact",-2.49360329760202,0.192638083475134,-12.9444980588373,2.52407551493047e-38
"log10(area)",1.75148365057294,0.0913289657714826,19.1777453711168,5.67900628405267e-82
"depth",-5.99946921262817,0.24834320985111,-24.1579756347075,6.15627249302208e-129
"eutro",-1.59645470064847,0.186495076347314,-8.56030481831785,1.12569495087236e-17
"log10(RT)",-0.172875282695165,0.0773204653947695,-2.23582827408666,0.0253630221053794
