"term","estimate","std.error","statistic","p.value"
"(Intercept)",-2.72521429708677,0.489118309898963,-5.57168734421273,2.52283875532848e-08
"human_impact",-2.39490688620901,0.191520956367702,-12.5046727607762,7.03890850062804e-36
"log10(area)",1.72238075051695,0.0907965076363332,18.9696806116772,3.03746409120072e-80
"depth",-6.024093753777,0.24970659770543,-24.1246879703332,1.37694752635686e-128
"eutro",-1.55071903029852,0.185687888110567,-8.35121259699585,6.75656802247257e-17
"log10(RT)",-0.216877882303129,0.0779629078407199,-2.78180853318371,0.0054056921172443
