"term","estimate","std.error","statistic","p.value"
"(Intercept)",-2.76734625420654,0.493470671249314,-5.60792447340484,2.04767342198399e-08
"human_impact",-2.46847731569086,0.19261685231577,-12.815479466169,1.3430559466836e-37
"log10(area)",1.71458499708767,0.0910840154567398,18.8242139796966,4.78252464940366e-79
"depth",-6.09523918104807,0.250389559490495,-24.343024499308,6.87237075915717e-131
"eutro",-1.32747786633463,0.186987378990584,-7.09929126500818,1.25398282880071e-12
"log10(RT)",-0.184024344338973,0.07656909286036,-2.40337631627138,0.0162444611372533
