"term","estimate","std.error","statistic","p.value"
"(Intercept)",-3.09724631510419,0.494537717976526,-6.26291221583063,3.77853354371752e-10
"human_impact",-2.50949498582701,0.193043968273801,-12.9996031902313,1.22979730714848e-38
"log10(area)",1.77444905928138,0.091625339114276,19.3663573465007,1.48391935387851e-83
"depth",-6.10469089056162,0.250895500424717,-24.3316077021213,9.0777909288696e-131
"eutro",-1.4549455317196,0.186447289421627,-7.80352203688749,6.02028868252328e-15
"log10(RT)",-0.154425712855956,0.0762986382328686,-2.02396420739041,0.0429738346387951
