"term","estimate","std.error","statistic","p.value"
"(Intercept)",-2.74670574069427,0.48522579738736,-5.66067541232057,1.50778378478021e-08
"human_impact",-2.313843631188,0.188556431775573,-12.2713588149675,1.2906891697624e-34
"log10(area)",1.65813817326639,0.0888880205409286,18.654236680891,1.16656213985707e-77
"depth",-5.79422155749027,0.242026523591733,-23.9404403761315,1.1621611751141e-126
"eutro",-1.44914388000299,0.182728392696339,-7.93058954122798,2.18107982783258e-15
"log10(RT)",-0.178377200865006,0.0758650224312932,-2.35124429082654,0.0187107451512931
