"term","estimate","std.error","statistic","p.value"
"(Intercept)",-2.60893162084553,0.488167183717921,-5.3443404388138,9.0746872794614e-08
"human_impact",-2.37362040739297,0.189989337749973,-12.4934400819727,8.10708629818671e-36
"log10(area)",1.67331020672638,0.0897562190545969,18.6428330465718,1.44387459242086e-77
"depth",-5.9865917837264,0.246928213690377,-24.2442598772167,7.60136797303292e-130
"eutro",-1.44488538916982,0.185923411839693,-7.77140100255705,7.76227333498268e-15
"log10(RT)",-0.180374326893237,0.0765383750775801,-2.3566521592653,0.0184405111248956
