"term","estimate","std.error","statistic","p.value"
"(Intercept)",-2.67463040827594,0.50334438950424,-5.31371852760746,1.07410487793586e-07
"human_impact",-2.40769001009359,0.191737004293358,-12.5572526751791,3.62709474037048e-36
"log10(area)",1.78290300392897,0.0931678278898821,19.136466356565,1.2549814651051e-81
"depth",-6.32266079984972,0.255761093115719,-24.7209640951489,6.36543128893013e-135
"eutro",-1.66430510229089,0.189210962244629,-8.79602895385697,1.41743032270048e-18
"log10(RT)",-0.217609734439347,0.0781934961957989,-2.78296463294652,0.00538646774581226
