"term","estimate","std.error","statistic","p.value"
"(Intercept)",-3.09075290919764,0.500411675075392,-6.17642046167685,6.55712192401301e-10
"human_impact",-2.50906434918809,0.194623949209948,-12.8918581673701,5.00237999093019e-38
"log10(area)",1.78518839352969,0.0926174729708782,19.2748553406441,8.73442384186474e-83
"depth",-6.06466693376722,0.250118011756958,-24.247221906035,7.0737439165733e-130
"eutro",-1.5120490347329,0.1897344404647,-7.96929134757808,1.59586825033225e-15
"log10(RT)",-0.199004858490337,0.0773501735326004,-2.57277843606212,0.0100885769684167
