"term","estimate","std.error","statistic","p.value"
"(Intercept)",-3.41030796122743,0.495616745698055,-6.88093772219936,5.94598436948833e-12
"human_impact",-2.15928366225071,0.187732589900735,-11.5019116467335,1.29025681960978e-30
"log10(area)",1.78820192465076,0.0919970910164677,19.4375920465863,3.71183281361572e-84
"depth",-5.97319054656151,0.24604988624213,-24.2763393951887,3.48598854019366e-130
"eutro",-1.54365768551835,0.186489197758656,-8.27746434684147,1.2582578882603e-16
"log10(RT)",-0.157960213534642,0.0768618736333561,-2.05511791565397,0.0398676168899051
