"term","estimate","std.error","statistic","p.value"
"(Intercept)",-3.20566361631823,0.495300066286135,-6.47216472300312,9.66087164863346e-11
"human_impact",-2.35706929102115,0.19285035958169,-12.2222706565539,2.36388485777849e-34
"log10(area)",1.76936400373542,0.091991639018981,19.2339654190783,1.92343101801426e-82
"depth",-5.98656901885284,0.248674143164138,-24.0739505228792,4.68658989067126e-128
"eutro",-1.53320028807118,0.185610461207304,-8.26031182778426,1.45292400267232e-16
"log10(RT)",-0.157925324596233,0.0775891716265022,-2.03540418444537,0.0418102206480145
