"term","estimate","std.error","statistic","p.value"
"(Intercept)",-3.30989790294944,0.498371743277998,-6.64142369143737,3.10667580891074e-11
"human_impact",-2.64255438412134,0.19619271943366,-13.4691765920238,2.37499760021803e-41
"log10(area)",1.81228077898993,0.0925871185456238,19.5737896098031,2.58709870986728e-85
"depth",-6.10245182476391,0.251812335940859,-24.2341257903947,9.721957507103e-130
"eutro",-1.46525949734532,0.187889592551084,-7.79851335803466,6.26407235117834e-15
"log10(RT)",-0.158020497843881,0.0772043149160329,-2.04678324023396,0.0406793719496491
