"term","estimate","std.error","statistic","p.value"
"(Intercept)",-3.25602195842054,0.48844999122795,-6.66602931087171,2.62816793044916e-11
"human_impact",-2.51295627207498,0.19264929142327,-13.0442019978872,6.85711961109642e-39
"log10(area)",1.74388614287337,0.0905882012757042,19.2506984167383,1.39272704319495e-82
"depth",-5.84735328884504,0.245239366224883,-23.8434529450017,1.18407291344905e-125
"eutro",-1.32533090488378,0.185732567523624,-7.13569473870118,9.62995134593671e-13
"log10(RT)",-0.158302272514362,0.0761288160508048,-2.07940016312244,0.0375805855325399
