"term","estimate","std.error","statistic","p.value"
"(Intercept)",-2.50829532145493,0.495094655744372,-5.06629447995902,4.05634249088602e-07
"human_impact",-2.60570794636081,0.193816120286212,-13.4442271494906,3.328653130673e-41
"log10(area)",1.73767793276596,0.091801894838748,18.9285628125458,6.634790894643e-80
"depth",-6.15785617161682,0.25427578090146,-24.2172343342569,1.46477816098964e-129
"eutro",-1.72440101733273,0.190005252620674,-9.07554393127924,1.13111111116554e-19
"log10(RT)",-0.199917926059191,0.0789563595153246,-2.53200536709636,0.0113412255289349
