"term","estimate","std.error","statistic","p.value"
"(Intercept)",-2.58007258430319,0.482716114210815,-5.3449066818938,9.04636475414554e-08
"human_impact",-2.37846061824821,0.188800685489848,-12.5977329588462,2.17300823765203e-36
"log10(area)",1.61249907331147,0.0881784217603593,18.2867763010516,1.05470937184824e-74
"depth",-5.70256619657365,0.239657715704764,-23.794628016895,3.79606772274141e-125
"eutro",-1.35910879997257,0.180966916948319,-7.51026111784128,5.90095415542687e-14
"log10(RT)",-0.167941146020134,0.0746157055105732,-2.25074794737867,0.0244015060642468
