"term","estimate","std.error","statistic","p.value"
"(Intercept)",-2.79892374491265,0.486527965696552,-5.75285274897917,8.77499143833645e-09
"human_impact",-2.5154092874522,0.193951709905702,-12.9692555362115,1.8279710433329e-38
"log10(area)",1.66999410721022,0.088821966271953,18.8015890359494,7.32875273243173e-79
"depth",-5.61875580953125,0.239199849403368,-23.4897966012354,5.18592103644669e-122
"eutro",-1.43331774542324,0.183508427614962,-7.81063716828651,5.68995964677134e-15
"log10(RT)",-0.231609016388427,0.0764694782654176,-3.02877725390693,0.00245545652431227
