"term","estimate","std.error","statistic","p.value"
"(Intercept)",-2.95344246421297,0.491590419327525,-6.00793332842644,1.87903075464353e-09
"human_impact",-2.35329384123544,0.190811426868102,-12.333086544456,6.00996986733534e-35
"log10(area)",1.75752705306581,0.0915037632322458,19.2071559789844,3.22454040798548e-82
"depth",-6.06702269323054,0.249807753219826,-24.2867669839361,2.70506409914753e-130
"eutro",-1.50702097348111,0.187745210624009,-8.0269476301005,9.99277156223416e-16
"log10(RT)",-0.191632240110634,0.0768653701467361,-2.49308940742505,0.0126636954049551
