"term","estimate","std.error","statistic","p.value"
"(Intercept)",-3.42828070674236,0.497722037697376,-6.88794235956016,5.66051358792745e-12
"human_impact",-2.56066951820765,0.196400013778068,-13.0380312554417,7.43522329212055e-39
"log10(area)",1.87464706456592,0.0946206065974019,19.8122494874958,2.33418984992511e-87
"depth",-6.28035965727365,0.258362999004811,-24.3082782033998,1.60251443260123e-130
"eutro",-1.41459253405279,0.187852253414604,-7.53034636710308,5.06059020625868e-14
"log10(RT)",-0.227316853681785,0.07781409320407,-2.92128127851646,0.0034859494707597
