"term","estimate","std.error","statistic","p.value"
"(Intercept)",-2.90760395627049,0.494316844276236,-5.88206529868047,4.05178416627688e-09
"human_impact",-2.44673686480709,0.19057006071965,-12.8390412196306,9.90940938841447e-38
"log10(area)",1.76798024410259,0.0914365764515377,19.335590993388,2.6956173110707e-83
"depth",-6.15287575077408,0.253226784218959,-24.2978868517077,2.06378552828228e-130
"eutro",-1.53977787692652,0.188527840634853,-8.16737661525976,3.15167814457593e-16
"log10(RT)",-0.192163607035248,0.0775085440956315,-2.47925708420163,0.0131656374384396
