"term","estimate","std.error","statistic","p.value"
"(Intercept)",-2.90875688716865,0.492045667602368,-5.91155878140823,3.38885285134961e-09
"human_impact",-2.40128165962081,0.192352158071474,-12.4837781062407,9.15378280178543e-36
"log10(area)",1.73716095505946,0.0906694187398242,19.1592819189041,8.09827639169493e-82
"depth",-6.0271586723538,0.248518080137746,-24.252395113519,6.23842650691788e-130
"eutro",-1.44834066592156,0.185741675592925,-7.79760740985112,6.30919304772282e-15
"log10(RT)",-0.202142580318488,0.0773199067098669,-2.61436658320092,0.00893930659013629
