"term","estimate","std.error","statistic","p.value"
"(Intercept)",-2.77455063175347,0.491712295405505,-5.64263016743431,1.67471832114991e-08
"human_impact",-2.53651150040161,0.193712675633458,-13.0941947505861,3.55423753663191e-39
"log10(area)",1.75020747634994,0.0921000712773536,19.0033237985158,1.60078524921972e-80
"depth",-6.15872085060326,0.25357504204123,-24.2875671084455,2.65291760499404e-130
"eutro",-1.52989678231285,0.186621012582423,-8.1978806198855,2.44662141484541e-16
"log10(RT)",-0.171701589698599,0.0778986410490196,-2.20416668874303,0.027512623519241
