"term","estimate","std.error","statistic","p.value"
"(Intercept)",-2.98175190705997,0.492830620467159,-6.05025699140517,1.44614952572381e-09
"human_impact",-2.47660295144419,0.191139728242763,-12.95702873606,2.14392159332153e-38
"log10(area)",1.70065259934026,0.0908279043104882,18.7239000200501,3.16134261785547e-78
"depth",-5.81782433956785,0.244775924618601,-23.7679598131758,7.16556973964196e-125
"eutro",-1.43244527240375,0.187535134698771,-7.63827682052551,2.20148147115431e-14
"log10(RT)",-0.166151786749196,0.0768138007369583,-2.16304603020709,0.0305376394551779
