"term","estimate","std.error","statistic","p.value"
"(Intercept)",-3.1091336120671,0.491595026744102,-6.32458312822914,2.53917131147087e-10
"human_impact",-2.47082551976615,0.192187008991787,-12.8563607536644,7.92194177675028e-38
"log10(area)",1.7552444034821,0.0916276945478296,19.1562650587684,8.58146117240907e-82
"depth",-5.97085316998332,0.248812817546851,-23.9973697048748,2.96229953206784e-127
"eutro",-1.45422271017136,0.187919652791909,-7.73853446707716,1.00569287685218e-14
"log10(RT)",-0.170491507663053,0.0770855774129285,-2.21171733267005,0.0269862021269383
