"term","estimate","std.error","statistic","p.value"
"(Intercept)",-2.50582987077505,0.49037933297603,-5.10998262420152,3.22188442380132e-07
"human_impact",-2.45957285459614,0.192028068427499,-12.8084028274479,1.47131839605411e-37
"log10(area)",1.66235130017908,0.0893597524253675,18.6029085249253,3.04338703932028e-77
"depth",-5.89897576524599,0.246185145069468,-23.9615422920073,7.00466700614878e-127
"eutro",-1.56081755058492,0.187031081370678,-8.34523085225354,7.10749106442168e-17
"log10(RT)",-0.199293196160192,0.0773358411705031,-2.57698362290789,0.00996666726396691
