"term","estimate","std.error","statistic","p.value"
"(Intercept)",-2.73438668495363,0.491719011953424,-5.56087240574834,2.68429401194754e-08
"human_impact",-2.49776294076623,0.192409191359095,-12.9815157120256,1.55767161017688e-38
"log10(area)",1.6550305362999,0.0900490758027628,18.3792062444368,1.92768697702344e-75
"depth",-5.81212179633922,0.243248882554226,-23.8937245479167,3.55919409297958e-126
"eutro",-1.26959655683107,0.184168993110782,-6.89364987768257,5.4378768299575e-12
"log10(RT)",-0.172083931905442,0.0760045776142353,-2.26412588961236,0.0235663730603332
