"term","estimate","std.error","statistic","p.value"
"(Intercept)",-3.21293461997238,0.488828781232696,-6.57271982200027,4.94043705948786e-11
"human_impact",-2.36086670664341,0.191552907576699,-12.3248805591641,6.65420040276383e-35
"log10(area)",1.77236390222478,0.0913917914373183,19.3930316317343,8.8371393724788e-84
"depth",-6.0286230651429,0.24823419285586,-24.2860300419752,2.7539975659678e-130
"eutro",-1.45016739291095,0.18504820771923,-7.836700559193,4.62539306469687e-15
"log10(RT)",-0.163771043288884,0.0776169653093326,-2.10999029189295,0.034859192090085
