"term","estimate","std.error","statistic","p.value"
"(Intercept)",-2.77066579293823,0.490113206025962,-5.65311393137908,1.57566787138706e-08
"human_impact",-2.42919187536338,0.189823502055494,-12.7971080980964,1.70171111910995e-37
"log10(area)",1.68261335485556,0.0895197234802787,18.796007063474,8.14199300264945e-79
"depth",-5.84164063033503,0.244744485637545,-23.8683237953979,6.53511579115022e-126
"eutro",-1.51375840258171,0.184963487622973,-8.18409309878141,2.7436191817382e-16
"log10(RT)",-0.16000948647919,0.0761186650455597,-2.10210578947252,0.0355440098533671
