"term","estimate","std.error","statistic","p.value"
"(Intercept)",-2.64416789629313,0.490455426860105,-5.39125015543428,6.9969190867967e-08
"human_impact",-2.41775134757544,0.193163992956422,-12.5165736666092,6.05949150965274e-36
"log10(area)",1.68925155448812,0.0897056568062954,18.8310482820028,4.20356880542611e-79
"depth",-6.04862361985715,0.247261629205093,-24.4624434422054,3.71013458754135e-132
"eutro",-1.49154204996992,0.186547850480087,-7.99549309269117,1.29056313036613e-15
"log10(RT)",-0.158181043771551,0.0765029910336241,-2.0676452205905,0.0386733965155687
