"term","estimate","std.error","statistic","p.value"
"(Intercept)",-3.40919824672157,0.493704487341828,-6.90534182720752,5.00826837885743e-12
"human_impact",-2.41648239601987,0.190799011899395,-12.6650676644701,9.23407116733767e-37
"log10(area)",1.77317900786368,0.0913001393857412,19.4214271718911,5.08568122302887e-84
"depth",-5.88940853707435,0.244900803393071,-24.0481389014544,8.73055441196314e-128
"eutro",-1.25682503892102,0.184590326586823,-6.8087264493238,9.8466503704167e-12
"log10(RT)",-0.179794640698682,0.0763962830046989,-2.35344749282662,0.0186002346000607
