"term","estimate","std.error","statistic","p.value"
"(Intercept)",-2.9067496224354,0.492360254687953,-5.90370484773924,3.55427807868906e-09
"human_impact",-2.41125274129782,0.192119337492845,-12.5508070804565,3.9347890823352e-36
"log10(area)",1.75076297725187,0.0912979148737406,19.1763741775818,5.83073372572402e-82
"depth",-6.06914688636521,0.250313971472111,-24.2461371639474,7.26258531972379e-130
"eutro",-1.61127748884226,0.186671803539356,-8.63160615739459,6.04963786633328e-18
"log10(RT)",-0.187202764551735,0.0773004564511012,-2.42175496945682,0.0154457613697302
