"term","estimate","std.error","statistic","p.value"
"(Intercept)",-3.20489554518452,0.498053849389831,-6.43483741589561,1.23605565220648e-10
"human_impact",-2.48029206165214,0.193381468073987,-12.8259035695353,1.17409765256231e-37
"log10(area)",1.82863501231911,0.0933284508452818,19.5935429738417,1.75538866953104e-85
"depth",-6.14287762166724,0.253222984572651,-24.2587679472864,5.3435453081784e-130
"eutro",-1.50884547647077,0.18782329584534,-8.03332445892765,9.48663517541428e-16
"log10(RT)",-0.220422490257657,0.0773585451176858,-2.84936188914008,0.00438070206389213
